instance,dod,edod_target,edod_realised,seed,n_edges_blocked,n_triggered_edges,enabled_stages,wall_time_total_s,reroute_time_total_s,reroute_time_s1_s,reroute_time_s2_s,reroute_time_s3_s,reroute_avg_s1_s,reroute_avg_s2_s,reroute_avg_s3_s,reroute_avg_total_s,cost_static,cost_dynamic,cost_degradation_pct,wasted_distance,total_execution_time_min,reroute_count,reroutes_s1,reroutes_s2,reroutes_s3,utilisation_s1_pct,utilisation_s2_pct,utilisation_s3_pct,unserved_count,unserved_rate_pct,total_customers,unserved_stage3_fallback,capacity_violations,capacity_excess_pct,duration_violations,duration_excess_pct,fully_feasible,feasible_hard,feasible_soft,operation_verdict
p01,0.05,0.25,0.4117,42,1,0,"[1, 2, 3]",0.016,2.3e-05,0.0,0.0,0.0,0.0,0.0,0.0,0.0,611.4344770052209,611.4344770052209,0.0,0.0,81.39748942203258,0,0,0,0,0.0,0.0,0.0,0,0.0,50,0,0,0.0,0,0.0,True,True,True,UNKNOWN
p01,0.05,0.25,0.105,153,1,1,"[1, 2, 3]",0.0171,0.001838,0.0,0.001838,0.0,0.0,0.001838,0.0,0.001838,611.4344770052209,619.8757054769554,1.3805614156858377,0.0,93.99748942203257,1,0,1,0,0.0,100.0,0.0,0,0.0,50,0,0,0.0,0,0.0,True,True,True,UNKNOWN
p01,0.05,0.25,0.2317,264,1,1,"[1, 2, 3]",0.0154,0.00022,0.00022,0.0,0.0,0.00022,0.0,0.0,0.00022,611.4344770052209,612.2998497887794,0.14153156488608545,5.1092611342030025,81.39748942203258,1,1,0,0,100.0,0.0,0.0,0,0.0,50,0,0,0.0,0,0.0,True,True,True,UNKNOWN
p01,0.05,0.25,0.0933,375,1,1,"[1, 2, 3]",0.0173,0.001601,0.0,0.001601,0.0,0.0,0.001601,0.0,0.001601,611.4344770052209,624.9214517995699,2.2057923296062194,0.0,81.39748942203258,1,0,1,0,0.0,100.0,0.0,0,0.0,50,0,0,0.0,0,0.0,True,True,True,UNKNOWN
p01,0.05,0.25,0.1175,486,1,1,"[1, 2, 3]",0.0153,0.001126,0.0,0.001126,0.0,0.0,0.001126,0.0,0.001126,611.4344770052209,617.2946207223426,0.9584254629906565,9.585728421269469,95.49748942203257,1,0,1,0,0.0,100.0,0.0,0,0.0,50,0,0,0.0,0,0.0,True,True,True,UNKNOWN
p01,0.05,0.5,0.6408,42,1,0,"[1, 2, 3]",0.0134,1.3e-05,0.0,0.0,0.0,0.0,0.0,0.0,0.0,611.4344770052209,611.4344770052209,0.0,0.0,81.39748942203258,0,0,0,0,0.0,0.0,0.0,0,0.0,50,0,0,0.0,0,0.0,True,True,True,UNKNOWN
p01,0.05,0.5,0.2283,153,1,1,"[1, 2, 3]",0.0204,0.000877,0.0,0.000877,0.0,0.0,0.000877,0.0,0.000877,611.4344770052209,619.8757054769554,1.3805614156858377,0.0,81.39748942203258,1,0,1,0,0.0,100.0,0.0,0,0.0,50,0,0,0.0,0,0.0,True,True,True,UNKNOWN
p01,0.05,0.5,0.6492,264,1,0,"[1, 2, 3]",0.0155,1.3e-05,0.0,0.0,0.0,0.0,0.0,0.0,0.0,611.4344770052209,611.4344770052209,0.0,0.0,81.39748942203258,0,0,0,0,0.0,0.0,0.0,0,0.0,50,0,0,0.0,0,0.0,True,True,True,UNKNOWN
p01,0.05,0.5,0.3242,375,1,0,"[1, 2, 3]",0.0134,2e-05,0.0,0.0,0.0,0.0,0.0,0.0,0.0,611.4344770052209,611.4344770052209,0.0,0.0,81.39748942203258,0,0,0,0,0.0,0.0,0.0,0,0.0,50,0,0,0.0,0,0.0,True,True,True,UNKNOWN
p01,0.05,0.5,0.2858,486,1,0,"[1, 2, 3]",0.0187,1.5e-05,0.0,0.0,0.0,0.0,0.0,0.0,0.0,611.4344770052209,611.4344770052209,0.0,0.0,81.39748942203258,0,0,0,0,0.0,0.0,0.0,0,0.0,50,0,0,0.0,0,0.0,True,True,True,UNKNOWN
p01,0.05,0.75,0.885,42,1,0,"[1, 2, 3]",0.0181,1.2e-05,0.0,0.0,0.0,0.0,0.0,0.0,0.0,611.4344770052209,611.4344770052209,0.0,0.0,81.39748942203258,0,0,0,0,0.0,0.0,0.0,0,0.0,50,0,0,0.0,0,0.0,True,True,True,UNKNOWN
p01,0.05,0.75,0.2908,153,1,1,"[1, 2, 3]",0.0221,0.003352,0.0,0.0,0.003352,0.0,0.0,0.003352,0.003352,611.4344770052209,657.2453914629697,7.4923669142977785,9.954139139299983,107.70954342201007,1,0,0,1,0.0,0.0,100.0,0,0.0,50,0,0,0.0,0,0.0,True,True,True,UNKNOWN
p01,0.05,0.75,0.9725,264,1,0,"[1, 2, 3]",0.018,0.000154,0.0,0.0,0.0,0.0,0.0,0.0,0.0,611.4344770052209,611.4344770052209,0.0,0.0,81.39748942203258,0,0,0,0,0.0,0.0,0.0,0,0.0,50,0,0,0.0,0,0.0,True,True,True,UNKNOWN
p01,0.05,0.75,0.4492,375,1,0,"[1, 2, 3]",0.0206,1.3e-05,0.0,0.0,0.0,0.0,0.0,0.0,0.0,611.4344770052209,611.4344770052209,0.0,0.0,81.39748942203258,0,0,0,0,0.0,0.0,0.0,0,0.0,50,0,0,0.0,0,0.0,True,True,True,UNKNOWN
p01,0.05,0.75,0.6592,486,1,0,"[1, 2, 3]",0.0191,1.3e-05,0.0,0.0,0.0,0.0,0.0,0.0,0.0,611.4344770052209,611.4344770052209,0.0,0.0,81.39748942203258,0,0,0,0,0.0,0.0,0.0,0,0.0,50,0,0,0.0,0,0.0,True,True,True,UNKNOWN
p01,0.1,0.25,0.3986,42,3,1,"[1, 2, 3]",0.0185,0.001415,0.0,0.0,0.001396,0.0,0.0,0.001396,0.001415,611.4344770052209,671.1587931174364,9.76790128105674,0.0,119.91137168539015,1,0,0,1,0.0,0.0,100.0,0,0.0,50,0,0,0.0,0,0.0,True,True,True,UNKNOWN
p01,0.1,0.25,0.0922,153,3,3,"[1, 2, 3]",0.0228,0.00523,0.000266,0.001677,0.003287,0.000266,0.001677,0.003287,0.001743,611.4344770052209,655.3178092468032,7.177111185571509,0.0,93.99748942203257,3,1,1,1,33.33,33.33,33.33,0,0.0,50,0,0,0.0,0,0.0,True,True,True,UNKNOWN
p01,0.1,0.25,0.2392,264,3,3,"[1, 2, 3]",0.0183,0.000914,0.000297,0.000617,0.0,0.000149,0.000617,0.0,0.000305,611.4344770052209,627.5224935734102,2.631192249247661,5.1092611342030025,81.39748942203258,3,2,1,0,66.67,33.33,0.0,0,0.0,50,0,0,0.0,0,0.0,True,True,True,UNKNOWN
p01,0.1,0.25,0.2142,375,3,2,"[1, 2, 3]",0.0181,0.001583,0.000165,0.001408,0.0,0.000165,0.001408,0.0,0.000792,611.4344770052209,633.0063121438894,3.528069801416249,0.0,84.28567562146752,2,1,1,0,50.0,50.0,0.0,0,0.0,50,0,0,0.0,0,0.0,True,True,True,UNKNOWN
p01,0.1,0.25,0.2736,486,3,1,"[1, 2, 3]",0.0253,0.00101,0.0,0.00099,0.0,0.0,0.00099,0.0,0.00101,611.4344770052209,617.2946207223426,0.9584254629906565,9.585728421269469,95.49748942203257,1,0,1,0,0.0,100.0,0.0,0,0.0,50,0,0,0.0,0,0.0,True,True,True,UNKNOWN
p01,0.1,0.5,0.6831,42,3,0,"[1, 2, 3]",0.0151,2.5e-05,0.0,0.0,0.0,0.0,0.0,0.0,0.0,611.4344770052209,611.4344770052209,0.0,0.0,81.39748942203258,0,0,0,0,0.0,0.0,0.0,0,0.0,50,0,0,0.0,0,0.0,True,True,True,UNKNOWN
p01,0.1,0.5,0.1911,153,3,3,"[1, 2, 3]",0.0232,0.004869,0.000833,0.004036,0.0,0.000833,0.002018,0.0,0.001623,611.4344770052209,644.974399439877,5.4854483507265,7.76038761416568,94.36564700593068,3,1,2,0,33.33,66.67,0.0,0,0.0,50,0,0,0.0,0,0.0,True,True,True,UNKNOWN
p01,0.1,0.5,0.5656,264,3,1,"[1, 2, 3]",0.0238,0.002991,0.0,0.0,0.002958,0.0,0.0,0.002958,0.002991,611.4344770052209,666.269367504339,8.968236591383763,14.611407948987832,138.74106607297364,1,0,0,1,0.0,0.0,100.0,0,0.0,50,0,1,26.25,0,0.0,False,True,False,UNKNOWN
p01,0.1,0.5,0.3658,375,3,0,"[1, 2, 3]",0.0188,7.7e-05,0.0,0.0,0.0,0.0,0.0,0.0,0.0,611.4344770052209,611.4344770052209,0.0,0.0,81.39748942203258,0,0,0,0,0.0,0.0,0.0,0,0.0,50,0,0,0.0,0,0.0,True,True,True,UNKNOWN
p01,0.1,0.5,0.4769,486,3,0,"[1, 2, 3]",0.0171,4.9e-05,0.0,0.0,0.0,0.0,0.0,0.0,0.0,611.4344770052209,611.4344770052209,0.0,0.0,81.39748942203258,0,0,0,0,0.0,0.0,0.0,0,0.0,50,0,0,0.0,0,0.0,True,True,True,UNKNOWN
p01,0.1,0.75,0.9167,42,3,0,"[1, 2, 3]",0.0175,5.1e-05,0.0,0.0,0.0,0.0,0.0,0.0,0.0,611.4344770052209,611.4344770052209,0.0,0.0,81.39748942203258,0,0,0,0,0.0,0.0,0.0,0,0.0,50,0,0,0.0,0,0.0,True,True,True,UNKNOWN
p01,0.1,0.75,0.5064,153,3,1,"[1, 2, 3]",0.0229,0.00546,0.0,0.0,0.00541,0.0,0.0,0.00541,0.00546,611.4344770052209,657.2453914629697,7.4923669142977785,9.954139139299983,107.70954342201007,1,0,0,1,0.0,0.0,100.0,0,0.0,50,0,0,0.0,0,0.0,True,True,True,UNKNOWN
p01,0.1,0.75,0.8003,264,3,0,"[1, 2, 3]",0.0166,6e-05,0.0,0.0,0.0,0.0,0.0,0.0,0.0,611.4344770052209,611.4344770052209,0.0,0.0,81.39748942203258,0,0,0,0,0.0,0.0,0.0,0,0.0,50,0,0,0.0,0,0.0,True,True,True,UNKNOWN
p01,0.1,0.75,0.6153,375,3,0,"[1, 2, 3]",0.0145,7e-05,0.0,0.0,0.0,0.0,0.0,0.0,0.0,611.4344770052209,611.4344770052209,0.0,0.0,81.39748942203258,0,0,0,0,0.0,0.0,0.0,0,0.0,50,0,0,0.0,0,0.0,True,True,True,UNKNOWN
p01,0.1,0.75,0.7664,486,3,0,"[1, 2, 3]",0.0379,6.1e-05,0.0,0.0,0.0,0.0,0.0,0.0,0.0,611.4344770052209,611.4344770052209,0.0,0.0,81.39748942203258,0,0,0,0,0.0,0.0,0.0,0,0.0,50,0,0,0.0,0,0.0,True,True,True,UNKNOWN
p01,0.2,0.25,0.3256,42,7,2,"[1, 2, 3]",0.0256,0.009063,0.0,0.0,0.008941,0.0,0.0,0.004471,0.004532,611.4344770052209,716.3510340367931,17.159084248151803,0.0,119.91137168539015,2,0,0,2,0.0,0.0,100.0,0,0.0,50,0,0,0.0,0,0.0,True,True,True,UNKNOWN
p01,0.2,0.25,0.081,153,7,7,"[1, 2, 3]",0.045,0.022929,0.001776,0.008484,0.01267,0.000592,0.002828,0.01267,0.003276,611.4344770052209,673.8446090963205,10.207166006860081,15.943145750507622,100.99191713321936,7,3,3,1,42.86,42.86,14.29,0,0.0,50,0,0,0.0,0,0.0,True,True,True,UNKNOWN
p01,0.2,0.25,0.2895,264,7,4,"[1, 2, 3]",0.0278,0.011706,0.000907,0.001548,0.009202,0.000453,0.001548,0.009202,0.002926,611.4344770052209,650.4975125488421,6.388752517677819,17.260230141008805,81.39748942203258,4,2,1,1,50.0,25.0,25.0,0,0.0,50,0,0,0.0,0,0.0,True,True,True,UNKNOWN
p01,0.2,0.25,0.2775,375,7,3,"[1, 2, 3]",0.0226,0.004532,0.000445,0.003991,0.0,0.000445,0.001996,0.0,0.001511,611.4344770052209,638.6217325687885,4.446470813476143,9.71199250936494,84.28567562146752,3,1,2,0,33.33,66.67,0.0,0,0.0,50,0,0,0.0,0,0.0,True,True,True,UNKNOWN
p01,0.2,0.25,0.3888,486,7,1,"[1, 2, 3]",0.0216,0.002805,0.0,0.002664,0.0,0.0,0.002664,0.0,0.002805,611.4344770052209,617.2946207223426,0.9584254629906565,9.585728421269469,95.49748942203257,1,0,1,0,0.0,100.0,0.0,0,0.0,50,0,0,0.0,0,0.0,True,True,True,UNKNOWN
p01,0.2,0.5,0.7152,42,7,0,"[1, 2, 3]",0.0198,0.000116,0.0,0.0,0.0,0.0,0.0,0.0,0.0,611.4344770052209,611.4344770052209,0.0,0.0,81.39748942203258,0,0,0,0,0.0,0.0,0.0,0,0.0,50,0,0,0.0,0,0.0,True,True,True,UNKNOWN
p01,0.2,0.5,0.1963,153,7,6,"[1, 2, 3]",0.0359,0.018101,0.001264,0.006049,0.01074,0.000632,0.002016,0.01074,0.003017,611.4344770052209,682.305671403996,11.590971242887573,7.975499635266072,104.52862900156097,6,2,3,1,33.33,50.0,16.67,0,0.0,50,0,0,0.0,0,0.0,True,True,True,UNKNOWN
p01,0.2,0.5,0.5518,264,7,1,"[1, 2, 3]",0.0322,0.003456,0.0,0.0,0.003346,0.0,0.0,0.003346,0.003456,611.4344770052209,666.269367504339,8.968236591383763,14.611407948987832,138.74106607297364,1,0,0,1,0.0,0.0,100.0,0,0.0,50,0,1,26.25,0,0.0,False,True,False,UNKNOWN
p01,0.2,0.5,0.3342,375,7,2,"[1, 2, 3]",0.0192,0.000924,0.000824,0.0,0.0,0.000412,0.0,0.0,0.000462,611.4344770052209,631.3778986407415,3.261743062511395,0.0,121.94091105755315,2,2,0,0,100.0,0.0,0.0,0,0.0,50,0,0,0.0,0,0.0,True,True,True,UNKNOWN
p01,0.2,0.5,0.6489,486,7,0,"[1, 2, 3]",0.0168,0.000103,0.0,0.0,0.0,0.0,0.0,0.0,0.0,611.4344770052209,611.4344770052209,0.0,0.0,81.39748942203258,0,0,0,0,0.0,0.0,0.0,0,0.0,50,0,0,0.0,0,0.0,True,True,True,UNKNOWN
p01,0.2,0.75,0.9527,42,7,0,"[1, 2, 3]",0.0192,0.000116,0.0,0.0,0.0,0.0,0.0,0.0,0.0,611.4344770052209,611.4344770052209,0.0,0.0,81.39748942203258,0,0,0,0,0.0,0.0,0.0,0,0.0,50,0,0,0.0,0,0.0,True,True,True,UNKNOWN
p01,0.2,0.75,0.7373,153,7,1,"[1, 2, 3]",0.0261,0.004266,0.0,0.0,0.004162,0.0,0.0,0.004162,0.004266,611.4344770052209,657.2453914629697,7.4923669142977785,9.954139139299983,107.70954342201007,1,0,0,1,0.0,0.0,100.0,0,0.0,50,0,0,0.0,0,0.0,True,True,True,UNKNOWN
p01,0.2,0.75,0.5887,264,7,0,"[1, 2, 3]",0.0179,7.9e-05,0.0,0.0,0.0,0.0,0.0,0.0,0.0,611.4344770052209,611.4344770052209,0.0,0.0,81.39748942203258,0,0,0,0,0.0,0.0,0.0,0,0.0,50,0,0,0.0,0,0.0,True,True,True,UNKNOWN
p01,0.2,0.75,0.7377,375,7,0,"[1, 2, 3]",0.0181,0.000108,0.0,0.0,0.0,0.0,0.0,0.0,0.0,611.4344770052209,611.4344770052209,0.0,0.0,81.39748942203258,0,0,0,0,0.0,0.0,0.0,0,0.0,50,0,0,0.0,0,0.0,True,True,True,UNKNOWN
p01,0.2,0.75,0.7889,486,7,0,"[1, 2, 3]",0.0164,6.9e-05,0.0,0.0,0.0,0.0,0.0,0.0,0.0,611.4344770052209,611.4344770052209,0.0,0.0,81.39748942203258,0,0,0,0,0.0,0.0,0.0,0,0.0,50,0,0,0.0,0,0.0,True,True,True,UNKNOWN
p01,0.4,0.25,0.2592,42,15,7,"[1, 2, 3]",0.0434,0.024488,0.000817,0.00687,0.016652,0.000817,0.00229,0.005551,0.003498,611.4344770052209,789.6187294670267,29.142002808632,6.515728752538095,150.23792681892198,7,1,3,3,14.29,42.86,42.86,0,0.0,50,0,1,13.75,0,0.0,False,True,False,UNKNOWN
p01,0.4,0.25,0.1974,153,15,10,"[1, 2, 3]",0.0394,0.021679,0.000871,0.005215,0.015524,0.00029,0.001738,0.003881,0.002168,611.4344770052209,783.6014689678486,28.157880923871698,20.25240688471062,112.19474652099231,10,3,3,4,30.0,30.0,40.0,0,0.0,50,0,0,0.0,0,0.0,True,True,True,UNKNOWN
p01,0.4,0.25,0.2049,264,15,11,"[1, 2, 3]",0.0351,0.015163,0.001551,0.0,0.013535,0.000222,0.0,0.003384,0.001378,611.4344770052209,809.1793971843588,32.34114653587803,25.85672163902605,119.73764793997262,11,7,0,4,63.64,0.0,36.36,0,0.0,50,0,1,7.5,0,0.0,False,True,False,UNKNOWN
p01,0.4,0.25,0.2171,375,15,8,"[1, 2, 3]",0.0284,0.012376,0.000815,0.003126,0.008347,0.000272,0.001563,0.002782,0.001547,611.4344770052209,885.2237864971827,44.77819288715445,15.901036357678024,163.9079893353663,8,3,2,3,37.5,25.0,37.5,0,0.0,50,0,0,0.0,0,0.0,True,True,True,UNKNOWN
p01,0.4,0.25,0.3105,486,15,7,"[1, 2, 3]",0.0242,0.009018,0.000497,0.001869,0.006566,0.000248,0.000935,0.002189,0.001288,611.4344770052209,755.7593803639987,23.604312283087943,33.38676198455237,175.59146494999277,7,2,2,3,28.57,28.57,42.86,0,0.0,50,0,2,1.88,0,0.0,False,True,False,UNKNOWN
p01,0.4,0.5,0.4829,42,15,4,"[1, 2, 3]",0.0248,0.007787,0.001126,0.0,0.006538,0.000375,0.0,0.006538,0.001947,611.4344770052209,683.7096710543467,11.820595136068638,0.0,104.43626068005935,4,3,0,1,75.0,0.0,25.0,0,0.0,50,0,0,0.0,0,0.0,True,True,True,UNKNOWN
p01,0.4,0.5,0.3184,153,15,7,"[1, 2, 3]",0.0357,0.016261,0.000927,0.003666,0.011545,0.000463,0.001222,0.005773,0.002323,611.4344770052209,758.8664939463504,24.112480157030898,16.25837719681064,161.22745820871535,7,2,3,2,28.57,42.86,28.57,0,0.0,50,0,0,0.0,0,0.0,True,True,True,UNKNOWN
p01,0.4,0.5,0.4028,264,15,5,"[1, 2, 3]",0.0231,0.006671,0.00059,0.0029,0.003049,0.000295,0.00145,0.003049,0.001334,611.4344770052209,684.9270118335885,12.019691004068145,3.609446976173416,119.4779530998465,5,2,2,1,40.0,40.0,20.0,0,0.0,50,0,0,0.0,0,0.0,True,True,True,UNKNOWN
p01,0.4,0.5,0.4371,375,15,3,"[1, 2, 3]",0.0247,0.003865,0.000822,0.0,0.002848,0.000411,0.0,0.002848,0.001288,611.4344770052209,669.0251799153128,9.418949221209884,9.877551803553743,121.94091105755315,3,2,0,1,66.67,0.0,33.33,0,0.0,50,0,1,13.75,0,0.0,False,True,False,UNKNOWN
p01,0.4,0.5,0.6226,486,15,3,"[1, 2, 3]",0.0227,0.0041,0.000184,0.0,0.003801,0.000184,0.0,0.0019,0.001367,611.4344770052209,656.65064918449,7.395096920398729,1.9104497805494418,102.23556477777366,3,1,0,2,33.33,0.0,66.67,1,2.0,50,1,0,0.0,0,0.0,True,True,True,UNKNOWN
p01,0.4,0.75,0.7985,42,15,1,"[1, 2, 3]",0.016,0.000265,0.000177,0.0,0.0,0.000177,0.0,0.0,0.000265,611.4344770052209,617.0498974301199,0.9184010120598946,0.0,81.39748942203258,1,1,0,0,100.0,0.0,0.0,0,0.0,50,0,0,0.0,0,0.0,True,True,True,UNKNOWN
p01,0.4,0.75,0.8206,153,15,1,"[1, 2, 3]",0.0192,0.002136,0.0,0.0,0.002025,0.0,0.0,0.002025,0.002136,611.4344770052209,657.2453914629697,7.4923669142977785,9.954139139299983,107.70954342201007,1,0,0,1,0.0,0.0,100.0,0,0.0,50,0,0,0.0,0,0.0,True,True,True,UNKNOWN
p01,0.4,0.75,0.6601,264,15,3,"[1, 2, 3]",0.0199,0.000608,0.000502,0.0,0.0,0.000167,0.0,0.0,0.000203,611.4344770052209,645.6044899136457,5.5884995356801035,0.0,108.89648522883857,3,3,0,0,100.0,0.0,0.0,0,0.0,50,0,0,0.0,0,0.0,True,True,True,UNKNOWN
p01,0.4,0.75,0.7084,375,15,2,"[1, 2, 3]",0.0211,0.003085,0.0,0.000779,0.002132,0.0,0.000779,0.002132,0.001542,611.4344770052209,632.4539885591801,3.4377373773412074,24.21726017808443,89.06281394923167,2,0,1,1,0.0,50.0,50.0,0,0.0,50,0,0,0.0,0,0.0,True,True,True,UNKNOWN
p01,0.4,0.75,0.7217,486,15,2,"[1, 2, 3]",0.0179,0.001727,0.000196,0.001447,0.0,0.000196,0.001447,0.0,0.000864,611.4344770052209,626.1682147973028,2.4097001962086124,0.0,81.39748942203258,2,1,1,0,50.0,50.0,0.0,0,0.0,50,0,0,0.0,0,0.0,True,True,True,UNKNOWN
p02,0.05,0.25,0.3921,42,2,1,"[1, 2, 3]",0.0182,0.000292,0.0,0.000278,0.0,0.0,0.000278,0.0,0.000292,504.8983230265875,506.37623525876114,0.2927148229200645,6.388412500659868,108.17151038656633,1,0,1,0,0.0,100.0,0.0,0,0.0,50,0,0,0.0,0,0.0,True,True,True,UNKNOWN
p02,0.05,0.25,0.105,153,2,2,"[1, 2, 3]",0.0236,0.006283,0.0,0.00196,0.004324,0.0,0.00196,0.004324,0.003142,504.8983230265875,527.9517265549448,4.5659497124420705,0.0,120.00923063495064,2,0,1,1,0.0,50.0,50.0,0,0.0,50,0,0,0.0,0,0.0,True,True,True,UNKNOWN
p02,0.05,0.25,0.2317,264,2,1,"[1, 2, 3]",0.0194,0.000993,0.0,0.000973,0.0,0.0,0.000973,0.0,0.000993,504.8983230265875,507.9688232982377,0.6081422994721453,0.0,108.17151038656633,1,0,1,0,0.0,100.0,0.0,0,0.0,50,0,0,0.0,0,0.0,True,True,True,UNKNOWN
p02,0.05,0.25,0.0933,375,2,2,"[1, 2, 3]",0.0183,0.00111,0.00111,0.0,0.0,0.000555,0.0,0.0,0.000555,504.8983230265875,524.4101280889771,3.864501855626511,0.0,108.17151038656633,2,2,0,0,100.0,0.0,0.0,0,0.0,50,0,0,0.0,0,0.0,True,True,True,UNKNOWN
p02,0.05,0.25,0.1175,486,2,2,"[1, 2, 3]",0.028,0.008802,0.0,0.008802,0.0,0.0,0.004401,0.0,0.004401,504.8983230265875,522.4624300203302,3.4787414005369555,0.0,111.26950229359646,2,0,2,0,0.0,100.0,0.0,0,0.0,50,0,0,0.0,0,0.0,True,True,True,UNKNOWN
p02,0.05,0.5,0.7042,42,2,0,"[1, 2, 3]",0.0208,2.7e-05,0.0,0.0,0.0,0.0,0.0,0.0,0.0,504.8983230265875,504.8983230265875,0.0,0.0,108.17151038656633,0,0,0,0,0.0,0.0,0.0,0,0.0,50,0,0,0.0,0,0.0,True,True,True,UNKNOWN
p02,0.05,0.5,0.2283,153,2,0,"[1, 2, 3]",0.0163,3.8e-05,0.0,0.0,0.0,0.0,0.0,0.0,0.0,504.8983230265875,504.8983230265875,0.0,0.0,108.17151038656633,0,0,0,0,0.0,0.0,0.0,0,0.0,50,0,0,0.0,0,0.0,True,True,True,UNKNOWN
p02,0.05,0.5,0.6492,264,2,0,"[1, 2, 3]",0.0164,1.9e-05,0.0,0.0,0.0,0.0,0.0,0.0,0.0,504.8983230265875,504.8983230265875,0.0,0.0,108.17151038656633,0,0,0,0,0.0,0.0,0.0,0,0.0,50,0,0,0.0,0,0.0,True,True,True,UNKNOWN
p02,0.05,0.5,0.3242,375,2,0,"[1, 2, 3]",0.0175,2.2e-05,0.0,0.0,0.0,0.0,0.0,0.0,0.0,504.8983230265875,504.8983230265875,0.0,0.0,108.17151038656633,0,0,0,0,0.0,0.0,0.0,0,0.0,50,0,0,0.0,0,0.0,True,True,True,UNKNOWN
p02,0.05,0.5,0.2858,486,2,2,"[1, 2, 3]",0.0209,0.003791,0.0,0.001703,0.002088,0.0,0.001703,0.002088,0.001895,504.8983230265875,529.4275541633482,4.858251655446479,15.843338485638249,111.627122821359,2,0,1,1,0.0,50.0,50.0,0,0.0,50,0,0,0.0,0,0.0,True,True,True,UNKNOWN
p02,0.05,0.75,0.9325,42,2,0,"[1, 2, 3]",0.0177,5.3e-05,0.0,0.0,0.0,0.0,0.0,0.0,0.0,504.8983230265875,504.8983230265875,0.0,0.0,108.17151038656633,0,0,0,0,0.0,0.0,0.0,0,0.0,50,0,0,0.0,0,0.0,True,True,True,UNKNOWN
p02,0.05,0.75,0.2908,153,2,0,"[1, 2, 3]",0.0156,2.2e-05,0.0,0.0,0.0,0.0,0.0,0.0,0.0,504.8983230265875,504.8983230265875,0.0,0.0,108.17151038656633,0,0,0,0,0.0,0.0,0.0,0,0.0,50,0,0,0.0,0,0.0,True,True,True,UNKNOWN
p02,0.05,0.75,0.9725,264,2,0,"[1, 2, 3]",0.0184,3e-05,0.0,0.0,0.0,0.0,0.0,0.0,0.0,504.8983230265875,504.8983230265875,0.0,0.0,108.17151038656633,0,0,0,0,0.0,0.0,0.0,0,0.0,50,0,0,0.0,0,0.0,True,True,True,UNKNOWN
p02,0.05,0.75,0.4492,375,2,0,"[1, 2, 3]",0.0161,2.8e-05,0.0,0.0,0.0,0.0,0.0,0.0,0.0,504.8983230265875,504.8983230265875,0.0,0.0,108.17151038656633,0,0,0,0,0.0,0.0,0.0,0,0.0,50,0,0,0.0,0,0.0,True,True,True,UNKNOWN
p02,0.05,0.75,0.6592,486,2,0,"[1, 2, 3]",0.0165,2e-05,0.0,0.0,0.0,0.0,0.0,0.0,0.0,504.8983230265875,504.8983230265875,0.0,0.0,108.17151038656633,0,0,0,0,0.0,0.0,0.0,0,0.0,50,0,0,0.0,0,0.0,True,True,True,UNKNOWN
p02,0.1,0.25,0.254,42,4,3,"[1, 2, 3]",0.0174,0.002167,0.001914,0.000243,0.0,0.000957,0.000243,0.0,0.000722,504.8983230265875,525.7318994823024,4.126291474059393,6.388412500659868,117.09077733849438,3,2,1,0,66.67,33.33,0.0,0,0.0,50,0,0,0.0,0,0.0,True,True,True,UNKNOWN
p02,0.1,0.25,0.0858,153,4,4,"[1, 2, 3]",0.0226,0.008732,0.001831,0.002028,0.004874,0.000915,0.002028,0.004874,0.002183,504.8983230265875,546.3451223243412,8.208939782034328,0.0,124.12850888434957,4,2,1,1,50.0,25.0,25.0,0,0.0,50,0,0,0.0,0,0.0,True,True,True,UNKNOWN
p02,0.1,0.25,0.2429,264,4,1,"[1, 2, 3]",0.019,0.000794,0.0,0.000751,0.0,0.0,0.000751,0.0,0.000794,504.8983230265875,507.9688232982377,0.6081422994721453,0.0,108.17151038656633,1,0,1,0,0.0,100.0,0.0,0,0.0,50,0,0,0.0,0,0.0,True,True,True,UNKNOWN
p02,0.1,0.25,0.2746,375,4,2,"[1, 2, 3]",0.0199,0.000996,0.000942,0.0,0.0,0.000471,0.0,0.0,0.000498,504.8983230265875,524.4101280889771,3.864501855626511,0.0,108.17151038656633,2,2,0,0,100.0,0.0,0.0,0,0.0,50,0,0,0.0,0,0.0,True,True,True,UNKNOWN
p02,0.1,0.25,0.3517,486,4,2,"[1, 2, 3]",0.0307,0.01183,0.0,0.011778,0.0,0.0,0.005889,0.0,0.005915,504.8983230265875,522.4624300203302,3.4787414005369555,0.0,111.26950229359646,2,0,2,0,0.0,100.0,0.0,0,0.0,50,0,0,0.0,0,0.0,True,True,True,UNKNOWN
p02,0.1,0.5,0.7392,42,4,0,"[1, 2, 3]",0.0186,5.8e-05,0.0,0.0,0.0,0.0,0.0,0.0,0.0,504.8983230265875,504.8983230265875,0.0,0.0,108.17151038656633,0,0,0,0,0.0,0.0,0.0,0,0.0,50,0,0,0.0,0,0.0,True,True,True,UNKNOWN
p02,0.1,0.5,0.1725,153,4,2,"[1, 2, 3]",0.0199,0.001412,0.001376,0.0,0.0,0.000688,0.0,0.0,0.000706,504.8983230265875,523.291718795984,3.64299006959228,0.0,116.12850888434957,2,2,0,0,100.0,0.0,0.0,0,0.0,50,0,0,0.0,0,0.0,True,True,True,UNKNOWN
p02,0.1,0.5,0.5238,264,4,0,"[1, 2, 3]",0.0156,3.1e-05,0.0,0.0,0.0,0.0,0.0,0.0,0.0,504.8983230265875,504.8983230265875,0.0,0.0,108.17151038656633,0,0,0,0,0.0,0.0,0.0,0,0.0,50,0,0,0.0,0,0.0,True,True,True,UNKNOWN
p02,0.1,0.5,0.3867,375,4,0,"[1, 2, 3]",0.0168,5e-05,0.0,0.0,0.0,0.0,0.0,0.0,0.0,504.8983230265875,504.8983230265875,0.0,0.0,108.17151038656633,0,0,0,0,0.0,0.0,0.0,0,0.0,50,0,0,0.0,0,0.0,True,True,True,UNKNOWN
p02,0.1,0.5,0.5725,486,4,2,"[1, 2, 3]",0.0197,0.003926,0.0,0.001768,0.002136,0.0,0.001768,0.002136,0.001963,504.8983230265875,529.4275541633482,4.858251655446479,15.843338485638249,111.627122821359,2,0,1,1,0.0,50.0,50.0,0,0.0,50,0,0,0.0,0,0.0,True,True,True,UNKNOWN
p02,0.1,0.75,0.9592,42,4,0,"[1, 2, 3]",0.0155,2.6e-05,0.0,0.0,0.0,0.0,0.0,0.0,0.0,504.8983230265875,504.8983230265875,0.0,0.0,108.17151038656633,0,0,0,0,0.0,0.0,0.0,0,0.0,50,0,0,0.0,0,0.0,True,True,True,UNKNOWN
p02,0.1,0.75,0.6142,153,4,0,"[1, 2, 3]",0.0143,3.5e-05,0.0,0.0,0.0,0.0,0.0,0.0,0.0,504.8983230265875,504.8983230265875,0.0,0.0,108.17151038656633,0,0,0,0,0.0,0.0,0.0,0,0.0,50,0,0,0.0,0,0.0,True,True,True,UNKNOWN
p02,0.1,0.75,0.7142,264,4,0,"[1, 2, 3]",0.0168,4.1e-05,0.0,0.0,0.0,0.0,0.0,0.0,0.0,504.8983230265875,504.8983230265875,0.0,0.0,108.17151038656633,0,0,0,0,0.0,0.0,0.0,0,0.0,50,0,0,0.0,0,0.0,True,True,True,UNKNOWN
p02,0.1,0.75,0.6983,375,4,0,"[1, 2, 3]",0.0156,3.6e-05,0.0,0.0,0.0,0.0,0.0,0.0,0.0,504.8983230265875,504.8983230265875,0.0,0.0,108.17151038656633,0,0,0,0,0.0,0.0,0.0,0,0.0,50,0,0,0.0,0,0.0,True,True,True,UNKNOWN
p02,0.1,0.75,0.82,486,4,0,"[1, 2, 3]",0.0164,3.5e-05,0.0,0.0,0.0,0.0,0.0,0.0,0.0,504.8983230265875,504.8983230265875,0.0,0.0,108.17151038656633,0,0,0,0,0.0,0.0,0.0,0,0.0,50,0,0,0.0,0,0.0,True,True,True,UNKNOWN
p02,0.2,0.25,0.3121,42,8,5,"[1, 2, 3]",0.0206,0.003532,0.002575,0.000922,0.0,0.000858,0.000461,0.0,0.000706,504.8983230265875,538.207747425997,6.59725391832119,38.4808795992868,126.2849285488171,5,3,2,0,60.0,40.0,0.0,0,0.0,50,0,0,0.0,0,0.0,True,True,True,UNKNOWN
p02,0.2,0.25,0.1414,153,8,6,"[1, 2, 3]",0.0286,0.012198,0.003869,0.003085,0.005215,0.000967,0.003085,0.005215,0.002033,504.8983230265875,561.9068602771774,11.291092612242231,0.0,142.4902468371857,6,4,1,1,66.67,16.67,16.67,0,0.0,50,0,0,0.0,0,0.0,True,True,True,UNKNOWN
p02,0.2,0.25,0.339,264,8,3,"[1, 2, 3]",0.0224,0.005726,0.0,0.002988,0.002676,0.0,0.001494,0.002676,0.001909,504.8983230265875,532.4980544349984,5.466393954918624,8.243338485638255,111.627122821359,3,0,2,1,0.0,66.67,33.33,0,0.0,50,0,0,0.0,0,0.0,True,True,True,UNKNOWN
p02,0.2,0.25,0.3125,375,8,4,"[1, 2, 3]",0.017,0.001587,0.001556,0.0,0.0,0.000389,0.0,0.0,0.000397,504.8983230265875,531.6583220000666,5.300076818054706,0.0,115.4197042976559,4,4,0,0,100.0,0.0,0.0,0,0.0,50,0,0,0.0,0,0.0,True,True,True,UNKNOWN
p02,0.2,0.25,0.3896,486,8,3,"[1, 2, 3]",0.0236,0.00699,0.0,0.005297,0.001647,0.0,0.002648,0.001647,0.00233,504.8983230265875,572.467432975061,13.382716255311344,1.2340896956102796,114.38061121220451,3,0,2,1,0.0,66.67,33.33,0,0.0,50,0,0,0.0,0,0.0,True,True,True,UNKNOWN
p02,0.2,0.5,0.6691,42,8,1,"[1, 2, 3]",0.0161,0.000656,0.0,0.000613,0.0,0.0,0.000613,0.0,0.000656,504.8983230265875,513.5551939715573,1.7145770841694663,0.0,108.17151038656633,1,0,1,0,0.0,100.0,0.0,0,0.0,50,0,0,0.0,0,0.0,True,True,True,UNKNOWN
p02,0.2,0.5,0.2465,153,8,4,"[1, 2, 3]",0.0226,0.003689,0.003639,0.0,0.0,0.00091,0.0,0.0,0.000922,504.8983230265875,546.8331978622022,8.305607866597413,0.0,133.26084805113814,4,4,0,0,100.0,0.0,0.0,0,0.0,50,0,0,0.0,0,0.0,True,True,True,UNKNOWN
p02,0.2,0.5,0.5854,264,8,0,"[1, 2, 3]",0.0159,5.7e-05,0.0,0.0,0.0,0.0,0.0,0.0,0.0,504.8983230265875,504.8983230265875,0.0,0.0,108.17151038656633,0,0,0,0,0.0,0.0,0.0,0,0.0,50,0,0,0.0,0,0.0,True,True,True,UNKNOWN
p02,0.2,0.5,0.3485,375,8,2,"[1, 2, 3]",0.0188,0.001846,0.001754,0.0,0.0,0.000877,0.0,0.0,0.000923,504.8983230265875,517.0765179003856,2.412009372658748,0.0,120.34970526036442,2,2,0,0,100.0,0.0,0.0,0,0.0,50,0,0,0.0,0,0.0,True,True,True,UNKNOWN
p02,0.2,0.5,0.6844,486,8,2,"[1, 2, 3]",0.0239,0.003996,0.0,0.002144,0.001815,0.0,0.002144,0.001815,0.001998,504.8983230265875,529.4275541633482,4.858251655446479,15.843338485638249,111.627122821359,2,0,1,1,0.0,50.0,50.0,0,0.0,50,0,0,0.0,0,0.0,True,True,True,UNKNOWN
p02,0.2,0.75,0.9704,42,8,0,"[1, 2, 3]",0.0183,4.4e-05,0.0,0.0,0.0,0.0,0.0,0.0,0.0,504.8983230265875,504.8983230265875,0.0,0.0,108.17151038656633,0,0,0,0,0.0,0.0,0.0,0,0.0,50,0,0,0.0,0,0.0,True,True,True,UNKNOWN
p02,0.2,0.75,0.7701,153,8,0,"[1, 2, 3]",0.0176,4.7e-05,0.0,0.0,0.0,0.0,0.0,0.0,0.0,504.8983230265875,504.8983230265875,0.0,0.0,108.17151038656633,0,0,0,0,0.0,0.0,0.0,0,0.0,50,0,0,0.0,0,0.0,True,True,True,UNKNOWN
p02,0.2,0.75,0.5721,264,8,2,"[1, 2, 3]",0.0201,0.000439,0.000404,0.0,0.0,0.000202,0.0,0.0,0.000219,504.8983230265875,520.0037345463111,2.991772963153247,0.0,112.84052463467663,2,2,0,0,100.0,0.0,0.0,0,0.0,50,0,0,0.0,0,0.0,True,True,True,UNKNOWN
p02,0.2,0.75,0.8309,375,8,0,"[1, 2, 3]",0.0186,5.5e-05,0.0,0.0,0.0,0.0,0.0,0.0,0.0,504.8983230265875,504.8983230265875,0.0,0.0,108.17151038656633,0,0,0,0,0.0,0.0,0.0,0,0.0,50,0,0,0.0,0,0.0,True,True,True,UNKNOWN
p02,0.2,0.75,0.8055,486,8,0,"[1, 2, 3]",0.0184,4.3e-05,0.0,0.0,0.0,0.0,0.0,0.0,0.0,504.8983230265875,504.8983230265875,0.0,0.0,108.17151038656633,0,0,0,0,0.0,0.0,0.0,0,0.0,50,0,0,0.0,0,0.0,True,True,True,UNKNOWN
p02,0.4,0.25,0.2472,42,17,10,"[1, 2, 3]",0.0288,0.009745,0.003787,0.000858,0.005035,0.000631,0.000429,0.002518,0.000974,504.8983230265875,605.8481331138477,19.99408702372423,33.680703510094,138.3838331696287,10,6,2,2,60.0,20.0,20.0,0,0.0,50,0,0,0.0,0,0.0,True,True,True,UNKNOWN
p02,0.4,0.25,0.2557,153,17,9,"[1, 2, 3]",0.0293,0.009073,0.004273,0.004734,0.0,0.000712,0.001578,0.0,0.001008,504.8983230265875,584.1334126764707,15.693276455131096,0.0,142.4902468371857,9,6,3,0,66.67,33.33,0.0,0,0.0,50,0,0,0.0,0,0.0,True,True,True,UNKNOWN
p02,0.4,0.25,0.2243,264,17,9,"[1, 2, 3]",0.0272,0.011127,0.002774,0.004007,0.004272,0.000925,0.001002,0.002136,0.001236,504.8983230265875,588.2177991149489,16.5022287237769,9.613753246724869,137.14809482852604,9,3,4,2,33.33,44.44,22.22,0,0.0,50,0,0,0.0,0,0.0,True,True,True,UNKNOWN
p02,0.4,0.25,0.2125,375,17,12,"[1, 2, 3]",0.024,0.007264,0.004145,0.003082,0.0,0.000414,0.001541,0.0,0.000605,504.8983230265875,576.8965447056839,14.259944704808433,5.1858226530413205,119.12876733145517,12,10,2,0,83.33,16.67,0.0,0,0.0,50,0,0,0.0,0,0.0,True,True,True,UNKNOWN
p02,0.4,0.25,0.272,486,17,11,"[1, 2, 3]",0.0323,0.01154,0.002461,0.003643,0.005379,0.00041,0.001821,0.001793,0.001049,504.8983230265875,616.6851496967023,22.14046305402924,28.689752956507366,135.70878852072175,11,6,2,3,54.55,18.18,27.27,0,0.0,50,0,0,0.0,0,0.0,True,True,True,UNKNOWN
p02,0.4,0.5,0.4714,42,17,5,"[1, 2, 3]",0.0235,0.00535,0.001837,0.000352,0.003076,0.000612,0.000352,0.003076,0.00107,504.8983230265875,589.0538913479987,16.667824883423048,0.0,132.03730350146535,5,3,1,1,60.0,20.0,20.0,0,0.0,50,0,0,0.0,0,0.0,True,True,True,UNKNOWN
p02,0.4,0.5,0.33,153,17,8,"[1, 2, 3]",0.0224,0.003781,0.003389,0.000327,0.0,0.000484,0.000327,0.0,0.000473,504.8983230265875,556.8575473997614,10.291027322433353,22.42250219627016,133.26084805113814,8,7,1,0,87.5,12.5,0.0,0,0.0,50,0,0,0.0,0,0.0,True,True,True,UNKNOWN
p02,0.4,0.5,0.4307,264,17,6,"[1, 2, 3]",0.0216,0.002141,0.000928,0.001139,0.0,0.000186,0.001139,0.0,0.000357,504.8983230265875,566.107016030257,12.122974114225036,0.0,147.69134259543415,6,5,1,0,83.33,16.67,0.0,0,0.0,50,0,0,0.0,0,0.0,True,True,True,UNKNOWN
p02,0.4,0.5,0.3469,375,17,6,"[1, 2, 3]",0.0207,0.002859,0.001115,0.001668,0.0,0.000279,0.000834,0.0,0.000477,504.8983230265875,538.4584493652172,6.646907864033942,10.914310493929278,120.34970526036442,6,4,2,0,66.67,33.33,0.0,0,0.0,50,0,0,0.0,0,0.0,True,True,True,UNKNOWN
p02,0.4,0.5,0.5321,486,17,6,"[1, 2, 3]",0.0243,0.006655,0.001951,0.002634,0.001965,0.000976,0.000878,0.001965,0.001109,504.8983230265875,557.6883283750154,10.455571536063127,24.653533468163822,118.110187136749,6,2,3,1,33.33,50.0,16.67,0,0.0,50,0,0,0.0,0,0.0,True,True,True,UNKNOWN
p02,0.4,0.75,0.7826,42,17,2,"[1, 2, 3]",0.0217,0.002014,0.0,0.001943,0.0,0.0,0.000971,0.0,0.001007,504.8983230265875,523.9439090343442,3.772162659124889,20.294305376591694,108.17151038656633,2,0,2,0,0.0,100.0,0.0,0,0.0,50,0,0,0.0,0,0.0,True,True,True,UNKNOWN
p02,0.4,0.75,0.8163,153,17,0,"[1, 2, 3]",0.0185,8.9e-05,0.0,0.0,0.0,0.0,0.0,0.0,0.0,504.8983230265875,504.8983230265875,0.0,0.0,108.17151038656633,0,0,0,0,0.0,0.0,0.0,0,0.0,50,0,0,0.0,0,0.0,True,True,True,UNKNOWN
p02,0.4,0.75,0.6193,264,17,6,"[1, 2, 3]",0.0198,0.001638,0.001579,0.0,0.0,0.000263,0.0,0.0,0.000273,504.8983230265875,551.892671821356,9.307685656997876,0.0,140.0604476616112,6,6,0,0,100.0,0.0,0.0,0,0.0,50,0,0,0.0,0,0.0,True,True,True,UNKNOWN
p02,0.4,0.75,0.7023,375,17,3,"[1, 2, 3]",0.0217,0.001487,0.00066,0.000752,0.0,0.00033,0.000752,0.0,0.000496,504.8983230265875,525.6307708826756,4.106261976036783,0.0,114.58065028599586,3,2,1,0,66.67,33.33,0.0,0,0.0,50,0,0,0.0,0,0.0,True,True,True,UNKNOWN
p02,0.4,0.75,0.7291,486,17,2,"[1, 2, 3]",0.018,0.000774,0.000699,0.0,0.0,0.00035,0.0,0.0,0.000387,504.8983230265875,522.5932623886908,3.504654017472654,0.0,108.17151038656633,2,2,0,0,100.0,0.0,0.0,0,0.0,50,0,0,0.0,0,0.0,True,True,True,UNKNOWN
p03,0.05,0.25,0.2289,42,3,3,"[1, 2, 3]",0.0278,0.007132,0.000323,0.0,0.006809,0.000161,0.0,0.006809,0.002377,673.2308472537042,704.5514357450548,4.65228065813028,2.262737119817942,96.88699546817637,3,2,0,1,66.67,0.0,33.33,0,0.0,75,0,0,0.0,0,0.0,True,True,True,UNKNOWN
p03,0.05,0.25,0.0922,153,3,2,"[1, 2, 3]",0.024,0.003851,0.000315,0.0,0.003519,0.000315,0.0,0.003519,0.001925,673.2308472537042,697.2177694259732,3.562956491093413,0.0,105.0674150740045,2,1,0,1,50.0,0.0,50.0,0,0.0,75,0,0,0.0,0,0.0,True,True,True,UNKNOWN
p03,0.05,0.25,0.2317,264,3,1,"[1, 2, 3]",0.0233,0.002977,0.0,0.0,0.002943,0.0,0.0,0.002943,0.002977,673.2308472537042,681.3383838916403,1.2042728985175086,0.0,86.95361791624822,1,0,0,1,0.0,0.0,100.0,0,0.0,75,0,0,0.0,0,0.0,True,True,True,UNKNOWN
p03,0.05,0.25,0.335,375,3,1,"[1, 2, 3]",0.021,0.003079,0.0,0.003053,0.0,0.0,0.003053,0.0,0.003079,673.2308472537042,678.6790339699094,0.8092598160690174,6.2754845034029,86.95361791624822,1,0,1,0,0.0,100.0,0.0,0,0.0,75,0,0,0.0,0,0.0,True,True,True,UNKNOWN
p03,0.05,0.25,0.2736,486,3,2,"[1, 2, 3]",0.0217,0.00041,0.000399,0.0,0.0,0.0002,0.0,0.0,0.000205,673.2308472537042,689.9152748520592,2.478262495905442,0.0,86.95361791624822,2,2,0,0,100.0,0.0,0.0,0,0.0,75,0,0,0.0,0,0.0,True,True,True,UNKNOWN
p03,0.05,0.5,0.5136,42,3,0,"[1, 2, 3]",0.0191,7.1e-05,0.0,0.0,0.0,0.0,0.0,0.0,0.0,673.2308472537042,673.2308472537042,0.0,0.0,86.95361791624822,0,0,0,0,0.0,0.0,0.0,0,0.0,75,0,0,0.0,0,0.0,True,True,True,UNKNOWN
p03,0.05,0.5,0.1911,153,3,2,"[1, 2, 3]",0.0217,0.000919,0.000332,0.000572,0.0,0.000332,0.000572,0.0,0.00046,673.2308472537042,701.2065075230107,4.155433516367686,16.009252048456602,103.06099093438642,2,1,1,0,50.0,50.0,0.0,0,0.0,75,0,0,0.0,0,0.0,True,True,True,UNKNOWN
p03,0.05,0.5,0.6492,264,3,0,"[1, 2, 3]",0.0193,2.8e-05,0.0,0.0,0.0,0.0,0.0,0.0,0.0,673.2308472537042,673.2308472537042,0.0,0.0,86.95361791624822,0,0,0,0,0.0,0.0,0.0,0,0.0,75,0,0,0.0,0,0.0,True,True,True,UNKNOWN
p03,0.05,0.5,0.4075,375,3,0,"[1, 2, 3]",0.0192,3.2e-05,0.0,0.0,0.0,0.0,0.0,0.0,0.0,673.2308472537042,673.2308472537042,0.0,0.0,86.95361791624822,0,0,0,0,0.0,0.0,0.0,0,0.0,75,0,0,0.0,0,0.0,True,True,True,UNKNOWN
p03,0.05,0.5,0.4769,486,3,1,"[1, 2, 3]",0.0291,0.009688,0.0,0.0,0.00964,0.0,0.0,0.00964,0.009688,673.2308472537042,697.8266264676271,3.6533945695233583,11.370163133870825,86.95361791624822,1,0,0,1,0.0,0.0,100.0,0,0.0,75,0,0,0.0,0,0.0,True,True,True,UNKNOWN
p03,0.05,0.75,0.3086,42,3,1,"[1, 2, 3]",0.0212,0.002625,0.0,0.0,0.002595,0.0,0.0,0.002595,0.002625,673.2308472537042,735.5372611657393,9.254836460064235,6.548934880580688,112.7603456292039,1,0,0,1,0.0,0.0,100.0,0,0.0,75,0,0,0.0,0,0.0,True,True,True,UNKNOWN
p03,0.05,0.75,0.5064,153,3,0,"[1, 2, 3]",0.019,3.5e-05,0.0,0.0,0.0,0.0,0.0,0.0,0.0,673.2308472537042,673.2308472537042,0.0,0.0,86.95361791624822,0,0,0,0,0.0,0.0,0.0,0,0.0,75,0,0,0.0,0,0.0,True,True,True,UNKNOWN
p03,0.05,0.75,0.9725,264,3,0,"[1, 2, 3]",0.0219,2.7e-05,0.0,0.0,0.0,0.0,0.0,0.0,0.0,673.2308472537042,673.2308472537042,0.0,0.0,86.95361791624822,0,0,0,0,0.0,0.0,0.0,0,0.0,75,0,0,0.0,0,0.0,True,True,True,UNKNOWN
p03,0.05,0.75,0.7814,375,3,0,"[1, 2, 3]",0.022,3e-05,0.0,0.0,0.0,0.0,0.0,0.0,0.0,673.2308472537042,673.2308472537042,0.0,0.0,86.95361791624822,0,0,0,0,0.0,0.0,0.0,0,0.0,75,0,0,0.0,0,0.0,True,True,True,UNKNOWN
p03,0.05,0.75,0.7664,486,3,0,"[1, 2, 3]",0.0219,3.2e-05,0.0,0.0,0.0,0.0,0.0,0.0,0.0,673.2308472537042,673.2308472537042,0.0,0.0,86.95361791624822,0,0,0,0,0.0,0.0,0.0,0,0.0,75,0,0,0.0,0,0.0,True,True,True,UNKNOWN
p03,0.1,0.25,0.2661,42,6,4,"[1, 2, 3]",0.0268,0.006788,0.000883,0.0,0.005886,0.000294,0.0,0.005886,0.001697,673.2308472537042,707.1639941813501,5.0403434521856285,0.0,99.89955390447157,4,3,0,1,75.0,0.0,25.0,0,0.0,75,0,0,0.0,0,0.0,True,True,True,UNKNOWN
p03,0.1,0.25,0.1606,153,6,5,"[1, 2, 3]",0.0238,0.005356,0.000748,0.001115,0.003478,0.000374,0.000557,0.003478,0.001071,673.2308472537042,724.6940622152763,7.64421523040795,10.353525390202549,114.11245245058208,5,2,2,1,40.0,40.0,20.0,0,0.0,75,0,0,0.0,0,0.0,True,True,True,UNKNOWN
p03,0.1,0.25,0.1354,264,6,4,"[1, 2, 3]",0.0234,0.003403,0.000745,0.0,0.00263,0.000248,0.0,0.00263,0.000851,673.2308472537042,702.6714629005355,4.373034267061264,0.0,86.95361791624822,4,3,0,1,75.0,0.0,25.0,0,0.0,75,0,0,0.0,0,0.0,True,True,True,UNKNOWN
p03,0.1,0.25,0.3954,375,6,1,"[1, 2, 3]",0.0203,0.002546,0.0,0.002502,0.0,0.0,0.002502,0.0,0.002546,673.2308472537042,678.6790339699094,0.8092598160690174,6.2754845034029,86.95361791624822,1,0,1,0,0.0,100.0,0.0,0,0.0,75,0,0,0.0,0,0.0,True,True,True,UNKNOWN
p03,0.1,0.25,0.3806,486,6,3,"[1, 2, 3]",0.0211,0.001189,0.000556,0.0006,0.0,0.000278,0.0006,0.0,0.000396,673.2308472537042,704.822150525839,4.692491944034435,30.725257717812738,120.53201436061512,3,2,1,0,66.67,33.33,0.0,0,0.0,75,0,0,0.0,0,0.0,True,True,True,UNKNOWN
p03,0.1,0.5,0.5051,42,6,1,"[1, 2, 3]",0.0221,0.000465,0.000418,0.0,0.0,0.000418,0.0,0.0,0.000465,673.2308472537042,675.8434056899994,0.38806279405534805,0.0,86.95361791624822,1,1,0,0,100.0,0.0,0.0,0,0.0,75,0,0,0.0,0,0.0,True,True,True,UNKNOWN
p03,0.1,0.5,0.2028,153,6,3,"[1, 2, 3]",0.0276,0.007053,0.000506,0.001281,0.005187,0.000506,0.001281,0.005187,0.002351,673.2308472537042,729.045898201473,8.290625893845181,16.009252048456602,111.02986021530745,3,1,1,1,33.33,33.33,33.33,0,0.0,75,0,0,0.0,0,0.0,True,True,True,UNKNOWN
p03,0.1,0.5,0.3708,264,6,2,"[1, 2, 3]",0.0284,0.008072,0.0,0.003097,0.004928,0.0,0.003097,0.004928,0.004036,673.2308472537042,680.0859726068308,1.0182429074797388,13.331212593403741,86.95361791624822,2,0,1,1,0.0,50.0,50.0,0,0.0,75,0,0,0.0,0,0.0,True,True,True,UNKNOWN
p03,0.1,0.5,0.3467,375,6,1,"[1, 2, 3]",0.0226,0.000832,0.0,0.000768,0.0,0.0,0.000768,0.0,0.000832,673.2308472537042,686.662304739228,1.9950745781056423,0.0,86.95361791624822,1,0,1,0,0.0,100.0,0.0,0,0.0,75,0,0,0.0,0,0.0,True,True,True,UNKNOWN
p03,0.1,0.5,0.6319,486,6,1,"[1, 2, 3]",0.0226,0.002669,0.0,0.0,0.002617,0.0,0.0,0.002617,0.002669,673.2308472537042,697.8266264676271,3.6533945695233583,11.370163133870825,86.95361791624822,1,0,0,1,0.0,0.0,100.0,0,0.0,75,0,0,0.0,0,0.0,True,True,True,UNKNOWN
p03,0.1,0.75,0.6472,42,6,1,"[1, 2, 3]",0.0242,0.002842,0.0,0.0,0.002787,0.0,0.0,0.002787,0.002842,673.2308472537042,735.5372611657393,9.254836460064235,6.548934880580688,112.7603456292039,1,0,0,1,0.0,0.0,100.0,0,0.0,75,0,0,0.0,0,0.0,True,True,True,UNKNOWN
p03,0.1,0.75,0.6856,153,6,0,"[1, 2, 3]",0.0186,7e-05,0.0,0.0,0.0,0.0,0.0,0.0,0.0,673.2308472537042,673.2308472537042,0.0,0.0,86.95361791624822,0,0,0,0,0.0,0.0,0.0,0,0.0,75,0,0,0.0,0,0.0,True,True,True,UNKNOWN
p03,0.1,0.75,0.6383,264,6,0,"[1, 2, 3]",0.0202,6.8e-05,0.0,0.0,0.0,0.0,0.0,0.0,0.0,673.2308472537042,673.2308472537042,0.0,0.0,86.95361791624822,0,0,0,0,0.0,0.0,0.0,0,0.0,75,0,0,0.0,0,0.0,True,True,True,UNKNOWN
p03,0.1,0.75,0.8644,375,6,0,"[1, 2, 3]",0.019,4.7e-05,0.0,0.0,0.0,0.0,0.0,0.0,0.0,673.2308472537042,673.2308472537042,0.0,0.0,86.95361791624822,0,0,0,0,0.0,0.0,0.0,0,0.0,75,0,0,0.0,0,0.0,True,True,True,UNKNOWN
p03,0.1,0.75,0.7958,486,6,0,"[1, 2, 3]",0.022,4.8e-05,0.0,0.0,0.0,0.0,0.0,0.0,0.0,673.2308472537042,673.2308472537042,0.0,0.0,86.95361791624822,0,0,0,0,0.0,0.0,0.0,0,0.0,75,0,0,0.0,0,0.0,True,True,True,UNKNOWN
p03,0.2,0.25,0.1607,42,12,8,"[1, 2, 3]",0.0262,0.008192,0.002539,0.005604,0.0,0.000423,0.002802,0.0,0.001024,673.2308472537042,736.3342716971008,9.373222379932985,7.0,114.03497221626884,8,6,2,0,75.0,25.0,0.0,0,0.0,75,0,0,0.0,0,0.0,True,True,True,UNKNOWN
p03,0.2,0.25,0.3996,153,12,5,"[1, 2, 3]",0.0273,0.005961,0.000745,0.001058,0.003983,0.000373,0.000529,0.003983,0.001192,673.2308472537042,724.6940622152763,7.64421523040795,10.353525390202549,114.11245245058208,5,2,2,1,40.0,40.0,20.0,0,0.0,75,0,0,0.0,0,0.0,True,True,True,UNKNOWN
p03,0.2,0.25,0.0976,264,12,11,"[1, 2, 3]",0.0293,0.012837,0.001572,0.001568,0.009673,0.000197,0.001568,0.004836,0.001167,673.2308472537042,744.89959748765,10.645494116364782,19.17950064818669,128.16068235945943,11,8,1,2,72.73,9.09,18.18,0,0.0,75,0,0,0.0,0,0.0,True,True,True,UNKNOWN
p03,0.2,0.25,0.3533,375,12,4,"[1, 2, 3]",0.0255,0.007832,0.000126,0.003588,0.004017,0.000126,0.001794,0.004017,0.001958,673.2308472537042,716.166775682739,6.377593748738993,12.467316329480688,100.88785483910036,4,1,2,1,25.0,50.0,25.0,0,0.0,75,0,0,0.0,0,0.0,True,True,True,UNKNOWN
p03,0.2,0.25,0.3753,486,12,4,"[1, 2, 3]",0.0191,0.001341,0.000739,0.000513,0.0,0.000246,0.000513,0.0,0.000335,673.2308472537042,713.6848355250196,6.0089326620042005,30.725257717812738,120.53201436061512,4,3,1,0,75.0,25.0,0.0,0,0.0,75,0,0,0.0,0,0.0,True,True,True,UNKNOWN
p03,0.2,0.5,0.3081,42,12,5,"[1, 2, 3]",0.0262,0.004486,0.00438,0.0,0.0,0.000876,0.0,0.0,0.000897,673.2308472537042,696.6201406405892,3.474186229329278,0.0,87.9690559312739,5,5,0,0,100.0,0.0,0.0,0,0.0,75,0,0,0.0,0,0.0,True,True,True,UNKNOWN
p03,0.2,0.5,0.4315,153,12,4,"[1, 2, 3]",0.0263,0.007957,0.000483,0.001916,0.005443,0.000483,0.000958,0.005443,0.001989,673.2308472537042,739.0466981799254,9.776119319948343,29.3049130623901,111.02986021530745,4,1,2,1,25.0,50.0,25.0,0,0.0,75,0,0,0.0,0,0.0,True,True,True,UNKNOWN
p03,0.2,0.5,0.3704,264,12,4,"[1, 2, 3]",0.0317,0.014388,0.000176,0.007116,0.006961,0.000176,0.003558,0.006961,0.003597,673.2308472537042,697.571095252004,3.6154386118209736,13.331212593403741,89.14988453177756,4,1,2,1,25.0,50.0,25.0,0,0.0,75,0,0,0.0,0,0.0,True,True,True,UNKNOWN
p03,0.2,0.5,0.3214,375,12,1,"[1, 2, 3]",0.0192,0.000856,0.0,0.000746,0.0,0.0,0.000746,0.0,0.000856,673.2308472537042,686.662304739228,1.9950745781056423,0.0,86.95361791624822,1,0,1,0,0.0,100.0,0.0,0,0.0,75,0,0,0.0,0,0.0,True,True,True,UNKNOWN
p03,0.2,0.5,0.7661,486,12,1,"[1, 2, 3]",0.0184,0.00334,0.0,0.0,0.003238,0.0,0.0,0.003238,0.00334,673.2308472537042,697.8266264676271,3.6533945695233583,11.370163133870825,86.95361791624822,1,0,0,1,0.0,0.0,100.0,0,0.0,75,0,0,0.0,0,0.0,True,True,True,UNKNOWN
p03,0.2,0.75,0.8178,42,12,1,"[1, 2, 3]",0.0256,0.004654,0.0,0.0,0.004431,0.0,0.0,0.004431,0.004654,673.2308472537042,735.5372611657393,9.254836460064235,6.548934880580688,112.7603456292039,1,0,0,1,0.0,0.0,100.0,0,0.0,75,0,0,0.0,0,0.0,True,True,True,UNKNOWN
p03,0.2,0.75,0.7358,153,12,0,"[1, 2, 3]",0.0207,0.000121,0.0,0.0,0.0,0.0,0.0,0.0,0.0,673.2308472537042,673.2308472537042,0.0,0.0,86.95361791624822,0,0,0,0,0.0,0.0,0.0,0,0.0,75,0,0,0.0,0,0.0,True,True,True,UNKNOWN
p03,0.2,0.75,0.5872,264,12,1,"[1, 2, 3]",0.024,0.002601,0.0,0.0,0.002433,0.0,0.0,0.002433,0.002601,673.2308472537042,697.0878580223506,3.5436597811829054,0.0,86.95361791624822,1,0,0,1,0.0,0.0,100.0,0,0.0,75,0,0,0.0,0,0.0,True,True,True,UNKNOWN
p03,0.2,0.75,0.8324,375,12,0,"[1, 2, 3]",0.0246,0.00011,0.0,0.0,0.0,0.0,0.0,0.0,0.0,673.2308472537042,673.2308472537042,0.0,0.0,86.95361791624822,0,0,0,0,0.0,0.0,0.0,0,0.0,75,0,0,0.0,0,0.0,True,True,True,UNKNOWN
p03,0.2,0.75,0.7274,486,12,2,"[1, 2, 3]",0.0208,0.000468,0.000395,0.0,0.0,0.000198,0.0,0.0,0.000234,673.2308472537042,685.1917920031433,1.7766483514876295,2.0,86.95361791624822,2,2,0,0,100.0,0.0,0.0,0,0.0,75,0,0,0.0,0,0.0,True,True,True,UNKNOWN
p03,0.4,0.25,0.3043,42,24,10,"[1, 2, 3]",0.0262,0.008594,0.002552,0.005903,0.0,0.000425,0.001476,0.0,0.000859,673.2308472537042,750.3163308680041,11.450081933820039,26.70825934418022,114.03497221626884,10,6,4,0,60.0,40.0,0.0,0,0.0,75,0,0,0.0,0,0.0,True,True,True,UNKNOWN
p03,0.4,0.25,0.3636,153,24,10,"[1, 2, 3]",0.035,0.013453,0.001356,0.002098,0.009835,0.000339,0.000699,0.003278,0.001345,673.2308472537042,787.1092261779717,16.9152051467649,28.00493318814153,125.44166750513828,10,4,3,3,40.0,30.0,30.0,0,0.0,75,0,0,0.0,0,0.0,True,True,True,UNKNOWN
p03,0.4,0.25,0.1717,264,24,16,"[1, 2, 3]",0.0424,0.023456,0.001572,0.002623,0.019115,0.000196,0.000874,0.003823,0.001466,673.2308472537042,800.2686637793674,18.86987458223073,34.16306505734052,156.4394889163327,16,8,3,5,50.0,18.75,31.25,0,0.0,75,0,0,0.0,0,0.0,True,True,True,UNKNOWN
p03,0.4,0.25,0.3249,375,24,7,"[1, 2, 3]",0.0316,0.01199,0.00094,0.003426,0.007363,0.000313,0.001713,0.003682,0.001713,673.2308472537042,741.2518380647465,10.103665197237897,12.467316329480688,109.24630340626177,7,3,2,2,42.86,28.57,28.57,0,0.0,75,0,0,0.0,0,0.0,True,True,True,UNKNOWN
p03,0.4,0.25,0.2626,486,24,13,"[1, 2, 3]",0.0299,0.010167,0.002146,0.003427,0.004414,0.000215,0.001714,0.004414,0.000782,673.2308472537042,738.0719635782609,9.63133471810772,57.69657677615425,127.06192452243184,13,10,2,1,76.92,15.38,7.69,0,0.0,75,0,0,0.0,0,0.0,True,True,True,UNKNOWN
p03,0.4,0.5,0.5548,42,24,5,"[1, 2, 3]",0.0241,0.003168,0.002999,0.0,0.0,0.0006,0.0,0.0,0.000634,673.2308472537042,696.6201406405892,3.474186229329278,0.0,87.9690559312739,5,5,0,0,100.0,0.0,0.0,0,0.0,75,0,0,0.0,0,0.0,True,True,True,UNKNOWN
p03,0.4,0.5,0.4262,153,24,7,"[1, 2, 3]",0.0319,0.012505,0.000288,0.00349,0.008562,0.000288,0.001163,0.002854,0.001786,673.2308472537042,787.3533710802458,16.95146981040443,51.91434368795433,110.35021425010953,7,1,3,3,14.29,42.86,42.86,0,0.0,75,0,0,0.0,0,0.0,True,True,True,UNKNOWN
p03,0.4,0.5,0.3235,264,24,10,"[1, 2, 3]",0.0309,0.011612,0.001864,0.005614,0.003984,0.000311,0.001871,0.003984,0.001161,673.2308472537042,730.0596552174289,8.441206785985118,24.026873607337237,105.0407687561829,10,6,3,1,60.0,30.0,10.0,0,0.0,75,0,0,0.0,0,0.0,True,True,True,UNKNOWN
p03,0.4,0.5,0.4234,375,24,2,"[1, 2, 3]",0.0226,0.00147,0.0,0.001218,0.0,0.0,0.000609,0.0,0.000735,673.2308472537042,690.465674938054,2.5600175266263436,5.478345455812786,86.95361791624822,2,0,2,0,0.0,100.0,0.0,0,0.0,75,0,0,0.0,0,0.0,True,True,True,UNKNOWN
p03,0.4,0.5,0.5793,486,24,5,"[1, 2, 3]",0.0273,0.007884,0.00034,0.0,0.007383,0.00017,0.0,0.002461,0.001577,673.2308472537042,716.633280492749,6.446887188264687,24.73392758104903,86.95361791624822,5,2,0,3,40.0,0.0,60.0,0,0.0,75,0,0,0.0,0,0.0,True,True,True,UNKNOWN
p03,0.4,0.75,0.8248,42,24,1,"[1, 2, 3]",0.0211,0.002694,0.0,0.0,0.002521,0.0,0.0,0.002521,0.002694,673.2308472537042,735.5372611657393,9.254836460064235,6.548934880580688,112.7603456292039,1,0,0,1,0.0,0.0,100.0,0,0.0,75,0,0,0.0,0,0.0,True,True,True,UNKNOWN
p03,0.4,0.75,0.8105,153,24,0,"[1, 2, 3]",0.0202,0.00018,0.0,0.0,0.0,0.0,0.0,0.0,0.0,673.2308472537042,673.2308472537042,0.0,0.0,86.95361791624822,0,0,0,0,0.0,0.0,0.0,0,0.0,75,0,0,0.0,0,0.0,True,True,True,UNKNOWN
p03,0.4,0.75,0.4494,264,24,6,"[1, 2, 3]",0.0295,0.008449,0.000182,0.002634,0.005433,0.000182,0.000878,0.002717,0.001408,673.2308472537042,740.3283478870948,9.966492311975896,35.479225423087314,98.48189045438262,6,1,3,2,16.67,50.0,33.33,0,0.0,75,0,0,0.0,0,0.0,True,True,True,UNKNOWN
p03,0.4,0.75,0.7837,375,24,2,"[1, 2, 3]",0.022,0.00063,0.000463,0.0,0.0,0.000232,0.0,0.0,0.000315,673.2308472537042,691.945387160619,2.779810221598829,9.587696801575532,103.20211767751294,2,2,0,0,100.0,0.0,0.0,0,0.0,75,0,0,0.0,0,0.0,True,True,True,UNKNOWN
p03,0.4,0.75,0.8183,486,24,2,"[1, 2, 3]",0.0231,0.000539,0.000396,0.0,0.0,0.000198,0.0,0.0,0.00027,673.2308472537042,685.1917920031433,1.7766483514876295,2.0,86.95361791624822,2,2,0,0,100.0,0.0,0.0,0,0.0,75,0,0,0.0,0,0.0,True,True,True,UNKNOWN
p04,0.05,0.25,0.254,42,4,2,"[1, 2, 3]",0.0813,0.05742,0.0,0.046572,0.010816,0.0,0.046572,0.010816,0.02871,1058.2039189787201,1117.123665963605,5.567901037613681,18.85572809000084,135.05337924747832,2,0,1,1,0.0,50.0,50.0,0,0.0,100,0,1,3.0,0,0.0,False,True,False,UNKNOWN
p04,0.05,0.25,0.0858,153,4,4,"[1, 2, 3]",0.0392,0.017253,0.000736,0.016517,0.0,0.000245,0.016517,0.0,0.004313,1058.2039189787201,1090.9087498888005,3.0905981657716763,2.8393202250021012,96.53519805460654,4,3,1,0,75.0,25.0,0.0,0,0.0,100,0,0,0.0,0,0.0,True,True,True,UNKNOWN
p04,0.05,0.25,0.2317,264,4,1,"[1, 2, 3]",0.0228,0.000292,0.000247,0.0,0.0,0.000247,0.0,0.0,0.000292,1058.2039189787201,1058.3345895950931,0.012348339864313912,0.5244824881336285,94.30735543594464,1,1,0,0,100.0,0.0,0.0,0,0.0,100,0,0,0.0,0,0.0,True,True,True,UNKNOWN
p04,0.05,0.25,0.2746,375,4,2,"[1, 2, 3]",0.0757,0.054503,0.0,0.043198,0.011276,0.0,0.043198,0.011276,0.027252,1058.2039189787201,1117.123665963605,5.567901037613681,13.45572809000084,132.3533792474783,2,0,1,1,0.0,50.0,50.0,0,0.0,100,0,1,3.0,0,0.0,False,True,False,UNKNOWN
p04,0.05,0.25,0.4319,486,4,1,"[1, 2, 3]",0.0222,0.000244,0.000208,0.0,0.0,0.000208,0.0,0.0,0.000244,1058.2039189787201,1063.4587200882613,0.49657736238707384,0.0,94.30735543594464,1,1,0,0,100.0,0.0,0.0,0,0.0,100,0,0,0.0,0,0.0,True,True,True,UNKNOWN
p04,0.05,0.5,0.7392,42,4,0,"[1, 2, 3]",0.0253,5.2e-05,0.0,0.0,0.0,0.0,0.0,0.0,0.0,1058.2039189787201,1058.2039189787201,0.0,0.0,94.30735543594464,0,0,0,0,0.0,0.0,0.0,0,0.0,100,0,0,0.0,0,0.0,True,True,True,UNKNOWN
p04,0.05,0.5,0.1725,153,4,2,"[1, 2, 3]",0.0392,0.015136,0.000334,0.014749,0.0,0.000334,0.014749,0.0,0.007568,1058.2039189787201,1081.996191016003,2.2483636292185456,0.0,102.53519805460654,2,1,1,0,50.0,50.0,0.0,0,0.0,100,0,0,0.0,0,0.0,True,True,True,UNKNOWN
p04,0.05,0.5,0.6492,264,4,0,"[1, 2, 3]",0.0233,5.4e-05,0.0,0.0,0.0,0.0,0.0,0.0,0.0,1058.2039189787201,1058.2039189787201,0.0,0.0,94.30735543594464,0,0,0,0,0.0,0.0,0.0,0,0.0,100,0,0,0.0,0,0.0,True,True,True,UNKNOWN
p04,0.05,0.5,0.3867,375,4,1,"[1, 2, 3]",0.024,0.0009,0.0,0.000823,0.0,0.0,0.000823,0.0,0.0009,1058.2039189787201,1067.9016345823125,0.9164316470261844,0.0010101267766629007,94.30735543594464,1,0,1,0,0.0,100.0,0.0,0,0.0,100,0,0,0.0,0,0.0,True,True,True,UNKNOWN
p04,0.05,0.5,0.6887,486,4,1,"[1, 2, 3]",0.0262,0.006392,0.0,0.006361,0.0,0.0,0.006361,0.0,0.006392,1058.2039189787201,1063.4587200882613,0.49657736238707384,18.599999999999994,97.86376866842359,1,0,1,0,0.0,100.0,0.0,0,0.0,100,0,0,0.0,0,0.0,True,True,True,UNKNOWN
p04,0.05,0.75,0.9592,42,4,0,"[1, 2, 3]",0.0227,5.6e-05,0.0,0.0,0.0,0.0,0.0,0.0,0.0,1058.2039189787201,1058.2039189787201,0.0,0.0,94.30735543594464,0,0,0,0,0.0,0.0,0.0,0,0.0,100,0,0,0.0,0,0.0,True,True,True,UNKNOWN
p04,0.05,0.75,0.6142,153,4,0,"[1, 2, 3]",0.0236,6.6e-05,0.0,0.0,0.0,0.0,0.0,0.0,0.0,1058.2039189787201,1058.2039189787201,0.0,0.0,94.30735543594464,0,0,0,0,0.0,0.0,0.0,0,0.0,100,0,0,0.0,0,0.0,True,True,True,UNKNOWN
p04,0.05,0.75,0.9725,264,4,0,"[1, 2, 3]",0.0226,8.7e-05,0.0,0.0,0.0,0.0,0.0,0.0,0.0,1058.2039189787201,1058.2039189787201,0.0,0.0,94.30735543594464,0,0,0,0,0.0,0.0,0.0,0,0.0,100,0,0,0.0,0,0.0,True,True,True,UNKNOWN
p04,0.05,0.75,0.6983,375,4,0,"[1, 2, 3]",0.0249,0.000212,0.0,0.0,0.0,0.0,0.0,0.0,0.0,1058.2039189787201,1058.2039189787201,0.0,0.0,94.30735543594464,0,0,0,0,0.0,0.0,0.0,0,0.0,100,0,0,0.0,0,0.0,True,True,True,UNKNOWN
p04,0.05,0.75,0.8421,486,4,0,"[1, 2, 3]",0.0228,4.5e-05,0.0,0.0,0.0,0.0,0.0,0.0,0.0,1058.2039189787201,1058.2039189787201,0.0,0.0,94.30735543594464,0,0,0,0,0.0,0.0,0.0,0,0.0,100,0,0,0.0,0,0.0,True,True,True,UNKNOWN
p04,0.1,0.25,0.2882,42,8,5,"[1, 2, 3]",0.0841,0.061806,0.000142,0.050938,0.010675,0.000142,0.016979,0.010675,0.012361,1058.2039189787201,1151.0601267481102,8.774887911869216,22.19458934406015,131.3058703203062,5,1,3,1,20.0,60.0,20.0,0,0.0,100,0,0,0.0,0,0.0,True,True,True,UNKNOWN
p04,0.1,0.25,0.1067,153,8,6,"[1, 2, 3]",0.0367,0.015669,0.001127,0.014505,0.0,0.000225,0.014505,0.0,0.002612,1058.2039189787201,1102.9500687897823,4.228499725671685,2.8393202250021012,98.99639992180235,6,5,1,0,83.33,16.67,0.0,0,0.0,100,0,0,0.0,0,0.0,True,True,True,UNKNOWN
p04,0.1,0.25,0.2317,264,8,4,"[1, 2, 3]",0.0259,0.010942,0.000563,0.010315,0.0,0.000188,0.010315,0.0,0.002736,1058.2039189787201,1066.4428318615282,0.7785751625981068,4.8295166403715655,94.30735543594464,4,3,1,0,75.0,25.0,0.0,0,0.0,100,0,0,0.0,0,0.0,True,True,True,UNKNOWN
p04,0.1,0.25,0.1931,375,8,6,"[1, 2, 3]",0.1236,0.10081,0.000998,0.084998,0.014759,0.000249,0.084998,0.014759,0.016802,1058.2039189787201,1137.4097949029167,7.484935039802035,13.45572809000084,132.3533792474783,6,4,1,1,66.67,16.67,16.67,0,0.0,100,0,1,3.0,0,0.0,False,True,False,UNKNOWN
p04,0.1,0.25,0.4351,486,8,2,"[1, 2, 3]",0.0227,0.001442,0.000222,0.00113,0.0,0.000222,0.00113,0.0,0.000721,1058.2039189787201,1069.1608746020627,1.0354295071896134,0.0,94.30735543594464,2,1,1,0,50.0,50.0,0.0,0,0.0,100,0,0,0.0,0,0.0,True,True,True,UNKNOWN
p04,0.1,0.5,0.6096,42,8,2,"[1, 2, 3]",0.0223,0.000441,0.000377,0.0,0.0,0.000189,0.0,0.0,0.000221,1058.2039189787201,1090.3136042499386,3.034357054943415,0.0,115.85604958188759,2,2,0,0,100.0,0.0,0.0,0,0.0,100,0,0,0.0,0,0.0,True,True,True,UNKNOWN
p04,0.1,0.5,0.1629,153,8,4,"[1, 2, 3]",0.0471,0.024275,0.000931,0.023276,0.0,0.00031,0.023276,0.0,0.006069,1058.2039189787201,1088.1741557812418,2.8321797212248203,8.12448248813363,102.53519805460654,4,3,1,0,75.0,25.0,0.0,0,0.0,100,0,0,0.0,0,0.0,True,True,True,UNKNOWN
p04,0.1,0.5,0.6492,264,8,0,"[1, 2, 3]",0.019,7.7e-05,0.0,0.0,0.0,0.0,0.0,0.0,0.0,1058.2039189787201,1058.2039189787201,0.0,0.0,94.30735543594464,0,0,0,0,0.0,0.0,0.0,0,0.0,100,0,0,0.0,0,0.0,True,True,True,UNKNOWN
p04,0.1,0.5,0.4179,375,8,1,"[1, 2, 3]",0.0234,0.000695,0.0,0.000603,0.0,0.0,0.000603,0.0,0.000695,1058.2039189787201,1067.9016345823125,0.9164316470261844,0.0010101267766629007,94.30735543594464,1,0,1,0,0.0,100.0,0.0,0,0.0,100,0,0,0.0,0,0.0,True,True,True,UNKNOWN
p04,0.1,0.5,0.7198,486,8,1,"[1, 2, 3]",0.0271,0.006046,0.0,0.005979,0.0,0.0,0.005979,0.0,0.006046,1058.2039189787201,1063.4587200882613,0.49657736238707384,18.599999999999994,97.86376866842359,1,0,1,0,0.0,100.0,0.0,0,0.0,100,0,0,0.0,0,0.0,True,True,True,UNKNOWN
p04,0.1,0.75,0.9706,42,8,0,"[1, 2, 3]",0.0215,7.1e-05,0.0,0.0,0.0,0.0,0.0,0.0,0.0,1058.2039189787201,1058.2039189787201,0.0,0.0,94.30735543594464,0,0,0,0,0.0,0.0,0.0,0,0.0,100,0,0,0.0,0,0.0,True,True,True,UNKNOWN
p04,0.1,0.75,0.7485,153,8,0,"[1, 2, 3]",0.0222,8.7e-05,0.0,0.0,0.0,0.0,0.0,0.0,0.0,1058.2039189787201,1058.2039189787201,0.0,0.0,94.30735543594464,0,0,0,0,0.0,0.0,0.0,0,0.0,100,0,0,0.0,0,0.0,True,True,True,UNKNOWN
p04,0.1,0.75,0.9725,264,8,0,"[1, 2, 3]",0.0232,8.8e-05,0.0,0.0,0.0,0.0,0.0,0.0,0.0,1058.2039189787201,1058.2039189787201,0.0,0.0,94.30735543594464,0,0,0,0,0.0,0.0,0.0,0,0.0,100,0,0,0.0,0,0.0,True,True,True,UNKNOWN
p04,0.1,0.75,0.6171,375,8,1,"[1, 2, 3]",0.0269,0.004036,0.0,0.0,0.003916,0.0,0.0,0.003916,0.004036,1058.2039189787201,1110.3305496780938,4.925953284096834,2.2895427227125253,147.6569205870854,1,0,0,1,0.0,0.0,100.0,0,0.0,100,0,1,6.0,0,0.0,False,True,False,UNKNOWN
p04,0.1,0.75,0.7948,486,8,0,"[1, 2, 3]",0.0223,7.7e-05,0.0,0.0,0.0,0.0,0.0,0.0,0.0,1058.2039189787201,1058.2039189787201,0.0,0.0,94.30735543594464,0,0,0,0,0.0,0.0,0.0,0,0.0,100,0,0,0.0,0,0.0,True,True,True,UNKNOWN
p04,0.2,0.25,0.3207,42,16,8,"[1, 2, 3]",0.0882,0.071663,0.000631,0.059661,0.011221,0.00021,0.014915,0.011221,0.008958,1058.2039189787201,1146.979327427586,8.389253418617425,22.19458934406015,142.25604958188762,8,3,4,1,37.5,50.0,12.5,0,0.0,100,0,0,0.0,0,0.0,True,True,True,UNKNOWN
p04,0.2,0.25,0.3523,153,16,7,"[1, 2, 3]",0.0351,0.016423,0.001542,0.014758,0.0,0.000257,0.014758,0.0,0.002346,1058.2039189787201,1113.1120856738492,5.188807725085847,3.72471379854996,98.99639992180235,7,6,1,0,85.71,14.29,0.0,0,0.0,100,0,0,0.0,0,0.0,True,True,True,UNKNOWN
p04,0.2,0.25,0.2415,264,16,9,"[1, 2, 3]",0.0377,0.016284,0.001358,0.014808,0.0,0.000194,0.007404,0.0,0.001809,1058.2039189787201,1092.794538380563,3.2688046964734765,4.8295166403715655,94.30735543594464,9,7,2,0,77.78,22.22,0.0,0,0.0,100,0,0,0.0,0,0.0,True,True,True,UNKNOWN
p04,0.2,0.25,0.1524,375,16,14,"[1, 2, 3]",0.1022,0.084333,0.00321,0.070821,0.010264,0.000321,0.023607,0.010264,0.006024,1058.2039189787201,1151.1477376530447,8.783167120003231,25.76932055627074,121.7920823629231,14,10,3,1,71.43,21.43,7.14,0,0.0,100,0,0,0.0,0,0.0,True,True,True,UNKNOWN
p04,0.2,0.25,0.3567,486,16,7,"[1, 2, 3]",0.0224,0.003918,0.001008,0.002797,0.0,0.000202,0.001399,0.0,0.00056,1058.2039189787201,1157.3929448981821,9.373337609181224,0.0,140.73660286713636,7,5,2,0,71.43,28.57,0.0,0,0.0,100,0,0,0.0,0,0.0,True,True,True,UNKNOWN
p04,0.2,0.5,0.6379,42,16,3,"[1, 2, 3]",0.0225,0.00095,0.000822,0.0,0.0,0.000274,0.0,0.0,0.000317,1058.2039189787201,1098.3959430065695,3.7981360026183757,0.0,115.85604958188759,3,3,0,0,100.0,0.0,0.0,0,0.0,100,0,0,0.0,0,0.0,True,True,True,UNKNOWN
p04,0.2,0.5,0.4594,153,16,4,"[1, 2, 3]",0.039,0.016312,0.000901,0.015262,0.0,0.0003,0.015262,0.0,0.004078,1058.2039189787201,1088.1741557812418,2.8321797212248203,8.12448248813363,102.53519805460654,4,3,1,0,75.0,25.0,0.0,0,0.0,100,0,0,0.0,0,0.0,True,True,True,UNKNOWN
p04,0.2,0.5,0.5394,264,16,2,"[1, 2, 3]",0.0252,0.000568,0.000384,0.0,0.0,0.000192,0.0,0.0,0.000284,1058.2039189787201,1070.068060053535,1.1211583005915333,5.15723748240795,94.30735543594464,2,2,0,0,100.0,0.0,0.0,0,0.0,100,0,0,0.0,0,0.0,True,True,True,UNKNOWN
p04,0.2,0.5,0.4624,375,16,4,"[1, 2, 3]",0.0293,0.008637,0.000319,0.005011,0.003146,0.000319,0.002505,0.003146,0.002159,1058.2039189787201,1145.2750759271164,8.228202087214838,15.421906626462956,151.58334429888913,4,1,2,1,25.0,50.0,25.0,0,0.0,100,0,1,1.0,0,0.0,False,True,False,UNKNOWN
p04,0.2,0.5,0.7126,486,16,2,"[1, 2, 3]",0.0315,0.007479,0.000291,0.006991,0.0,0.000291,0.006991,0.0,0.00374,1058.2039189787201,1073.6263429037083,1.4574151208844925,18.599999999999994,102.68196826313604,2,1,1,0,50.0,50.0,0.0,0,0.0,100,0,0,0.0,0,0.0,True,True,True,UNKNOWN
p04,0.2,0.75,0.9485,42,16,0,"[1, 2, 3]",0.0209,0.000132,0.0,0.0,0.0,0.0,0.0,0.0,0.0,1058.2039189787201,1058.2039189787201,0.0,0.0,94.30735543594464,0,0,0,0,0.0,0.0,0.0,0,0.0,100,0,0,0.0,0,0.0,True,True,True,UNKNOWN
p04,0.2,0.75,0.8534,153,16,0,"[1, 2, 3]",0.0225,0.000201,0.0,0.0,0.0,0.0,0.0,0.0,0.0,1058.2039189787201,1058.2039189787201,0.0,0.0,94.30735543594464,0,0,0,0,0.0,0.0,0.0,0,0.0,100,0,0,0.0,0,0.0,True,True,True,UNKNOWN
p04,0.2,0.75,0.7465,264,16,1,"[1, 2, 3]",0.0193,0.000347,0.000167,0.0,0.0,0.000167,0.0,0.0,0.000347,1058.2039189787201,1064.151102584052,0.562007331353639,0.0,94.30735543594464,1,1,0,0,100.0,0.0,0.0,0,0.0,100,0,0,0.0,0,0.0,True,True,True,UNKNOWN
p04,0.2,0.75,0.5765,375,16,1,"[1, 2, 3]",0.0256,0.003383,0.0,0.0,0.003213,0.0,0.0,0.003213,0.003383,1058.2039189787201,1110.3305496780938,4.925953284096834,2.2895427227125253,147.6569205870854,1,0,0,1,0.0,0.0,100.0,0,0.0,100,0,1,6.0,0,0.0,False,True,False,UNKNOWN
p04,0.2,0.75,0.726,486,16,2,"[1, 2, 3]",0.0238,0.000905,0.000784,0.0,0.0,0.000392,0.0,0.0,0.000453,1058.2039189787201,1077.6568480483963,1.8382968273686189,0.0,116.76028450562087,2,2,0,0,100.0,0.0,0.0,0,0.0,100,0,0,0.0,0,0.0,True,True,True,UNKNOWN
p04,0.4,0.25,0.2322,42,33,23,"[1, 2, 3]",0.1016,0.079604,0.005591,0.062721,0.01112,0.000311,0.01568,0.01112,0.003461,1058.2039189787201,1244.5338435774872,17.608130272149754,34.633909569062254,143.36709578850375,23,18,4,1,78.26,17.39,4.35,0,0.0,100,0,0,0.0,0,0.0,True,True,True,UNKNOWN
p04,0.4,0.25,0.2725,153,33,17,"[1, 2, 3]",0.0683,0.048249,0.004863,0.04314,0.0,0.000324,0.02157,0.0,0.002838,1058.2039189787201,1132.1468543630428,6.987588503327935,3.72471379854996,120.88919670913474,17,15,2,0,88.24,11.76,0.0,0,0.0,100,0,0,0.0,0,0.0,True,True,True,UNKNOWN
p04,0.4,0.25,0.2187,264,33,19,"[1, 2, 3]",0.1054,0.082465,0.004069,0.067409,0.010731,0.000271,0.02247,0.010731,0.00434,1058.2039189787201,1195.4571881803674,12.970398874926808,7.461860813761501,133.90048469147882,19,15,3,1,78.95,15.79,5.26,0,0.0,100,0,0,0.0,0,0.0,True,True,True,UNKNOWN
p04,0.4,0.25,0.19,375,33,24,"[1, 2, 3]",0.1259,0.105053,0.005449,0.088235,0.011197,0.000287,0.022059,0.011197,0.004377,1058.2039189787201,1207.5522537684399,14.113379483025998,38.401150911806,133.17539696853967,24,19,4,1,79.17,16.67,4.17,0,0.0,100,0,0,0.0,0,0.0,True,True,True,UNKNOWN
p04,0.4,0.25,0.2535,486,33,17,"[1, 2, 3]",0.038,0.012748,0.002812,0.009644,0.0,0.000201,0.003215,0.0,0.00075,1058.2039189787201,1200.7182830802924,13.46757099889725,5.945121934446725,140.73660286713636,17,14,3,0,82.35,17.65,0.0,0,0.0,100,0,0,0.0,0,0.0,True,True,True,UNKNOWN
p04,0.4,0.5,0.4789,42,33,15,"[1, 2, 3]",0.0604,0.038837,0.00197,0.029734,0.00691,0.000219,0.007433,0.003455,0.002589,1058.2039189787201,1241.8055947254209,17.350311452625874,31.572856868082482,207.44127098048605,15,9,4,2,60.0,26.67,13.33,0,0.0,100,0,2,4.5,0,0.0,False,True,False,UNKNOWN
p04,0.4,0.5,0.4362,153,33,9,"[1, 2, 3]",0.0525,0.031808,0.002764,0.028616,0.0,0.000461,0.009539,0.0,0.003534,1058.2039189787201,1101.8900366212767,4.128326956558466,13.628144841870999,102.53519805460654,9,6,3,0,66.67,33.33,0.0,0,0.0,100,0,0,0.0,0,0.0,True,True,True,UNKNOWN
p04,0.4,0.5,0.4757,264,33,8,"[1, 2, 3]",0.0268,0.007186,0.000646,0.006243,0.0,0.000162,0.001561,0.0,0.000898,1058.2039189787201,1111.1061696321024,4.999249171599984,17.403618240786763,100.5614238120541,8,4,4,0,50.0,50.0,0.0,0,0.0,100,0,0,0.0,0,0.0,True,True,True,UNKNOWN
p04,0.4,0.5,0.3501,375,33,15,"[1, 2, 3]",0.0381,0.013541,0.002721,0.010571,0.0,0.000227,0.003524,0.0,0.000903,1058.2039189787201,1173.2297735433415,10.869913870252303,9.279302555484392,127.1728932113402,15,12,3,0,80.0,20.0,0.0,0,0.0,100,0,0,0.0,0,0.0,True,True,True,UNKNOWN
p04,0.4,0.5,0.5551,486,33,7,"[1, 2, 3]",0.0229,0.002139,0.001829,0.0,0.0,0.000261,0.0,0.0,0.000306,1058.2039189787201,1088.702782233949,2.882134785955382,0.0,107.1061543264142,7,7,0,0,100.0,0.0,0.0,0,0.0,100,0,0,0.0,0,0.0,True,True,True,UNKNOWN
p04,0.4,0.75,0.6938,42,33,2,"[1, 2, 3]",0.0285,0.005499,0.0,0.005156,0.0,0.0,0.002578,0.0,0.00275,1058.2039189787201,1097.32174110328,3.696624197188067,20.01811155185503,96.82928412812039,2,0,2,0,0.0,100.0,0.0,0,0.0,100,0,0,0.0,0,0.0,True,True,True,UNKNOWN
p04,0.4,0.75,0.9248,153,33,0,"[1, 2, 3]",0.0251,0.000292,0.0,0.0,0.0,0.0,0.0,0.0,0.0,1058.2039189787201,1058.2039189787201,0.0,0.0,94.30735543594464,0,0,0,0,0.0,0.0,0.0,0,0.0,100,0,0,0.0,0,0.0,True,True,True,UNKNOWN
p04,0.4,0.75,0.5857,264,33,9,"[1, 2, 3]",0.0291,0.00287,0.001745,0.000857,0.0,0.000218,0.000857,0.0,0.000319,1058.2039189787201,1121.5074879612353,5.982171096437615,7.878404547356666,119.25736413994495,9,8,1,0,88.89,11.11,0.0,0,0.0,100,0,0,0.0,0,0.0,True,True,True,UNKNOWN
p04,0.4,0.75,0.6859,375,33,4,"[1, 2, 3]",0.0258,0.004061,0.000553,0.0,0.00323,0.000184,0.0,0.00323,0.001015,1058.2039189787201,1119.1526037921387,5.759635144069452,4.923410537860363,135.6630098350856,4,3,0,1,75.0,0.0,25.0,0,0.0,100,0,0,0.0,0,0.0,True,True,True,UNKNOWN
p04,0.4,0.75,0.793,486,33,2,"[1, 2, 3]",0.0226,0.00095,0.000681,0.0,0.0,0.000341,0.0,0.0,0.000475,1058.2039189787201,1077.6568480483963,1.8382968273686189,0.0,116.76028450562087,2,2,0,0,100.0,0.0,0.0,0,0.0,100,0,0,0.0,0,0.0,True,True,True,UNKNOWN
p05,0.05,0.25,0.3279,42,4,3,"[1, 2, 3]",0.0258,0.005077,0.005053,0.0,0.0,0.001684,0.0,0.0,0.001692,792.2603881729244,810.5228502415799,2.3051085654770125,0.0,151.02918837394006,3,3,0,0,100.0,0.0,0.0,0,0.0,100,0,0,0.0,0,0.0,True,True,True,UNKNOWN
p05,0.05,0.25,0.0858,153,4,4,"[1, 2, 3]",0.0198,0.002448,0.002448,0.0,0.0,0.000612,0.0,0.0,0.000612,792.2603881729244,826.0020081729964,4.258905342710039,0.0,151.8297537436072,4,4,0,0,100.0,0.0,0.0,0,0.0,100,0,0,0.0,0,0.0,True,True,True,UNKNOWN
p05,0.05,0.25,0.2317,264,4,3,"[1, 2, 3]",0.0254,0.000887,0.00087,0.0,0.0,0.00029,0.0,0.0,0.000296,792.2603881729244,817.2602816913644,3.1555147640403467,0.0,148.3046102002063,3,3,0,0,100.0,0.0,0.0,0,0.0,100,0,0,0.0,0,0.0,True,True,True,UNKNOWN
p05,0.05,0.25,0.2746,375,4,3,"[1, 2, 3]",0.0377,0.016463,0.002972,0.013472,0.0,0.001486,0.013472,0.0,0.005488,792.2603881729244,808.0144203359955,1.9884917128574777,1.947357718968334,151.02918837394006,3,2,1,0,66.67,33.33,0.0,0,0.0,100,0,0,0.0,0,0.0,True,True,True,UNKNOWN
p05,0.05,0.25,0.3517,486,4,2,"[1, 2, 3]",0.0234,0.001146,0.001122,0.0,0.0,0.000561,0.0,0.0,0.000573,792.2603881729244,805.8288546384484,1.712627144822298,0.0,148.3046102002063,2,2,0,0,100.0,0.0,0.0,0,0.0,100,0,0,0.0,0,0.0,True,True,True,UNKNOWN
p05,0.05,0.5,0.7058,42,4,3,"[1, 2, 3]",0.0224,0.003737,0.000671,0.003053,0.0,0.000335,0.003053,0.0,0.001246,792.2603881729244,810.9076598756332,2.3536796716180954,0.0,161.65806847233537,3,2,1,0,66.67,33.33,0.0,0,0.0,100,0,0,0.0,0,0.0,True,True,True,UNKNOWN
p05,0.05,0.5,0.1725,153,4,4,"[1, 2, 3]",0.0241,0.002101,0.002101,0.0,0.0,0.000525,0.0,0.0,0.000525,792.2603881729244,834.3267568767587,5.3096645158349896,0.0,148.3046102002063,4,4,0,0,100.0,0.0,0.0,0,0.0,100,0,0,0.0,0,0.0,True,True,True,UNKNOWN
p05,0.05,0.5,0.6492,264,4,0,"[1, 2, 3]",0.0193,4.5e-05,0.0,0.0,0.0,0.0,0.0,0.0,0.0,792.2603881729244,792.2603881729244,0.0,0.0,148.3046102002063,0,0,0,0,0.0,0.0,0.0,0,0.0,100,0,0,0.0,0,0.0,True,True,True,UNKNOWN
p05,0.05,0.5,0.3867,375,4,2,"[1, 2, 3]",0.0217,0.002829,0.002805,0.0,0.0,0.001403,0.0,0.0,0.001415,792.2603881729244,794.9849663466582,0.34389933087745184,0.0,151.02918837394006,2,2,0,0,100.0,0.0,0.0,0,0.0,100,0,0,0.0,0,0.0,True,True,True,UNKNOWN
p05,0.05,0.5,0.5725,486,4,1,"[1, 2, 3]",0.0234,0.000284,0.000243,0.0,0.0,0.000243,0.0,0.0,0.000284,792.2603881729244,794.561478258332,0.29044618660214655,7.547357718968314,148.3046102002063,1,1,0,0,100.0,0.0,0.0,0,0.0,100,0,0,0.0,0,0.0,True,True,True,UNKNOWN
p05,0.05,0.75,0.934,42,4,0,"[1, 2, 3]",0.0225,3.5e-05,0.0,0.0,0.0,0.0,0.0,0.0,0.0,792.2603881729244,792.2603881729244,0.0,0.0,148.3046102002063,0,0,0,0,0.0,0.0,0.0,0,0.0,100,0,0,0.0,0,0.0,True,True,True,UNKNOWN
p05,0.05,0.75,0.6142,153,4,2,"[1, 2, 3]",0.0242,0.001069,0.001052,0.0,0.0,0.000526,0.0,0.0,0.000534,792.2603881729244,819.8771783208421,3.485822408918645,4.93095633655102,148.3046102002063,2,2,0,0,100.0,0.0,0.0,0,0.0,100,0,0,0.0,0,0.0,True,True,True,UNKNOWN
p05,0.05,0.75,0.9725,264,4,0,"[1, 2, 3]",0.0225,3.5e-05,0.0,0.0,0.0,0.0,0.0,0.0,0.0,792.2603881729244,792.2603881729244,0.0,0.0,148.3046102002063,0,0,0,0,0.0,0.0,0.0,0,0.0,100,0,0,0.0,0,0.0,True,True,True,UNKNOWN
p05,0.05,0.75,0.6983,375,4,2,"[1, 2, 3]",0.024,0.001985,0.001968,0.0,0.0,0.000984,0.0,0.0,0.000992,792.2603881729244,794.9849663466582,0.34389933087745184,0.0,151.02918837394006,2,2,0,0,100.0,0.0,0.0,0,0.0,100,0,0,0.0,0,0.0,True,True,True,UNKNOWN
p05,0.05,0.75,0.82,486,4,0,"[1, 2, 3]",0.0223,4.4e-05,0.0,0.0,0.0,0.0,0.0,0.0,0.0,792.2603881729244,792.2603881729244,0.0,0.0,148.3046102002063,0,0,0,0,0.0,0.0,0.0,0,0.0,100,0,0,0.0,0,0.0,True,True,True,UNKNOWN
p05,0.1,0.25,0.279,42,9,7,"[1, 2, 3]",0.0284,0.009354,0.009322,0.0,0.0,0.001332,0.0,0.0,0.001336,792.2603881729244,821.0511185924181,3.6339984744017793,0.0,153.76689080190184,7,7,0,0,100.0,0.0,0.0,0,0.0,100,0,0,0.0,0,0.0,True,True,True,UNKNOWN
p05,0.1,0.25,0.1982,153,9,4,"[1, 2, 3]",0.0206,0.002582,0.002518,0.0,0.0,0.000629,0.0,0.0,0.000646,792.2603881729244,826.0020081729964,4.258905342710039,0.0,151.8297537436072,4,4,0,0,100.0,0.0,0.0,0,0.0,100,0,0,0.0,0,0.0,True,True,True,UNKNOWN
p05,0.1,0.25,0.2392,264,9,8,"[1, 2, 3]",0.0261,0.003031,0.003001,0.0,0.0,0.000375,0.0,0.0,0.000379,792.2603881729244,839.7297245181467,5.991633186999783,4.244343866257182,148.3046102002063,8,8,0,0,100.0,0.0,0.0,0,0.0,100,0,0,0.0,0,0.0,True,True,True,UNKNOWN
p05,0.1,0.25,0.1841,375,9,8,"[1, 2, 3]",0.0429,0.020869,0.008889,0.011967,0.0,0.00127,0.011967,0.0,0.002609,792.2603881729244,836.3639514943683,5.566801518772575,1.947357718968334,151.02918837394006,8,7,1,0,87.5,12.5,0.0,0,0.0,100,0,0,0.0,0,0.0,True,True,True,UNKNOWN
p05,0.1,0.25,0.3998,486,9,5,"[1, 2, 3]",0.0226,0.002612,0.002567,0.0,0.0,0.000513,0.0,0.0,0.000522,792.2603881729244,815.4102718405752,2.922004433547159,9.556625379057209,151.02918837394006,5,5,0,0,100.0,0.0,0.0,0,0.0,100,0,0,0.0,0,0.0,True,True,True,UNKNOWN
p05,0.1,0.5,0.6755,42,9,8,"[1, 2, 3]",0.0282,0.005504,0.002173,0.00332,0.0,0.00031,0.00332,0.0,0.000688,792.2603881729244,855.1889001552887,7.942907776506057,17.638954049581827,179.06871309659041,8,7,1,0,87.5,12.5,0.0,0,0.0,100,0,0,0.0,0,0.0,True,True,True,UNKNOWN
p05,0.1,0.5,0.328,153,9,7,"[1, 2, 3]",0.0241,0.002772,0.002739,0.0,0.0,0.000391,0.0,0.0,0.000396,792.2603881729244,856.1660261692736,8.066241724355987,0.0,161.43123240183292,7,7,0,0,100.0,0.0,0.0,0,0.0,100,0,0,0.0,0,0.0,True,True,True,UNKNOWN
p05,0.1,0.5,0.5656,264,9,0,"[1, 2, 3]",0.0223,8.9e-05,0.0,0.0,0.0,0.0,0.0,0.0,0.0,792.2603881729244,792.2603881729244,0.0,0.0,148.3046102002063,0,0,0,0,0.0,0.0,0.0,0,0.0,100,0,0,0.0,0,0.0,True,True,True,UNKNOWN
p05,0.1,0.5,0.4214,375,9,5,"[1, 2, 3]",0.0231,0.003513,0.003467,0.0,0.0,0.000693,0.0,0.0,0.000703,792.2603881729244,805.9758102521062,1.731176048169167,2.9483678457449827,151.02918837394006,5,5,0,0,100.0,0.0,0.0,0,0.0,100,0,0,0.0,0,0.0,True,True,True,UNKNOWN
p05,0.1,0.5,0.6716,486,9,2,"[1, 2, 3]",0.0185,0.000676,0.0006,0.0,0.0,0.0003,0.0,0.0,0.000338,792.2603881729244,807.9149365304611,1.9759347546882269,7.547357718968314,161.65806847233537,2,2,0,0,100.0,0.0,0.0,0,0.0,100,0,0,0.0,0,0.0,True,True,True,UNKNOWN
p05,0.1,0.75,0.9602,42,9,1,"[1, 2, 3]",0.0171,0.000323,0.000232,0.0,0.0,0.000232,0.0,0.0,0.000323,792.2603881729244,794.9980906008863,0.34555588905251244,8.793580679114939,159.835893307283,1,1,0,0,100.0,0.0,0.0,0,0.0,100,0,0,0.0,0,0.0,True,True,True,UNKNOWN
p05,0.1,0.75,0.7453,153,9,3,"[1, 2, 3]",0.0183,0.001457,0.001397,0.0,0.0,0.000466,0.0,0.0,0.000486,792.2603881729244,830.6500233714426,4.845583064811634,4.93095633655102,159.07745525080685,3,3,0,0,100.0,0.0,0.0,0,0.0,100,0,0,0.0,0,0.0,True,True,True,UNKNOWN
p05,0.1,0.75,0.8003,264,9,0,"[1, 2, 3]",0.0177,0.000132,0.0,0.0,0.0,0.0,0.0,0.0,0.0,792.2603881729244,792.2603881729244,0.0,0.0,148.3046102002063,0,0,0,0,0.0,0.0,0.0,0,0.0,100,0,0,0.0,0,0.0,True,True,True,UNKNOWN
p05,0.1,0.75,0.6081,375,9,5,"[1, 2, 3]",0.0196,0.003479,0.003407,0.0,0.0,0.000681,0.0,0.0,0.000696,792.2603881729244,809.1920055633428,2.137127848770194,0.0,151.02918837394006,5,5,0,0,100.0,0.0,0.0,0,0.0,100,0,0,0.0,0,0.0,True,True,True,UNKNOWN
p05,0.1,0.75,0.7797,486,9,1,"[1, 2, 3]",0.0155,0.000484,0.000397,0.0,0.0,0.000397,0.0,0.0,0.000484,792.2603881729244,805.6138464450535,1.6854885680860805,0.0,161.65806847233537,1,1,0,0,100.0,0.0,0.0,0,0.0,100,0,0,0.0,0,0.0,True,True,True,UNKNOWN
p05,0.2,0.25,0.3144,42,18,15,"[1, 2, 3]",0.0608,0.042889,0.022216,0.020591,0.0,0.001587,0.020591,0.0,0.002859,792.2603881729244,871.8832828311218,10.050091591960086,18.694259965086182,163.85589088217083,15,14,1,0,93.33,6.67,0.0,0,0.0,100,0,0,0.0,0,0.0,True,True,True,UNKNOWN
p05,0.2,0.25,0.3889,153,18,6,"[1, 2, 3]",0.0245,0.003877,0.003707,0.0,0.0,0.000618,0.0,0.0,0.000646,792.2603881729244,832.0230749288949,5.018891181429551,0.0,151.8297537436072,6,6,0,0,100.0,0.0,0.0,0,0.0,100,0,0,0.0,0,0.0,True,True,True,UNKNOWN
p05,0.2,0.25,0.2467,264,18,11,"[1, 2, 3]",0.0236,0.005904,0.005786,0.0,0.0,0.000526,0.0,0.0,0.000537,792.2603881729244,863.9451722216667,9.048134315292286,4.244343866257182,148.3046102002063,11,11,0,0,100.0,0.0,0.0,0,0.0,100,0,0,0.0,0,0.0,True,True,True,UNKNOWN
p05,0.2,0.25,0.1695,375,18,16,"[1, 2, 3]",0.0571,0.035536,0.020881,0.014615,0.0,0.001392,0.014615,0.0,0.002221,792.2603881729244,867.4100135600578,9.485470497955866,7.487066093499035,151.02918837394006,16,15,1,0,93.75,6.25,0.0,0,0.0,100,0,0,0.0,0,0.0,True,True,True,UNKNOWN
p05,0.2,0.25,0.3461,486,18,13,"[1, 2, 3]",0.0391,0.018619,0.012537,0.006006,0.0,0.001045,0.006006,0.0,0.001432,792.2603881729244,860.685078344274,8.636641588145977,30.717393041080825,163.23414536010452,13,12,1,0,92.31,7.69,0.0,0,0.0,100,0,0,0.0,0,0.0,True,True,True,UNKNOWN
p05,0.2,0.5,0.6768,42,18,9,"[1, 2, 3]",0.03,0.00637,0.006232,0.0,0.0,0.000692,0.0,0.0,0.000708,792.2603881729244,877.4285307652228,10.750019042187555,17.638954049581827,179.06871309659041,9,9,0,0,100.0,0.0,0.0,0,0.0,100,0,0,0.0,0,0.0,True,True,True,UNKNOWN
p05,0.2,0.5,0.5269,153,18,8,"[1, 2, 3]",0.0222,0.003028,0.002917,0.0,0.0,0.000365,0.0,0.0,0.000379,792.2603881729244,866.68924508938,9.394494288437182,0.0,171.95445132193942,8,8,0,0,100.0,0.0,0.0,0,0.0,100,0,0,0.0,0,0.0,True,True,True,UNKNOWN
p05,0.2,0.5,0.4819,264,18,3,"[1, 2, 3]",0.0235,0.002945,0.002738,0.0,0.0,0.000913,0.0,0.0,0.000982,792.2603881729244,806.467427389609,1.7932285178927425,0.0,148.3046102002063,3,3,0,0,100.0,0.0,0.0,0,0.0,100,0,0,0.0,0,0.0,True,True,True,UNKNOWN
p05,0.2,0.5,0.4881,375,18,12,"[1, 2, 3]",0.031,0.008827,0.007409,0.001346,0.0,0.000674,0.001346,0.0,0.000736,792.2603881729244,837.6120896164856,5.724342920658857,6.135430202592332,151.0928470373787,12,11,1,0,91.67,8.33,0.0,0,0.0,100,0,0,0.0,0,0.0,True,True,True,UNKNOWN
p05,0.2,0.5,0.6545,486,18,7,"[1, 2, 3]",0.03,0.005599,0.005483,0.0,0.0,0.000783,0.0,0.0,0.0008,792.2603881729244,825.5599954733669,4.203114001097112,7.547357718968314,173.61044578996865,7,7,0,0,100.0,0.0,0.0,0,0.0,100,0,0,0.0,0,0.0,True,True,True,UNKNOWN
p05,0.2,0.75,0.9758,42,18,1,"[1, 2, 3]",0.0236,0.00032,0.000196,0.0,0.0,0.000196,0.0,0.0,0.00032,792.2603881729244,794.9980906008863,0.34555588905251244,8.793580679114939,159.835893307283,1,1,0,0,100.0,0.0,0.0,0,0.0,100,0,0,0.0,0,0.0,True,True,True,UNKNOWN
p05,0.2,0.75,0.8689,153,18,3,"[1, 2, 3]",0.0253,0.001217,0.001103,0.0,0.0,0.000368,0.0,0.0,0.000406,792.2603881729244,830.6500233714426,4.845583064811634,4.93095633655102,159.07745525080685,3,3,0,0,100.0,0.0,0.0,0,0.0,100,0,0,0.0,0,0.0,True,True,True,UNKNOWN
p05,0.2,0.75,0.6281,264,18,3,"[1, 2, 3]",0.0239,0.001336,0.001179,0.0,0.0,0.000393,0.0,0.0,0.000445,792.2603881729244,806.467427389609,1.7932285178927425,0.0,148.3046102002063,3,3,0,0,100.0,0.0,0.0,0,0.0,100,0,0,0.0,0,0.0,True,True,True,UNKNOWN
p05,0.2,0.75,0.6133,375,18,6,"[1, 2, 3]",0.024,0.003176,0.003068,0.0,0.0,0.000511,0.0,0.0,0.000529,792.2603881729244,810.8549775948009,2.3470300546968463,0.0,151.02918837394006,6,6,0,0,100.0,0.0,0.0,0,0.0,100,0,0,0.0,0,0.0,True,True,True,UNKNOWN
p05,0.2,0.75,0.7216,486,18,6,"[1, 2, 3]",0.0263,0.00634,0.006238,0.0,0.0,0.00104,0.0,0.0,0.001057,792.2603881729244,835.9032742431616,5.508654316402775,0.0,194.94749627044345,6,6,0,0,100.0,0.0,0.0,0,0.0,100,0,0,0.0,0,0.0,True,True,True,UNKNOWN
p05,0.4,0.25,0.2457,42,36,27,"[1, 2, 3]",0.0751,0.052247,0.031648,0.020453,0.0,0.001266,0.010226,0.0,0.001935,792.2603881729244,875.7081589997678,10.532871777079107,24.9484405259187,159.1775665624694,27,25,2,0,92.59,7.41,0.0,0,0.0,100,0,0,0.0,0,0.0,True,True,True,UNKNOWN
p05,0.4,0.25,0.2908,153,36,22,"[1, 2, 3]",0.0402,0.019552,0.019386,0.0,0.0,0.000881,0.0,0.0,0.000889,792.2603881729244,886.5090638333827,11.8961741704404,7.237577282834209,151.8297537436072,22,22,0,0,100.0,0.0,0.0,0,0.0,100,0,0,0.0,0,0.0,True,True,True,UNKNOWN
p05,0.4,0.25,0.2025,264,36,26,"[1, 2, 3]",0.0641,0.040753,0.040612,0.0,0.0,0.001562,0.0,0.0,0.001567,792.2603881729244,943.0367341432282,19.031160489800257,4.244343866257182,207.83293783215777,26,26,0,0,100.0,0.0,0.0,0,0.0,100,0,0,0.0,0,0.0,True,True,True,UNKNOWN
p05,0.4,0.25,0.2216,375,36,28,"[1, 2, 3]",0.0648,0.04254,0.0292,0.013225,0.0,0.001081,0.013225,0.0,0.001519,792.2603881729244,930.3524161528292,17.43013156297848,22.324643376333245,151.02918837394006,28,27,1,0,96.43,3.57,0.0,0,0.0,100,0,0,0.0,0,0.0,True,True,True,UNKNOWN
p05,0.4,0.25,0.2569,486,36,26,"[1, 2, 3]",0.0502,0.028861,0.028706,0.0,0.0,0.001104,0.0,0.0,0.00111,792.2603881729244,923.5472608879818,16.5711771880739,6.470100755595098,163.23414536010452,26,26,0,0,100.0,0.0,0.0,0,0.0,100,0,0,0.0,0,0.0,True,True,True,UNKNOWN
p05,0.4,0.5,0.5073,42,36,25,"[1, 2, 3]",0.0451,0.022318,0.015443,0.006751,0.0,0.000643,0.006751,0.0,0.000893,792.2603881729244,955.0430958681864,20.54661701194782,11.154703249965323,201.54497460402115,25,24,1,0,96.0,4.0,0.0,0,0.0,100,0,0,0.0,0,0.0,True,True,True,UNKNOWN
p05,0.4,0.5,0.4184,153,36,19,"[1, 2, 3]",0.0405,0.018338,0.018141,0.0,0.0,0.000955,0.0,0.0,0.000965,792.2603881729244,964.9565518918253,21.797904615320352,0.0,209.2759256244686,19,19,0,0,100.0,0.0,0.0,0,0.0,100,0,0,0.0,0,0.0,True,True,True,UNKNOWN
p05,0.4,0.5,0.4569,264,36,13,"[1, 2, 3]",0.0477,0.02512,0.012416,0.0,0.012448,0.001035,0.0,0.012448,0.001932,792.2603881729244,865.8303531632127,9.286083980539795,9.37725135844795,173.89767452272588,13,12,0,1,92.31,0.0,7.69,0,0.0,100,0,0,0.0,0,0.0,True,True,True,UNKNOWN
p05,0.4,0.5,0.3661,375,36,24,"[1, 2, 3]",0.0537,0.029353,0.020865,0.008236,0.0,0.000907,0.008236,0.0,0.001223,792.2603881729244,993.4296817403006,25.391815187340587,2.9483678457449827,193.1571220603967,24,23,1,0,95.83,4.17,0.0,0,0.0,100,0,0,0.0,0,0.0,True,True,True,UNKNOWN
p05,0.4,0.5,0.556,486,36,19,"[1, 2, 3]",0.0873,0.06741,0.013235,0.05397,0.0,0.000779,0.026985,0.0,0.003548,792.2603881729244,880.3690577808356,11.121175679514094,25.258782732985985,173.61044578996865,19,17,2,0,89.47,10.53,0.0,0,0.0,100,0,0,0.0,0,0.0,True,True,True,UNKNOWN
p05,0.4,0.75,0.7558,42,36,7,"[1, 2, 3]",0.0355,0.012792,0.002618,0.009895,0.0,0.000436,0.009895,0.0,0.001827,792.2603881729244,825.1737186074071,4.154357699289485,8.793580679114939,159.835893307283,7,6,1,0,85.71,14.29,0.0,0,0.0,100,0,0,0.0,0,0.0,True,True,True,UNKNOWN
p05,0.4,0.75,0.9303,153,36,3,"[1, 2, 3]",0.0239,0.001473,0.001206,0.0,0.0,0.000402,0.0,0.0,0.000491,792.2603881729244,830.6500233714426,4.845583064811634,4.93095633655102,159.07745525080685,3,3,0,0,100.0,0.0,0.0,0,0.0,100,0,0,0.0,0,0.0,True,True,True,UNKNOWN
p05,0.4,0.75,0.6052,264,36,10,"[1, 2, 3]",0.0293,0.008403,0.008164,0.0,0.0,0.000816,0.0,0.0,0.00084,792.2603881729244,850.6187381899467,7.366056777318594,18.341940966100424,167.78257010849944,10,10,0,0,100.0,0.0,0.0,0,0.0,100,0,0,0.0,0,0.0,True,True,True,UNKNOWN
p05,0.4,0.75,0.7078,375,36,8,"[1, 2, 3]",0.0247,0.004417,0.004181,0.0,0.0,0.000523,0.0,0.0,0.000552,792.2603881729244,818.0227727485428,3.251757245497337,5.454180560832512,151.02918837394006,8,8,0,0,100.0,0.0,0.0,0,0.0,100,0,0,0.0,0,0.0,True,True,True,UNKNOWN
p05,0.4,0.75,0.7806,486,36,9,"[1, 2, 3]",0.0332,0.010414,0.006445,0.000422,0.003322,0.000921,0.000422,0.003322,0.001157,792.2603881729244,849.5719805903792,7.233933852180119,16.325158567156763,199.50151388863742,9,7,1,1,77.78,11.11,11.11,0,0.0,100,0,0,0.0,0,0.0,True,True,True,UNKNOWN
p06,0.05,0.25,0.3279,42,4,3,"[1, 2, 3]",0.0246,0.000985,0.000459,0.000509,0.0,0.00023,0.000509,0.0,0.000328,908.2405622526304,923.0079329439751,1.6259316424624841,13.240322790411554,91.54524107105563,3,2,1,0,66.67,33.33,0.0,0,0.0,100,0,0,0.0,0,0.0,True,True,True,UNKNOWN
p06,0.05,0.25,0.0762,153,4,4,"[1, 2, 3]",0.0397,0.016693,0.001374,0.0,0.015318,0.000458,0.0,0.015318,0.004173,908.2405622526304,934.8996178516841,2.935241686732589,6.0,93.42995574674134,4,3,0,1,75.0,0.0,25.0,0,0.0,100,0,0,0.0,0,0.0,True,True,True,UNKNOWN
p06,0.05,0.25,0.2317,264,4,4,"[1, 2, 3]",0.0243,0.002284,0.000639,0.001645,0.0,0.000213,0.001645,0.0,0.000571,908.2405622526304,950.4642295266984,4.6489519438929605,0.0,86.95628686832652,4,3,1,0,75.0,25.0,0.0,0,0.0,100,0,0,0.0,0,0.0,True,True,True,UNKNOWN
p06,0.05,0.25,0.2792,375,4,1,"[1, 2, 3]",0.0229,0.000362,0.000319,0.0,0.0,0.000319,0.0,0.0,0.000362,908.2405622526304,909.2004016947043,0.10568119086129173,8.257864376269048,86.95628686832652,1,1,0,0,100.0,0.0,0.0,0,0.0,100,0,0,0.0,0,0.0,True,True,True,UNKNOWN
p06,0.05,0.25,0.3517,486,4,2,"[1, 2, 3]",0.0284,0.008641,0.0,0.008618,0.0,0.0,0.004309,0.0,0.004321,908.2405622526304,932.7522587806418,2.698811036056036,0.0,86.95628686832652,2,0,2,0,0.0,100.0,0.0,0,0.0,100,0,0,0.0,0,0.0,True,True,True,UNKNOWN
p06,0.05,0.5,0.7058,42,4,0,"[1, 2, 3]",0.022,4.3e-05,0.0,0.0,0.0,0.0,0.0,0.0,0.0,908.2405622526304,908.2405622526304,0.0,0.0,86.95628686832652,0,0,0,0,0.0,0.0,0.0,0,0.0,100,0,0,0.0,0,0.0,True,True,True,UNKNOWN
p06,0.05,0.5,0.1446,153,4,4,"[1, 2, 3]",0.0304,0.008511,0.000843,0.007668,0.0,0.000422,0.003834,0.0,0.002128,908.2405622526304,955.0679135145422,5.155831308147032,40.5509690068058,109.84560236373808,4,2,2,0,50.0,50.0,0.0,0,0.0,100,0,0,0.0,0,0.0,True,True,True,UNKNOWN
p06,0.05,0.5,0.6492,264,4,0,"[1, 2, 3]",0.0218,4.5e-05,0.0,0.0,0.0,0.0,0.0,0.0,0.0,908.2405622526304,908.2405622526304,0.0,0.0,86.95628686832652,0,0,0,0,0.0,0.0,0.0,0,0.0,100,0,0,0.0,0,0.0,True,True,True,UNKNOWN
p06,0.05,0.5,0.4179,375,4,0,"[1, 2, 3]",0.0203,5.3e-05,0.0,0.0,0.0,0.0,0.0,0.0,0.0,908.2405622526304,908.2405622526304,0.0,0.0,86.95628686832652,0,0,0,0,0.0,0.0,0.0,0,0.0,100,0,0,0.0,0,0.0,True,True,True,UNKNOWN
p06,0.05,0.5,0.5725,486,4,2,"[1, 2, 3]",0.0257,0.005321,0.0,0.000962,0.004336,0.0,0.000962,0.004336,0.002661,908.2405622526304,987.7985363739043,8.759570693908797,23.188513177045266,123.17694109551906,2,0,1,1,0.0,50.0,50.0,0,0.0,100,0,1,12.0,0,0.0,False,True,False,UNKNOWN
p06,0.05,0.75,0.934,42,4,0,"[1, 2, 3]",0.0199,0.000102,0.0,0.0,0.0,0.0,0.0,0.0,0.0,908.2405622526304,908.2405622526304,0.0,0.0,86.95628686832652,0,0,0,0,0.0,0.0,0.0,0,0.0,100,0,0,0.0,0,0.0,True,True,True,UNKNOWN
p06,0.05,0.75,0.7758,153,4,0,"[1, 2, 3]",0.0217,5.7e-05,0.0,0.0,0.0,0.0,0.0,0.0,0.0,908.2405622526304,908.2405622526304,0.0,0.0,86.95628686832652,0,0,0,0,0.0,0.0,0.0,0,0.0,100,0,0,0.0,0,0.0,True,True,True,UNKNOWN
p06,0.05,0.75,0.9725,264,4,0,"[1, 2, 3]",0.0224,5.2e-05,0.0,0.0,0.0,0.0,0.0,0.0,0.0,908.2405622526304,908.2405622526304,0.0,0.0,86.95628686832652,0,0,0,0,0.0,0.0,0.0,0,0.0,100,0,0,0.0,0,0.0,True,True,True,UNKNOWN
p06,0.05,0.75,0.72,375,4,0,"[1, 2, 3]",0.0207,5.1e-05,0.0,0.0,0.0,0.0,0.0,0.0,0.0,908.2405622526304,908.2405622526304,0.0,0.0,86.95628686832652,0,0,0,0,0.0,0.0,0.0,0,0.0,100,0,0,0.0,0,0.0,True,True,True,UNKNOWN
p06,0.05,0.75,0.82,486,4,0,"[1, 2, 3]",0.0189,4.1e-05,0.0,0.0,0.0,0.0,0.0,0.0,0.0,908.2405622526304,908.2405622526304,0.0,0.0,86.95628686832652,0,0,0,0,0.0,0.0,0.0,0,0.0,100,0,0,0.0,0,0.0,True,True,True,UNKNOWN
p06,0.1,0.25,0.2994,42,8,5,"[1, 2, 3]",0.0217,0.001997,0.000784,0.001157,0.0,0.000261,0.000579,0.0,0.000399,908.2405622526304,939.8443768716668,3.479674431259948,26.898187166680604,91.54524107105563,5,3,2,0,60.0,40.0,0.0,0,0.0,100,0,0,0.0,0,0.0,True,True,True,UNKNOWN
p06,0.1,0.25,0.0768,153,8,6,"[1, 2, 3]",0.0374,0.016855,0.002006,0.0,0.014812,0.000401,0.0,0.014812,0.002809,908.2405622526304,945.1134270198808,4.059812598085003,6.0,93.42995574674134,6,5,0,1,83.33,0.0,16.67,0,0.0,100,0,0,0.0,0,0.0,True,True,True,UNKNOWN
p06,0.1,0.25,0.2345,264,8,6,"[1, 2, 3]",0.0229,0.002624,0.000956,0.001639,0.0,0.000191,0.001639,0.0,0.000437,908.2405622526304,964.5238558044239,6.196958811462778,0.5786137682979486,86.95628686832652,6,5,1,0,83.33,16.67,0.0,0,0.0,100,0,0,0.0,0,0.0,True,True,True,UNKNOWN
p06,0.1,0.25,0.1954,375,8,2,"[1, 2, 3]",0.0298,0.007564,0.000331,0.0,0.007108,0.000331,0.0,0.007108,0.003782,908.2405622526304,944.5914864444331,4.0023453810127885,8.80385929876941,88.73339588002709,2,1,0,1,50.0,0.0,50.0,0,0.0,100,0,1,5.0,0,0.0,False,True,False,UNKNOWN
p06,0.1,0.25,0.395,486,8,3,"[1, 2, 3]",0.0353,0.012158,0.0,0.008631,0.003454,0.0,0.004316,0.003454,0.004053,908.2405622526304,979.0866307557914,7.800363851560162,0.0,129.37152820740553,3,0,2,1,0.0,66.67,33.33,0,0.0,100,0,0,0.0,0,0.0,True,True,True,UNKNOWN
p06,0.1,0.5,0.6631,42,8,1,"[1, 2, 3]",0.0222,0.000267,0.000195,0.0,0.0,0.000195,0.0,0.0,0.000267,908.2405622526304,921.8679972599737,1.5004213171832255,0.0,100.58372187566982,1,1,0,0,100.0,0.0,0.0,0,0.0,100,0,0,0.0,0,0.0,True,True,True,UNKNOWN
p06,0.1,0.5,0.3404,153,8,6,"[1, 2, 3]",0.0304,0.009527,0.001004,0.0085,0.0,0.000335,0.002833,0.0,0.001588,908.2405622526304,973.3986815970641,7.174103651881349,40.5509690068058,109.84560236373808,6,3,3,0,50.0,50.0,0.0,0,0.0,100,0,0,0.0,0,0.0,True,True,True,UNKNOWN
p06,0.1,0.5,0.6178,264,8,0,"[1, 2, 3]",0.0196,7.9e-05,0.0,0.0,0.0,0.0,0.0,0.0,0.0,908.2405622526304,908.2405622526304,0.0,0.0,86.95628686832652,0,0,0,0,0.0,0.0,0.0,0,0.0,100,0,0,0.0,0,0.0,True,True,True,UNKNOWN
p06,0.1,0.5,0.3642,375,8,1,"[1, 2, 3]",0.0254,0.003467,0.0,0.003378,0.0,0.0,0.003378,0.0,0.003467,908.2405622526304,921.7737175034903,1.4900408342581342,21.200000000000003,87.40542735358231,1,0,1,0,0.0,100.0,0.0,0,0.0,100,0,0,0.0,0,0.0,True,True,True,UNKNOWN
p06,0.1,0.5,0.6617,486,8,2,"[1, 2, 3]",0.0247,0.004814,0.0,0.000887,0.00387,0.0,0.000887,0.00387,0.002407,908.2405622526304,987.7985363739043,8.759570693908797,23.188513177045266,123.17694109551906,2,0,1,1,0.0,50.0,50.0,0,0.0,100,0,1,12.0,0,0.0,False,True,False,UNKNOWN
p06,0.1,0.75,0.957,42,8,0,"[1, 2, 3]",0.0211,7.2e-05,0.0,0.0,0.0,0.0,0.0,0.0,0.0,908.2405622526304,908.2405622526304,0.0,0.0,86.95628686832652,0,0,0,0,0.0,0.0,0.0,0,0.0,100,0,0,0.0,0,0.0,True,True,True,UNKNOWN
p06,0.1,0.75,0.8294,153,8,0,"[1, 2, 3]",0.0221,8.7e-05,0.0,0.0,0.0,0.0,0.0,0.0,0.0,908.2405622526304,908.2405622526304,0.0,0.0,86.95628686832652,0,0,0,0,0.0,0.0,0.0,0,0.0,100,0,0,0.0,0,0.0,True,True,True,UNKNOWN
p06,0.1,0.75,0.9079,264,8,0,"[1, 2, 3]",0.0229,7.5e-05,0.0,0.0,0.0,0.0,0.0,0.0,0.0,908.2405622526304,908.2405622526304,0.0,0.0,86.95628686832652,0,0,0,0,0.0,0.0,0.0,0,0.0,100,0,0,0.0,0,0.0,True,True,True,UNKNOWN
p06,0.1,0.75,0.6279,375,8,0,"[1, 2, 3]",0.0197,8.5e-05,0.0,0.0,0.0,0.0,0.0,0.0,0.0,908.2405622526304,908.2405622526304,0.0,0.0,86.95628686832652,0,0,0,0,0.0,0.0,0.0,0,0.0,100,0,0,0.0,0,0.0,True,True,True,UNKNOWN
p06,0.1,0.75,0.7837,486,8,0,"[1, 2, 3]",0.0235,0.000104,0.0,0.0,0.0,0.0,0.0,0.0,0.0,908.2405622526304,908.2405622526304,0.0,0.0,86.95628686832652,0,0,0,0,0.0,0.0,0.0,0,0.0,100,0,0,0.0,0,0.0,True,True,True,UNKNOWN
p06,0.2,0.25,0.3187,42,16,7,"[1, 2, 3]",0.0231,0.002362,0.001154,0.001085,0.0,0.000231,0.000543,0.0,0.000337,908.2405622526304,956.2053873053158,5.281070571625026,26.898187166680604,103.31729730197554,7,5,2,0,71.43,28.57,0.0,0,0.0,100,0,0,0.0,0,0.0,True,True,True,UNKNOWN
p06,0.2,0.25,0.0934,153,16,11,"[1, 2, 3]",0.0509,0.027801,0.00293,0.004393,0.020384,0.000366,0.004393,0.010192,0.002527,908.2405622526304,1003.726634933955,10.513301943319812,10.774672593011346,96.1016292996948,11,8,1,2,72.73,9.09,18.18,0,0.0,100,0,1,5.0,0,0.0,False,True,False,UNKNOWN
p06,0.2,0.25,0.2443,264,16,8,"[1, 2, 3]",0.03,0.006771,0.001376,0.005225,0.0,0.000229,0.002613,0.0,0.000846,908.2405622526304,976.9166959281995,7.5614475426243475,0.5786137682979486,86.95628686832652,8,6,2,0,75.0,25.0,0.0,0,0.0,100,0,0,0.0,0,0.0,True,True,True,UNKNOWN
p06,0.2,0.25,0.2236,375,16,8,"[1, 2, 3]",0.0383,0.013098,0.001251,0.005533,0.00617,0.00025,0.002767,0.00617,0.001637,908.2405622526304,980.9048369786408,8.000553790042968,13.832536969280397,96.30162929969481,8,5,2,1,62.5,25.0,12.5,0,0.0,100,0,1,5.0,0,0.0,False,True,False,UNKNOWN
p06,0.2,0.25,0.3629,486,16,7,"[1, 2, 3]",0.0383,0.019792,0.000351,0.01147,0.007853,0.000175,0.003823,0.003926,0.002827,908.2405622526304,1015.3277904748952,11.790623836119543,14.181528002651902,145.94030959037616,7,2,3,2,28.57,42.86,28.57,0,0.0,100,0,1,9.0,0,0.0,False,True,False,UNKNOWN
p06,0.2,0.5,0.6646,42,16,2,"[1, 2, 3]",0.0297,0.008685,0.000241,0.008313,0.0,0.000241,0.008313,0.0,0.004342,908.2405622526304,934.151582767723,2.852880788634643,0.0,129.66407798808896,2,1,1,0,50.0,50.0,0.0,0,0.0,100,0,0,0.0,0,0.0,True,True,True,UNKNOWN
p06,0.2,0.5,0.5487,153,16,6,"[1, 2, 3]",0.0311,0.00927,0.000992,0.008173,0.0,0.000331,0.002724,0.0,0.001545,908.2405622526304,973.3986815970641,7.174103651881349,40.5509690068058,109.84560236373808,6,3,3,0,50.0,50.0,0.0,0,0.0,100,0,0,0.0,0,0.0,True,True,True,UNKNOWN
p06,0.2,0.5,0.5081,264,16,2,"[1, 2, 3]",0.0253,0.003924,0.000176,0.0,0.00359,0.000176,0.0,0.00359,0.001962,908.2405622526304,996.2363182742014,9.688595695761784,3.123412594975761,133.98832261940993,2,1,0,1,50.0,0.0,50.0,0,0.0,100,0,1,3.0,0,0.0,False,True,False,UNKNOWN
p06,0.2,0.5,0.4697,375,16,3,"[1, 2, 3]",0.0285,0.005591,0.000189,0.005242,0.0,0.000189,0.002621,0.0,0.001864,908.2405622526304,947.2172314624106,4.291447754008006,40.30655880309389,119.9376120166181,3,1,2,0,33.33,66.67,0.0,0,0.0,100,0,0,0.0,0,0.0,True,True,True,UNKNOWN
p06,0.2,0.5,0.726,486,16,2,"[1, 2, 3]",0.0252,0.004941,0.0,0.000928,0.003875,0.0,0.000928,0.003875,0.00247,908.2405622526304,987.7985363739043,8.759570693908797,23.188513177045266,123.17694109551906,2,0,1,1,0.0,50.0,50.0,0,0.0,100,0,1,12.0,0,0.0,False,True,False,UNKNOWN
p06,0.2,0.75,0.974,42,16,0,"[1, 2, 3]",0.0209,0.000154,0.0,0.0,0.0,0.0,0.0,0.0,0.0,908.2405622526304,908.2405622526304,0.0,0.0,86.95628686832652,0,0,0,0,0.0,0.0,0.0,0,0.0,100,0,0,0.0,0,0.0,True,True,True,UNKNOWN
p06,0.2,0.75,0.8939,153,16,0,"[1, 2, 3]",0.0238,0.000155,0.0,0.0,0.0,0.0,0.0,0.0,0.0,908.2405622526304,908.2405622526304,0.0,0.0,86.95628686832652,0,0,0,0,0.0,0.0,0.0,0,0.0,100,0,0,0.0,0,0.0,True,True,True,UNKNOWN
p06,0.2,0.75,0.6819,264,16,1,"[1, 2, 3]",0.0231,0.000321,0.000172,0.0,0.0,0.000172,0.0,0.0,0.000321,908.2405622526304,920.3421590075893,1.3324219659320613,0.0,95.00322605465372,1,1,0,0,100.0,0.0,0.0,0,0.0,100,0,0,0.0,0,0.0,True,True,True,UNKNOWN
p06,0.2,0.75,0.6589,375,16,0,"[1, 2, 3]",0.023,0.000165,0.0,0.0,0.0,0.0,0.0,0.0,0.0,908.2405622526304,908.2405622526304,0.0,0.0,86.95628686832652,0,0,0,0,0.0,0.0,0.0,0,0.0,100,0,0,0.0,0,0.0,True,True,True,UNKNOWN
p06,0.2,0.75,0.6962,486,16,2,"[1, 2, 3]",0.0235,0.000874,0.000743,0.0,0.0,0.000372,0.0,0.0,0.000437,908.2405622526304,935.1941556374861,2.967671177116891,0.0,112.17913984195734,2,2,0,0,100.0,0.0,0.0,0,0.0,100,0,0,0.0,0,0.0,True,True,True,UNKNOWN
p06,0.4,0.25,0.2272,42,33,21,"[1, 2, 3]",0.0337,0.010781,0.005076,0.005518,0.0,0.000282,0.001839,0.0,0.000513,908.2405622526304,1044.9881507394605,15.05631813532605,32.64027504879873,152.74319106439944,21,18,3,0,85.71,14.29,0.0,0,0.0,100,0,0,0.0,0,0.0,True,True,True,UNKNOWN
p06,0.4,0.25,0.1098,153,33,25,"[1, 2, 3]",0.061,0.038267,0.006733,0.024459,0.006912,0.000321,0.008153,0.006912,0.001531,908.2405622526304,1136.7852172803637,25.163449478725518,19.678097411222026,145.1661271955994,25,21,3,1,84.0,12.0,4.0,0,0.0,100,0,1,6.0,0,0.0,False,True,False,UNKNOWN
p06,0.4,0.25,0.2137,264,33,19,"[1, 2, 3]",0.0426,0.011904,0.004216,0.007445,0.0,0.000281,0.001861,0.0,0.000627,908.2405622526304,1034.685629189477,13.921979725639622,8.988897449072024,109.19555545429996,19,15,4,0,78.95,21.05,0.0,0,0.0,100,0,0,0.0,0,0.0,True,True,True,UNKNOWN
p06,0.4,0.25,0.2344,375,33,16,"[1, 2, 3]",0.0545,0.028726,0.004549,0.012109,0.011733,0.000455,0.003027,0.005866,0.001795,908.2405622526304,1063.5364236920884,17.098538415229015,31.350768621232895,149.30572099568147,16,10,4,2,62.5,25.0,12.5,0,0.0,100,0,2,3.0,0,0.0,False,True,False,UNKNOWN
p06,0.4,0.25,0.2888,486,33,14,"[1, 2, 3]",0.0563,0.030724,0.002856,0.015136,0.012457,0.000408,0.003784,0.004152,0.002195,908.2405622526304,1144.2607634456263,25.986529450701408,21.64920562720141,165.8009658244211,14,7,4,3,50.0,28.57,21.43,0,0.0,100,0,2,7.0,0,0.0,False,True,False,UNKNOWN
p06,0.4,0.5,0.4844,42,33,13,"[1, 2, 3]",0.0381,0.014648,0.002734,0.011657,0.0,0.000273,0.003886,0.0,0.001127,908.2405622526304,999.5065805191008,10.048661341452442,20.649371494675016,129.66407798808896,13,10,3,0,76.92,23.08,0.0,0,0.0,100,0,0,0.0,0,0.0,True,True,True,UNKNOWN
p06,0.4,0.5,0.4244,153,33,15,"[1, 2, 3]",0.0436,0.02106,0.002434,0.012476,0.005895,0.00027,0.002495,0.005895,0.001404,908.2405622526304,1073.1769549367614,18.159989714074595,52.241085809062795,133.22253212398078,15,9,5,1,60.0,33.33,6.67,0,0.0,100,0,1,3.0,0,0.0,False,True,False,UNKNOWN
p06,0.4,0.5,0.4786,264,33,7,"[1, 2, 3]",0.0368,0.012691,0.000402,0.008102,0.00388,0.000201,0.002025,0.00388,0.001813,908.2405622526304,980.3524632840549,7.939735795610319,14.807560645425895,102.09405870435629,7,2,4,1,28.57,57.14,14.29,0,0.0,100,0,1,4.0,0,0.0,False,True,False,UNKNOWN
p06,0.4,0.5,0.335,375,33,15,"[1, 2, 3]",0.0508,0.027475,0.001958,0.025274,0.0,0.000218,0.004212,0.0,0.001832,908.2405622526304,1023.6553740702927,12.70751567529741,49.15096900680581,118.25575296340739,15,9,6,0,60.0,40.0,0.0,0,0.0,100,0,0,0.0,0,0.0,True,True,True,UNKNOWN
p06,0.4,0.5,0.561,486,33,6,"[1, 2, 3]",0.0343,0.011278,0.001211,0.001268,0.008473,0.000404,0.001268,0.004237,0.00188,908.2405622526304,1063.68042222697,17.11439308423041,24.063997680448168,153.57838583990412,6,3,1,2,50.0,16.67,33.33,0,0.0,100,0,2,11.0,0,0.0,False,True,False,UNKNOWN
p06,0.4,0.75,0.7398,42,33,4,"[1, 2, 3]",0.0238,0.001778,0.000485,0.001002,0.0,0.000162,0.001002,0.0,0.000445,908.2405622526304,953.5495155050838,4.988651149875706,25.306558803093893,126.13761201661812,4,3,1,0,75.0,25.0,0.0,0,0.0,100,0,0,0.0,0,0.0,True,True,True,UNKNOWN
p06,0.4,0.75,0.9447,153,33,0,"[1, 2, 3]",0.0221,0.000291,0.0,0.0,0.0,0.0,0.0,0.0,0.0,908.2405622526304,908.2405622526304,0.0,0.0,86.95628686832652,0,0,0,0,0.0,0.0,0.0,0,0.0,100,0,0,0.0,0,0.0,True,True,True,UNKNOWN
p06,0.4,0.75,0.596,264,33,6,"[1, 2, 3]",0.0285,0.006259,0.001304,0.000657,0.004011,0.000326,0.000657,0.004011,0.001043,908.2405622526304,1039.6980137199594,14.473858240958368,15.549854986598938,193.53351081631968,6,4,1,1,66.67,16.67,16.67,0,0.0,100,0,1,2.0,0,0.0,False,True,False,UNKNOWN
p06,0.4,0.75,0.7456,375,33,1,"[1, 2, 3]",0.0236,0.004067,0.0,0.0,0.003768,0.0,0.0,0.003768,0.004067,908.2405622526304,959.5241162054253,5.64647254088727,0.0,106.04394325622354,1,0,0,1,0.0,0.0,100.0,0,0.0,100,0,1,1.0,0,0.0,False,True,False,UNKNOWN
p06,0.4,0.75,0.7789,486,33,2,"[1, 2, 3]",0.0231,0.001008,0.000725,0.0,0.0,0.000362,0.0,0.0,0.000504,908.2405622526304,935.1941556374861,2.967671177116891,0.0,112.17913984195734,2,2,0,0,100.0,0.0,0.0,0,0.0,100,0,0,0.0,0,0.0,True,True,True,UNKNOWN
p07,0.05,0.25,0.254,42,4,3,"[1, 2, 3]",0.025,0.004346,0.000943,0.0,0.003389,0.000471,0.0,0.003389,0.001449,986.6105166788445,1062.615215696173,7.703617357858454,15.150889359326483,130.67577221680628,3,2,0,1,66.67,0.0,33.33,0,0.0,100,0,0,0.0,0,0.0,True,True,True,UNKNOWN
p07,0.05,0.25,0.0858,153,4,4,"[1, 2, 3]",0.0218,0.00095,0.00095,0.0,0.0,0.000237,0.0,0.0,0.000237,986.6105166788445,1005.0921665442222,1.8732467932321577,2.8393202250021012,89.62156389823384,4,4,0,0,100.0,0.0,0.0,0,0.0,100,0,0,0.0,0,0.0,True,True,True,UNKNOWN
p07,0.05,0.25,0.2317,264,4,0,"[1, 2, 3]",0.0222,6.1e-05,0.0,0.0,0.0,0.0,0.0,0.0,0.0,986.6105166788445,986.6105166788445,0.0,0.0,89.62156389823384,0,0,0,0,0.0,0.0,0.0,0,0.0,100,0,0,0.0,0,0.0,True,True,True,UNKNOWN
p07,0.05,0.25,0.2746,375,4,2,"[1, 2, 3]",0.024,0.00102,0.000993,0.0,0.0,0.000497,0.0,0.0,0.00051,986.6105166788445,1002.2117587892412,1.5812969603156095,0.0,89.62156389823384,2,2,0,0,100.0,0.0,0.0,0,0.0,100,0,0,0.0,0,0.0,True,True,True,UNKNOWN
p07,0.05,0.25,0.3517,486,4,2,"[1, 2, 3]",0.0233,0.000979,0.000958,0.0,0.0,0.000479,0.0,0.0,0.00049,986.6105166788445,993.8030219613125,0.729011617135363,0.0,106.21639908143052,2,2,0,0,100.0,0.0,0.0,0,0.0,100,0,0,0.0,0,0.0,True,True,True,UNKNOWN
p07,0.05,0.5,0.7392,42,4,0,"[1, 2, 3]",0.0221,3.8e-05,0.0,0.0,0.0,0.0,0.0,0.0,0.0,986.6105166788445,986.6105166788445,0.0,0.0,89.62156389823384,0,0,0,0,0.0,0.0,0.0,0,0.0,100,0,0,0.0,0,0.0,True,True,True,UNKNOWN
p07,0.05,0.5,0.1725,153,4,2,"[1, 2, 3]",0.0223,0.000704,0.00067,0.0,0.0,0.000335,0.0,0.0,0.000352,986.6105166788445,996.3113083675447,0.9832443020529774,0.0,91.19477008511001,2,2,0,0,100.0,0.0,0.0,0,0.0,100,0,0,0.0,0,0.0,True,True,True,UNKNOWN
p07,0.05,0.5,0.6492,264,4,0,"[1, 2, 3]",0.0234,5.8e-05,0.0,0.0,0.0,0.0,0.0,0.0,0.0,986.6105166788445,986.6105166788445,0.0,0.0,89.62156389823384,0,0,0,0,0.0,0.0,0.0,0,0.0,100,0,0,0.0,0,0.0,True,True,True,UNKNOWN
p07,0.05,0.5,0.3867,375,4,1,"[1, 2, 3]",0.0232,0.002153,0.0,0.002102,0.0,0.0,0.002102,0.0,0.002153,986.6105166788445,992.3116529407132,0.5778507491547922,0.0,91.05974942636307,1,0,1,0,0.0,100.0,0.0,0,0.0,100,0,0,0.0,0,0.0,True,True,True,UNKNOWN
p07,0.05,0.5,0.5725,486,4,1,"[1, 2, 3]",0.0268,0.001263,0.0,0.001206,0.0,0.0,0.001206,0.0,0.001263,986.6105166788445,1006.401419956518,2.0059489477462846,9.263086471506412,113.97788354814239,1,0,1,0,0.0,100.0,0.0,0,0.0,100,0,0,0.0,0,0.0,True,True,True,UNKNOWN
p07,0.05,0.75,0.9592,42,4,0,"[1, 2, 3]",0.0216,3.7e-05,0.0,0.0,0.0,0.0,0.0,0.0,0.0,986.6105166788445,986.6105166788445,0.0,0.0,89.62156389823384,0,0,0,0,0.0,0.0,0.0,0,0.0,100,0,0,0.0,0,0.0,True,True,True,UNKNOWN
p07,0.05,0.75,0.6142,153,4,0,"[1, 2, 3]",0.0241,5.3e-05,0.0,0.0,0.0,0.0,0.0,0.0,0.0,986.6105166788445,986.6105166788445,0.0,0.0,89.62156389823384,0,0,0,0,0.0,0.0,0.0,0,0.0,100,0,0,0.0,0,0.0,True,True,True,UNKNOWN
p07,0.05,0.75,0.9725,264,4,0,"[1, 2, 3]",0.0317,4.4e-05,0.0,0.0,0.0,0.0,0.0,0.0,0.0,986.6105166788445,986.6105166788445,0.0,0.0,89.62156389823384,0,0,0,0,0.0,0.0,0.0,0,0.0,100,0,0,0.0,0,0.0,True,True,True,UNKNOWN
p07,0.05,0.75,0.6983,375,4,1,"[1, 2, 3]",0.0223,0.000549,0.0,0.000511,0.0,0.0,0.000511,0.0,0.000549,986.6105166788445,987.6120802286918,0.10151559636914372,12.894315591724535,89.62156389823384,1,0,1,0,0.0,100.0,0.0,0,0.0,100,0,0,0.0,0,0.0,True,True,True,UNKNOWN
p07,0.05,0.75,0.82,486,4,0,"[1, 2, 3]",0.0217,4.1e-05,0.0,0.0,0.0,0.0,0.0,0.0,0.0,986.6105166788445,986.6105166788445,0.0,0.0,89.62156389823384,0,0,0,0,0.0,0.0,0.0,0,0.0,100,0,0,0.0,0,0.0,True,True,True,UNKNOWN
p07,0.1,0.25,0.2624,42,8,5,"[1, 2, 3]",0.0313,0.005995,0.001053,0.0,0.004897,0.000263,0.0,0.004897,0.001199,986.6105166788445,1066.2537510489547,8.072408820271587,19.643488985875535,130.67577221680628,5,4,0,1,80.0,0.0,20.0,0,0.0,100,0,0,0.0,0,0.0,True,True,True,UNKNOWN
p07,0.1,0.25,0.0761,153,8,7,"[1, 2, 3]",0.0232,0.001566,0.001548,0.0,0.0,0.000221,0.0,0.0,0.000224,986.6105166788445,1016.1176801471103,2.9907610925934134,6.190209584328583,89.62156389823384,7,7,0,0,100.0,0.0,0.0,0,0.0,100,0,0,0.0,0,0.0,True,True,True,UNKNOWN
p07,0.1,0.25,0.2373,264,8,0,"[1, 2, 3]",0.0214,0.000115,0.0,0.0,0.0,0.0,0.0,0.0,0.0,986.6105166788445,986.6105166788445,0.0,0.0,89.62156389823384,0,0,0,0,0.0,0.0,0.0,0,0.0,100,0,0,0.0,0,0.0,True,True,True,UNKNOWN
p07,0.1,0.25,0.1931,375,8,6,"[1, 2, 3]",0.0294,0.007033,0.001125,0.005884,0.0,0.000225,0.005884,0.0,0.001172,986.6105166788445,1036.2102439211772,5.0272854793091595,0.0,98.60812389053987,6,5,1,0,83.33,16.67,0.0,0,0.0,100,0,0,0.0,0,0.0,True,True,True,UNKNOWN
p07,0.1,0.25,0.395,486,8,3,"[1, 2, 3]",0.0244,0.004206,0.000682,0.0,0.003464,0.000341,0.0,0.003464,0.001402,986.6105166788445,1011.0397259257055,2.4760742799595583,0.0,106.21639908143052,3,2,0,1,66.67,0.0,33.33,0,0.0,100,0,0,0.0,0,0.0,True,True,True,UNKNOWN
p07,0.1,0.5,0.6798,42,8,1,"[1, 2, 3]",0.0211,0.000242,0.000176,0.0,0.0,0.000176,0.0,0.0,0.000242,986.6105166788445,1002.8936210584826,1.650408555794713,0.0,98.53736424285057,1,1,0,0,100.0,0.0,0.0,0,0.0,100,0,0,0.0,0,0.0,True,True,True,UNKNOWN
p07,0.1,0.5,0.2586,153,8,3,"[1, 2, 3]",0.0251,0.002599,0.000368,0.002161,0.0,0.000184,0.002161,0.0,0.000866,986.6105166788445,1003.3193511589429,1.6935593324449998,15.350889359326482,100.5090576281403,3,2,1,0,66.67,33.33,0.0,0,0.0,100,0,0,0.0,0,0.0,True,True,True,UNKNOWN
p07,0.1,0.5,0.5865,264,8,0,"[1, 2, 3]",0.0219,8.1e-05,0.0,0.0,0.0,0.0,0.0,0.0,0.0,986.6105166788445,986.6105166788445,0.0,0.0,89.62156389823384,0,0,0,0,0.0,0.0,0.0,0,0.0,100,0,0,0.0,0,0.0,True,True,True,UNKNOWN
p07,0.1,0.5,0.4179,375,8,1,"[1, 2, 3]",0.0209,0.00156,0.0,0.001439,0.0,0.0,0.001439,0.0,0.00156,986.6105166788445,992.3116529407132,0.5778507491547922,0.0,91.05974942636307,1,0,1,0,0.0,100.0,0.0,0,0.0,100,0,0,0.0,0,0.0,True,True,True,UNKNOWN
p07,0.1,0.5,0.6617,486,8,1,"[1, 2, 3]",0.0213,0.000813,0.0,0.000742,0.0,0.0,0.000742,0.0,0.000813,986.6105166788445,1006.401419956518,2.0059489477462846,9.263086471506412,113.97788354814239,1,0,1,0,0.0,100.0,0.0,0,0.0,100,0,0,0.0,0,0.0,True,True,True,UNKNOWN
p07,0.1,0.75,0.9696,42,8,0,"[1, 2, 3]",0.0208,7.1e-05,0.0,0.0,0.0,0.0,0.0,0.0,0.0,986.6105166788445,986.6105166788445,0.0,0.0,89.62156389823384,0,0,0,0,0.0,0.0,0.0,0,0.0,100,0,0,0.0,0,0.0,True,True,True,UNKNOWN
p07,0.1,0.75,0.7485,153,8,0,"[1, 2, 3]",0.0226,8e-05,0.0,0.0,0.0,0.0,0.0,0.0,0.0,986.6105166788445,986.6105166788445,0.0,0.0,89.62156389823384,0,0,0,0,0.0,0.0,0.0,0,0.0,100,0,0,0.0,0,0.0,True,True,True,UNKNOWN
p07,0.1,0.75,0.8433,264,8,0,"[1, 2, 3]",0.0217,7.3e-05,0.0,0.0,0.0,0.0,0.0,0.0,0.0,986.6105166788445,986.6105166788445,0.0,0.0,89.62156389823384,0,0,0,0,0.0,0.0,0.0,0,0.0,100,0,0,0.0,0,0.0,True,True,True,UNKNOWN
p07,0.1,0.75,0.6171,375,8,1,"[1, 2, 3]",0.0223,0.000615,0.0,0.000536,0.0,0.0,0.000536,0.0,0.000615,986.6105166788445,987.6120802286918,0.10151559636914372,12.894315591724535,89.62156389823384,1,0,1,0,0.0,100.0,0.0,0,0.0,100,0,0,0.0,0,0.0,True,True,True,UNKNOWN
p07,0.1,0.75,0.7837,486,8,0,"[1, 2, 3]",0.0227,7e-05,0.0,0.0,0.0,0.0,0.0,0.0,0.0,986.6105166788445,986.6105166788445,0.0,0.0,89.62156389823384,0,0,0,0,0.0,0.0,0.0,0,0.0,100,0,0,0.0,0,0.0,True,True,True,UNKNOWN
p07,0.2,0.25,0.2883,42,16,9,"[1, 2, 3]",0.0337,0.0155,0.001126,0.000624,0.013644,0.000225,0.000624,0.004548,0.001722,986.6105166788445,1160.6967561330034,17.644879768783813,19.643488985875535,140.85866265354227,9,5,1,3,55.56,11.11,33.33,0,0.0,100,0,0,0.0,0,0.0,True,True,True,UNKNOWN
p07,0.2,0.25,0.0931,153,16,14,"[1, 2, 3]",0.033,0.011946,0.002995,0.008907,0.0,0.00025,0.004453,0.0,0.000853,986.6105166788445,1048.6507472984458,6.288219066267692,8.018322387087222,101.74204593899387,14,12,2,0,85.71,14.29,0.0,0,0.0,100,0,0,0.0,0,0.0,True,True,True,UNKNOWN
p07,0.2,0.25,0.2457,264,16,2,"[1, 2, 3]",0.0296,0.007697,0.0,0.002405,0.005092,0.0,0.002405,0.005092,0.003848,986.6105166788445,1019.6715633105042,3.3509724529341818,11.091754297804144,89.62156389823384,2,0,1,1,0.0,50.0,50.0,0,0.0,100,0,0,0.0,0,0.0,True,True,True,UNKNOWN
p07,0.2,0.25,0.1524,375,16,12,"[1, 2, 3]",0.0348,0.016431,0.002353,0.014006,0.0,0.000261,0.004669,0.0,0.001369,986.6105166788445,1073.9393635840486,8.851400368118192,2.228112802758641,107.65539062976903,12,9,3,0,75.0,25.0,0.0,0,0.0,100,0,0,0.0,0,0.0,True,True,True,UNKNOWN
p07,0.2,0.25,0.375,486,16,5,"[1, 2, 3]",0.0231,0.00586,0.001362,0.000568,0.003796,0.000454,0.000568,0.003796,0.001172,986.6105166788445,1092.35917233743,10.718379124374174,27.262249370957576,157.2918992399716,5,3,1,1,60.0,20.0,20.0,0,0.0,100,0,1,18.0,0,0.0,False,True,False,UNKNOWN
p07,0.2,0.5,0.6809,42,16,2,"[1, 2, 3]",0.0225,0.005338,0.000181,0.0,0.005035,0.000181,0.0,0.005035,0.002669,986.6105166788445,1081.1497263099955,9.582221964285504,0.0,140.85866265354227,2,1,0,1,50.0,0.0,50.0,0,0.0,100,0,0,0.0,0,0.0,True,True,True,UNKNOWN
p07,0.2,0.5,0.4952,153,16,3,"[1, 2, 3]",0.0211,0.00326,0.000417,0.002637,0.0,0.000209,0.002637,0.0,0.001087,986.6105166788445,1003.3193511589429,1.6935593324449998,15.350889359326482,100.5090576281403,3,2,1,0,66.67,33.33,0.0,0,0.0,100,0,0,0.0,0,0.0,True,True,True,UNKNOWN
p07,0.2,0.5,0.4924,264,16,1,"[1, 2, 3]",0.019,0.00111,0.0,0.00087,0.0,0.0,0.00087,0.0,0.00111,986.6105166788445,1016.4326265665655,3.022683154453798,16.15969017052123,117.66937281814002,1,0,1,0,0.0,100.0,0.0,0,0.0,100,0,0,0.0,0,0.0,True,True,True,UNKNOWN
p07,0.2,0.5,0.452,375,16,4,"[1, 2, 3]",0.0269,0.011001,0.00022,0.004943,0.005686,0.00022,0.002471,0.005686,0.00275,986.6105166788445,1101.6655033024758,11.661642023737246,40.75883498694726,180.16320290594757,4,1,2,1,25.0,50.0,25.0,0,0.0,100,0,1,13.0,0,0.0,False,True,False,UNKNOWN
p07,0.2,0.5,0.7268,486,16,1,"[1, 2, 3]",0.0208,0.001192,0.0,0.000999,0.0,0.0,0.000999,0.0,0.001192,986.6105166788445,1006.401419956518,2.0059489477462846,9.263086471506412,113.97788354814239,1,0,1,0,0.0,100.0,0.0,0,0.0,100,0,0,0.0,0,0.0,True,True,True,UNKNOWN
p07,0.2,0.75,0.9808,42,16,0,"[1, 2, 3]",0.0245,0.0002,0.0,0.0,0.0,0.0,0.0,0.0,0.0,986.6105166788445,986.6105166788445,0.0,0.0,89.62156389823384,0,0,0,0,0.0,0.0,0.0,0,0.0,100,0,0,0.0,0,0.0,True,True,True,UNKNOWN
p07,0.2,0.75,0.8534,153,16,0,"[1, 2, 3]",0.0197,0.000198,0.0,0.0,0.0,0.0,0.0,0.0,0.0,986.6105166788445,986.6105166788445,0.0,0.0,89.62156389823384,0,0,0,0,0.0,0.0,0.0,0,0.0,100,0,0,0.0,0,0.0,True,True,True,UNKNOWN
p07,0.2,0.75,0.6496,264,16,0,"[1, 2, 3]",0.0236,0.000166,0.0,0.0,0.0,0.0,0.0,0.0,0.0,986.6105166788445,986.6105166788445,0.0,0.0,89.62156389823384,0,0,0,0,0.0,0.0,0.0,0,0.0,100,0,0,0.0,0,0.0,True,True,True,UNKNOWN
p07,0.2,0.75,0.5765,375,16,1,"[1, 2, 3]",0.0241,0.000724,0.0,0.000556,0.0,0.0,0.000556,0.0,0.000724,986.6105166788445,987.6120802286918,0.10151559636914372,12.894315591724535,89.62156389823384,1,0,1,0,0.0,100.0,0.0,0,0.0,100,0,0,0.0,0,0.0,True,True,True,UNKNOWN
p07,0.2,0.75,0.7077,486,16,2,"[1, 2, 3]",0.0271,0.001244,0.000828,0.0,0.0,0.000414,0.0,0.0,0.000622,986.6105166788445,993.1397869187646,0.661788023697441,0.0,99.15083413815394,2,2,0,0,100.0,0.0,0.0,0,0.0,100,0,0,0.0,0,0.0,True,True,True,UNKNOWN
p07,0.4,0.25,0.2233,42,33,21,"[1, 2, 3]",0.0282,0.00628,0.005097,0.000993,0.0,0.000268,0.000497,0.0,0.000299,986.6105166788445,1096.1138804009554,11.09894551810821,49.45552382341179,106.93063481054737,21,19,2,0,90.48,9.52,0.0,0,0.0,100,0,0,0.0,0,0.0,True,True,True,UNKNOWN
p07,0.4,0.25,0.1022,153,33,23,"[1, 2, 3]",0.0571,0.03526,0.005222,0.018333,0.011516,0.00029,0.004583,0.011516,0.001533,986.6105166788445,1109.035548984381,12.408648624347423,9.350459004624058,111.49075450964642,23,18,4,1,78.26,17.39,4.35,0,0.0,100,0,0,0.0,0,0.0,True,True,True,UNKNOWN
p07,0.4,0.25,0.2197,264,33,13,"[1, 2, 3]",0.0496,0.025953,0.002552,0.015595,0.0075,0.000319,0.003899,0.0075,0.001996,986.6105166788445,1129.2829847727446,14.460870392317332,3.755589796288085,129.0471427424096,13,8,4,1,61.54,30.77,7.69,0,0.0,100,0,0,0.0,0,0.0,True,True,True,UNKNOWN
p07,0.4,0.25,0.1883,375,33,20,"[1, 2, 3]",0.0371,0.015479,0.003844,0.011422,0.0,0.000226,0.003807,0.0,0.000774,986.6105166788445,1108.7814691286471,12.382895822057302,5.941705269028532,107.65539062976903,20,17,3,0,85.0,15.0,0.0,0,0.0,100,0,0,0.0,0,0.0,True,True,True,UNKNOWN
p07,0.4,0.25,0.2626,486,33,15,"[1, 2, 3]",0.0311,0.013498,0.003581,0.004871,0.004771,0.000326,0.001624,0.004771,0.0009,986.6105166788445,1148.8095762730638,16.440029459671507,47.17814047941102,157.2918992399716,15,11,3,1,73.33,20.0,6.67,0,0.0,100,0,1,18.0,0,0.0,False,True,False,UNKNOWN
p07,0.4,0.5,0.4924,42,33,9,"[1, 2, 3]",0.0317,0.008769,0.002269,0.000484,0.005693,0.000324,0.000484,0.005693,0.000974,986.6105166788445,1107.1456196136132,12.217090827342615,13.023792033690942,140.85866265354227,9,7,1,1,77.78,11.11,11.11,0,0.0,100,0,0,0.0,0,0.0,True,True,True,UNKNOWN
p07,0.4,0.5,0.3984,153,33,12,"[1, 2, 3]",0.0502,0.026815,0.001918,0.024587,0.0,0.000274,0.004917,0.0,0.002235,986.6105166788445,1030.325996934847,4.430875154580615,21.443488985875526,100.5090576281403,12,7,5,0,58.33,41.67,0.0,0,0.0,100,0,0,0.0,0,0.0,True,True,True,UNKNOWN
p07,0.4,0.5,0.4552,264,33,4,"[1, 2, 3]",0.0253,0.002881,0.000167,0.002367,0.0,0.000167,0.000789,0.0,0.00072,986.6105166788445,1038.8004630502114,5.2898226289995485,28.970636402275332,117.66937281814002,4,1,3,0,25.0,75.0,0.0,0,0.0,100,0,0,0.0,0,0.0,True,True,True,UNKNOWN
p07,0.4,0.5,0.3542,375,33,15,"[1, 2, 3]",0.0596,0.036302,0.001804,0.018649,0.015601,0.000301,0.003108,0.0052,0.00242,986.6105166788445,1195.6859303270708,21.191281677396024,32.92943979436936,159.00562903187878,15,6,6,3,40.0,40.0,20.0,0,0.0,100,0,1,6.0,0,0.0,False,True,False,UNKNOWN
p07,0.4,0.5,0.5606,486,33,9,"[1, 2, 3]",0.0237,0.002744,0.002517,0.0,0.0,0.00028,0.0,0.0,0.000305,986.6105166788445,1052.464657925499,6.6747860613055865,14.509297722741742,147.32089443199712,9,9,0,0,100.0,0.0,0.0,0,0.0,100,0,0,0.0,0,0.0,True,True,True,UNKNOWN
p07,0.4,0.75,0.7112,42,33,1,"[1, 2, 3]",0.0281,0.005085,0.0,0.0,0.00471,0.0,0.0,0.00471,0.005085,986.6105166788445,1091.5102245482321,10.632332221888724,17.072543485932016,180.16320290594757,1,0,0,1,0.0,0.0,100.0,0,0.0,100,0,1,13.0,0,0.0,False,True,False,UNKNOWN
p07,0.4,0.75,0.9249,153,33,0,"[1, 2, 3]",0.0243,0.00051,0.0,0.0,0.0,0.0,0.0,0.0,0.0,986.6105166788445,986.6105166788445,0.0,0.0,89.62156389823384,0,0,0,0,0.0,0.0,0.0,0,0.0,100,0,0,0.0,0,0.0,True,True,True,UNKNOWN
p07,0.4,0.75,0.5986,264,33,5,"[1, 2, 3]",0.0309,0.008826,0.000325,0.003875,0.004351,0.000163,0.001938,0.004351,0.001765,986.6105166788445,1038.9460560340976,5.304579514459914,38.0331770575262,114.91787305779,5,2,2,1,40.0,40.0,20.0,0,0.0,100,0,1,18.0,0,0.0,False,True,False,UNKNOWN
p07,0.4,0.75,0.6628,375,33,2,"[1, 2, 3]",0.0222,0.000995,0.000177,0.000503,0.0,0.000177,0.000503,0.0,0.000497,986.6105166788445,991.885715170973,0.5346789237444927,16.364039340027134,89.62156389823384,2,1,1,0,50.0,50.0,0.0,0,0.0,100,0,0,0.0,0,0.0,True,True,True,UNKNOWN
p07,0.4,0.75,0.7724,486,33,2,"[1, 2, 3]",0.0215,0.001045,0.000775,0.0,0.0,0.000388,0.0,0.0,0.000523,986.6105166788445,993.1397869187646,0.661788023697441,0.0,99.15083413815394,2,2,0,0,100.0,0.0,0.0,0,0.0,100,0,0,0.0,0,0.0,True,True,True,UNKNOWN
p08,0.05,0.25,0.3148,42,11,11,"[1, 2, 3]",0.4668,0.433357,0.007131,0.426226,0.0,0.000792,0.213113,0.0,0.039396,5365.440880329999,5147.800327575343,-4.056340524644283,0.0,355.5105835004082,11,9,2,0,81.82,18.18,0.0,0,0.0,249,0,0,0.0,0,0.0,True,True,True,UNKNOWN
p08,0.05,0.25,0.195,153,11,9,"[1, 2, 3]",0.4082,0.377979,0.003997,0.373891,0.0,0.0005,0.373891,0.0,0.041998,5365.440880329999,5214.155788482021,-2.819620888985982,0.0,328.80991799069545,9,8,1,0,88.89,11.11,0.0,0,0.0,249,0,0,0.0,2,3.05,False,True,False,UNKNOWN
p08,0.05,0.25,0.2419,264,11,7,"[1, 2, 3]",0.563,0.530913,0.003237,0.527477,0.0,0.000809,0.175826,0.0,0.075845,5365.440880329999,5204.76381256312,-2.9946666331918803,39.4754845034029,337.3008431365654,7,4,3,0,57.14,42.86,0.0,0,0.0,249,0,0,0.0,0,0.0,True,True,True,UNKNOWN
p08,0.05,0.25,0.1263,375,11,9,"[1, 2, 3]",0.033,0.005373,0.005295,0.0,0.0,0.000588,0.0,0.0,0.000597,5365.440880329999,5411.045289078287,0.8499657300386272,0.0,328.80991799069545,9,9,0,0,100.0,0.0,0.0,0,0.0,249,0,0,0.0,1,6.07,False,True,False,UNKNOWN
p08,0.05,0.25,0.3777,486,11,9,"[1, 2, 3]",0.1423,0.112331,0.006241,0.106014,0.0,0.00078,0.106014,0.0,0.012481,5365.440880329999,5300.622185689746,-1.2080776973590712,0.0,333.0965506180946,9,8,1,0,88.89,11.11,0.0,0,0.0,249,0,0,0.0,2,3.05,False,True,False,UNKNOWN
p08,0.05,0.5,0.7384,42,11,6,"[1, 2, 3]",0.1547,0.123175,0.001741,0.121258,0.0,0.000435,0.060629,0.0,0.020529,5365.440880329999,5221.5540221006095,-2.681734109807956,8.786065061954446,383.01058350040813,6,4,2,0,66.67,33.33,0.0,0,0.0,249,0,0,0.0,0,0.0,True,True,True,UNKNOWN
p08,0.05,0.5,0.3841,153,11,4,"[1, 2, 3]",0.3671,0.335795,0.002591,0.332929,0.0,0.000864,0.332929,0.0,0.083949,5365.440880329999,5215.103661867113,-2.8019546168895566,3.4284555582571272,328.80991799069545,4,3,1,0,75.0,25.0,0.0,0,0.0,249,0,0,0.0,2,3.05,False,True,False,UNKNOWN
p08,0.05,0.5,0.5352,264,11,7,"[1, 2, 3]",0.2193,0.187848,0.002942,0.184766,0.0,0.000588,0.092383,0.0,0.026835,5365.440880329999,5238.600845582486,-2.364018867722801,11.497999313677695,387.36006479809834,7,5,2,0,71.43,28.57,0.0,0,0.0,249,0,0,0.0,0,0.0,True,True,True,UNKNOWN
p08,0.05,0.5,0.3355,375,11,10,"[1, 2, 3]",0.0356,0.006021,0.00598,0.0,0.0,0.000598,0.0,0.0,0.000602,5365.440880329999,5426.155288810518,1.1315828435106046,0.0,348.62075963038114,10,10,0,0,100.0,0.0,0.0,0,0.0,249,0,0,0.0,1,6.07,False,True,False,UNKNOWN
p08,0.05,0.5,0.6437,486,11,6,"[1, 2, 3]",0.0803,0.049849,0.003878,0.045759,0.0,0.000776,0.045759,0.0,0.008308,5365.440880329999,5301.388689030232,-1.1937917634054314,6.503331413123107,328.80991799069545,6,5,1,0,83.33,16.67,0.0,0,0.0,249,0,0,0.0,2,3.05,False,True,False,UNKNOWN
p08,0.05,0.75,0.9602,42,11,6,"[1, 2, 3]",0.0979,0.070056,0.001248,0.037179,0.03147,0.000416,0.018589,0.03147,0.011676,5365.440880329999,5352.62825620115,-0.23879909246267064,62.18606506195445,412.3105835004082,6,3,2,1,50.0,33.33,16.67,0,0.0,249,0,0,0.0,1,13.11,False,True,False,UNKNOWN
p08,0.05,0.75,0.7611,153,11,3,"[1, 2, 3]",0.0369,0.004023,0.003775,0.0,0.0,0.001258,0.0,0.0,0.001341,5365.440880329999,5417.274123546791,0.966057484797107,0.0,328.80991799069545,3,3,0,0,100.0,0.0,0.0,0,0.0,249,0,0,0.0,2,3.05,False,True,False,UNKNOWN
p08,0.05,0.75,0.7377,264,11,6,"[1, 2, 3]",0.1065,0.074505,0.00281,0.07154,0.0,0.000702,0.03577,0.0,0.012418,5365.440880329999,5260.865056953304,-1.9490630072931427,0.0,423.89924707681996,6,4,2,0,66.67,33.33,0.0,0,0.0,249,0,0,0.0,0,0.0,True,True,True,UNKNOWN
p08,0.05,0.75,0.4945,375,11,11,"[1, 2, 3]",0.1825,0.150681,0.006244,0.144438,0.0,0.000624,0.144438,0.0,0.013698,5365.440880329999,5284.942207903819,-1.5003179463088168,9.141467694006735,360.0105835004082,11,10,1,0,90.91,9.09,0.0,0,0.0,249,0,0,0.0,0,0.0,True,True,True,UNKNOWN
p08,0.05,0.75,0.7658,486,11,4,"[1, 2, 3]",0.0895,0.047254,0.001558,0.045408,0.0,0.000519,0.045408,0.0,0.011814,5365.440880329999,5298.94315567355,-1.2393711186015257,21.093415843938743,328.80991799069545,4,3,1,0,75.0,25.0,0.0,0,0.0,249,0,0,0.0,2,3.05,False,True,False,UNKNOWN
p08,0.1,0.25,0.3283,42,22,21,"[1, 2, 3]",0.5062,0.47517,0.012647,0.462478,0.0,0.000666,0.231239,0.0,0.022627,5365.440880329999,5133.517518209127,-4.322540631677,0.0,355.5105835004082,21,19,2,0,90.48,9.52,0.0,0,0.0,249,0,0,0.0,0,0.0,True,True,True,UNKNOWN
p08,0.1,0.25,0.2704,153,22,15,"[1, 2, 3]",0.4272,0.394122,0.010408,0.383411,0.0,0.000743,0.383411,0.0,0.026275,5365.440880329999,5247.631392683502,-2.195709360593153,0.0,328.80991799069545,15,14,1,0,93.33,6.67,0.0,0,0.0,249,0,0,0.0,2,3.05,False,True,False,UNKNOWN
p08,0.1,0.25,0.3388,264,22,10,"[1, 2, 3]",0.7905,0.761242,0.006584,0.570871,0.183212,0.001097,0.19029,0.183212,0.076124,5365.440880329999,5215.321584018953,-2.7978930279782173,39.4754845034029,339.92068169608353,10,6,3,1,60.0,30.0,10.0,0,0.0,249,0,0,0.0,0,0.0,True,True,True,UNKNOWN
p08,0.1,0.25,0.1836,375,22,17,"[1, 2, 3]",0.4785,0.446887,0.009871,0.436775,0.0,0.000705,0.145592,0.0,0.026287,5365.440880329999,5325.068615114426,-0.7524500989952175,0.0,343.66178929952105,17,14,3,0,82.35,17.65,0.0,0,0.0,249,0,0,0.0,1,6.07,False,True,False,UNKNOWN
p08,0.1,0.25,0.408,486,22,14,"[1, 2, 3]",0.2649,0.237287,0.008314,0.228707,0.0,0.000693,0.114353,0.0,0.016949,5365.440880329999,5307.545801001456,-1.0790367580190767,41.389021912003145,348.53496964535304,14,12,2,0,85.71,14.29,0.0,0,0.0,249,0,0,0.0,2,3.05,False,True,False,UNKNOWN
p08,0.1,0.5,0.6794,42,22,12,"[1, 2, 3]",0.2766,0.25566,0.006494,0.248795,0.0,0.000722,0.082932,0.0,0.021305,5365.440880329999,5221.633881064858,-2.680245714613054,8.786065061954446,400.25767504538504,12,9,3,0,75.0,25.0,0.0,0,0.0,249,0,0,0.0,0,0.0,True,True,True,UNKNOWN
p08,0.1,0.5,0.4995,153,22,9,"[1, 2, 3]",0.3848,0.35254,0.004892,0.347098,0.0,0.000612,0.347098,0.0,0.039171,5365.440880329999,5248.579266068595,-2.1780430884967106,12.455346719849217,328.80991799069545,9,8,1,0,88.89,11.11,0.0,0,0.0,249,0,0,0.0,2,3.05,False,True,False,UNKNOWN
p08,0.1,0.5,0.5639,264,22,11,"[1, 2, 3]",0.2391,0.207375,0.005122,0.201854,0.0,0.000569,0.100927,0.0,0.018852,5365.440880329999,5233.138263512592,-2.465829365531471,11.497999313677695,387.36006479809834,11,9,2,0,81.82,18.18,0.0,0,0.0,249,0,0,0.0,0,0.0,True,True,True,UNKNOWN
p08,0.1,0.5,0.3923,375,22,18,"[1, 2, 3]",0.1836,0.14801,0.007489,0.140362,0.0,0.000441,0.140362,0.0,0.008223,5365.440880329999,5360.690148396701,-0.08854317919547912,33.4084729975487,363.8680516270361,18,17,1,0,94.44,5.56,0.0,0,0.0,249,0,0,0.0,0,0.0,True,True,True,UNKNOWN
p08,0.1,0.5,0.6973,486,22,6,"[1, 2, 3]",0.0819,0.051124,0.002961,0.04763,0.0,0.000592,0.04763,0.0,0.008521,5365.440880329999,5301.388689030232,-1.1937917634054314,6.503331413123107,328.80991799069545,6,5,1,0,83.33,16.67,0.0,0,0.0,249,0,0,0.0,2,3.05,False,True,False,UNKNOWN
p08,0.1,0.75,0.804,42,22,12,"[1, 2, 3]",0.1112,0.080019,0.004649,0.043023,0.032039,0.000517,0.021511,0.032039,0.006668,5365.440880329999,5412.878789924485,0.8841381473122918,62.18606506195445,412.3105835004082,12,9,2,1,75.0,16.67,8.33,0,0.0,249,0,0,0.0,1,13.11,False,True,False,UNKNOWN
p08,0.1,0.75,0.8245,153,22,8,"[1, 2, 3]",0.0495,0.018317,0.004433,0.013518,0.0,0.000633,0.013518,0.0,0.00229,5365.440880329999,5503.690210030286,2.5766629953396043,18.314754151412302,328.80991799069545,8,7,1,0,87.5,12.5,0.0,0,0.0,249,0,0,0.0,2,3.05,False,True,False,UNKNOWN
p08,0.1,0.75,0.5352,264,22,13,"[1, 2, 3]",0.0647,0.035462,0.007409,0.027758,0.0,0.000617,0.027758,0.0,0.002728,5365.440880329999,5318.891772871475,-0.8675728331883384,0.0,422.8105835004082,13,12,1,0,92.31,7.69,0.0,0,0.0,249,0,0,0.0,0,0.0,True,True,True,UNKNOWN
p08,0.1,0.75,0.6052,375,22,16,"[1, 2, 3]",0.376,0.343542,0.005982,0.288743,0.048584,0.000498,0.096248,0.048584,0.021471,5365.440880329999,5284.907370959493,-1.5009672302186097,40.8027927106497,394.177536009249,16,12,3,1,75.0,18.75,6.25,0,0.0,249,0,0,0.0,0,0.0,True,True,True,UNKNOWN
p08,0.1,0.75,0.7567,486,22,4,"[1, 2, 3]",0.0784,0.047203,0.001161,0.045554,0.0,0.000387,0.045554,0.0,0.011801,5365.440880329999,5298.94315567355,-1.2393711186015257,21.093415843938743,328.80991799069545,4,3,1,0,75.0,25.0,0.0,0,0.0,249,0,0,0.0,2,3.05,False,True,False,UNKNOWN
p08,0.2,0.25,0.4756,42,44,30,"[1, 2, 3]",0.5141,0.483074,0.020006,0.462506,0.0,0.000741,0.154169,0.0,0.016102,5365.440880329999,5343.095356579328,-0.4164713440901257,0.0,386.23072657552285,30,27,3,0,90.0,10.0,0.0,0,0.0,249,0,0,0.0,0,0.0,True,True,True,UNKNOWN
p08,0.2,0.25,0.1811,153,44,32,"[1, 2, 3]",0.689,0.655703,0.028225,0.345218,0.281752,0.000941,0.345218,0.281752,0.020491,5365.440880329999,5328.211593370059,-0.6938719070864263,10.592982996034479,328.80991799069545,32,30,1,1,93.75,3.12,3.12,0,0.0,249,0,0,0.0,1,6.07,False,True,False,UNKNOWN
p08,0.2,0.25,0.3012,264,44,27,"[1, 2, 3]",0.9337,0.900304,0.020641,0.700467,0.178476,0.000938,0.175117,0.178476,0.033345,5365.440880329999,5146.925819533469,-4.07263942833885,46.019185434330915,339.92068169608353,27,22,4,1,81.48,14.81,3.7,0,0.0,249,0,0,0.0,0,0.0,True,True,True,UNKNOWN
p08,0.2,0.25,0.2062,375,44,31,"[1, 2, 3]",0.4601,0.42977,0.023809,0.405392,0.0,0.000821,0.202696,0.0,0.013864,5365.440880329999,5394.729016025084,0.5458663388214128,10.050566004691689,357.4890904536815,31,29,2,0,93.55,6.45,0.0,0,0.0,249,0,0,0.0,1,6.07,False,True,False,UNKNOWN
p08,0.2,0.25,0.4113,486,44,21,"[1, 2, 3]",1.0025,0.961773,0.01277,0.947556,0.0,0.000798,0.189511,0.0,0.045799,5365.440880329999,5189.5401397207725,-3.2784023630581536,69.91529296560992,357.6799561353223,21,16,5,0,76.19,23.81,0.0,0,0.0,249,0,0,0.0,0,0.0,True,True,True,UNKNOWN
p08,0.2,0.5,0.5456,42,44,23,"[1, 2, 3]",0.5695,0.528935,0.032233,0.347617,0.147491,0.001612,0.173808,0.147491,0.022997,5365.440880329999,5451.244535996638,1.5991911490665998,11.875265187259501,400.25767504538504,23,20,2,1,86.96,8.7,4.35,0,0.0,249,0,1,1.8,1,1.72,False,True,False,UNKNOWN
p08,0.2,0.5,0.5718,153,44,21,"[1, 2, 3]",1.0301,0.984551,0.023122,0.959827,0.0,0.001285,0.319942,0.0,0.046883,5365.440880329999,5357.024064907315,-0.1568709004611537,12.455346719849217,399.99220960628503,21,18,3,0,85.71,14.29,0.0,0,0.0,249,0,0,0.0,2,3.05,False,True,False,UNKNOWN
p08,0.2,0.5,0.6378,264,44,25,"[1, 2, 3]",0.8167,0.787972,0.040455,0.745989,0.0,0.002023,0.149198,0.0,0.031519,5365.440880329999,5231.279537786741,-2.5004719190011326,31.785883401754432,424.6600647980984,25,20,5,0,80.0,20.0,0.0,0,0.0,249,0,0,0.0,0,0.0,True,True,True,UNKNOWN
p08,0.2,0.5,0.4115,375,44,28,"[1, 2, 3]",0.6274,0.587933,0.029581,0.557236,0.0,0.001138,0.278618,0.0,0.020998,5365.440880329999,5374.861845720992,0.1755860441129956,37.32861190896082,396.2680516270361,28,26,2,0,92.86,7.14,0.0,0,0.0,249,0,0,0.0,0,0.0,True,True,True,UNKNOWN
p08,0.2,0.5,0.7736,486,44,10,"[1, 2, 3]",0.225,0.183515,0.008514,0.173508,0.0,0.001419,0.043377,0.0,0.018352,5365.440880329999,5351.098625069337,-0.26730804756869214,72.73447872417447,328.80991799069545,10,6,4,0,60.0,40.0,0.0,0,0.0,249,0,0,0.0,2,3.05,False,True,False,UNKNOWN
p08,0.2,0.75,0.6103,42,44,30,"[1, 2, 3]",0.4863,0.442987,0.058694,0.277039,0.10634,0.002348,0.06926,0.10634,0.014766,5365.440880329999,5474.185759876075,2.026765031457911,62.18606506195445,412.3105835004082,30,25,4,1,83.33,13.33,3.33,0,0.0,249,0,0,0.0,0,0.0,True,True,True,UNKNOWN
p08,0.2,0.75,0.9088,153,44,10,"[1, 2, 3]",0.107,0.061286,0.016839,0.042849,0.0,0.001871,0.042849,0.0,0.006129,5365.440880329999,5537.710441160848,3.2107251700861763,37.16947271814135,328.80991799069545,10,9,1,0,90.0,10.0,0.0,0,0.0,249,0,0,0.0,2,3.05,False,True,False,UNKNOWN
p08,0.2,0.75,0.6,264,44,24,"[1, 2, 3]",0.8946,0.853241,0.023998,0.157171,0.671005,0.001263,0.078586,0.223668,0.035552,5365.440880329999,5503.499983888457,2.5731175990511757,0.0,422.71818782480216,24,19,2,3,79.17,8.33,12.5,0,0.0,249,0,0,0.0,0,0.0,True,True,True,UNKNOWN
p08,0.2,0.75,0.6188,375,44,26,"[1, 2, 3]",0.6435,0.602276,0.026588,0.498236,0.076595,0.001209,0.166079,0.076595,0.023164,5365.440880329999,5350.328022357776,-0.2816703847698351,50.33026059272365,394.177536009249,26,22,3,1,84.62,11.54,3.85,0,0.0,249,0,0,0.0,0,0.0,True,True,True,UNKNOWN
p08,0.2,0.75,0.7606,486,44,10,"[1, 2, 3]",0.2463,0.19493,0.005445,0.187672,0.0,0.000778,0.062557,0.0,0.019493,5365.440880329999,5300.30250840628,-1.2140357777963793,95.38714680215398,328.80991799069545,10,7,3,0,70.0,30.0,0.0,0,0.0,249,0,0,0.0,2,3.05,False,True,False,UNKNOWN
p08,0.4,0.25,0.3974,42,88,57,"[1, 2, 3]",1.6729,1.631574,0.073848,1.55579,0.0,0.001393,0.388947,0.0,0.028624,5365.440880329999,5342.001898736041,-0.4368509898205585,0.0,376.13040372227965,57,53,4,0,92.98,7.02,0.0,0,0.0,249,0,0,0.0,0,0.0,True,True,True,UNKNOWN
p08,0.4,0.25,0.1783,153,88,56,"[1, 2, 3]",2.3311,2.289602,0.091818,1.47254,0.723144,0.0018,0.490847,0.361572,0.040886,5365.440880329999,5438.128304036265,1.3547334753559912,10.592982996034479,331.1696805897784,56,51,3,2,91.07,5.36,3.57,0,0.0,249,0,0,0.0,0,0.0,True,True,True,UNKNOWN
p08,0.4,0.25,0.2716,264,88,49,"[1, 2, 3]",2.1701,2.125299,0.056422,1.810203,0.256353,0.001312,0.362041,0.256353,0.043373,5365.440880329999,5284.207331418078,-1.5140144253518484,39.4754845034029,339.92068169608353,49,43,5,1,87.76,10.2,2.04,0,0.0,249,0,0,0.0,0,0.0,True,True,True,UNKNOWN
p08,0.4,0.25,0.18,375,88,54,"[1, 2, 3]",2.1502,2.109249,0.084857,1.778627,0.243293,0.001845,0.25409,0.243293,0.03906,5365.440880329999,5357.65498342474,-0.14511196896797485,16.54848601403053,378.6931595323999,54,46,7,1,85.19,12.96,1.85,0,0.0,249,0,0,0.0,0,0.0,True,True,True,UNKNOWN
p08,0.4,0.25,0.3533,486,88,49,"[1, 2, 3]",1.1075,1.064204,0.072792,0.989256,0.0,0.001618,0.247314,0.0,0.021718,5365.440880329999,5472.434387780979,1.994123313206628,61.86749394390341,361.15713981511794,49,45,4,0,91.84,8.16,0.0,0,0.0,249,0,0,0.0,0,0.0,True,True,True,UNKNOWN
p08,0.4,0.5,0.4626,42,88,52,"[1, 2, 3]",2.0517,1.99983,0.055738,1.941868,0.0,0.001296,0.215763,0.0,0.038458,5365.440880329999,5344.110250475155,-0.3975559572940852,34.47487493726091,425.76703665806843,52,43,9,0,82.69,17.31,0.0,0,0.0,249,0,0,0.0,0,0.0,True,True,True,UNKNOWN
p08,0.4,0.5,0.4564,153,88,52,"[1, 2, 3]",3.6154,3.575987,0.064388,2.622668,0.886573,0.00157,0.327834,0.295524,0.068769,5365.440880329999,5315.4348290128455,-0.9320026523911346,7.1996676121997325,400.8803537288988,52,41,8,3,78.85,15.38,5.77,0,0.0,249,0,0,0.0,0,0.0,True,True,True,UNKNOWN
p08,0.4,0.5,0.7062,264,88,40,"[1, 2, 3]",1.1086,1.065557,0.043558,0.938228,0.081277,0.001452,0.104248,0.081277,0.026639,5365.440880329999,5404.536523543694,0.7286566767890651,31.785883401754432,424.6600647980984,40,30,9,1,75.0,22.5,2.5,0,0.0,249,0,0,0.0,0,0.0,True,True,True,UNKNOWN
p08,0.4,0.5,0.3712,375,88,55,"[1, 2, 3]",1.0415,0.995733,0.09056,0.9027,0.0,0.001776,0.225675,0.0,0.018104,5365.440880329999,5297.711065037421,-1.2623345742356402,57.226611222638496,396.2680516270361,55,51,4,0,92.73,7.27,0.0,0,0.0,249,0,0,0.0,0,0.0,True,True,True,UNKNOWN
p08,0.4,0.5,0.6826,486,88,32,"[1, 2, 3]",0.577,0.535851,0.043988,0.426648,0.062407,0.001629,0.106662,0.062407,0.016745,5365.440880329999,5495.519891725766,2.4243862582223805,19.027678852287664,406.12227301842523,32,27,4,1,84.38,12.5,3.12,0,0.0,249,0,1,0.2,1,6.07,False,True,False,UNKNOWN
p08,0.4,0.75,0.6276,42,88,46,"[1, 2, 3]",1.7777,1.713591,0.06012,1.521479,0.128538,0.001582,0.217354,0.128538,0.037252,5365.440880329999,5577.107781330234,3.9450048136065896,2.354703427251536,425.17811860004787,46,38,7,1,82.61,15.22,2.17,0,0.0,249,0,0,0.0,0,0.0,True,True,True,UNKNOWN
p08,0.4,0.75,0.8865,153,88,24,"[1, 2, 3]",0.5081,0.459103,0.02868,0.427508,0.0,0.001509,0.085502,0.0,0.019129,5365.440880329999,5360.271482296917,-0.0963461931345336,70.22316322303834,428.92134957454203,24,19,5,0,79.17,20.83,0.0,0,0.0,249,0,0,0.0,0,0.0,True,True,True,UNKNOWN
p08,0.4,0.75,0.7492,264,88,34,"[1, 2, 3]",1.149,1.102344,0.034616,0.313785,0.751336,0.001385,0.062757,0.187834,0.032422,5365.440880329999,5722.8779347618665,6.661839397807011,69.88440858227557,432.4110236383369,34,25,5,4,73.53,14.71,11.76,0,0.0,249,0,0,0.0,2,3.43,False,True,False,UNKNOWN
p08,0.4,0.75,0.5815,375,88,42,"[1, 2, 3]",1.0078,0.963975,0.085402,0.875282,0.0,0.002308,0.175056,0.0,0.022952,5365.440880329999,5567.225757728034,3.760825659971194,34.508127961445695,425.46390831558244,42,37,5,0,88.1,11.9,0.0,0,0.0,249,0,0,0.0,1,1.55,False,True,False,UNKNOWN
p08,0.4,0.75,0.7326,486,88,29,"[1, 2, 3]",0.4448,0.401111,0.038811,0.358838,0.0,0.001617,0.071768,0.0,0.013831,5365.440880329999,5366.124148245565,0.012734608968869982,170.20887770519096,419.6600647980984,29,24,5,0,82.76,17.24,0.0,0,0.0,249,0,0,0.0,1,2.49,False,True,False,UNKNOWN
p09,0.05,0.25,0.2879,42,11,10,"[1, 2, 3]",0.0899,0.037236,0.037088,0.0,0.0,0.003709,0.0,0.0,0.003724,4049.660617563807,4188.523506080299,3.429000640553152,0.0,337.7822050401509,10,10,0,0,100.0,0.0,0.0,0,0.0,249,0,0,0.0,0,0.0,True,True,True,UNKNOWN
p09,0.05,0.25,0.2595,153,11,10,"[1, 2, 3]",0.2326,0.193313,0.012943,0.18031,0.0,0.001618,0.090155,0.0,0.019331,4049.660617563807,4219.1975479236025,4.186447862433108,2.0633400094484813,264.16588664092825,10,8,2,0,80.0,20.0,0.0,0,0.0,249,0,0,0.0,0,0.0,True,True,True,UNKNOWN
p09,0.05,0.25,0.2378,264,11,9,"[1, 2, 3]",0.0842,0.038218,0.038101,0.0,0.0,0.004233,0.0,0.0,0.004246,4049.660617563807,4178.061022284258,3.1706460576860342,8.490676167724985,327.1494602099374,9,9,0,0,100.0,0.0,0.0,0,0.0,249,0,0,0.0,0,0.0,True,True,True,UNKNOWN
p09,0.05,0.25,0.1592,375,11,8,"[1, 2, 3]",0.0769,0.021655,0.021163,0.0,0.0,0.002645,0.0,0.0,0.002707,4049.660617563807,4102.168442283982,1.2965981517671517,0.0,334.77194221261783,8,8,0,0,100.0,0.0,0.0,0,0.0,249,0,0,0.0,0,0.0,True,True,True,UNKNOWN
p09,0.05,0.25,0.3777,486,11,7,"[1, 2, 3]",0.1316,0.08408,0.012146,0.071412,0.0,0.002024,0.071412,0.0,0.012011,4049.660617563807,4092.147724704304,1.049152290841997,2.8538196349493745,275.2658866409283,7,6,1,0,85.71,14.29,0.0,0,0.0,249,0,0,0.0,0,0.0,True,True,True,UNKNOWN
p09,0.05,0.5,0.7019,42,11,8,"[1, 2, 3]",0.0986,0.045408,0.011426,0.033744,0.0,0.001632,0.033744,0.0,0.005676,4049.660617563807,4235.493089610366,4.588840636190198,0.0,304.1469191628504,8,7,1,0,87.5,12.5,0.0,0,0.0,249,0,0,0.0,0,0.0,True,True,True,UNKNOWN
p09,0.05,0.5,0.482,153,11,8,"[1, 2, 3]",0.1666,0.128845,0.006132,0.122578,0.0,0.001022,0.061289,0.0,0.016106,4049.660617563807,4277.524917167812,5.626750513752527,0.0,276.90869019049535,8,6,2,0,75.0,25.0,0.0,0,0.0,249,0,0,0.0,0,0.0,True,True,True,UNKNOWN
p09,0.05,0.5,0.5808,264,11,7,"[1, 2, 3]",0.0761,0.036637,0.008702,0.027665,0.0,0.00145,0.027665,0.0,0.005234,4049.660617563807,4113.179838208245,1.5685072563599152,0.0,250.15428691033372,7,6,1,0,85.71,14.29,0.0,0,0.0,249,0,0,0.0,0,0.0,True,True,True,UNKNOWN
p09,0.05,0.5,0.3469,375,11,9,"[1, 2, 3]",0.1191,0.084627,0.013214,0.07111,0.0,0.001652,0.07111,0.0,0.009403,4049.660617563807,4136.8403640670695,2.1527667312454413,3.799999999999997,323.448438241784,9,8,1,0,88.89,11.11,0.0,0,0.0,249,0,0,0.0,0,0.0,True,True,True,UNKNOWN
p09,0.05,0.5,0.6437,486,11,5,"[1, 2, 3]",0.0358,0.003874,0.003587,0.0,0.0,0.000717,0.0,0.0,0.000775,4049.660617563807,4081.3741181789856,0.7831150214818892,0.0,265.26446024138556,5,5,0,0,100.0,0.0,0.0,0,0.0,249,0,0,0.0,0,0.0,True,True,True,UNKNOWN
p09,0.05,0.75,0.9714,42,11,6,"[1, 2, 3]",0.1268,0.086297,0.004323,0.0,0.081566,0.000865,0.0,0.081566,0.014383,4049.660617563807,4382.04181089425,8.207630829331002,0.0,337.19470896944244,6,5,0,1,83.33,0.0,16.67,0,0.0,249,0,1,6.8,1,8.77,False,True,False,UNKNOWN
p09,0.05,0.75,0.8199,153,11,4,"[1, 2, 3]",0.1622,0.117969,0.003679,0.113931,0.0,0.001839,0.056965,0.0,0.029492,4049.660617563807,4175.493689370336,3.107249809052582,0.4873127273199884,284.40869019049535,4,2,2,0,50.0,50.0,0.0,0,0.0,249,0,0,0.0,0,0.0,True,True,True,UNKNOWN
p09,0.05,0.75,0.8316,264,11,5,"[1, 2, 3]",0.0642,0.014889,0.002971,0.011212,0.0,0.000743,0.011212,0.0,0.002978,4049.660617563807,4108.074778602659,1.4424458381895777,20.326065513521314,257.61926029379265,5,4,1,0,80.0,20.0,0.0,0,0.0,249,0,0,0.0,0,0.0,True,True,True,UNKNOWN
p09,0.05,0.75,0.5398,375,11,6,"[1, 2, 3]",0.1947,0.156233,0.006926,0.074086,0.074608,0.001731,0.074086,0.074608,0.026039,4049.660617563807,4256.4190288000445,5.1055737939990395,30.947280843624867,318.8060199239337,6,4,1,1,66.67,16.67,16.67,0,0.0,249,0,1,3.6,1,2.84,False,True,False,UNKNOWN
p09,0.05,0.75,0.7658,486,11,3,"[1, 2, 3]",0.0711,0.024107,0.0017,0.021446,0.0,0.00085,0.021446,0.0,0.008036,4049.660617563807,4084.1138780360075,0.8507690822972395,21.755244472943986,274.7114633058795,3,2,1,0,66.67,33.33,0.0,0,0.0,249,0,0,0.0,0,0.0,True,True,True,UNKNOWN
p09,0.1,0.25,0.3396,42,22,17,"[1, 2, 3]",0.1395,0.09198,0.044113,0.047219,0.0,0.002757,0.047219,0.0,0.005411,4049.660617563807,4259.397325999958,5.179118159346513,3.4000000000000057,311.34096069745124,17,16,1,0,94.12,5.88,0.0,0,0.0,249,0,0,0.0,0,0.0,True,True,True,UNKNOWN
p09,0.1,0.25,0.2733,153,22,16,"[1, 2, 3]",0.227,0.18679,0.021426,0.165027,0.0,0.00153,0.082513,0.0,0.011674,4049.660617563807,4264.2267143944555,5.298372310510477,28.74282864813359,264.16588664092825,16,14,2,0,87.5,12.5,0.0,0,0.0,249,0,0,0.0,0,0.0,True,True,True,UNKNOWN
p09,0.1,0.25,0.3122,264,22,17,"[1, 2, 3]",0.099,0.04726,0.046979,0.0,0.0,0.002763,0.0,0.0,0.00278,4049.660617563807,4284.759718063743,5.8054025436177605,8.490676167724985,332.4947806479123,17,17,0,0,100.0,0.0,0.0,0,0.0,249,0,0,0.0,0,0.0,True,True,True,UNKNOWN
p09,0.1,0.25,0.1933,375,22,12,"[1, 2, 3]",0.1207,0.079541,0.032443,0.045651,0.0,0.002949,0.045651,0.0,0.006628,4049.660617563807,4174.078362397789,3.072300535367545,0.059340771461975805,334.77194221261783,12,11,1,0,91.67,8.33,0.0,0,0.0,249,0,0,0.0,0,0.0,True,True,True,UNKNOWN
p09,0.1,0.25,0.408,486,22,15,"[1, 2, 3]",0.2258,0.183768,0.026702,0.156328,0.0,0.002054,0.078164,0.0,0.012251,4049.660617563807,4144.591130605201,2.3441597211793597,5.918763095676752,293.00086892960223,15,13,2,0,86.67,13.33,0.0,0,0.0,249,0,0,0.0,0,0.0,True,True,True,UNKNOWN
p09,0.1,0.5,0.6809,42,22,10,"[1, 2, 3]",0.1374,0.095439,0.014436,0.014333,0.066055,0.001805,0.014333,0.066055,0.009544,4049.660617563807,4236.560454087973,4.615197523307548,0.0,309.6404004781265,10,8,1,1,80.0,10.0,10.0,0,0.0,249,0,1,1.8,0,0.0,False,True,False,UNKNOWN
p09,0.1,0.5,0.5461,153,22,12,"[1, 2, 3]",0.2625,0.222226,0.0089,0.212858,0.0,0.001113,0.053215,0.0,0.018519,4049.660617563807,4278.679779570815,5.65526802452847,23.167351628505344,276.90869019049535,12,8,4,0,66.67,33.33,0.0,0,0.0,249,0,0,0.0,0,0.0,True,True,True,UNKNOWN
p09,0.1,0.5,0.5437,264,22,14,"[1, 2, 3]",0.1252,0.085015,0.024032,0.060191,0.0,0.002003,0.030096,0.0,0.006073,4049.660617563807,4209.699767949166,3.951915123239022,29.81514315678757,320.48857619973205,14,12,2,0,85.71,14.29,0.0,0,0.0,249,0,0,0.0,0,0.0,True,True,True,UNKNOWN
p09,0.1,0.5,0.398,375,22,14,"[1, 2, 3]",0.174,0.134443,0.012183,0.121796,0.0,0.001015,0.060898,0.0,0.009603,4049.660617563807,4217.068180307716,4.1338664780412575,5.636969403178739,323.448438241784,14,12,2,0,85.71,14.29,0.0,0,0.0,249,0,0,0.0,0,0.0,True,True,True,UNKNOWN
p09,0.1,0.5,0.6973,486,22,8,"[1, 2, 3]",0.0615,0.009455,0.008203,0.0,0.0,0.001025,0.0,0.0,0.001182,4049.660617563807,4113.6804967589005,1.5808702318765275,22.820711702773394,269.92184965720276,8,8,0,0,100.0,0.0,0.0,0,0.0,249,0,0,0.0,0,0.0,True,True,True,UNKNOWN
p09,0.1,0.75,0.8384,42,22,10,"[1, 2, 3]",0.1402,0.104257,0.004483,0.0,0.09921,0.00056,0.0,0.049605,0.010426,4049.660617563807,4434.871321146925,9.512172499404471,40.52629172461867,337.19470896944244,10,8,0,2,80.0,0.0,20.0,0,0.0,249,0,2,6.2,1,8.77,False,True,False,UNKNOWN
p09,0.1,0.75,0.8714,153,22,6,"[1, 2, 3]",0.1856,0.146693,0.003812,0.14226,0.0,0.001271,0.04742,0.0,0.024449,4049.660617563807,4185.348871429037,3.3506080306269497,45.49106312640535,343.2978544226704,6,3,3,0,50.0,50.0,0.0,0,0.0,249,0,0,0.0,0,0.0,True,True,True,UNKNOWN
p09,0.1,0.75,0.5958,264,22,10,"[1, 2, 3]",0.1223,0.089185,0.024833,0.063129,0.0,0.003104,0.031564,0.0,0.008918,4049.660617563807,4171.504698182619,3.0087479452070918,77.74120867030891,266.92365124477806,10,8,2,0,80.0,20.0,0.0,0,0.0,249,0,0,0.0,0,0.0,True,True,True,UNKNOWN
p09,0.1,0.75,0.626,375,22,9,"[1, 2, 3]",0.1771,0.127887,0.009128,0.06738,0.050476,0.001304,0.06738,0.050476,0.01421,4049.660617563807,4281.601863931112,5.7274243022082265,33.913565546106156,318.8060199239337,9,7,1,1,77.78,11.11,11.11,0,0.0,249,0,1,3.6,1,2.84,False,True,False,UNKNOWN
p09,0.1,0.75,0.7567,486,22,6,"[1, 2, 3]",0.0862,0.036972,0.004357,0.031309,0.0,0.000871,0.031309,0.0,0.006162,4049.660617563807,4116.420256615922,1.6485242926918668,43.7759561757174,274.7114633058795,6,5,1,0,83.33,16.67,0.0,0,0.0,249,0,0,0.0,0,0.0,True,True,True,UNKNOWN
p09,0.2,0.25,0.456,42,44,31,"[1, 2, 3]",0.128,0.089959,0.036094,0.05302,0.0,0.001203,0.05302,0.0,0.002902,4049.660617563807,4387.212751159513,8.33531906678071,12.827263904542974,311.34096069745124,31,30,1,0,96.77,3.23,0.0,0,0.0,249,0,0,0.0,0,0.0,True,True,True,UNKNOWN
p09,0.2,0.25,0.1883,153,44,31,"[1, 2, 3]",0.3685,0.326416,0.053492,0.271806,0.0,0.001845,0.135903,0.0,0.01053,4049.660617563807,4268.145038142154,5.395129153064246,28.74282864813359,273.01557248745166,31,29,2,0,93.55,6.45,0.0,0,0.0,249,0,0,0.0,0,0.0,True,True,True,UNKNOWN
p09,0.2,0.25,0.2907,264,44,34,"[1, 2, 3]",0.1352,0.091521,0.090785,0.0,0.0,0.00267,0.0,0.0,0.002692,4049.660617563807,4388.9568767690835,8.378387505701404,36.507440952529166,332.4947806479123,34,34,0,0,100.0,0.0,0.0,0,0.0,249,0,0,0.0,0,0.0,True,True,True,UNKNOWN
p09,0.2,0.25,0.2021,375,44,33,"[1, 2, 3]",0.251,0.210598,0.059195,0.150293,0.0,0.001973,0.050098,0.0,0.006382,4049.660617563807,4402.80420749325,8.72032556006846,43.059340771461976,334.77194221261783,33,30,3,0,90.91,9.09,0.0,0,0.0,249,0,0,0.0,0,0.0,True,True,True,UNKNOWN
p09,0.2,0.25,0.4104,486,44,31,"[1, 2, 3]",0.3806,0.34594,0.037431,0.30779,0.0,0.001386,0.076948,0.0,0.011159,4049.660617563807,4284.138653398877,5.7900663284748815,13.442740674365382,321.2156058812519,31,27,4,0,87.1,12.9,0.0,0,0.0,249,0,0,0.0,0,0.0,True,True,True,UNKNOWN
p09,0.2,0.5,0.5278,42,44,21,"[1, 2, 3]",0.1657,0.126809,0.033148,0.043701,0.04866,0.001842,0.02185,0.04866,0.006039,4049.660617563807,4300.607819528223,6.196746484780273,4.458694985861683,325.1436400187082,21,18,2,1,85.71,9.52,4.76,0,0.0,249,0,1,1.8,0,0.0,False,True,False,UNKNOWN
p09,0.2,0.5,0.6265,153,44,23,"[1, 2, 3]",0.298,0.254885,0.039041,0.21469,0.0,0.001952,0.071563,0.0,0.011082,4049.660617563807,4348.971234373919,7.391004952661226,51.731257187237816,276.90869019049535,23,20,3,0,86.96,13.04,0.0,0,0.0,249,0,0,0.0,0,0.0,True,True,True,UNKNOWN
p09,0.2,0.5,0.6277,264,44,23,"[1, 2, 3]",0.2078,0.167285,0.030605,0.135679,0.0,0.001611,0.03392,0.0,0.007273,4049.660617563807,4294.164439096531,6.037637338602772,33.56677152367524,355.8871630304169,23,19,4,0,82.61,17.39,0.0,0,0.0,249,0,0,0.0,0,0.0,True,True,True,UNKNOWN
p09,0.2,0.5,0.4046,375,44,28,"[1, 2, 3]",0.2225,0.174567,0.033611,0.13941,0.0,0.001293,0.069705,0.0,0.006235,4049.660617563807,4270.256726722465,5.447273981476599,5.636969403178739,309.43035683286115,28,26,2,0,92.86,7.14,0.0,0,0.0,249,0,0,0.0,0,0.0,True,True,True,UNKNOWN
p09,0.2,0.5,0.7777,486,44,13,"[1, 2, 3]",0.0928,0.048167,0.009076,0.037083,0.0,0.000908,0.012361,0.0,0.003705,4049.660617563807,4245.051281068505,4.824865141964436,65.43637701535627,270.69207456296806,13,10,3,0,76.92,23.08,0.0,0,0.0,249,0,0,0.0,0,0.0,True,True,True,UNKNOWN
p09,0.2,0.75,0.6275,42,44,30,"[1, 2, 3]",0.3589,0.296622,0.037286,0.116883,0.141739,0.001621,0.029221,0.047246,0.009887,4049.660617563807,4568.599579167967,12.814381515168622,55.34420078309104,339.3305203034308,30,23,4,3,76.67,13.33,10.0,0,0.0,249,0,2,7.7,0,0.0,False,True,False,UNKNOWN
p09,0.2,0.75,0.9326,153,44,11,"[1, 2, 3]",0.2025,0.159713,0.010233,0.148095,0.0,0.001279,0.049365,0.0,0.014519,4049.660617563807,4209.928080067149,3.9575529319233445,45.49106312640535,391.76425452307,11,8,3,0,72.73,27.27,0.0,0,0.0,249,0,0,0.0,0,0.0,True,True,True,UNKNOWN
p09,0.2,0.75,0.6111,264,44,20,"[1, 2, 3]",0.1391,0.095968,0.045801,0.048847,0.0,0.002544,0.024424,0.0,0.004798,4049.660617563807,4283.047150770751,5.7631133876928216,82.11489743531607,266.92365124477806,20,18,2,0,90.0,10.0,0.0,0,0.0,249,0,0,0.0,0,0.0,True,True,True,UNKNOWN
p09,0.2,0.75,0.5969,375,44,24,"[1, 2, 3]",0.2741,0.229236,0.019593,0.154264,0.054284,0.001089,0.030853,0.054284,0.009551,4049.660617563807,4428.712754854667,9.360096390469621,77.42268528191089,324.8518445357791,24,18,5,1,75.0,20.83,4.17,0,0.0,249,0,1,3.6,1,4.79,False,True,False,UNKNOWN
p09,0.2,0.75,0.7548,486,44,16,"[1, 2, 3]",0.147,0.105993,0.012594,0.092065,0.0,0.00105,0.023016,0.0,0.006625,4049.660617563807,4331.671670998881,6.963819442349377,74.83690454934057,338.9973130450659,16,12,4,0,75.0,25.0,0.0,0,0.0,249,0,0,0.0,0,0.0,True,True,True,UNKNOWN
p09,0.4,0.25,0.3808,42,89,61,"[1, 2, 3]",0.4673,0.425469,0.077685,0.346076,0.0,0.001439,0.049439,0.0,0.006975,4049.660617563807,4579.149708141637,13.074900357856652,41.133291031548694,347.626494548994,61,54,7,0,88.52,11.48,0.0,0,0.0,249,0,0,0.0,0,0.0,True,True,True,UNKNOWN
p09,0.4,0.25,0.1784,153,89,62,"[1, 2, 3]",0.8827,0.839582,0.09785,0.739604,0.0,0.001747,0.123267,0.0,0.013542,4049.660617563807,4471.259694320651,10.410726146490495,22.923129903864165,291.19304609137987,62,56,6,0,90.32,9.68,0.0,0,0.0,249,0,0,0.0,0,0.0,True,True,True,UNKNOWN
p09,0.4,0.25,0.271,264,89,69,"[1, 2, 3]",0.4378,0.393597,0.143614,0.248495,0.0,0.002143,0.124247,0.0,0.005704,4049.660617563807,4558.260231235549,12.559067578796402,46.5966732002868,332.4947806479123,69,67,2,0,97.1,2.9,0.0,0,0.0,249,0,0,0.0,0,0.0,True,True,True,UNKNOWN
p09,0.4,0.25,0.1721,375,89,63,"[1, 2, 3]",0.6587,0.618652,0.098057,0.518726,0.0,0.001691,0.103745,0.0,0.00982,4049.660617563807,4499.985692338038,11.12006948980176,60.085274481616175,334.77194221261783,63,58,5,0,92.06,7.94,0.0,0,0.0,249,0,0,0.0,0,0.0,True,True,True,UNKNOWN
p09,0.4,0.25,0.3553,486,89,66,"[1, 2, 3]",0.5062,0.458926,0.096943,0.36043,0.0,0.001564,0.090107,0.0,0.006953,4049.660617563807,4549.3150798126,12.338181132555611,11.501026087121872,334.53953166860924,66,62,4,0,93.94,6.06,0.0,0,0.0,249,0,0,0.0,0,0.0,True,True,True,UNKNOWN
p09,0.4,0.5,0.4513,42,89,46,"[1, 2, 3]",0.445,0.39502,0.099967,0.291832,0.0,0.00238,0.072958,0.0,0.008587,4049.660617563807,4337.467277360005,7.106932826616381,20.243641265179058,309.0713694818877,46,42,4,0,91.3,8.7,0.0,0,0.0,249,0,0,0.0,0,0.0,True,True,True,UNKNOWN
p09,0.4,0.5,0.4621,153,89,52,"[1, 2, 3]",0.6235,0.581839,0.089323,0.490473,0.0,0.001942,0.081745,0.0,0.011189,4049.660617563807,4577.0613945907,13.023332739032492,28.765525033132434,347.5398629736591,52,46,6,0,88.46,11.54,0.0,0,0.0,249,0,0,0.0,0,0.0,True,True,True,UNKNOWN
p09,0.4,0.5,0.7033,264,89,39,"[1, 2, 3]",0.2366,0.192976,0.055272,0.134619,0.0,0.001626,0.026924,0.0,0.004948,4049.660617563807,4408.449908499941,8.859737267365723,58.159316345144845,355.8871630304169,39,34,5,0,87.18,12.82,0.0,0,0.0,249,0,0,0.0,0,0.0,True,True,True,UNKNOWN
p09,0.4,0.5,0.4057,375,89,61,"[1, 2, 3]",0.512,0.466157,0.079239,0.384894,0.0,0.001467,0.054985,0.0,0.007642,4049.660617563807,4485.993791907017,10.774561513890491,22.091277627718114,309.43035683286115,61,54,7,0,88.52,11.48,0.0,0,0.0,249,0,0,0.0,0,0.0,True,True,True,UNKNOWN
p09,0.4,0.5,0.6589,486,89,38,"[1, 2, 3]",0.2709,0.229244,0.044802,0.180551,0.0,0.001493,0.022569,0.0,0.006033,4049.660617563807,4462.234709757564,10.187868346408566,153.03185831839806,308.5375594069326,38,30,8,0,78.95,21.05,0.0,0,0.0,249,0,0,0.0,0,0.0,True,True,True,UNKNOWN
p09,0.4,0.75,0.623,42,89,41,"[1, 2, 3]",0.5375,0.496279,0.035434,0.415554,0.04295,0.001143,0.046173,0.04295,0.012104,4049.660617563807,4692.509554293289,15.874143476156435,40.03543749432008,333.69082814218496,41,31,9,1,75.61,21.95,2.44,0,0.0,249,0,0,0.0,0,0.0,True,True,True,UNKNOWN
p09,0.4,0.75,0.9012,153,89,25,"[1, 2, 3]",0.2575,0.212641,0.020473,0.143665,0.045704,0.000975,0.047888,0.045704,0.008506,4049.660617563807,4475.468277989944,10.514650501312724,116.32876174381184,396.1119309666354,25,21,3,1,84.0,12.0,4.0,0,0.0,249,0,1,3.4,0,0.0,False,True,False,UNKNOWN
p09,0.4,0.75,0.754,264,89,33,"[1, 2, 3]",0.2076,0.164003,0.069563,0.091555,0.0,0.002399,0.022889,0.0,0.00497,4049.660617563807,4506.190983258528,11.273299389946413,164.72673582123326,279.2266367946281,33,29,4,0,87.88,12.12,0.0,0,0.0,249,0,0,0.0,0,0.0,True,True,True,UNKNOWN
p09,0.4,0.75,0.603,375,89,53,"[1, 2, 3]",0.4377,0.39598,0.059705,0.334449,0.0,0.001357,0.037161,0.0,0.007471,4049.660617563807,4564.570014302952,12.714877748172967,86.58366453527952,415.61493418020626,53,44,9,0,83.02,16.98,0.0,0,0.0,249,0,0,0.0,0,0.0,True,True,True,UNKNOWN
p09,0.4,0.75,0.7376,486,89,34,"[1, 2, 3]",0.4904,0.447788,0.039027,0.281942,0.123486,0.001697,0.031327,0.061743,0.01317,4049.660617563807,4601.905365795175,13.636815535509921,50.81481653512911,400.93953166860916,34,23,9,2,67.65,26.47,5.88,0,0.0,249,0,0,0.0,1,3.74,False,True,False,UNKNOWN
p10,0.05,0.25,0.2691,42,11,8,"[1, 2, 3]",0.0804,0.024575,0.024178,0.0,0.0,0.003022,0.0,0.0,0.003072,3945.8233211423644,4004.585934433815,1.4892357946335553,0.0,229.6962893593309,8,8,0,0,100.0,0.0,0.0,0,0.0,249,0,0,0.0,0,0.0,True,True,True,UNKNOWN
p10,0.05,0.25,0.2376,153,11,8,"[1, 2, 3]",0.1459,0.10055,0.01569,0.08457,0.0,0.002615,0.042285,0.0,0.012569,3945.8233211423644,4045.8049636469127,2.533860093756108,0.0,230.41434654666193,8,6,2,0,75.0,25.0,0.0,0,0.0,249,0,0,0.0,0,0.0,True,True,True,UNKNOWN
p10,0.05,0.25,0.2419,264,11,9,"[1, 2, 3]",0.06,0.020238,0.02006,0.0,0.0,0.002229,0.0,0.0,0.002249,3945.8233211423644,4023.1975036738213,1.9609135086427567,0.0,240.0364777993151,9,9,0,0,100.0,0.0,0.0,0,0.0,249,0,0,0.0,0,0.0,True,True,True,UNKNOWN
p10,0.05,0.25,0.1592,375,11,10,"[1, 2, 3]",0.0524,0.008409,0.008352,0.0,0.0,0.000835,0.0,0.0,0.000841,3945.8233211423644,4023.187296027604,1.9606548136788318,0.0,247.50242918531177,10,10,0,0,100.0,0.0,0.0,0,0.0,249,0,0,0.0,0,0.0,True,True,True,UNKNOWN
p10,0.05,0.25,0.4068,486,11,10,"[1, 2, 3]",0.0514,0.008736,0.008679,0.0,0.0,0.000868,0.0,0.0,0.000874,3945.8233211423644,4024.8583320814023,2.0030043037040053,13.793615577647628,242.794843204932,10,10,0,0,100.0,0.0,0.0,0,0.0,249,0,0,0.0,0,0.0,True,True,True,UNKNOWN
p10,0.05,0.5,0.753,42,11,6,"[1, 2, 3]",0.0802,0.022952,0.005465,0.017025,0.0,0.001093,0.017025,0.0,0.003825,3945.8233211423644,4101.404901736021,3.942943409554739,0.0,255.19250649468506,6,5,1,0,83.33,16.67,0.0,0,0.0,249,0,0,0.0,0,0.0,True,True,True,UNKNOWN
p10,0.05,0.5,0.4468,153,11,8,"[1, 2, 3]",0.1313,0.091079,0.007357,0.083486,0.0,0.001226,0.041743,0.0,0.011385,3945.8233211423644,4048.3286290857172,2.5978179862771014,1.9726094286233717,249.41434654666193,8,6,2,0,75.0,25.0,0.0,0,0.0,249,0,0,0.0,0,0.0,True,True,True,UNKNOWN
p10,0.05,0.5,0.5352,264,11,5,"[1, 2, 3]",0.0536,0.004652,0.004178,0.0,0.0,0.000836,0.0,0.0,0.00093,3945.8233211423644,4020.57563959793,1.8944669431859917,2.7280211715332428,229.6962893593309,5,5,0,0,100.0,0.0,0.0,0,0.0,249,0,0,0.0,0,0.0,True,True,True,UNKNOWN
p10,0.05,0.5,0.3469,375,11,10,"[1, 2, 3]",0.0613,0.014293,0.014161,0.0,0.0,0.001416,0.0,0.0,0.001429,3945.8233211423644,4045.5771403671833,2.528086310664791,5.999126811070198,261.9316565267911,10,10,0,0,100.0,0.0,0.0,0,0.0,249,0,0,0.0,0,0.0,True,True,True,UNKNOWN
p10,0.05,0.5,0.686,486,11,4,"[1, 2, 3]",0.0735,0.01902,0.007034,0.011278,0.0,0.002345,0.011278,0.0,0.004755,3945.8233211423644,4052.4193262893546,2.7014895617812225,35.534063396609156,305.07658091402027,4,3,1,0,75.0,25.0,0.0,0,0.0,249,0,0,0.0,0,0.0,True,True,True,UNKNOWN
p10,0.05,0.75,0.9708,42,11,6,"[1, 2, 3]",0.0713,0.019528,0.004088,0.014902,0.0,0.001363,0.004967,0.0,0.003255,3945.8233211423644,4114.773430094552,4.281745410315904,62.72308668324649,265.28164869727493,6,3,3,0,50.0,50.0,0.0,0,0.0,249,0,0,0.0,0,0.0,True,True,True,UNKNOWN
p10,0.05,0.75,0.7611,153,11,4,"[1, 2, 3]",0.1141,0.073105,0.002674,0.070082,0.0,0.002674,0.023361,0.0,0.018276,3945.8233211423644,4134.812195835126,4.789592926782305,11.734090559566766,295.80377470264847,4,1,3,0,25.0,75.0,0.0,0,0.0,249,0,0,0.0,0,0.0,True,True,True,UNKNOWN
p10,0.05,0.75,0.7377,264,11,5,"[1, 2, 3]",0.086,0.038674,0.001255,0.036874,0.0,0.000628,0.012291,0.0,0.007735,3945.8233211423644,4094.430849480592,3.7661982365496214,9.316918620605279,261.47317391659914,5,2,3,0,40.0,60.0,0.0,0,0.0,249,0,0,0.0,0,0.0,True,True,True,UNKNOWN
p10,0.05,0.75,0.5398,375,11,4,"[1, 2, 3]",0.0669,0.026438,0.001987,0.023842,0.0,0.000662,0.023842,0.0,0.006609,3945.8233211423644,3983.4381511266038,0.9532821650349361,16.3939995406283,229.6962893593309,4,3,1,0,75.0,25.0,0.0,0,0.0,249,0,0,0.0,0,0.0,True,True,True,UNKNOWN
p10,0.05,0.75,0.7739,486,11,1,"[1, 2, 3]",0.0572,0.001803,0.000868,0.0,0.0,0.000868,0.0,0.0,0.001803,3945.8233211423644,3950.5180803290887,0.1189804713649736,22.354823195774998,229.6962893593309,1,1,0,0,100.0,0.0,0.0,0,0.0,249,0,0,0.0,0,0.0,True,True,True,UNKNOWN
p10,0.1,0.25,0.3041,42,22,18,"[1, 2, 3]",0.0947,0.040601,0.039989,0.0,0.0,0.002222,0.0,0.0,0.002256,3945.8233211423644,4098.627095794996,3.872544769906054,0.9801073018288093,295.8360135624555,18,18,0,0,100.0,0.0,0.0,0,0.0,249,0,0,0.0,0,0.0,True,True,True,UNKNOWN
p10,0.1,0.25,0.2917,153,22,17,"[1, 2, 3]",0.2146,0.175425,0.025285,0.149751,0.0,0.001806,0.049917,0.0,0.010319,3945.8233211423644,4141.038707921854,4.947392999922073,0.0,268.02578380117734,17,14,3,0,82.35,17.65,0.0,0,0.0,249,0,0,0.0,0,0.0,True,True,True,UNKNOWN
p10,0.1,0.25,0.3307,264,22,19,"[1, 2, 3]",0.1333,0.088239,0.044637,0.043316,0.0,0.002626,0.021658,0.0,0.004644,3945.8233211423644,4104.274746168232,4.015674604001123,0.0,270.49648837512444,19,17,2,0,89.47,10.53,0.0,0,0.0,249,0,0,0.0,0,0.0,True,True,True,UNKNOWN
p10,0.1,0.25,0.1913,375,22,20,"[1, 2, 3]",0.088,0.038568,0.038338,0.0,0.0,0.001917,0.0,0.0,0.001928,3945.8233211423644,4127.713376916235,4.609685760618669,0.0,268.9317613076314,20,20,0,0,100.0,0.0,0.0,0,0.0,249,0,0,0.0,0,0.0,True,True,True,UNKNOWN
p10,0.1,0.25,0.4226,486,22,14,"[1, 2, 3]",0.0529,0.013632,0.013156,0.0,0.0,0.00094,0.0,0.0,0.000974,3945.8233211423644,4061.1902625830066,2.923773622161118,23.552821095009392,242.794843204932,14,14,0,0,100.0,0.0,0.0,0,0.0,249,0,0,0.0,0,0.0,True,True,True,UNKNOWN
p10,0.1,0.5,0.7168,42,22,13,"[1, 2, 3]",0.0621,0.023014,0.012204,0.010285,0.0,0.001017,0.010285,0.0,0.00177,3945.8233211423644,4199.206437638863,6.421552509430163,0.0,262.36156642848016,13,12,1,0,92.31,7.69,0.0,0,0.0,249,0,0,0.0,0,0.0,True,True,True,UNKNOWN
p10,0.1,0.5,0.5309,153,22,14,"[1, 2, 3]",0.1876,0.146403,0.007563,0.138414,0.0,0.00084,0.027683,0.0,0.010457,3945.8233211423644,4140.719625207147,4.939306405851894,65.17735999057385,249.41434654666193,14,9,5,0,64.29,35.71,0.0,0,0.0,249,0,0,0.0,0,0.0,True,True,True,UNKNOWN
p10,0.1,0.5,0.5435,264,22,13,"[1, 2, 3]",0.0906,0.029748,0.028615,0.0,0.0,0.002201,0.0,0.0,0.002288,3945.8233211423644,4115.988866697303,4.312548528038844,4.772973801796326,229.6962893593309,13,13,0,0,100.0,0.0,0.0,0,0.0,249,0,0,0.0,0,0.0,True,True,True,UNKNOWN
p10,0.1,0.5,0.398,375,22,17,"[1, 2, 3]",0.1102,0.05761,0.056871,0.0,0.0,0.003345,0.0,0.0,0.003389,3945.8233211423644,4082.807099572607,3.4716145980551443,18.667749041490097,261.9316565267911,17,17,0,0,100.0,0.0,0.0,0,0.0,249,0,0,0.0,0,0.0,True,True,True,UNKNOWN
p10,0.1,0.5,0.7184,486,22,6,"[1, 2, 3]",0.0738,0.033781,0.006071,0.02652,0.0,0.001518,0.01326,0.0,0.00563,3945.8233211423644,4060.5475030077646,2.9074840034192433,43.1379950540491,305.07658091402027,6,4,2,0,66.67,33.33,0.0,0,0.0,249,0,0,0.0,0,0.0,True,True,True,UNKNOWN
p10,0.1,0.75,0.8929,42,22,10,"[1, 2, 3]",0.1281,0.087991,0.00213,0.085292,0.0,0.000355,0.021323,0.0,0.008799,3945.8233211423644,4187.93277060366,6.135841109865053,74.91553280386887,265.28164869727493,10,6,4,0,60.0,40.0,0.0,0,0.0,249,0,0,0.0,0,0.0,True,True,True,UNKNOWN
p10,0.1,0.75,0.822,153,22,9,"[1, 2, 3]",0.14,0.091581,0.007645,0.08311,0.0,0.001274,0.027703,0.0,0.010176,3945.8233211423644,4193.683204429293,6.28157581103176,36.58452688417967,295.80377470264847,9,6,3,0,66.67,33.33,0.0,0,0.0,249,0,0,0.0,0,0.0,True,True,True,UNKNOWN
p10,0.1,0.75,0.5352,264,22,12,"[1, 2, 3]",0.1019,0.062225,0.023764,0.037861,0.0,0.002376,0.01893,0.0,0.005185,3945.8233211423644,4120.641184545824,4.430453397818326,9.316918620605279,261.47317391659914,12,10,2,0,83.33,16.67,0.0,0,0.0,249,0,0,0.0,0,0.0,True,True,True,UNKNOWN
p10,0.1,0.75,0.6109,375,22,11,"[1, 2, 3]",0.1196,0.078823,0.006304,0.071985,0.0,0.0007,0.035993,0.0,0.007166,3945.8233211423644,4048.819921472788,2.610268933698853,45.12086171909765,229.6962893593309,11,9,2,0,81.82,18.18,0.0,0,0.0,249,0,0,0.0,0,0.0,True,True,True,UNKNOWN
p10,0.1,0.75,0.7607,486,22,3,"[1, 2, 3]",0.088,0.037528,0.002476,0.033426,0.0,0.001238,0.033426,0.0,0.012509,3945.8233211423644,3958.6462570474982,0.32497491300298315,29.15875485321496,229.6962893593309,3,2,1,0,66.67,33.33,0.0,0,0.0,249,0,0,0.0,0,0.0,True,True,True,UNKNOWN
p10,0.2,0.25,0.4543,42,44,32,"[1, 2, 3]",0.1095,0.067443,0.04056,0.026001,0.0,0.001352,0.013001,0.0,0.002108,3945.8233211423644,4228.29517876949,7.158755844783912,48.839144990906746,319.7643165094491,32,30,2,0,93.75,6.25,0.0,0,0.0,249,0,0,0.0,0,0.0,True,True,True,UNKNOWN
p10,0.2,0.25,0.1917,153,44,33,"[1, 2, 3]",0.3708,0.328455,0.037432,0.290255,0.0,0.001337,0.058051,0.0,0.009953,3945.8233211423644,4250.106327983256,7.711521324598943,10.77950064818669,268.02578380117734,33,28,5,0,84.85,15.15,0.0,0,0.0,249,0,0,0.0,0,0.0,True,True,True,UNKNOWN
p10,0.2,0.25,0.288,264,44,35,"[1, 2, 3]",0.1744,0.133636,0.073093,0.05974,0.0,0.00215,0.05974,0.0,0.003818,3945.8233211423644,4292.730371533479,8.791753257991312,13.718002592746771,293.9724335808407,35,34,1,0,97.14,2.86,0.0,0,0.0,249,0,0,0.0,0,0.0,True,True,True,UNKNOWN
p10,0.2,0.25,0.209,375,44,36,"[1, 2, 3]",0.1801,0.134434,0.048485,0.085338,0.0,0.001426,0.042669,0.0,0.003734,3945.8233211423644,4307.498635989713,9.166029125263497,59.830744864291674,268.9317613076314,36,34,2,0,94.44,5.56,0.0,0,0.0,249,0,0,0.0,0,0.0,True,True,True,UNKNOWN
p10,0.2,0.25,0.4147,486,44,31,"[1, 2, 3]",0.1926,0.147822,0.038029,0.109121,0.0,0.001358,0.036374,0.0,0.004768,3945.8233211423644,4277.440736441864,8.404264162630886,42.596649220223924,276.094843204932,31,28,3,0,90.32,9.68,0.0,0,0.0,249,0,0,0.0,0,0.0,True,True,True,UNKNOWN
p10,0.2,0.5,0.618,42,44,27,"[1, 2, 3]",0.1206,0.078857,0.063075,0.014631,0.0,0.002523,0.007316,0.0,0.002921,3945.8233211423644,4307.260656466264,9.159997949914766,7.367122475675188,267.9874211176101,27,25,2,0,92.59,7.41,0.0,0,0.0,249,0,0,0.0,0,0.0,True,True,True,UNKNOWN
p10,0.2,0.5,0.6003,153,44,22,"[1, 2, 3]",0.2434,0.200912,0.011982,0.187805,0.0,0.000856,0.023476,0.0,0.009132,3945.8233211423644,4241.61556967709,7.496337885931757,95.11460567264842,250.1661178189818,22,14,8,0,63.64,36.36,0.0,0,0.0,249,0,0,0.0,0,0.0,True,True,True,UNKNOWN
p10,0.2,0.5,0.6316,264,44,18,"[1, 2, 3]",0.1421,0.106676,0.020951,0.084535,0.0,0.001309,0.042267,0.0,0.005926,3945.8233211423644,4184.606528039583,6.051543301946125,6.352409285515918,291.3407410844,18,16,2,0,88.89,11.11,0.0,0,0.0,249,0,0,0.0,0,0.0,True,True,True,UNKNOWN
p10,0.2,0.5,0.4145,375,44,30,"[1, 2, 3]",0.1212,0.069743,0.068421,0.0,0.0,0.002281,0.0,0.0,0.002325,3945.8233211423644,4235.363675087912,7.337894537602417,12.673773807806064,277.9071855089962,30,30,0,0,100.0,0.0,0.0,0,0.0,249,0,0,0.0,0,0.0,True,True,True,UNKNOWN
p10,0.2,0.5,0.8007,486,44,12,"[1, 2, 3]",0.0942,0.051955,0.007214,0.042752,0.0,0.000902,0.010688,0.0,0.00433,3945.8233211423644,4149.286257568554,5.15641273992178,60.6739618330364,269.54251751741106,12,8,4,0,66.67,33.33,0.0,0,0.0,249,0,0,0.0,0,0.0,True,True,True,UNKNOWN
p10,0.2,0.75,0.6857,42,44,25,"[1, 2, 3]",0.4677,0.427469,0.017618,0.408823,0.0,0.001101,0.045425,0.0,0.017099,3945.8233211423644,4332.176136452122,9.791437270888839,63.79139396311588,286.89250649468505,25,16,9,0,64.0,36.0,0.0,0,0.0,249,0,0,0.0,0,0.0,True,True,True,UNKNOWN
p10,0.2,0.75,0.9074,153,44,10,"[1, 2, 3]",0.129,0.086546,0.004103,0.081254,0.0,0.000684,0.020313,0.0,0.008655,3945.8233211423644,4239.027820924613,7.430755913758497,36.58452688417967,295.80377470264847,10,6,4,0,60.0,40.0,0.0,0,0.0,249,0,0,0.0,0,0.0,True,True,True,UNKNOWN
p10,0.2,0.75,0.6041,264,44,24,"[1, 2, 3]",0.1811,0.140366,0.045319,0.094014,0.0,0.002266,0.023504,0.0,0.005849,3945.8233211423644,4314.02038049947,9.331311348489567,9.316918620605279,342.77239157462196,24,20,4,0,83.33,16.67,0.0,0,0.0,249,0,0,0.0,0,0.0,True,True,True,UNKNOWN
p10,0.2,0.75,0.6346,375,44,23,"[1, 2, 3]",0.1816,0.140436,0.024813,0.114442,0.0,0.001379,0.022888,0.0,0.006106,3945.8233211423644,4257.596114116943,7.901336871928575,88.93648640895582,317.8179564242524,23,18,5,0,78.26,21.74,0.0,0,0.0,249,0,0,0.0,0,0.0,True,True,True,UNKNOWN
p10,0.2,0.75,0.7595,486,44,16,"[1, 2, 3]",0.106,0.062039,0.023289,0.036415,0.0,0.001553,0.036415,0.0,0.003877,3945.8233211423644,4059.426580382397,2.8790761773677924,29.15875485321496,237.8145325912344,16,15,1,0,93.75,6.25,0.0,0,0.0,249,0,0,0.0,0,0.0,True,True,True,UNKNOWN
p10,0.4,0.25,0.3786,42,88,62,"[1, 2, 3]",0.4676,0.42573,0.064676,0.359488,0.0,0.001155,0.059915,0.0,0.006867,3945.8233211423644,4432.721962596082,12.339595613539911,73.7177131866845,319.7643165094491,62,56,6,0,90.32,9.68,0.0,0,0.0,249,0,0,0.0,0,0.0,True,True,True,UNKNOWN
p10,0.4,0.25,0.1834,153,88,63,"[1, 2, 3]",0.6891,0.642558,0.076627,0.564297,0.0,0.001368,0.080614,0.0,0.010199,3945.8233211423644,4507.109996372966,14.22483039783195,20.978282165999026,293.460066967627,63,56,7,0,88.89,11.11,0.0,0,0.0,249,0,0,0.0,0,0.0,True,True,True,UNKNOWN
p10,0.4,0.25,0.2682,264,88,68,"[1, 2, 3]",0.3791,0.341786,0.089369,0.251235,0.0,0.001375,0.083745,0.0,0.005026,3945.8233211423644,4562.924229159461,15.639344638432476,47.070808772114304,306.2009808267888,68,65,3,0,95.59,4.41,0.0,0,0.0,249,0,0,0.0,0,0.0,True,True,True,UNKNOWN
p10,0.4,0.25,0.172,375,88,68,"[1, 2, 3]",0.4966,0.446026,0.117122,0.327278,0.0,0.00183,0.081819,0.0,0.006559,3945.8233211423644,4592.125847974476,16.37940866153629,49.64203057808154,290.261545530896,68,64,4,0,94.12,5.88,0.0,0,0.0,249,0,0,0.0,0,0.0,True,True,True,UNKNOWN
p10,0.4,0.25,0.3626,486,88,62,"[1, 2, 3]",0.274,0.232408,0.097489,0.132995,0.0,0.001652,0.044332,0.0,0.003749,3945.8233211423644,4455.750503075303,12.923213748589943,102.93019421721952,277.9304494640142,62,59,3,0,95.16,4.84,0.0,0,0.0,249,0,0,0.0,0,0.0,True,True,True,UNKNOWN
p10,0.4,0.5,0.5871,42,88,46,"[1, 2, 3]",0.1538,0.105531,0.069945,0.033518,0.0,0.00159,0.016759,0.0,0.002294,3945.8233211423644,4460.608860923417,13.046340342274004,28.273125292134452,325.7228311675401,46,44,2,0,95.65,4.35,0.0,0,0.0,249,0,0,0.0,0,0.0,True,True,True,UNKNOWN
p10,0.4,0.5,0.4571,153,88,49,"[1, 2, 3]",0.4793,0.435003,0.054765,0.378106,0.0,0.001369,0.042012,0.0,0.008878,3945.8233211423644,4458.426837804797,12.991040777619709,95.47569845128493,346.22955895366374,49,40,9,0,81.63,18.37,0.0,0,0.0,249,0,0,0.0,0,0.0,True,True,True,UNKNOWN
p10,0.4,0.5,0.6818,264,88,35,"[1, 2, 3]",0.1891,0.143725,0.064784,0.07642,0.0,0.001963,0.03821,0.0,0.004106,3945.8233211423644,4326.466455190136,9.646735372266255,15.60108480872806,392.99676787447174,35,33,2,0,94.29,5.71,0.0,0,0.0,249,0,0,0.0,0,0.0,True,True,True,UNKNOWN
p10,0.4,0.5,0.406,375,88,56,"[1, 2, 3]",0.3495,0.306849,0.080711,0.224385,0.0,0.001583,0.044877,0.0,0.005479,3945.8233211423644,4515.225474396701,14.430503013233956,48.906393669269754,285.94978612526876,56,51,5,0,91.07,8.93,0.0,0,0.0,249,0,0,0.0,0,0.0,True,True,True,UNKNOWN
p10,0.4,0.5,0.6678,486,88,37,"[1, 2, 3]",0.4099,0.369103,0.02749,0.339353,0.0,0.000982,0.037706,0.0,0.009976,3945.8233211423644,4273.709459423541,8.309701463933004,49.038519982995965,297.30578402364876,37,28,9,0,75.68,24.32,0.0,0,0.0,249,0,0,0.0,0,0.0,True,True,True,UNKNOWN
p10,0.4,0.75,0.6568,42,88,53,"[1, 2, 3]",0.6776,0.636053,0.036914,0.539346,0.058193,0.0009,0.049031,0.058193,0.012001,3945.8233211423644,4708.379984443978,19.325666692061727,98.44619256055879,333.22960485501375,53,41,11,1,77.36,20.75,1.89,0,0.0,249,0,0,0.0,0,0.0,True,True,True,UNKNOWN
p10,0.4,0.75,0.8779,153,88,20,"[1, 2, 3]",0.1224,0.072526,0.010055,0.058693,0.0,0.00067,0.011739,0.0,0.003626,3945.8233211423644,4325.0300882891015,9.610333162026933,62.567399829934956,271.86372270469764,20,15,5,0,75.0,25.0,0.0,0,0.0,249,0,0,0.0,0,0.0,True,True,True,UNKNOWN
p10,0.4,0.75,0.757,264,88,42,"[1, 2, 3]",0.2185,0.166407,0.070063,0.0942,0.0,0.001946,0.0157,0.0,0.003962,3945.8233211423644,4539.88484235797,15.055451622289507,41.255777167847086,352.35433205273563,42,36,6,0,85.71,14.29,0.0,0,0.0,249,0,0,0.0,0,0.0,True,True,True,UNKNOWN
p10,0.4,0.75,0.6062,375,88,45,"[1, 2, 3]",0.2804,0.23762,0.061551,0.130393,0.043431,0.001664,0.018628,0.043431,0.00528,3945.8233211423644,4588.944666850251,16.29878718243511,165.73109878319733,324.2291018159734,45,37,7,1,82.22,15.56,2.22,0,0.0,249,0,0,0.0,0,0.0,True,True,True,UNKNOWN
p10,0.4,0.75,0.7445,486,88,37,"[1, 2, 3]",0.1798,0.137962,0.040526,0.095313,0.0,0.001266,0.019063,0.0,0.003729,3945.8233211423644,4319.998203129283,9.482808821723683,132.48042212992846,348.4110423298983,37,32,5,0,86.49,13.51,0.0,0,0.0,249,0,0,0.0,0,0.0,True,True,True,UNKNOWN
p11,0.05,0.25,0.2727,42,11,8,"[1, 2, 3]",0.0669,0.024657,0.024356,0.0,0.0,0.003044,0.0,0.0,0.003082,3801.9957668863694,3892.9474198207668,2.3922081588450017,0.0,272.4251835485756,8,8,0,0,100.0,0.0,0.0,0,0.0,249,0,0,0.0,0,0.0,True,True,True,UNKNOWN
p11,0.05,0.25,0.2376,153,11,11,"[1, 2, 3]",0.0831,0.035186,0.035186,0.0,0.0,0.003199,0.0,0.0,0.003199,3801.9957668863694,3896.9813347259155,2.4983080903673436,14.490148282142428,239.57025396782163,11,11,0,0,100.0,0.0,0.0,0,0.0,249,0,0,0.0,0,0.0,True,True,True,UNKNOWN
p11,0.05,0.25,0.2398,264,11,10,"[1, 2, 3]",0.0582,0.017062,0.016985,0.0,0.0,0.001698,0.0,0.0,0.001706,3801.9957668863694,3887.9985948131884,2.2620442841063633,0.0,265.58606283038114,10,10,0,0,100.0,0.0,0.0,0,0.0,249,0,0,0.0,0,0.0,True,True,True,UNKNOWN
p11,0.05,0.25,0.1592,375,11,10,"[1, 2, 3]",0.1101,0.061142,0.011419,0.049522,0.0,0.001269,0.049522,0.0,0.006114,3801.9957668863694,3900.651979378232,2.594853296553166,0.0,239.57025396782163,10,9,1,0,90.0,10.0,0.0,0,0.0,249,0,0,0.0,0,0.0,True,True,True,UNKNOWN
p11,0.05,0.25,0.3485,486,11,8,"[1, 2, 3]",0.0707,0.021629,0.021302,0.0,0.0,0.002663,0.0,0.0,0.002704,3801.9957668863694,3868.7843285002896,1.7566711198265323,0.0,239.57025396782163,8,8,0,0,100.0,0.0,0.0,0,0.0,249,0,0,0.0,0,0.0,True,True,True,UNKNOWN
p11,0.05,0.5,0.6928,42,11,4,"[1, 2, 3]",0.0633,0.005576,0.005033,0.0,0.0,0.001258,0.0,0.0,0.001394,3801.9957668863694,3839.783662144155,0.9938963001195557,0.0,269.4005438687016,4,4,0,0,100.0,0.0,0.0,0,0.0,249,0,0,0.0,0,0.0,True,True,True,UNKNOWN
p11,0.05,0.5,0.4468,153,11,4,"[1, 2, 3]",0.1071,0.056755,0.007117,0.049061,0.0,0.002372,0.049061,0.0,0.014189,3801.9957668863694,3842.4018585199356,1.0627600373857475,0.0,239.57025396782163,4,3,1,0,75.0,25.0,0.0,0,0.0,249,0,0,0.0,0,0.0,True,True,True,UNKNOWN
p11,0.05,0.5,0.558,264,11,9,"[1, 2, 3]",0.0552,0.01923,0.004727,0.014415,0.0,0.000591,0.014415,0.0,0.002137,3801.9957668863694,3893.5426406928204,2.407863643715284,36.02303685110161,269.4005438687016,9,8,1,0,88.89,11.11,0.0,0,0.0,249,0,0,0.0,0,0.0,True,True,True,UNKNOWN
p11,0.05,0.5,0.3469,375,11,10,"[1, 2, 3]",0.0402,0.004514,0.004457,0.0,0.0,0.000446,0.0,0.0,0.000451,3801.9957668863694,3889.10187373406,2.2910626993944776,0.8324743804245713,239.57025396782163,10,10,0,0,100.0,0.0,0.0,0,0.0,249,0,0,0.0,0,0.0,True,True,True,UNKNOWN
p11,0.05,0.5,0.6014,486,11,7,"[1, 2, 3]",0.0597,0.013481,0.009829,0.003492,0.0,0.001638,0.003492,0.0,0.001926,3801.9957668863694,3892.858145394693,2.3898600650661717,40.67753146919998,239.57025396782163,7,6,1,0,85.71,14.29,0.0,0,0.0,249,0,0,0.0,0,0.0,True,True,True,UNKNOWN
p11,0.05,0.75,0.9642,42,11,4,"[1, 2, 3]",0.0768,0.008719,0.004095,0.003918,0.0,0.001365,0.003918,0.0,0.00218,3801.9957668863694,3875.3681358909334,1.9298382613574565,25.010495173070012,269.4005438687016,4,3,1,0,75.0,25.0,0.0,0,0.0,249,0,0,0.0,0,0.0,True,True,True,UNKNOWN
p11,0.05,0.75,0.7611,153,11,5,"[1, 2, 3]",0.0461,0.003556,0.003362,0.0,0.0,0.000672,0.0,0.0,0.000711,3801.9957668863694,3850.292097180282,1.270288902332591,0.0,249.10935325017903,5,5,0,0,100.0,0.0,0.0,0,0.0,249,0,0,0.0,0,0.0,True,True,True,UNKNOWN
p11,0.05,0.75,0.7846,264,11,7,"[1, 2, 3]",0.0663,0.00887,0.008454,0.0,0.0,0.001208,0.0,0.0,0.001267,3801.9957668863694,3856.0718223505833,1.4223070929008217,42.0161322491993,299.60765930794776,7,7,0,0,100.0,0.0,0.0,0,0.0,249,0,0,0.0,0,0.0,True,True,True,UNKNOWN
p11,0.05,0.75,0.5398,375,11,6,"[1, 2, 3]",0.0812,0.012861,0.008131,0.003986,0.0,0.001626,0.003986,0.0,0.002143,3801.9957668863694,3843.579000000103,1.093721183908312,40.362787586408416,239.57025396782163,6,5,1,0,83.33,16.67,0.0,0,0.0,249,0,0,0.0,0,0.0,True,True,True,UNKNOWN
p11,0.05,0.75,0.7578,486,11,6,"[1, 2, 3]",0.0549,0.008611,0.002531,0.00576,0.0,0.000506,0.00576,0.0,0.001435,3801.9957668863694,3875.2111590009035,1.9257094590216648,46.94309455548978,239.57025396782163,6,5,1,0,83.33,16.67,0.0,0,0.0,249,0,0,0.0,0,0.0,True,True,True,UNKNOWN
p11,0.1,0.25,0.3059,42,22,16,"[1, 2, 3]",0.0781,0.023593,0.022908,0.0,0.0,0.001432,0.0,0.0,0.001475,3801.9957668863694,3959.113127031356,4.132496977335066,9.255088798581873,272.4251835485756,16,16,0,0,100.0,0.0,0.0,0,0.0,249,0,0,0.0,0,0.0,True,True,True,UNKNOWN
p11,0.1,0.25,0.2917,153,22,19,"[1, 2, 3]",0.1193,0.074372,0.074015,0.0,0.0,0.003896,0.0,0.0,0.003914,3801.9957668863694,3954.984291734726,4.023900451989348,14.490148282142428,293.71254065602847,19,19,0,0,100.0,0.0,0.0,0,0.0,249,0,0,0.0,0,0.0,True,True,True,UNKNOWN
p11,0.1,0.25,0.3213,264,22,15,"[1, 2, 3]",0.0921,0.049594,0.03708,0.011795,0.0,0.002649,0.011795,0.0,0.003306,3801.9957668863694,3934.3944639713204,3.4823473039628974,24.973967627074188,265.58606283038114,15,14,1,0,93.33,6.67,0.0,0,0.0,249,0,0,0.0,0,0.0,True,True,True,UNKNOWN
p11,0.1,0.25,0.1913,375,22,19,"[1, 2, 3]",0.1132,0.070582,0.033951,0.036206,0.0,0.001886,0.036206,0.0,0.003715,3801.9957668863694,3957.0069251029918,4.077099705546704,34.56223697278379,239.57025396782163,19,18,1,0,94.74,5.26,0.0,0,0.0,249,0,0,0.0,0,0.0,True,True,True,UNKNOWN
p11,0.1,0.25,0.3934,486,22,14,"[1, 2, 3]",0.0902,0.046355,0.022831,0.022949,0.0,0.001756,0.022949,0.0,0.003311,3801.9957668863694,3978.0189102355034,4.629756426406742,3.7882687148650263,255.28283615057256,14,13,1,0,92.86,7.14,0.0,0,0.0,249,0,0,0.0,0,0.0,True,True,True,UNKNOWN
p11,0.1,0.5,0.7292,42,22,9,"[1, 2, 3]",0.1012,0.056851,0.007983,0.048306,0.0,0.00114,0.024153,0.0,0.006317,3801.9957668863694,3946.5811002932373,3.8028799154943704,1.6691858217540982,269.4005438687016,9,7,2,0,77.78,22.22,0.0,0,0.0,249,0,0,0.0,0,0.0,True,True,True,UNKNOWN
p11,0.1,0.5,0.5309,153,22,12,"[1, 2, 3]",0.1147,0.074749,0.012504,0.061652,0.0,0.00125,0.030826,0.0,0.006229,3801.9957668863694,3899.7657033518885,2.5715424861082217,4.4096097536268815,297.08843655330577,12,10,2,0,83.33,16.67,0.0,0,0.0,249,0,0,0.0,0,0.0,True,True,True,UNKNOWN
p11,0.1,0.5,0.5527,264,22,12,"[1, 2, 3]",0.0897,0.041813,0.010999,0.030285,0.0,0.001,0.030285,0.0,0.003484,3801.9957668863694,3916.5067933928954,3.0118662283599624,47.24294441218565,269.4005438687016,12,11,1,0,91.67,8.33,0.0,0,0.0,249,0,0,0.0,0,0.0,True,True,True,UNKNOWN
p11,0.1,0.5,0.398,375,22,16,"[1, 2, 3]",0.0626,0.014684,0.014338,0.0,0.0,0.000896,0.0,0.0,0.000918,3801.9957668863694,3947.6241035569374,3.830312961916571,31.682418349601946,239.57025396782163,16,16,0,0,100.0,0.0,0.0,0,0.0,249,0,0,0.0,0,0.0,True,True,True,UNKNOWN
p11,0.1,0.5,0.6761,486,22,11,"[1, 2, 3]",0.0793,0.027081,0.01811,0.008012,0.0,0.001811,0.008012,0.0,0.002462,3801.9957668863694,3926.193077025094,3.2666346243840167,40.67753146919998,239.57025396782163,11,10,1,0,90.91,9.09,0.0,0,0.0,249,0,0,0.0,0,0.0,True,True,True,UNKNOWN
p11,0.1,0.75,0.8619,42,22,5,"[1, 2, 3]",0.0531,0.00666,0.002541,0.002966,0.0,0.000635,0.002966,0.0,0.001332,3801.9957668863694,3879.756434452333,2.0452591831696165,29.18116666008926,269.4005438687016,5,4,1,0,80.0,20.0,0.0,0,0.0,249,0,0,0.0,0,0.0,True,True,True,UNKNOWN
p11,0.1,0.75,0.8245,153,22,8,"[1, 2, 3]",0.0679,0.013113,0.012108,0.0,0.0,0.001514,0.0,0.0,0.001639,3801.9957668863694,3874.820166332551,1.9154255793877601,0.0,273.6374224024483,8,8,0,0,100.0,0.0,0.0,0,0.0,249,0,0,0.0,0,0.0,True,True,True,UNKNOWN
p11,0.1,0.75,0.5723,264,22,13,"[1, 2, 3]",0.0818,0.034918,0.034113,0.0,0.0,0.002624,0.0,0.0,0.002686,3801.9957668863694,3953.346593298145,3.9808257476236912,59.305361972924466,299.60765930794776,13,13,0,0,100.0,0.0,0.0,0,0.0,249,0,0,0.0,0,0.0,True,True,True,UNKNOWN
p11,0.1,0.75,0.6109,375,22,13,"[1, 2, 3]",0.1354,0.093011,0.010695,0.001472,0.080103,0.000972,0.001472,0.080103,0.007155,3801.9957668863694,3954.726517182164,4.01712047199024,84.9312284214244,239.57025396782163,13,11,1,1,84.62,7.69,7.69,0,0.0,249,0,0,0.0,0,0.0,True,True,True,UNKNOWN
p11,0.1,0.75,0.7527,486,22,10,"[1, 2, 3]",0.0697,0.019484,0.009249,0.009173,0.0,0.001028,0.009173,0.0,0.001948,3801.9957668863694,3908.5460906313047,2.8024840183395106,46.94309455548978,239.57025396782163,10,9,1,0,90.0,10.0,0.0,0,0.0,249,0,0,0.0,0,0.0,True,True,True,UNKNOWN
p11,0.2,0.25,0.438,42,44,24,"[1, 2, 3]",0.133,0.090047,0.040603,0.047662,0.0,0.001933,0.015887,0.0,0.003752,3801.9957668863694,4042.0093649731807,6.312831807368621,51.616580606796724,272.4251835485756,24,21,3,0,87.5,12.5,0.0,0,0.0,249,0,0,0.0,0,0.0,True,True,True,UNKNOWN
p11,0.2,0.25,0.1848,153,44,36,"[1, 2, 3]",0.1426,0.099094,0.098197,0.0,0.0,0.002728,0.0,0.0,0.002753,3801.9957668863694,4081.324376732385,7.346894288490249,22.779378005867592,293.71254065602847,36,36,0,0,100.0,0.0,0.0,0,0.0,249,0,0,0.0,0,0.0,True,True,True,UNKNOWN
p11,0.2,0.25,0.2941,264,44,33,"[1, 2, 3]",0.0925,0.052596,0.039836,0.012084,0.0,0.001245,0.012084,0.0,0.001594,3801.9957668863694,4077.6299629991854,7.249723908518331,46.166025138698174,286.1643795360265,33,32,1,0,96.97,3.03,0.0,0,0.0,249,0,0,0.0,0,0.0,True,True,True,UNKNOWN
p11,0.2,0.25,0.21,375,44,34,"[1, 2, 3]",0.1627,0.121397,0.071219,0.049358,0.0,0.002226,0.024679,0.0,0.00357,3801.9957668863694,4110.887996311546,8.124475890149208,79.84227496147686,290.30293359705325,34,32,2,0,94.12,5.88,0.0,0,0.0,249,0,0,0.0,0,0.0,True,True,True,UNKNOWN
p11,0.2,0.25,0.4041,486,44,29,"[1, 2, 3]",0.1027,0.062339,0.039316,0.021837,0.0,0.001404,0.021837,0.0,0.00215,3801.9957668863694,4128.2097638480745,8.580072597736132,25.340771308858294,268.05461445928483,29,28,1,0,96.55,3.45,0.0,0,0.0,249,0,0,0.0,0,0.0,True,True,True,UNKNOWN
p11,0.2,0.5,0.582,42,44,24,"[1, 2, 3]",0.1266,0.086119,0.021182,0.064129,0.0,0.000963,0.032064,0.0,0.003588,3801.9957668863694,4134.373341260646,8.742186860625468,38.94874054987192,269.4005438687016,24,22,2,0,91.67,8.33,0.0,0,0.0,249,0,0,0.0,0,0.0,True,True,True,UNKNOWN
p11,0.2,0.5,0.6126,153,44,17,"[1, 2, 3]",0.161,0.119001,0.021789,0.095423,0.0,0.001453,0.047711,0.0,0.007,3801.9957668863694,3952.5400289768118,3.9596115125012354,10.177333540827533,297.08843655330577,17,15,2,0,88.24,11.76,0.0,0,0.0,249,0,0,0.0,0,0.0,True,True,True,UNKNOWN
p11,0.2,0.5,0.6437,264,44,22,"[1, 2, 3]",0.1245,0.073281,0.025553,0.046422,0.0,0.001278,0.023211,0.0,0.003331,3801.9957668863694,3999.5677803272756,5.196534282380515,63.23500192380965,269.4005438687016,22,20,2,0,90.91,9.09,0.0,0,0.0,249,0,0,0.0,0,0.0,True,True,True,UNKNOWN
p11,0.2,0.5,0.4317,375,44,29,"[1, 2, 3]",0.1553,0.113733,0.038618,0.073908,0.0,0.001485,0.024636,0.0,0.003922,3801.9957668863694,4015.6515788673228,5.619569959593247,92.90996022996251,295.0202887750236,29,26,3,0,89.66,10.34,0.0,0,0.0,249,0,0,0.0,0,0.0,True,True,True,UNKNOWN
p11,0.2,0.5,0.763,486,44,14,"[1, 2, 3]",0.0868,0.034158,0.011899,0.020516,0.0,0.001082,0.006839,0.0,0.00244,3801.9957668863694,3940.258267850462,3.636576930681908,86.52138974096161,239.57025396782163,14,11,3,0,78.57,21.43,0.0,0,0.0,249,0,0,0.0,0,0.0,True,True,True,UNKNOWN
p11,0.2,0.75,0.6102,42,44,21,"[1, 2, 3]",0.0991,0.04852,0.0442,0.002581,0.0,0.00221,0.002581,0.0,0.00231,3801.9957668863694,3991.4112111941713,4.982000399830086,29.18116666008926,283.7821832540152,21,20,1,0,95.24,4.76,0.0,0,0.0,249,0,0,0.0,0,0.0,True,True,True,UNKNOWN
p11,0.2,0.75,0.9085,153,44,9,"[1, 2, 3]",0.12,0.070246,0.01073,0.0,0.057728,0.001341,0.0,0.057728,0.007805,3801.9957668863694,3989.9514903606855,4.943606858043446,22.521544496384024,329.45428768273763,9,8,0,1,88.89,0.0,11.11,0,0.0,249,0,0,0.0,1,6.28,False,True,False,UNKNOWN
p11,0.2,0.75,0.599,264,44,23,"[1, 2, 3]",0.1687,0.127127,0.041845,0.045355,0.03865,0.002092,0.022678,0.03865,0.005527,3801.9957668863694,4180.063916934407,9.943939268445183,71.47993729797253,309.1678580917236,23,20,2,1,86.96,8.7,4.35,0,0.0,249,0,0,0.0,1,0.84,False,True,False,UNKNOWN
p11,0.2,0.75,0.6216,375,44,22,"[1, 2, 3]",0.1467,0.105834,0.029223,0.00152,0.073807,0.001461,0.00152,0.073807,0.004811,3801.9957668863694,4062.742530643047,6.858155025517427,86.95113598250845,285.8029335970532,22,20,1,1,90.91,4.55,4.55,0,0.0,249,0,0,0.0,0,0.0,True,True,True,UNKNOWN
p11,0.2,0.75,0.7586,486,44,16,"[1, 2, 3]",0.0973,0.040614,0.007659,0.031721,0.0,0.000638,0.00793,0.0,0.002538,3801.9957668863694,4000.6112816781947,5.223980429480612,123.6323037695644,239.57025396782163,16,12,4,0,75.0,25.0,0.0,0,0.0,249,0,0,0.0,0,0.0,True,True,True,UNKNOWN
p11,0.4,0.25,0.3808,42,88,59,"[1, 2, 3]",0.2025,0.158163,0.086985,0.069496,0.0,0.001641,0.011583,0.0,0.002681,3801.9957668863694,4426.373744913031,16.422374360979205,104.15353643276879,323.1188005966459,59,53,6,0,89.83,10.17,0.0,0,0.0,249,0,0,0.0,0,0.0,True,True,True,UNKNOWN
p11,0.4,0.25,0.1758,153,88,78,"[1, 2, 3]",0.259,0.216605,0.172023,0.043564,0.0,0.002234,0.043564,0.0,0.002777,3801.9957668863694,4324.443950792451,13.741419400209864,25.514677830977064,345.6940525063294,78,77,1,0,98.72,1.28,0.0,0,0.0,249,0,0,0.0,0,0.0,True,True,True,UNKNOWN
p11,0.4,0.25,0.2788,264,88,70,"[1, 2, 3]",0.1974,0.15405,0.122415,0.030338,0.0,0.001774,0.030338,0.0,0.002201,3801.9957668863694,4433.931204314177,16.621150473960917,51.69179886351531,278.245198192997,70,69,1,0,98.57,1.43,0.0,0,0.0,249,0,0,0.0,0,0.0,True,True,True,UNKNOWN
p11,0.4,0.25,0.174,375,88,71,"[1, 2, 3]",0.3371,0.287654,0.090418,0.19601,0.0,0.00137,0.039202,0.0,0.004051,3801.9957668863694,4394.920609784948,15.595094767402976,71.29917784826155,295.9574227271723,71,66,5,0,92.96,7.04,0.0,0,0.0,249,0,0,0.0,0,0.0,True,True,True,UNKNOWN
p11,0.4,0.25,0.3493,486,88,56,"[1, 2, 3]",0.3313,0.287305,0.047574,0.238038,0.0,0.000933,0.047608,0.0,0.00513,3801.9957668863694,4338.305112559842,14.105995339197374,98.76555607680748,266.4720040414424,56,51,5,0,91.07,8.93,0.0,0,0.0,249,0,0,0.0,0,0.0,True,True,True,UNKNOWN
p11,0.4,0.5,0.5683,42,88,43,"[1, 2, 3]",0.169,0.124271,0.031712,0.090586,0.0,0.000813,0.022646,0.0,0.00289,3801.9957668863694,4304.949422504527,13.228674792293363,74.40623564287043,269.4005438687016,43,39,4,0,90.7,9.3,0.0,0,0.0,249,0,0,0.0,0,0.0,True,True,True,UNKNOWN
p11,0.4,0.5,0.4647,153,88,55,"[1, 2, 3]",0.2561,0.214412,0.105122,0.107816,0.0,0.002022,0.035939,0.0,0.003898,3801.9957668863694,4226.904719527117,11.175944916654263,45.27154336773533,297.20790208740976,55,52,3,0,94.55,5.45,0.0,0,0.0,249,0,0,0.0,0,0.0,True,True,True,UNKNOWN
p11,0.4,0.5,0.7033,264,88,36,"[1, 2, 3]",0.2452,0.201861,0.02562,0.089691,0.084552,0.000826,0.029897,0.042276,0.005607,3801.9957668863694,4274.022574491172,12.41523758958226,164.11334878589054,293.3846037309851,36,31,3,2,86.11,8.33,5.56,0,0.0,249,0,1,6.0,1,4.64,False,True,False,UNKNOWN
p11,0.4,0.5,0.3855,375,88,58,"[1, 2, 3]",0.1681,0.126673,0.047569,0.077547,0.0,0.000915,0.012924,0.0,0.002184,3801.9957668863694,4336.202972994869,14.050704915591913,118.25915249352968,295.0202887750236,58,52,6,0,89.66,10.34,0.0,0,0.0,249,0,0,0.0,0,0.0,True,True,True,UNKNOWN
p11,0.4,0.5,0.6564,486,88,42,"[1, 2, 3]",0.2421,0.201846,0.047589,0.073115,0.079282,0.0014,0.012186,0.039641,0.004806,3801.9957668863694,4383.0138134545805,15.281922500509085,149.10374034123987,304.8580651567462,42,34,6,2,80.95,14.29,4.76,0,0.0,249,0,1,5.0,0,0.0,False,True,False,UNKNOWN
p11,0.4,0.75,0.6421,42,88,37,"[1, 2, 3]",0.1879,0.14476,0.052966,0.019449,0.069859,0.001558,0.009724,0.069859,0.003912,3801.9957668863694,4120.380589018895,8.374149832188417,74.8875362927349,305.5200645394615,37,34,2,1,91.89,5.41,2.7,0,0.0,249,0,0,0.0,0,0.0,True,True,True,UNKNOWN
p11,0.4,0.75,0.8817,153,88,18,"[1, 2, 3]",0.2103,0.167046,0.010342,0.03228,0.122114,0.000862,0.01076,0.040705,0.00928,3801.9957668863694,4250.857027553067,11.805937938597214,78.95485166766417,308.6623053362339,18,12,3,3,66.67,16.67,16.67,0,0.0,249,0,1,6.6,0,0.0,False,True,False,UNKNOWN
p11,0.4,0.75,0.7545,264,88,30,"[1, 2, 3]",0.2663,0.222807,0.041477,0.07162,0.107165,0.001728,0.023873,0.035722,0.007427,3801.9957668863694,4408.534815515571,15.953175274730096,149.7505206502526,314.33226605543587,30,24,3,3,80.0,10.0,10.0,0,0.0,249,0,1,2.4,2,1.12,False,True,False,UNKNOWN
p11,0.4,0.75,0.5846,375,88,49,"[1, 2, 3]",0.2215,0.173428,0.048219,0.069621,0.053936,0.001072,0.023207,0.053936,0.003539,3801.9957668863694,4296.4996436882,13.006428915800791,91.13047511467838,285.8029335970532,49,45,3,1,91.84,6.12,2.04,0,0.0,249,0,0,0.0,0,0.0,True,True,True,UNKNOWN
p11,0.4,0.75,0.7532,486,88,26,"[1, 2, 3]",0.178,0.135204,0.019227,0.073916,0.038847,0.001012,0.012319,0.038847,0.0052,3801.9957668863694,4295.87467454029,12.98999099250393,174.07568251234434,309.6269609578098,26,19,6,1,73.08,23.08,3.85,0,0.0,249,0,2,8.0,0,0.0,False,True,False,UNKNOWN
p12,0.05,0.25,0.2869,42,3,3,"[1, 2, 3]",0.0544,0.02439,0.00237,0.022021,0.0,0.001185,0.022021,0.0,0.00813,1411.6300444544754,1502.3407225731303,6.425952640708353,0.0,228.48191962583275,3,2,1,0,66.67,33.33,0.0,0,0.0,80,0,0,0.0,0,0.0,True,True,True,UNKNOWN
p12,0.05,0.25,0.0922,153,3,3,"[1, 2, 3]",0.0383,0.009554,0.009554,0.0,0.0,0.003185,0.0,0.0,0.003185,1411.6300444544754,1434.2335387610517,1.6012335806660603,0.0,234.78708664619074,3,3,0,0,100.0,0.0,0.0,0,0.0,80,0,0,0.0,0,0.0,True,True,True,UNKNOWN
p12,0.05,0.25,0.2317,264,3,3,"[1, 2, 3]",0.034,0.008212,0.008212,0.0,0.0,0.002737,0.0,0.0,0.002737,1411.6300444544754,1445.0898592034741,2.370296302522328,0.0,261.94173437483136,3,3,0,0,100.0,0.0,0.0,0,0.0,80,0,0,0.0,0,0.0,True,True,True,UNKNOWN
p12,0.05,0.25,0.2142,375,3,3,"[1, 2, 3]",0.0326,0.004732,0.004732,0.0,0.0,0.001577,0.0,0.0,0.001577,1411.6300444544754,1473.5717788293068,4.387958064378603,24.5471862576143,238.47922061357855,3,3,0,0,100.0,0.0,0.0,0,0.0,80,0,0,0.0,0,0.0,True,True,True,UNKNOWN
p12,0.05,0.25,0.2736,486,3,3,"[1, 2, 3]",0.0364,0.00666,0.00666,0.0,0.0,0.00222,0.0,0.0,0.00222,1411.6300444544754,1446.2119756215777,2.4497871310515005,0.0,233.8551115057403,3,3,0,0,100.0,0.0,0.0,0,0.0,80,0,0,0.0,0,0.0,True,True,True,UNKNOWN
p12,0.05,0.5,0.7697,42,3,2,"[1, 2, 3]",0.0303,0.00145,0.001406,0.0,0.0,0.000703,0.0,0.0,0.000725,1411.6300444544754,1451.6300444544754,2.8336036171189605,0.0,228.48191962583275,2,2,0,0,100.0,0.0,0.0,0,0.0,80,0,0,0.0,0,0.0,True,True,True,UNKNOWN
p12,0.05,0.5,0.1911,153,3,3,"[1, 2, 3]",0.0428,0.012859,0.012859,0.0,0.0,0.004286,0.0,0.0,0.004286,1411.6300444544754,1434.2335387610517,1.6012335806660603,0.0,234.78708664619074,3,3,0,0,100.0,0.0,0.0,0,0.0,80,0,0,0.0,0,0.0,True,True,True,UNKNOWN
p12,0.05,0.5,0.6492,264,3,3,"[1, 2, 3]",0.0242,0.001691,0.001691,0.0,0.0,0.000564,0.0,0.0,0.000564,1411.6300444544754,1485.0823521027564,5.203368115947594,0.0,301.9342272741138,3,3,0,0,100.0,0.0,0.0,0,0.0,80,0,0,0.0,0,0.0,True,True,True,UNKNOWN
p12,0.05,0.5,0.3658,375,3,3,"[1, 2, 3]",0.0835,0.059488,0.0003,0.0,0.059188,0.0003,0.0,0.029594,0.019829,1411.6300444544754,1447.6198301129205,2.5495196705276486,0.0,228.9292222699217,3,1,0,2,33.33,0.0,66.67,0,0.0,80,0,0,0.0,0,0.0,True,True,True,UNKNOWN
p12,0.05,0.5,0.4769,486,3,3,"[1, 2, 3]",0.1149,0.09064,0.000391,0.055997,0.034252,0.000391,0.055997,0.034252,0.030213,1411.6300444544754,1604.3500520577888,13.652302765898561,5.804703243258302,335.24067670419214,3,1,1,1,33.33,33.33,33.33,0,0.0,80,0,0,0.0,0,0.0,True,True,True,UNKNOWN
p12,0.05,0.75,0.9819,42,3,2,"[1, 2, 3]",0.0293,0.001269,0.001232,0.0,0.0,0.000616,0.0,0.0,0.000634,1411.6300444544754,1451.6300444544754,2.8336036171189605,0.0,228.48191962583275,2,2,0,0,100.0,0.0,0.0,0,0.0,80,0,0,0.0,0,0.0,True,True,True,UNKNOWN
p12,0.05,0.75,0.5064,153,3,2,"[1, 2, 3]",0.0376,0.004691,0.004645,0.0,0.0,0.002322,0.0,0.0,0.002345,1411.6300444544754,1417.9352114748335,0.44665860188564815,0.0,234.78708664619074,2,2,0,0,100.0,0.0,0.0,0,0.0,80,0,0,0.0,0,0.0,True,True,True,UNKNOWN
p12,0.05,0.75,0.9725,264,3,2,"[1, 2, 3]",0.0541,0.022949,0.000742,0.0,0.022159,0.000742,0.0,0.022159,0.011474,1411.6300444544754,1499.3187499561734,6.211875827252268,4.720431995796417,269.4838409859665,2,1,0,1,50.0,0.0,50.0,0,0.0,80,0,0,0.0,0,0.0,True,True,True,UNKNOWN
p12,0.05,0.75,0.6153,375,3,2,"[1, 2, 3]",0.0824,0.055954,0.0,0.016733,0.039189,0.0,0.016733,0.039189,0.027977,1411.6300444544754,1455.6492064723175,3.1183214179075702,22.94718625761429,228.48191962583275,2,0,1,1,0.0,50.0,50.0,0,0.0,80,0,0,0.0,0,0.0,True,True,True,UNKNOWN
p12,0.05,0.75,0.7664,486,3,2,"[1, 2, 3]",0.0217,0.001383,0.001294,0.0,0.0,0.000647,0.0,0.0,0.000691,1411.6300444544754,1451.6300444544754,2.8336036171189605,0.0,228.48191962583275,2,2,0,0,100.0,0.0,0.0,0,0.0,80,0,0,0.0,0,0.0,True,True,True,UNKNOWN
p12,0.1,0.25,0.2777,42,7,7,"[1, 2, 3]",0.0903,0.063709,0.002583,0.061125,0.0,0.000646,0.020375,0.0,0.009101,1411.6300444544754,1586.994490650102,12.422833226349775,0.0,293.4258213637265,7,4,3,0,57.14,42.86,0.0,0,0.0,80,0,0,0.0,0,0.0,True,True,True,UNKNOWN
p12,0.1,0.25,0.0776,153,7,5,"[1, 2, 3]",0.0415,0.017984,0.01789,0.0,0.0,0.003578,0.0,0.0,0.003597,1411.6300444544754,1451.7141797390045,2.839563768283186,0.0,264.8677276241436,5,5,0,0,100.0,0.0,0.0,0,0.0,80,0,0,0.0,0,0.0,True,True,True,UNKNOWN
p12,0.1,0.25,0.1217,264,7,6,"[1, 2, 3]",0.0476,0.015878,0.015834,0.0,0.0,0.002639,0.0,0.0,0.002646,1411.6300444544754,1493.374130450936,5.790758443941354,0.0,261.94173437483136,6,6,0,0,100.0,0.0,0.0,0,0.0,80,0,0,0.0,0,0.0,True,True,True,UNKNOWN
p12,0.1,0.25,0.331,375,7,6,"[1, 2, 3]",0.0764,0.048083,0.006701,0.041325,0.0,0.001675,0.020663,0.0,0.008014,1411.6300444544754,1561.6508945976802,10.627490590226166,24.5471862576143,244.1629857669358,6,4,2,0,66.67,33.33,0.0,0,0.0,80,0,0,0.0,0,0.0,True,True,True,UNKNOWN
p12,0.1,0.25,0.3888,486,7,7,"[1, 2, 3]",0.0369,0.009379,0.009379,0.0,0.0,0.00134,0.0,0.0,0.00134,1411.6300444544754,1497.8458357352138,6.107534450646837,0.0,242.82170362793454,7,7,0,0,100.0,0.0,0.0,0,0.0,80,0,0,0.0,0,0.0,True,True,True,UNKNOWN
p12,0.1,0.5,0.6844,42,7,3,"[1, 2, 3]",0.0681,0.039846,0.000646,0.03908,0.0,0.000646,0.01954,0.0,0.013282,1411.6300444544754,1513.9455580762658,7.248040237152237,60.694372515228594,244.74192049298324,3,1,2,0,33.33,66.67,0.0,0,0.0,80,0,0,0.0,0,0.0,True,True,True,UNKNOWN
p12,0.1,0.5,0.1486,153,7,5,"[1, 2, 3]",0.0431,0.010739,0.010597,0.0,0.0,0.002119,0.0,0.0,0.002148,1411.6300444544754,1456.0149946097847,3.144233882643229,0.0,256.5685424949238,5,5,0,0,100.0,0.0,0.0,0,0.0,80,0,0,0.0,0,0.0,True,True,True,UNKNOWN
p12,0.1,0.5,0.3311,264,7,6,"[1, 2, 3]",0.0399,0.010252,0.010219,0.0,0.0,0.001703,0.0,0.0,0.001709,1411.6300444544754,1533.3666233502186,8.623830257366636,0.0,301.9342272741138,6,6,0,0,100.0,0.0,0.0,0,0.0,80,0,0,0.0,0,0.0,True,True,True,UNKNOWN
p12,0.1,0.5,0.4135,375,7,5,"[1, 2, 3]",0.1168,0.091187,0.001522,0.0,0.089606,0.000507,0.0,0.044803,0.018237,1411.6300444544754,1487.6198301129205,5.383123287646609,0.0,228.9292222699217,5,3,0,2,60.0,0.0,40.0,0,0.0,80,0,0,0.0,0,0.0,True,True,True,UNKNOWN
p12,0.1,0.5,0.6489,486,7,5,"[1, 2, 3]",0.132,0.108182,0.000641,0.06867,0.038835,0.00032,0.06867,0.019417,0.021636,1411.6300444544754,1644.3500520577888,16.48590638301752,5.804703243258302,335.24067670419214,5,2,1,2,40.0,20.0,40.0,0,0.0,80,0,0,0.0,0,0.0,True,True,True,UNKNOWN
p12,0.1,0.75,0.9808,42,7,3,"[1, 2, 3]",0.0417,0.010668,0.001919,0.008588,0.0,0.00096,0.008588,0.0,0.003556,1411.6300444544754,1505.661286828804,6.661181712852171,91.3786437626905,244.74192049298324,3,2,1,0,66.67,33.33,0.0,0,0.0,80,0,0,0.0,0,0.0,True,True,True,UNKNOWN
p12,0.1,0.75,0.6904,153,7,4,"[1, 2, 3]",0.0351,0.00682,0.006718,0.0,0.0,0.00168,0.0,0.0,0.001705,1411.6300444544754,1457.9352114748335,3.280262219004608,0.0,234.78708664619074,4,4,0,0,100.0,0.0,0.0,0,0.0,80,0,0,0.0,0,0.0,True,True,True,UNKNOWN
p12,0.1,0.75,0.5906,264,7,4,"[1, 2, 3]",0.0901,0.065161,0.000333,0.054825,0.009902,0.000333,0.027413,0.009902,0.01629,1411.6300444544754,1544.0401095061693,9.379940981835915,4.720431995796417,269.4838409859665,4,1,2,1,25.0,50.0,25.0,0,0.0,80,0,0,0.0,0,0.0,True,True,True,UNKNOWN
p12,0.1,0.75,0.7995,375,7,4,"[1, 2, 3]",0.0918,0.064462,0.000521,0.023655,0.040205,0.000521,0.011827,0.040205,0.016116,1411.6300444544754,1529.680448846646,8.36270132220026,108.92583002030479,310.7205642556737,4,1,2,1,25.0,50.0,25.0,0,0.0,80,0,0,0.0,0,0.0,True,True,True,UNKNOWN
p12,0.1,0.75,0.7889,486,7,5,"[1, 2, 3]",0.0362,0.003689,0.003593,0.0,0.0,0.000719,0.0,0.0,0.000738,1411.6300444544754,1482.6202395904031,5.028951842928639,37.978643762690496,259.6795170172731,5,5,0,0,100.0,0.0,0.0,0,0.0,80,0,0,0.0,0,0.0,True,True,True,UNKNOWN
p12,0.2,0.25,0.3819,42,14,10,"[1, 2, 3]",0.1211,0.097122,0.005802,0.091244,0.0,0.000967,0.022811,0.0,0.009712,1411.6300444544754,1636.536906289222,15.93242243024531,0.0,300.56436842830936,10,6,4,0,60.0,40.0,0.0,0,0.0,80,0,0,0.0,0,0.0,True,True,True,UNKNOWN
p12,0.2,0.25,0.186,153,14,11,"[1, 2, 3]",0.0598,0.031037,0.030893,0.0,0.0,0.002808,0.0,0.0,0.002822,1411.6300444544754,1563.404908195974,10.751745072141194,0.0,287.5847350245616,11,11,0,0,100.0,0.0,0.0,0,0.0,80,0,0,0.0,0,0.0,True,True,True,UNKNOWN
p12,0.2,0.25,0.0995,264,14,12,"[1, 2, 3]",0.0566,0.032356,0.032256,0.0,0.0,0.002688,0.0,0.0,0.002696,1411.6300444544754,1527.5450904083752,8.211432337337026,0.0,261.94173437483136,12,12,0,0,100.0,0.0,0.0,0,0.0,80,0,0,0.0,0,0.0,True,True,True,UNKNOWN
p12,0.2,0.25,0.3885,375,14,11,"[1, 2, 3]",0.0811,0.053385,0.007344,0.04598,0.0,0.000918,0.015327,0.0,0.004853,1411.6300444544754,1704.141518301186,20.721539258520924,24.5471862576143,323.1623326908387,11,8,3,0,72.73,27.27,0.0,0,0.0,80,0,0,0.0,0,0.0,True,True,True,UNKNOWN
p12,0.2,0.25,0.3874,486,14,14,"[1, 2, 3]",0.0854,0.062751,0.010608,0.052144,0.0,0.000884,0.026072,0.0,0.004482,1411.6300444544754,1652.9223190067696,17.09316654885605,0.0,308.8422096932007,14,12,2,0,85.71,14.29,0.0,0,0.0,80,0,0,0.0,0,0.0,True,True,True,UNKNOWN
p12,0.2,0.5,0.6888,42,14,7,"[1, 2, 3]",0.0565,0.033522,0.002136,0.031256,0.0,0.000427,0.015628,0.0,0.004789,1411.6300444544754,1574.1432064546366,11.512447091827406,60.694372515228594,244.74192049298324,7,5,2,0,71.43,28.57,0.0,0,0.0,80,0,0,0.0,0,0.0,True,True,True,UNKNOWN
p12,0.2,0.5,0.2735,153,14,8,"[1, 2, 3]",0.0872,0.06345,0.015479,0.047794,0.0,0.002211,0.047794,0.0,0.007931,1411.6300444544754,1535.7512410605998,8.792756791606191,0.0,239.4223753527842,8,7,1,0,87.5,12.5,0.0,0,0.0,80,0,0,0.0,0,0.0,True,True,True,UNKNOWN
p12,0.2,0.5,0.269,264,14,11,"[1, 2, 3]",0.0381,0.011668,0.0116,0.0,0.0,0.001055,0.0,0.0,0.001061,1411.6300444544754,1559.8982630826556,10.503334015214904,0.0,301.9342272741138,11,11,0,0,100.0,0.0,0.0,0,0.0,80,0,0,0.0,0,0.0,True,True,True,UNKNOWN
p12,0.2,0.5,0.4881,375,14,12,"[1, 2, 3]",0.0472,0.018305,0.00663,0.011599,0.0,0.000663,0.005799,0.0,0.001525,1411.6300444544754,1587.8295980804637,12.481992312233665,44.094372515228585,281.21620075822113,12,10,2,0,83.33,16.67,0.0,0,0.0,80,0,0,0.0,0,0.0,True,True,True,UNKNOWN
p12,0.2,0.5,0.751,486,14,8,"[1, 2, 3]",0.1126,0.089966,0.00105,0.05043,0.038382,0.00035,0.01681,0.019191,0.011246,1411.6300444544754,1675.8946169059966,18.72052620937565,126.96199076863928,324.74192049298324,8,3,3,2,37.5,37.5,25.0,0,0.0,80,0,0,0.0,0,0.0,True,True,True,UNKNOWN
p12,0.2,0.75,0.9869,42,14,6,"[1, 2, 3]",0.0391,0.009809,0.002749,0.006797,0.0,0.00055,0.006797,0.0,0.001635,1411.6300444544754,1565.661286828804,10.911587138530612,91.3786437626905,244.74192049298324,6,5,1,0,83.33,16.67,0.0,0,0.0,80,0,0,0.0,0,0.0,True,True,True,UNKNOWN
p12,0.2,0.75,0.7565,153,14,8,"[1, 2, 3]",0.0469,0.016222,0.009301,0.006627,0.0,0.001329,0.006627,0.0,0.002028,1411.6300444544754,1483.8532492579095,5.116298359273358,148.53593128807148,257.800347390625,8,7,1,0,87.5,12.5,0.0,0,0.0,80,0,0,0.0,0,0.0,True,True,True,UNKNOWN
p12,0.2,0.75,0.5573,264,14,8,"[1, 2, 3]",0.1205,0.096586,0.002548,0.084459,0.009418,0.000849,0.021115,0.009418,0.012073,1411.6300444544754,1618.2690002588686,14.638322315125334,4.720431995796417,276.76619087329465,8,3,4,1,37.5,50.0,12.5,0,0.0,80,0,0,0.0,0,0.0,True,True,True,UNKNOWN
p12,0.2,0.75,0.8508,375,14,8,"[1, 2, 3]",0.0564,0.032124,0.001442,0.014899,0.015667,0.000288,0.007449,0.015667,0.004015,1411.6300444544754,1603.170752140465,13.568761053113644,108.92583002030479,310.7205642556737,8,5,2,1,62.5,25.0,12.5,0,0.0,80,0,0,0.0,0,0.0,True,True,True,UNKNOWN
p12,0.2,0.75,0.7664,486,14,10,"[1, 2, 3]",0.066,0.036373,0.007151,0.02903,0.0,0.001022,0.009677,0.0,0.003637,1411.6300444544754,1628.966714124842,15.396149332763478,155.73593128807147,358.4153842179284,10,7,3,0,70.0,30.0,0.0,0,0.0,80,0,0,0.0,0,0.0,True,True,True,UNKNOWN
p12,0.4,0.25,0.3277,42,28,20,"[1, 2, 3]",0.1532,0.135516,0.022136,0.079691,0.033462,0.001476,0.019923,0.033462,0.006776,1411.6300444544754,1843.1332045658799,30.56772288224844,49.41010126776669,326.79454811721706,20,15,4,1,75.0,20.0,5.0,0,0.0,80,0,0,0.0,0,0.0,True,True,True,UNKNOWN
p12,0.4,0.25,0.3569,153,28,16,"[1, 2, 3]",0.1128,0.088635,0.014871,0.045034,0.028488,0.001239,0.015011,0.028488,0.00554,1411.6300444544754,1670.5900444694353,18.344749818287905,27.03145750507619,287.5847350245616,16,12,3,1,75.0,18.75,6.25,0,0.0,80,0,0,0.0,0,0.0,True,True,True,UNKNOWN
p12,0.4,0.25,0.1753,264,28,20,"[1, 2, 3]",0.117,0.088067,0.047748,0.040024,0.0,0.002653,0.020012,0.0,0.004403,1411.6300444544754,1705.4097667415492,20.8113820927214,5.062915010152395,354.7499518822542,20,18,2,0,90.0,10.0,0.0,0,0.0,80,0,0,0.0,0,0.0,True,True,True,UNKNOWN
p12,0.4,0.25,0.2865,375,28,22,"[1, 2, 3]",0.1073,0.082966,0.031773,0.051,0.0,0.001589,0.0255,0.0,0.003771,1411.6300444544754,1911.5805048459192,35.41653582363711,51.062915010152395,318.77054302287246,22,20,2,0,90.91,9.09,0.0,0,0.0,80,0,0,0.0,0,0.0,True,True,True,UNKNOWN
p12,0.4,0.25,0.2887,486,28,23,"[1, 2, 3]",0.0922,0.068202,0.022697,0.045409,0.0,0.001081,0.022705,0.0,0.002965,1411.6300444544754,1922.9264737429241,36.22028528629392,0.0,325.1704348649811,23,21,2,0,91.3,8.7,0.0,0,0.0,80,0,0,0.0,0,0.0,True,True,True,UNKNOWN
p12,0.4,0.5,0.6074,42,28,18,"[1, 2, 3]",0.1187,0.094459,0.009169,0.067787,0.017329,0.000764,0.013557,0.017329,0.005248,1411.6300444544754,1669.5478185703532,18.27091844135056,129.82020253553338,276.5205642556737,18,12,5,1,66.67,27.78,5.56,0,0.0,80,0,0,0.0,0,0.0,True,True,True,UNKNOWN
p12,0.4,0.5,0.354,153,28,19,"[1, 2, 3]",0.1045,0.078279,0.02025,0.057813,0.0,0.001191,0.028907,0.0,0.00412,1411.6300444544754,1757.7388260956875,24.518377389379374,44.54718625761429,388.25864547185154,19,17,2,0,89.47,10.53,0.0,0,0.0,80,0,0,0.0,0,0.0,True,True,True,UNKNOWN
p12,0.4,0.5,0.402,264,28,24,"[1, 2, 3]",0.0936,0.065394,0.034385,0.030862,0.0,0.001495,0.030862,0.0,0.002725,1411.6300444544754,1710.676621708835,21.184486574874946,11.747186257614295,324.8453066416681,24,23,1,0,95.83,4.17,0.0,0,0.0,80,0,0,0.0,0,0.0,True,True,True,UNKNOWN
p12,0.4,0.5,0.4757,375,28,20,"[1, 2, 3]",0.0761,0.044689,0.022507,0.021952,0.0,0.00125,0.010976,0.0,0.002234,1411.6300444544754,1768.3905923752416,25.27294947584063,18.062915010152395,286.1091176995534,20,18,2,0,90.0,10.0,0.0,0,0.0,80,0,0,0.0,0,0.0,True,True,True,UNKNOWN
p12,0.4,0.5,0.6015,486,28,19,"[1, 2, 3]",0.1597,0.136205,0.017115,0.11893,0.0,0.00107,0.039643,0.0,0.007169,1411.6300444544754,1866.151953970415,32.19837317160458,82.3786437626905,347.12056425567374,19,16,3,0,84.21,15.79,0.0,0,0.0,80,0,0,0.0,0,0.0,True,True,True,UNKNOWN
p12,0.4,0.75,0.9432,42,28,14,"[1, 2, 3]",0.1036,0.073536,0.00588,0.047378,0.019815,0.000735,0.009476,0.019815,0.005253,1411.6300444544754,1655.1514556659522,17.251078791368858,379.914575050762,448.5095124476141,14,8,5,1,57.14,35.71,7.14,0,0.0,80,0,0,0.0,0,0.0,True,True,True,UNKNOWN
p12,0.4,0.75,0.7573,153,28,12,"[1, 2, 3]",0.076,0.049022,0.013081,0.03546,0.0,0.001189,0.03546,0.0,0.004085,1411.6300444544754,1615.2582181143814,14.425038235750934,64.22020253553337,304.98289044567355,12,11,1,0,91.67,8.33,0.0,0,0.0,80,0,0,0.0,0,0.0,True,True,True,UNKNOWN
p12,0.4,0.75,0.6675,264,28,11,"[1, 2, 3]",0.1363,0.114068,0.003792,0.109777,0.0,0.000948,0.015682,0.0,0.01037,1411.6300444544754,1674.5562022383397,18.625712793288702,200.27771952117737,322.5205642556737,11,4,7,0,36.36,63.64,0.0,0,0.0,80,0,0,0.0,0,0.0,True,True,True,UNKNOWN
p12,0.4,0.75,0.6714,375,28,18,"[1, 2, 3]",0.0978,0.06937,0.014448,0.054574,0.0,0.000963,0.018191,0.0,0.003854,1411.6300444544754,1743.6695064494188,23.52170551337763,102.86738548046142,310.7205642556737,18,15,3,0,83.33,16.67,0.0,0,0.0,80,0,0,0.0,0,0.0,True,True,True,UNKNOWN
p12,0.4,0.75,0.8449,486,28,18,"[1, 2, 3]",0.0697,0.040471,0.012301,0.027807,0.0,0.00082,0.009269,0.0,0.002248,1411.6300444544754,1785.873121184516,26.51141339759929,155.73593128807147,288.05046212075655,18,15,3,0,83.33,16.67,0.0,0,0.0,80,0,0,0.0,0,0.0,True,True,True,UNKNOWN
p13,0.05,0.25,0.2869,42,3,3,"[1, 2, 3]",0.0698,0.044861,0.000454,0.0,0.044406,0.000454,0.0,0.022203,0.014954,1383.903969100505,1480.9928897329505,7.0155822080306836,0.0,255.84173437483136,3,1,0,2,33.33,0.0,66.67,0,0.0,80,0,1,10.0,1,20.97,False,True,False,UNKNOWN
p13,0.05,0.25,0.0922,153,3,2,"[1, 2, 3]",0.0753,0.04808,0.002325,0.0457,0.0,0.002325,0.0457,0.0,0.02404,1383.903969100505,1427.8874254771868,3.1782159281810287,0.0,209.0755903440695,2,1,1,0,50.0,50.0,0.0,0,0.0,80,0,0,0.0,0,0.0,True,True,True,UNKNOWN
p13,0.05,0.25,0.2317,264,3,2,"[1, 2, 3]",0.0619,0.04537,0.001129,0.0,0.044215,0.001129,0.0,0.044215,0.022685,1383.903969100505,1466.1252204926095,5.941254106348561,0.0,247.7995987511004,2,1,0,1,50.0,0.0,50.0,0,0.0,80,0,0,0.0,1,23.9,False,True,False,UNKNOWN
p13,0.05,0.25,0.2142,375,3,3,"[1, 2, 3]",0.0866,0.060403,0.001353,0.0,0.05905,0.001353,0.0,0.029525,0.020134,1383.903969100505,1460.3410574030388,5.523294246508702,24.5471862576143,221.2899020449196,3,1,0,2,33.33,0.0,66.67,0,0.0,80,0,0,0.0,2,7.55,False,True,False,UNKNOWN
p13,0.05,0.25,0.2736,486,3,3,"[1, 2, 3]",0.0365,0.003892,0.003892,0.0,0.0,0.001297,0.0,0.0,0.001297,1383.903969100505,1436.0398884193119,3.767307593798836,0.0,198.99494936611666,3,3,0,0,100.0,0.0,0.0,0,0.0,80,0,0,0.0,0,0.0,True,True,True,UNKNOWN
p13,0.05,0.5,0.7697,42,3,3,"[1, 2, 3]",0.1097,0.055698,0.000919,0.020671,0.034108,0.000919,0.020671,0.034108,0.018566,1383.903969100505,1479.2114338842175,6.886855367981884,0.0,241.94173437483136,3,1,1,1,33.33,33.33,33.33,0,0.0,80,0,0,0.0,1,20.97,False,True,False,UNKNOWN
p13,0.05,0.5,0.1911,153,3,2,"[1, 2, 3]",0.068,0.042293,0.001372,0.0,0.040886,0.001372,0.0,0.040886,0.021147,1383.903969100505,1428.6253286505007,3.2315363311706644,0.0,218.11067811865476,2,1,0,1,50.0,0.0,50.0,0,0.0,80,0,0,0.0,1,0.64,False,True,False,UNKNOWN
p13,0.05,0.5,0.6492,264,3,2,"[1, 2, 3]",0.0653,0.035917,0.0,0.0,0.035886,0.0,0.0,0.017943,0.017959,1383.903969100505,1568.1612170971268,13.314308803983222,55.80000000000001,301.31046298790704,2,0,0,2,0.0,0.0,100.0,0,0.0,80,0,0,0.0,3,26.34,False,True,False,UNKNOWN
p13,0.05,0.5,0.3658,375,3,2,"[1, 2, 3]",0.0609,0.033425,0.000558,0.0,0.032828,0.000558,0.0,0.032828,0.016712,1383.903969100505,1422.122513251772,2.7616471232543596,0.0,208.9292222699217,2,1,0,1,50.0,0.0,50.0,0,0.0,80,0,0,0.0,1,4.46,False,True,False,UNKNOWN
p13,0.05,0.5,0.4769,486,3,2,"[1, 2, 3]",0.0289,0.001765,0.001722,0.0,0.0,0.000861,0.0,0.0,0.000883,1383.903969100505,1423.1784354838949,2.83794737642938,8.599999999999994,198.99494936611666,2,2,0,0,100.0,0.0,0.0,0,0.0,80,0,0,0.0,0,0.0,True,True,True,UNKNOWN
p13,0.05,0.75,0.9819,42,3,2,"[1, 2, 3]",0.049,0.017838,0.001005,0.016804,0.0,0.001005,0.016804,0.0,0.008919,1383.903969100505,1407.980377628041,1.7397456084460003,0.0,183.07135789365265,2,1,1,0,50.0,50.0,0.0,0,0.0,80,0,0,0.0,0,0.0,True,True,True,UNKNOWN
p13,0.05,0.75,0.5064,153,3,1,"[1, 2, 3]",0.0349,0.001556,0.001454,0.0,0.0,0.001454,0.0,0.0,0.001556,1383.903969100505,1394.8941642364327,0.7941443468126619,9.799999999999997,197.35873763085164,1,1,0,0,100.0,0.0,0.0,0,0.0,80,0,0,0.0,0,0.0,True,True,True,UNKNOWN
p13,0.05,0.75,0.9725,264,3,1,"[1, 2, 3]",0.052,0.019315,0.0,0.0,0.019207,0.0,0.0,0.019207,0.019315,1383.903969100505,1452.3858887263377,4.948458936088161,5.115728752538104,245.05046212075655,1,0,0,1,0.0,0.0,100.0,0,0.0,80,0,0,0.0,1,22.53,False,True,False,UNKNOWN
p13,0.05,0.75,0.6153,375,3,2,"[1, 2, 3]",0.057,0.027809,0.000754,0.0,0.027007,0.000754,0.0,0.027007,0.013905,1383.903969100505,1422.122513251772,2.7616471232543596,0.0,208.9292222699217,2,1,0,1,50.0,0.0,50.0,0,0.0,80,0,0,0.0,1,4.46,False,True,False,UNKNOWN
p13,0.05,0.75,0.7664,486,3,1,"[1, 2, 3]",0.0248,0.0003,0.000261,0.0,0.0,0.000261,0.0,0.0,0.0003,1383.903969100505,1412.188240347967,2.0438030296167016,0.0,198.99494936611666,1,1,0,0,100.0,0.0,0.0,0,0.0,80,0,0,0.0,0,0.0,True,True,True,UNKNOWN
p13,0.1,0.25,0.2777,42,7,6,"[1, 2, 3]",0.1241,0.100033,0.000447,0.021098,0.078461,0.000447,0.010549,0.026154,0.016672,1383.903969100505,1523.9327934342134,10.118391699152564,0.0,255.84173437483136,6,1,2,3,16.67,33.33,50.0,0,0.0,80,0,1,3.33,3,7.42,False,True,False,UNKNOWN
p13,0.1,0.25,0.0776,153,7,5,"[1, 2, 3]",0.1572,0.134385,0.002964,0.02928,0.10205,0.001482,0.02928,0.051025,0.026877,1383.903969100505,1491.4235792097793,7.769297040108837,0.0,233.05046212075655,5,2,1,2,40.0,20.0,40.0,0,0.0,80,0,1,3.33,2,7.68,False,True,False,UNKNOWN
p13,0.1,0.25,0.1217,264,7,5,"[1, 2, 3]",0.0984,0.067537,0.006424,0.0,0.061011,0.001606,0.0,0.061011,0.013507,1383.903969100505,1514.4094917400714,9.430244117616843,0.0,247.7995987511004,5,4,0,1,80.0,0.0,20.0,0,0.0,80,0,0,0.0,1,23.9,False,True,False,UNKNOWN
p13,0.1,0.25,0.331,375,7,4,"[1, 2, 3]",0.1312,0.106644,0.002049,0.0,0.104503,0.002049,0.0,0.034834,0.026661,1383.903969100505,1516.4635832986255,9.578671436593982,24.5471862576143,235.84300887831355,4,1,0,3,25.0,0.0,75.0,0,0.0,80,0,0,0.0,3,11.01,False,True,False,UNKNOWN
p13,0.1,0.25,0.3888,486,7,5,"[1, 2, 3]",0.0616,0.03685,0.005997,0.0,0.030741,0.001499,0.0,0.030741,0.00737,1383.903969100505,1552.6084309142357,12.190474597986979,0.0,273.1370849898476,5,4,0,1,80.0,0.0,20.0,0,0.0,80,0,0,0.0,1,36.57,False,True,False,UNKNOWN
p13,0.1,0.5,0.6844,42,7,5,"[1, 2, 3]",0.1276,0.107094,0.0,0.0,0.107035,0.0,0.0,0.021407,0.021419,1383.903969100505,1592.1539752823758,15.048009893145029,60.694372515228594,264.65746312736945,5,0,0,5,0.0,0.0,100.0,0,0.0,80,0,3,5.56,4,14.62,False,True,False,UNKNOWN
p13,0.1,0.5,0.1486,153,7,5,"[1, 2, 3]",0.1271,0.104233,0.00231,0.021269,0.08056,0.001155,0.021269,0.04028,0.020847,1383.903969100505,1491.4235792097793,7.769297040108837,0.0,239.05046212075655,5,2,1,2,40.0,20.0,40.0,0,0.0,80,0,1,3.33,2,7.68,False,True,False,UNKNOWN
p13,0.1,0.5,0.3311,264,7,5,"[1, 2, 3]",0.0709,0.046219,0.004111,0.0,0.042017,0.00137,0.0,0.021008,0.009244,1383.903969100505,1616.4454883445887,16.803298815251505,58.000000000000014,301.31046298790704,5,3,0,2,60.0,0.0,40.0,0,0.0,80,0,0,0.0,3,26.34,False,True,False,UNKNOWN
p13,0.1,0.5,0.4135,375,7,3,"[1, 2, 3]",0.0635,0.037874,0.001649,0.0,0.036099,0.000825,0.0,0.036099,0.012625,1383.903969100505,1436.4622972538739,3.7978305812310187,7.799999999999997,208.9292222699217,3,2,0,1,66.67,0.0,33.33,0,0.0,80,0,0,0.0,1,4.46,False,True,False,UNKNOWN
p13,0.1,0.5,0.6489,486,7,4,"[1, 2, 3]",0.0529,0.022141,0.002134,0.0,0.019902,0.000711,0.0,0.019902,0.005535,1383.903969100505,1483.3760838622657,7.18779026455242,8.599999999999994,245.05046212075655,4,3,0,1,75.0,0.0,25.0,0,0.0,80,0,0,0.0,1,22.53,False,True,False,UNKNOWN
p13,0.1,0.75,0.9808,42,7,4,"[1, 2, 3]",0.0583,0.040257,0.0,0.0,0.040196,0.0,0.0,0.010049,0.010064,1383.903969100505,1540.185015852885,11.292766712271074,99.6943725152286,228.6795680042036,4,0,0,4,0.0,0.0,100.0,0,0.0,80,0,2,6.67,4,15.58,False,True,False,UNKNOWN
p13,0.1,0.75,0.6904,153,7,3,"[1, 2, 3]",0.0535,0.022374,0.001969,0.0,0.020237,0.000985,0.0,0.020237,0.007458,1383.903969100505,1466.1252204926095,5.941254106348561,9.799999999999997,241.94173437483136,3,2,0,1,66.67,0.0,33.33,0,0.0,80,0,0,0.0,1,20.97,False,True,False,UNKNOWN
p13,0.1,0.75,0.5906,264,7,2,"[1, 2, 3]",0.0505,0.01796,0.001294,0.0,0.016481,0.001294,0.0,0.016481,0.00898,1383.903969100505,1480.8678083521704,7.006543908873162,5.115728752538104,245.05046212075655,2,1,0,1,50.0,0.0,50.0,0,0.0,80,0,0,0.0,1,22.53,False,True,False,UNKNOWN
p13,0.1,0.75,0.7995,375,7,3,"[1, 2, 3]",0.0572,0.033316,0.000736,0.0,0.032516,0.000736,0.0,0.016258,0.011105,1383.903969100505,1486.1183391851573,7.385943849202807,85.9786437626905,247.6795170172731,3,1,0,2,33.33,0.0,66.67,0,0.0,80,0,0,0.0,3,16.72,False,True,False,UNKNOWN
p13,0.1,0.75,0.7889,486,7,4,"[1, 2, 3]",0.0559,0.028855,0.000533,0.0,0.028179,0.000267,0.0,0.01409,0.007214,1383.903969100505,1540.4650044947111,11.312998509279943,86.51572875253811,261.7008732545826,4,2,0,2,50.0,0.0,50.0,0,0.0,80,0,0,0.0,3,22.33,False,True,False,UNKNOWN
p13,0.2,0.25,0.3819,42,14,9,"[1, 2, 3]",0.1746,0.150145,0.000764,0.039366,0.109889,0.000382,0.013122,0.027472,0.016683,1383.903969100505,1611.8997061875766,16.474823555514607,0.0,255.84173437483136,9,2,3,4,22.22,33.33,44.44,0,0.0,80,0,0,0.0,3,15.05,False,True,False,UNKNOWN
p13,0.2,0.25,0.2304,153,14,11,"[1, 2, 3]",0.1954,0.170941,0.003533,0.036535,0.130797,0.000883,0.036535,0.0218,0.01554,1383.903969100505,1675.8462056497908,21.095555982763692,0.0,253.95623132202235,11,4,1,6,36.36,9.09,54.55,0,0.0,80,0,3,4.44,5,12.62,False,True,False,UNKNOWN
p13,0.2,0.25,0.0995,264,14,11,"[1, 2, 3]",0.1561,0.132904,0.007077,0.0,0.125755,0.001011,0.0,0.031439,0.012082,1383.903969100505,1654.830036419287,19.576941273958155,0.0,252.33203766865054,11,7,0,4,63.64,0.0,36.36,0,0.0,80,0,0,0.0,4,17.62,False,True,False,UNKNOWN
p13,0.2,0.25,0.3885,375,14,6,"[1, 2, 3]",0.1053,0.079925,0.0021,0.0,0.077668,0.00105,0.0,0.019417,0.013321,1383.903969100505,1545.6723225858202,11.689275925009422,38.147186257614294,235.84300887831355,6,2,0,4,33.33,0.0,66.67,0,0.0,80,0,1,10.0,3,9.63,False,True,False,UNKNOWN
p13,0.2,0.25,0.3874,486,14,9,"[1, 2, 3]",0.121,0.093371,0.002821,0.0,0.090449,0.000705,0.0,0.01809,0.010375,1383.903969100505,1658.2512116821765,19.824153171551977,0.0,272.30065812383486,9,4,0,5,44.44,0.0,55.56,0,0.0,80,0,0,0.0,3,22.47,False,True,False,UNKNOWN
p13,0.2,0.5,0.6888,42,14,9,"[1, 2, 3]",0.1661,0.138703,0.00079,0.008695,0.129058,0.00079,0.008695,0.018437,0.015411,1383.903969100505,1643.7767518840596,18.778238128218096,60.694372515228594,270.3933196245562,9,1,1,7,11.11,11.11,77.78,0,0.0,80,0,1,3.33,4,20.85,False,True,False,UNKNOWN
p13,0.2,0.5,0.3282,153,14,8,"[1, 2, 3]",0.2051,0.180861,0.003719,0.027966,0.149056,0.00124,0.027966,0.037264,0.022608,1383.903969100505,1568.6171960697416,13.347257547739705,0.0,239.05046212075655,8,3,1,4,37.5,12.5,50.0,0,0.0,80,0,1,3.33,3,12.63,False,True,False,UNKNOWN
p13,0.2,0.5,0.269,264,14,10,"[1, 2, 3]",0.1118,0.086689,0.007627,0.0,0.078972,0.001271,0.0,0.019743,0.008669,1383.903969100505,1725.1571855787179,24.65873529505208,62.400000000000006,301.31046298790704,10,6,0,4,60.0,0.0,40.0,0,0.0,80,0,0,0.0,5,23.1,False,True,False,UNKNOWN
p13,0.2,0.5,0.4881,375,14,7,"[1, 2, 3]",0.1434,0.118953,0.00081,0.075252,0.042763,0.000405,0.037626,0.014254,0.016993,1383.903969100505,1496.4622972538739,8.133391526185758,7.799999999999997,208.9292222699217,7,2,2,3,28.57,28.57,42.86,0,0.0,80,0,1,10.0,1,4.46,False,True,False,UNKNOWN
p13,0.2,0.5,0.751,486,14,8,"[1, 2, 3]",0.0679,0.043638,0.002819,0.0,0.040673,0.000705,0.0,0.010168,0.005455,1383.903969100505,1698.4053508292081,22.725665129287787,129.75728752538097,267.396167797906,8,4,0,4,50.0,0.0,50.0,0,0.0,80,0,0,0.0,6,22.87,False,True,False,UNKNOWN
p13,0.2,0.75,0.9869,42,14,6,"[1, 2, 3]",0.0741,0.050005,0.0,0.0,0.049869,0.0,0.0,0.008311,0.008334,1383.903969100505,1560.7252706478284,12.776992153744004,99.6943725152286,228.48191962583275,6,0,0,6,0.0,0.0,100.0,0,0.0,80,0,2,16.67,5,13.41,False,True,False,UNKNOWN
p13,0.2,0.75,0.7565,153,14,7,"[1, 2, 3]",0.1006,0.079185,0.00303,0.0,0.07592,0.00101,0.0,0.01898,0.011312,1383.903969100505,1705.9725302677557,23.27246458990831,104.77864376269049,313.17279063100796,7,3,0,4,42.86,0.0,57.14,0,0.0,80,0,0,0.0,5,25.96,False,True,False,UNKNOWN
p13,0.2,0.75,0.5573,264,14,6,"[1, 2, 3]",0.1221,0.097487,0.001404,0.021627,0.074137,0.001404,0.021627,0.018534,0.016248,1383.903969100505,1599.1040933251936,15.550220898966135,18.115728752538104,272.28009718084746,6,1,1,4,16.67,16.67,66.67,0,0.0,80,0,1,10.0,3,21.15,False,True,False,UNKNOWN
p13,0.2,0.75,0.8508,375,14,4,"[1, 2, 3]",0.0866,0.054413,0.000735,0.006432,0.04688,0.000735,0.006432,0.02344,0.013603,1383.903969100505,1503.5989801631101,8.649083587815936,85.9786437626905,247.6795170172731,4,1,1,2,25.0,25.0,50.0,0,0.0,80,0,0,0.0,3,16.72,False,True,False,UNKNOWN
p13,0.2,0.75,0.7664,486,14,9,"[1, 2, 3]",0.1217,0.093116,0.003232,0.0,0.089733,0.001077,0.0,0.014955,0.010346,1383.903969100505,1691.368905871913,22.21721619681825,124.4943725152286,304.4213562373095,9,3,0,6,33.33,0.0,66.67,0,0.0,80,0,2,5.83,5,29.14,False,True,False,UNKNOWN
p13,0.4,0.25,0.329,42,28,18,"[1, 2, 3]",0.276,0.250899,0.007351,0.031951,0.211381,0.00147,0.01065,0.021138,0.013939,1383.903969100505,1811.2546488269975,30.88008194703403,9.400000000000006,347.4326178322249,18,5,3,10,27.78,16.67,55.56,0,0.0,80,0,2,3.33,5,25.86,False,True,False,UNKNOWN
p13,0.4,0.25,0.3636,153,28,17,"[1, 2, 3]",0.2641,0.238795,0.004669,0.01985,0.214061,0.000778,0.01985,0.021406,0.014047,1383.903969100505,1811.6668131506265,30.909864672774525,24.97864376269049,283.7520145572728,17,6,1,10,35.29,5.88,58.82,0,0.0,80,0,2,5.0,7,17.46,False,True,False,UNKNOWN
p13,0.4,0.25,0.1713,264,28,22,"[1, 2, 3]",0.3679,0.343619,0.012062,0.0,0.33141,0.00134,0.0,0.025493,0.015619,1383.903969100505,1949.5111812872283,40.87040898902476,0.0,313.8476044050227,22,9,0,13,40.91,0.0,59.09,0,0.0,80,0,3,7.22,7,25.68,False,True,False,UNKNOWN
p13,0.4,0.25,0.2865,375,28,12,"[1, 2, 3]",0.3683,0.344509,0.001033,0.0,0.343135,0.001033,0.0,0.031194,0.028709,1383.903969100505,1807.0479372802747,30.576107708889673,24.5471862576143,271.4466039383006,12,1,0,11,8.33,0.0,91.67,0,0.0,80,0,1,1.67,7,17.51,False,True,False,UNKNOWN
p13,0.4,0.25,0.2887,486,28,21,"[1, 2, 3]",0.3798,0.355427,0.008248,0.040497,0.306534,0.001375,0.020248,0.02358,0.016925,1383.903969100505,1816.63987528057,31.269214905231475,5.200000000000003,311.8896869141719,21,6,2,13,28.57,9.52,61.9,0,0.0,80,0,0,0.0,5,27.71,False,True,False,UNKNOWN
p13,0.4,0.5,0.632,42,28,16,"[1, 2, 3]",0.1934,0.170185,0.002044,0.016848,0.151046,0.000681,0.008424,0.013731,0.010637,1383.903969100505,1781.707539951253,28.745027092400644,153.89437251522858,327.6693740391455,16,3,2,11,18.75,12.5,68.75,0,0.0,80,0,1,1.67,6,30.14,False,True,False,UNKNOWN
p13,0.4,0.5,0.3622,153,28,18,"[1, 2, 3]",0.4437,0.417146,0.002858,0.052445,0.361605,0.000953,0.026222,0.027816,0.023175,1383.903969100505,1896.2426885262937,37.02126237550956,18.799999999999997,329.54941933702946,18,3,2,13,16.67,11.11,72.22,0,0.0,80,0,0,0.0,6,28.78,False,True,False,UNKNOWN
p13,0.4,0.5,0.3932,264,28,18,"[1, 2, 3]",0.3119,0.286401,0.01325,0.0,0.272892,0.001893,0.0,0.024808,0.015911,1383.903969100505,2047.0946932077895,47.921730041596604,98.0314575050762,330.01909876618726,18,7,0,11,38.89,0.0,61.11,0,0.0,80,0,1,15.0,8,34.07,False,True,False,UNKNOWN
p13,0.4,0.5,0.4781,375,28,15,"[1, 2, 3]",0.2177,0.192291,0.001102,0.055968,0.134982,0.000367,0.018656,0.014998,0.012819,1383.903969100505,1805.4792364929697,30.462754411093684,7.799999999999997,254.5623261899998,15,3,3,9,20.0,20.0,60.0,0,0.0,80,0,1,28.33,6,19.51,False,True,False,UNKNOWN
p13,0.4,0.5,0.6015,486,28,19,"[1, 2, 3]",0.214,0.189481,0.003685,0.015282,0.17032,0.000737,0.007641,0.014193,0.009973,1383.903969100505,1904.1344850942758,37.59151845860407,153.9786437626905,323.380655210519,19,5,2,12,26.32,10.53,63.16,0,0.0,80,0,1,1.67,7,34.81,False,True,False,UNKNOWN
p13,0.4,0.75,0.9432,42,28,11,"[1, 2, 3]",0.1447,0.12237,0.0,0.007998,0.113976,0.0,0.007998,0.011398,0.011125,1383.903969100505,1728.9550460593314,24.93316622128766,122.07689394083903,308.06220980352515,11,0,1,10,0.0,9.09,90.91,0,0.0,80,0,1,5.0,5,32.47,False,True,False,UNKNOWN
p13,0.4,0.75,0.759,153,28,13,"[1, 2, 3]",0.1597,0.135186,0.000675,0.013171,0.121066,0.000675,0.006585,0.012107,0.010399,1383.903969100505,1797.4870656223702,29.885245346227418,158.04236127064206,290.7624074629466,13,1,2,10,7.69,15.38,76.92,0,0.0,80,0,1,13.33,6,33.48,False,True,False,UNKNOWN
p13,0.4,0.75,0.6675,264,28,13,"[1, 2, 3]",0.1721,0.156011,0.000592,0.009995,0.145155,0.000592,0.009995,0.013196,0.012001,1383.903969100505,2038.190945955183,47.27835106072745,153.08874171777086,341.90592388846596,13,1,1,11,7.69,7.69,84.62,0,0.0,80,0,3,4.44,8,36.95,False,True,False,UNKNOWN
p13,0.4,0.75,0.6714,375,28,10,"[1, 2, 3]",0.1757,0.151373,0.000557,0.002556,0.147971,0.000557,0.002556,0.018496,0.015137,1383.903969100505,1578.5297265450854,14.063530547649277,54.000000000000014,232.11752734790178,10,1,1,8,10.0,10.0,80.0,0,0.0,80,0,1,3.33,4,12.07,False,True,False,UNKNOWN
p13,0.4,0.75,0.8449,486,28,16,"[1, 2, 3]",0.2242,0.198645,0.003337,0.012221,0.18281,0.000834,0.00611,0.018281,0.012415,1383.903969100505,1841.9394940523814,33.09734888971995,45.0943725152286,253.18279288041535,16,4,2,10,25.0,12.5,62.5,0,0.0,80,0,1,3.33,7,21.35,False,True,False,UNKNOWN
p14,0.05,0.25,0.2869,42,3,3,"[1, 2, 3]",0.0754,0.05096,0.0,0.0,0.05096,0.0,0.0,0.016987,0.016987,1393.9696961967,1513.6715885667572,8.587122998200847,0.0,275.6008732545826,3,0,0,3,0.0,0.0,100.0,0,0.0,80,0,2,6.67,3,21.25,False,True,False,UNKNOWN
p14,0.05,0.25,0.0922,153,3,3,"[1, 2, 3]",0.0931,0.069696,0.0,0.069696,0.0,0.0,0.023232,0.0,0.023232,1393.9696961967,1436.396103067893,3.0435673735913316,0.0,183.31067811865475,3,0,3,0,0.0,100.0,0.0,0,0.0,80,0,0,0.0,0,0.0,True,True,True,UNKNOWN
p14,0.05,0.25,0.2317,264,3,2,"[1, 2, 3]",0.069,0.045663,0.001423,0.0,0.044215,0.001423,0.0,0.044215,0.022832,1393.9696961967,1479.5405364549783,6.138644225319205,0.0,278.02600562229327,2,1,0,1,50.0,0.0,50.0,0,0.0,80,0,0,0.0,2,20.91,False,True,False,UNKNOWN
p14,0.05,0.25,0.2142,375,3,3,"[1, 2, 3]",0.0967,0.068335,0.001189,0.0,0.067146,0.001189,0.0,0.033573,0.022778,1393.9696961967,1455.7799763791413,4.434119360778375,24.5471862576143,208.9292222699217,3,1,0,2,33.33,0.0,66.67,0,0.0,80,0,0,0.0,3,9.84,False,True,False,UNKNOWN
p14,0.05,0.25,0.2736,486,3,1,"[1, 2, 3]",0.0898,0.0609,0.0,0.0,0.060813,0.0,0.0,0.060813,0.0609,1393.9696961967,1424.5489201229648,2.1936792463779544,0.0,215.3899020449196,1,0,0,1,0.0,0.0,100.0,0,0.0,80,0,0,0.0,1,11.83,False,True,False,UNKNOWN
p14,0.05,0.5,0.7697,42,3,2,"[1, 2, 3]",0.0717,0.039314,0.0,0.0,0.039272,0.0,0.0,0.019636,0.019657,1393.9696961967,1445.5924727983838,3.703292599726609,0.0,208.1913190966076,2,0,0,2,0.0,0.0,100.0,0,0.0,80,0,2,6.67,2,9.18,False,True,False,UNKNOWN
p14,0.05,0.5,0.1911,153,3,3,"[1, 2, 3]",0.1964,0.176362,0.0,0.0,0.176362,0.0,0.0,0.058787,0.058787,1393.9696961967,1492.188240347967,7.045959780850759,0.0,230.71067811865476,3,0,0,3,0.0,0.0,100.0,0,0.0,80,0,2,6.67,3,14.56,False,True,False,UNKNOWN
p14,0.05,0.5,0.6492,264,3,1,"[1, 2, 3]",0.0308,0.010072,0.0,0.0,0.010029,0.0,0.0,0.010029,0.010072,1393.9696961967,1475.9500864685556,5.881074064632146,14.378643762690501,261.7008732545826,1,0,0,1,0.0,0.0,100.0,0,0.0,80,0,0,0.0,1,45.39,False,True,False,UNKNOWN
p14,0.05,0.5,0.3658,375,3,3,"[1, 2, 3]",0.1008,0.075394,0.000365,0.0,0.075029,0.000365,0.0,0.037515,0.025131,1393.9696961967,1429.959481855145,2.581819802585336,0.0,228.9292222699217,3,1,0,2,33.33,0.0,66.67,0,0.0,80,0,0,0.0,1,27.18,False,True,False,UNKNOWN
p14,0.05,0.5,0.4769,486,3,1,"[1, 2, 3]",0.073,0.044353,0.0,0.0,0.044213,0.0,0.0,0.044213,0.044353,1393.9696961967,1432.2792151451529,2.748231834090543,0.0,209.02019706710774,1,0,0,1,0.0,0.0,100.0,0,0.0,80,0,0,0.0,1,16.12,False,True,False,UNKNOWN
p14,0.05,0.75,0.9819,42,3,2,"[1, 2, 3]",0.0744,0.042276,0.0,0.0,0.042231,0.0,0.0,0.021115,0.021138,1393.9696961967,1445.5924727983838,3.703292599726609,0.0,208.1913190966076,2,0,0,2,0.0,0.0,100.0,0,0.0,80,0,2,6.67,2,9.18,False,True,False,UNKNOWN
p14,0.05,0.75,0.5064,153,3,3,"[1, 2, 3]",0.1059,0.082567,0.0,0.0,0.082567,0.0,0.0,0.027522,0.027522,1393.9696961967,1546.664849807511,10.953979417732235,0.0,241.94173437483136,3,0,0,3,0.0,0.0,100.0,0,0.0,80,0,1,3.33,3,23.58,False,True,False,UNKNOWN
p14,0.05,0.75,0.9725,264,3,1,"[1, 2, 3]",0.0377,0.010859,0.0,0.0,0.010813,0.0,0.0,0.010813,0.010859,1393.9696961967,1475.9500864685556,5.881074064632146,91.9786437626905,261.7008732545826,1,0,0,1,0.0,0.0,100.0,0,0.0,80,0,0,0.0,2,43.16,False,True,False,UNKNOWN
p14,0.05,0.75,0.6153,375,3,2,"[1, 2, 3]",0.0799,0.054544,0.0,0.0,0.054522,0.0,0.0,0.027261,0.027272,1393.9696961967,1409.959481855145,1.147068383342299,22.94718625761429,228.9292222699217,2,0,0,2,0.0,0.0,100.0,0,0.0,80,0,0,0.0,1,27.18,False,True,False,UNKNOWN
p14,0.05,0.75,0.7664,486,3,1,"[1, 2, 3]",0.0549,0.021159,0.0,0.0,0.021058,0.0,0.0,0.021058,0.021159,1393.9696961967,1445.5924727983838,3.703292599726609,0.0,222.33345472033855,1,0,0,1,0.0,0.0,100.0,0,0.0,80,0,0,0.0,1,23.52,False,True,False,UNKNOWN
p14,0.1,0.25,0.2777,42,7,6,"[1, 2, 3]",0.1998,0.176847,0.0,0.0,0.176808,0.0,0.0,0.029468,0.029475,1393.9696961967,1677.506510494003,20.34024233603524,0.0,290.28263819321523,6,0,0,6,0.0,0.0,100.0,0,0.0,80,0,1,16.67,5,31.04,False,True,False,UNKNOWN
p14,0.1,0.25,0.0776,153,7,5,"[1, 2, 3]",0.1389,0.113955,0.0,0.051143,0.062731,0.0,0.017048,0.031366,0.022791,1393.9696961967,1490.5382386916237,6.927592669941171,0.0,183.31067811865475,5,0,3,2,0.0,60.0,40.0,0,0.0,80,0,0,0.0,0,0.0,True,True,True,UNKNOWN
p14,0.1,0.25,0.1217,264,7,4,"[1, 2, 3]",0.1122,0.089811,0.000931,0.018275,0.07053,0.000931,0.018275,0.035265,0.022453,1393.9696961967,1511.9012162299762,8.460120787061584,0.0,278.02600562229327,4,1,1,2,25.0,25.0,50.0,0,0.0,80,0,1,3.33,3,15.92,False,True,False,UNKNOWN
p14,0.1,0.25,0.331,375,7,4,"[1, 2, 3]",0.1244,0.10089,0.000819,0.0,0.099978,0.000819,0.0,0.033326,0.025222,1393.9696961967,1460.2604748088884,4.755539434828164,24.5471862576143,208.9292222699217,4,1,0,3,25.0,0.0,75.0,0,0.0,80,0,0,0.0,4,7.46,False,True,False,UNKNOWN
p14,0.1,0.25,0.3888,486,7,4,"[1, 2, 3]",0.1454,0.115845,0.000677,0.0,0.115054,0.000677,0.0,0.038351,0.028961,1393.9696961967,1472.2522162656549,5.615797838542728,0.0,215.3899020449196,4,1,0,3,25.0,0.0,75.0,0,0.0,80,0,0,0.0,3,9.34,False,True,False,UNKNOWN
p14,0.1,0.5,0.6844,42,7,4,"[1, 2, 3]",0.0909,0.067042,0.0,0.0,0.066984,0.0,0.0,0.016746,0.01676,1393.9696961967,1566.5293103948204,12.379007568739212,60.694372515228594,261.7008732545826,4,0,0,4,0.0,0.0,100.0,0,0.0,80,0,3,5.56,6,16.44,False,True,False,UNKNOWN
p14,0.1,0.5,0.1486,153,7,5,"[1, 2, 3]",0.1982,0.167646,0.0,0.0,0.167571,0.0,0.0,0.033514,0.033529,1393.9696961967,1537.8602004225272,10.322355257680092,0.0,262.0983669457533,5,0,0,5,0.0,0.0,100.0,0,0.0,80,0,2,6.67,4,15.97,False,True,False,UNKNOWN
p14,0.1,0.5,0.3311,264,7,3,"[1, 2, 3]",0.0895,0.064008,0.0,0.019495,0.044405,0.0,0.019495,0.022203,0.021336,1393.9696961967,1508.3107662435534,8.202550626374524,16.5786437626905,261.7008732545826,3,0,1,2,0.0,33.33,66.67,0,0.0,80,0,1,3.33,2,25.67,False,True,False,UNKNOWN
p14,0.1,0.5,0.4135,375,7,6,"[1, 2, 3]",0.0943,0.071147,0.000792,0.010228,0.060103,0.000396,0.010228,0.020034,0.011858,1393.9696961967,1513.6421926835055,8.585014208940082,0.0,228.9292222699217,6,2,1,3,33.33,16.67,50.0,0,0.0,80,0,1,10.0,3,15.33,False,True,False,UNKNOWN
p14,0.1,0.5,0.6489,486,7,4,"[1, 2, 3]",0.1176,0.089756,0.0,0.0,0.089661,0.0,0.0,0.022415,0.022439,1393.9696961967,1553.0508466059591,11.412095316224981,38.77864376269048,241.94173437483136,4,0,0,4,0.0,0.0,100.0,0,0.0,80,0,0,0.0,4,22.32,False,True,False,UNKNOWN
p14,0.1,0.75,0.9808,42,7,4,"[1, 2, 3]",0.0874,0.06455,0.0,0.0,0.06443,0.0,0.0,0.016108,0.016137,1393.9696961967,1541.8079508448247,10.605557283740527,91.3786437626905,261.7008732545826,4,0,0,4,0.0,0.0,100.0,0,0.0,80,0,1,30.0,4,28.06,False,True,False,UNKNOWN
p14,0.1,0.75,0.6904,153,7,5,"[1, 2, 3]",0.1037,0.078354,0.0,0.0,0.078314,0.0,0.0,0.015663,0.015671,1393.9696961967,1654.556219223992,18.69384418745078,83.57864376269049,280.56737682388314,5,0,0,5,0.0,0.0,100.0,0,0.0,80,0,1,3.33,5,34.0,False,True,False,UNKNOWN
p14,0.1,0.75,0.5906,264,7,2,"[1, 2, 3]",0.0584,0.031598,0.0,0.022108,0.009321,0.0,0.022108,0.009321,0.015799,1393.9696961967,1488.3107662435534,6.767799207131488,91.9786437626905,261.7008732545826,2,0,1,1,0.0,50.0,50.0,0,0.0,80,0,0,0.0,2,43.16,False,True,False,UNKNOWN
p14,0.1,0.75,0.7995,375,7,3,"[1, 2, 3]",0.0996,0.070613,0.0,0.0,0.070489,0.0,0.0,0.023496,0.023538,1393.9696961967,1460.9496769910727,4.804981125279882,108.92583002030479,247.6795170172731,3,0,0,3,0.0,0.0,100.0,0,0.0,80,0,0,0.0,3,27.41,False,True,False,UNKNOWN
p14,0.1,0.75,0.7889,486,7,3,"[1, 2, 3]",0.0586,0.033988,0.0,0.0,0.033909,0.0,0.0,0.011303,0.011329,1393.9696961967,1503.9019917468365,7.886275853060172,37.978643762690496,250.71067811865476,3,0,0,3,0.0,0.0,100.0,0,0.0,80,0,0,0.0,3,22.23,False,True,False,UNKNOWN
p14,0.2,0.25,0.361,42,14,9,"[1, 2, 3]",0.2418,0.219472,0.0,0.0,0.219372,0.0,0.0,0.024375,0.024386,1393.9696961967,1778.1514615164626,27.56026665199124,0.0,290.28263819321523,9,0,0,9,0.0,0.0,100.0,0,0.0,80,0,1,6.67,6,31.18,False,True,False,UNKNOWN
p14,0.2,0.25,0.2747,153,14,10,"[1, 2, 3]",0.1745,0.150349,0.00035,0.051219,0.098675,0.00035,0.017073,0.016446,0.015035,1393.9696961967,1757.888670643289,26.10666325383571,23.57864376269049,303.3106781186548,10,1,3,6,10.0,30.0,60.0,0,0.0,80,0,1,3.33,4,34.21,False,True,False,UNKNOWN
p14,0.2,0.25,0.0995,264,14,9,"[1, 2, 3]",0.3138,0.286954,0.000795,0.029289,0.256702,0.000795,0.029289,0.036672,0.031884,1393.9696961967,1722.7827847621284,23.588252274246738,0.0,291.7902461228583,9,1,1,7,11.11,11.11,77.78,0,0.0,80,0,1,3.33,6,26.05,False,True,False,UNKNOWN
p14,0.2,0.25,0.3885,375,14,7,"[1, 2, 3]",0.162,0.137646,0.00113,0.0,0.1363,0.00113,0.0,0.022717,0.019664,1393.9696961967,1535.9596599381082,10.18601509981264,38.147186257614294,228.1913190966076,7,1,0,6,14.29,0.0,85.71,0,0.0,80,0,1,6.67,6,11.52,False,True,False,UNKNOWN
p14,0.2,0.25,0.3874,486,14,8,"[1, 2, 3]",0.1999,0.174958,0.0,0.0,0.17482,0.0,0.0,0.021852,0.02187,1393.9696961967,1703.3188117036914,22.191954125761704,0.0,267.0910161426126,8,0,0,8,0.0,0.0,100.0,0,0.0,80,0,1,10.0,7,20.05,False,True,False,UNKNOWN
p14,0.2,0.5,0.6888,42,14,8,"[1, 2, 3]",0.1155,0.091577,0.000428,0.0,0.091029,0.000428,0.0,0.013004,0.011447,1393.9696961967,1677.927326540313,20.370430657019426,60.694372515228594,262.3334547203385,8,1,0,7,12.5,0.0,87.5,0,0.0,80,0,2,6.67,6,26.75,False,True,False,UNKNOWN
p14,0.2,0.5,0.3829,153,14,7,"[1, 2, 3]",0.2215,0.193264,0.0,0.0,0.193094,0.0,0.0,0.027585,0.027609,1393.9696961967,1586.657968500059,13.82298860793666,0.0,262.0983669457533,7,0,0,7,0.0,0.0,100.0,0,0.0,80,0,1,16.67,4,22.75,False,True,False,UNKNOWN
p14,0.2,0.5,0.269,264,14,8,"[1, 2, 3]",0.3157,0.28858,0.0,0.024507,0.263911,0.0,0.024507,0.037702,0.036073,1393.9696961967,1658.5367718658467,18.979399365064413,16.5786437626905,261.7008732545826,8,0,1,7,0.0,12.5,87.5,0,0.0,80,0,1,3.33,5,25.48,False,True,False,UNKNOWN
p14,0.2,0.5,0.4881,375,14,9,"[1, 2, 3]",0.1918,0.166865,0.000322,0.0,0.166434,0.000322,0.0,0.020804,0.018541,1393.9696961967,1603.058725368167,14.999539067595553,12.9157287525381,225.05046212075655,9,1,0,8,11.11,0.0,88.89,0,0.0,80,0,2,3.33,8,10.83,False,True,False,UNKNOWN
p14,0.2,0.5,0.751,486,14,7,"[1, 2, 3]",0.1281,0.103656,0.0,0.008523,0.094982,0.0,0.008523,0.01583,0.014808,1393.9696961967,1563.5206636043652,12.163174556108876,121.15728752538098,320.64805951219694,7,0,1,6,0.0,14.29,85.71,0,0.0,80,0,1,10.0,5,27.14,False,True,False,UNKNOWN
p14,0.2,0.75,0.9869,42,14,5,"[1, 2, 3]",0.0974,0.071324,0.0,0.006349,0.064763,0.0,0.006349,0.016191,0.014265,1393.9696961967,1502.9536750277039,7.8182459151267985,91.3786437626905,254.5623261899998,5,0,1,4,0.0,20.0,80.0,0,0.0,80,0,1,3.33,4,22.67,False,True,False,UNKNOWN
p14,0.2,0.75,0.7565,153,14,8,"[1, 2, 3]",0.1807,0.150893,0.0,0.0,0.150762,0.0,0.0,0.018845,0.018862,1393.9696961967,1731.7432446956016,24.23105390457779,232.11457505076197,319.5333498751335,8,0,0,8,0.0,0.0,100.0,0,0.0,80,0,1,6.67,5,59.08,False,True,False,UNKNOWN
p14,0.2,0.75,0.5573,264,14,7,"[1, 2, 3]",0.1446,0.121307,0.0,0.026004,0.095093,0.0,0.026004,0.015849,0.01733,1393.9696961967,1671.8095501238736,19.931556237214522,104.9786437626905,261.7008732545826,7,0,1,6,0.0,14.29,85.71,0,0.0,80,0,1,3.33,6,30.29,False,True,False,UNKNOWN
p14,0.2,0.75,0.8508,375,14,5,"[1, 2, 3]",0.1258,0.097108,0.0,0.003013,0.09382,0.0,0.003013,0.023455,0.019422,1393.9696961967,1487.4524923898016,6.706228725643007,108.92583002030479,247.6795170172731,5,0,1,4,0.0,20.0,80.0,0,0.0,80,0,1,10.0,4,21.23,False,True,False,UNKNOWN
p14,0.2,0.75,0.7023,486,14,8,"[1, 2, 3]",0.1694,0.14176,0.001384,0.0,0.140211,0.001384,0.0,0.02003,0.01772,1393.9696961967,1676.9408831430796,20.299665603810247,75.95728752538099,232.5409699526903,8,1,0,7,12.5,0.0,87.5,0,0.0,80,0,2,6.67,6,13.79,False,True,False,UNKNOWN
p14,0.4,0.25,0.3116,42,28,19,"[1, 2, 3]",0.538,0.511589,0.001071,0.041525,0.468799,0.001071,0.020763,0.0293,0.026926,1393.9696961967,2043.828544101686,46.61929521696618,23.862915010152406,318.9021375105658,19,1,2,16,5.26,10.53,84.21,0,0.0,80,0,2,3.33,9,27.64,False,True,False,UNKNOWN
p14,0.4,0.25,0.3704,153,28,17,"[1, 2, 3]",0.3482,0.32158,0.000357,0.078686,0.242178,0.000357,0.019671,0.020181,0.018916,1393.9696961967,1920.210470302132,37.751234875566155,50.61010126776668,301.52922226992166,17,1,4,12,5.88,23.53,70.59,0,0.0,80,0,1,8.33,7,29.32,False,True,False,UNKNOWN
p14,0.4,0.25,0.1612,264,28,21,"[1, 2, 3]",0.6359,0.610343,0.002661,0.053992,0.553452,0.00133,0.026996,0.032556,0.029064,1393.9696961967,2109.549775167083,51.33397669424009,6.0314575050762045,330.3139742613448,21,2,2,17,9.52,9.52,80.95,0,0.0,80,0,1,3.33,7,52.05,False,True,False,UNKNOWN
p14,0.4,0.25,0.2865,375,28,14,"[1, 2, 3]",0.3509,0.325911,0.00107,0.011317,0.313203,0.00107,0.011317,0.0261,0.023279,1393.9696961967,1811.624380419608,29.961532547115986,44.147186257614294,264.36383925166547,14,1,1,12,7.14,7.14,85.71,0,0.0,80,0,2,3.33,8,27.48,False,True,False,UNKNOWN
p14,0.4,0.25,0.2887,486,28,17,"[1, 2, 3]",0.4048,0.381108,0.000989,0.009527,0.370335,0.000989,0.009527,0.024689,0.022418,1393.9696961967,1950.2326955124126,39.90495638703036,0.0,247.2370849898476,17,1,1,15,5.88,5.88,88.24,0,0.0,80,0,1,3.33,8,23.33,False,True,False,UNKNOWN
p14,0.4,0.5,0.6074,42,28,18,"[1, 2, 3]",0.3232,0.297916,0.001909,0.027681,0.268126,0.000954,0.013841,0.019152,0.016551,1393.9696961967,1958.4699276392307,40.49587541125968,153.89437251522858,321.59976529279413,18,2,2,14,11.11,11.11,77.78,0,0.0,80,0,2,3.33,7,52.05,False,True,False,UNKNOWN
p14,0.4,0.5,0.3705,153,28,16,"[1, 2, 3]",0.477,0.453597,0.0,0.041087,0.412187,0.0,0.041087,0.027479,0.02835,1393.9696961967,1898.222105533849,36.17384299765976,22.231457505076193,374.4927174436485,16,0,1,15,0.0,6.25,93.75,0,0.0,80,0,1,3.33,8,31.98,False,True,False,UNKNOWN
p14,0.4,0.5,0.3932,264,28,15,"[1, 2, 3]",0.3764,0.345892,0.0,0.040388,0.305187,0.0,0.020194,0.023476,0.023059,1393.9696961967,1838.8563269378317,31.91508624290458,37.000000000000014,261.94173437483136,15,0,2,13,0.0,13.33,86.67,0,0.0,80,0,2,14.17,7,35.02,False,True,False,UNKNOWN
p14,0.4,0.5,0.484,375,28,17,"[1, 2, 3]",0.3768,0.347804,0.000883,0.0,0.346689,0.000441,0.0,0.023113,0.020459,1393.9696961967,1933.9588124851678,38.73750754853362,36.5471862576143,274.5623261899998,17,2,0,15,11.76,0.0,88.24,0,0.0,80,0,3,13.89,8,35.45,False,True,False,UNKNOWN
p14,0.4,0.5,0.6015,486,28,17,"[1, 2, 3]",0.3213,0.296861,0.000423,0.0,0.296186,0.000423,0.0,0.018512,0.017462,1393.9696961967,1970.8381405692712,41.38314096400347,82.3786437626905,286.2318943012372,17,1,0,16,5.88,0.0,94.12,0,0.0,80,0,2,3.33,7,37.28,False,True,False,UNKNOWN
p14,0.4,0.75,0.9432,42,28,12,"[1, 2, 3]",0.1772,0.153009,0.0,0.008332,0.144304,0.0,0.008332,0.013119,0.012751,1393.9696961967,1789.4893514786277,28.373619337713123,219.6926260060634,330.804465126417,12,0,1,11,0.0,8.33,91.67,0,0.0,80,0,1,6.67,6,52.57,False,True,False,UNKNOWN
p14,0.4,0.75,0.759,153,28,13,"[1, 2, 3]",0.191,0.166153,0.0,0.0,0.165874,0.0,0.0,0.01276,0.012781,1393.9696961967,1800.5263117498146,29.165384058373846,220.39884629822387,300.6629733939548,13,0,0,13,0.0,0.0,100.0,0,0.0,80,0,0,0.0,5,65.42,False,True,False,UNKNOWN
p14,0.4,0.75,0.6675,264,28,12,"[1, 2, 3]",0.2705,0.244832,0.0,0.023732,0.2207,0.0,0.023732,0.020064,0.020403,1393.9696961967,1936.4583358201842,38.91681728115092,273.22020253553336,335.50664660024614,12,0,1,11,0.0,8.33,91.67,0,0.0,80,0,2,1.67,8,52.06,False,True,False,UNKNOWN
p14,0.4,0.75,0.6919,375,28,12,"[1, 2, 3]",0.2922,0.264587,0.000285,0.0,0.263852,0.000285,0.0,0.023987,0.022049,1393.9696961967,1777.9624606319303,27.546708187625192,22.94718625761429,265.7933824461764,12,1,0,11,8.33,0.0,91.67,0,0.0,80,0,0,0.0,6,32.62,False,True,False,UNKNOWN
p14,0.4,0.75,0.8436,486,28,15,"[1, 2, 3]",0.2703,0.245034,0.000989,0.0,0.243725,0.000989,0.0,0.017409,0.016336,1393.9696961967,1914.9844062277982,37.376329733180874,75.95728752538099,256.1239342693229,15,1,0,14,6.67,0.0,93.33,0,0.0,80,0,0,0.0,8,25.95,False,True,False,UNKNOWN
p15,0.05,0.25,0.2187,42,7,5,"[1, 2, 3]",0.0368,0.006052,0.005982,0.0,0.0,0.001196,0.0,0.0,0.00121,2757.228714274745,2813.5921012905806,2.044204266553246,4.5471862576143,235.6008732545826,5,5,0,0,100.0,0.0,0.0,0,0.0,160,0,0,0.0,0,0.0,True,True,True,UNKNOWN
p15,0.05,0.25,0.1069,153,7,7,"[1, 2, 3]",0.0741,0.039871,0.011881,0.02799,0.0,0.00198,0.02799,0.0,0.005696,2757.228714274745,2847.4933757940626,3.2737458830309816,0.0,229.7008732545826,7,6,1,0,85.71,14.29,0.0,0,0.0,160,0,0,0.0,0,0.0,True,True,True,UNKNOWN
p15,0.05,0.25,0.2042,264,7,7,"[1, 2, 3]",0.0649,0.014993,0.014993,0.0,0.0,0.002142,0.0,0.0,0.002142,2757.228714274745,2916.494009346305,5.776281606491715,0.0,244.1629857669358,7,7,0,0,100.0,0.0,0.0,0,0.0,160,0,0,0.0,0,0.0,True,True,True,UNKNOWN
p15,0.05,0.25,0.2487,375,7,5,"[1, 2, 3]",0.0579,0.014134,0.01396,0.0,0.0,0.002792,0.0,0.0,0.002827,2757.228714274745,2810.8861774021148,1.9460650054010362,24.5471862576143,230.19494936611665,5,5,0,0,100.0,0.0,0.0,0,0.0,160,0,0,0.0,0,0.0,True,True,True,UNKNOWN
p15,0.05,0.25,0.2513,486,7,6,"[1, 2, 3]",0.0636,0.028975,0.015136,0.013723,0.0,0.003027,0.013723,0.0,0.004829,2757.228714274745,2829.680368846929,2.627698391398826,0.0,213.09494936611665,6,5,1,0,83.33,16.67,0.0,0,0.0,160,0,0,0.0,0,0.0,True,True,True,UNKNOWN
p15,0.05,0.5,0.7685,42,7,3,"[1, 2, 3]",0.0537,0.005518,0.005157,0.0,0.0,0.001719,0.0,0.0,0.001839,2757.228714274745,2817.228714274745,2.1760980396500136,0.0,230.71067811865476,3,3,0,0,100.0,0.0,0.0,0,0.0,160,0,0,0.0,0,0.0,True,True,True,UNKNOWN
p15,0.05,0.5,0.1536,153,7,7,"[1, 2, 3]",0.1181,0.08777,0.015919,0.026651,0.0452,0.003184,0.026651,0.0452,0.012539,2757.228714274745,2874.812699606588,4.264571332914325,26.515728752538095,235.7008732545826,7,5,1,1,71.43,14.29,14.29,0,0.0,160,0,0,0.0,0,0.0,True,True,True,UNKNOWN
p15,0.05,0.5,0.5696,264,7,3,"[1, 2, 3]",0.0457,0.004693,0.004449,0.0,0.0,0.001483,0.0,0.0,0.001564,2757.228714274745,2791.569784321599,1.245492253474044,28.757287525381003,196.0795170172731,3,3,0,0,100.0,0.0,0.0,0,0.0,160,0,0,0.0,0,0.0,True,True,True,UNKNOWN
p15,0.05,0.5,0.3777,375,7,6,"[1, 2, 3]",0.1592,0.128282,0.001763,0.126476,0.0,0.000882,0.031619,0.0,0.02138,2757.228714274745,2846.528428359126,3.2387488793387984,0.0,221.7008732545826,6,2,4,0,33.33,66.67,0.0,0,0.0,160,0,0,0.0,0,0.0,True,True,True,UNKNOWN
p15,0.05,0.5,0.4496,486,7,4,"[1, 2, 3]",0.1021,0.07418,0.001325,0.072622,0.0,0.000663,0.036311,0.0,0.018545,2757.228714274745,2825.512985522207,2.476554480008869,0.0,210.71067811865476,4,2,2,0,50.0,50.0,0.0,0,0.0,160,0,0,0.0,0,0.0,True,True,True,UNKNOWN
p15,0.05,0.75,0.9819,42,7,3,"[1, 2, 3]",0.0322,0.001115,0.000998,0.0,0.0,0.000333,0.0,0.0,0.000372,2757.228714274745,2817.228714274745,2.1760980396500136,0.0,230.71067811865476,3,3,0,0,100.0,0.0,0.0,0,0.0,160,0,0,0.0,0,0.0,True,True,True,UNKNOWN
p15,0.05,0.75,0.8139,153,7,3,"[1, 2, 3]",0.068,0.025492,0.000744,0.024443,0.0,0.000744,0.012222,0.0,0.008497,2757.228714274745,2867.8284991439978,4.011266250661569,108.57864376269049,308.32056425567373,3,1,2,0,33.33,66.67,0.0,0,0.0,160,0,0,0.0,0,0.0,True,True,True,UNKNOWN
p15,0.05,0.75,0.877,264,7,3,"[1, 2, 3]",0.0734,0.041136,0.0,0.040993,0.0,0.0,0.013664,0.0,0.013712,2757.228714274745,2889.875083601834,4.810858404322831,183.957287525381,316.7205642556737,3,0,3,0,0.0,100.0,0.0,0,0.0,160,0,0,0.0,0,0.0,True,True,True,UNKNOWN
p15,0.05,0.75,0.6627,375,7,4,"[1, 2, 3]",0.033,0.004613,0.004529,0.0,0.0,0.001132,0.0,0.0,0.001153,2757.228714274745,2808.218909410673,1.8493277279444071,0.0,221.7008732545826,4,4,0,0,100.0,0.0,0.0,0,0.0,160,0,0,0.0,0,0.0,True,True,True,UNKNOWN
p15,0.05,0.75,0.7511,486,7,6,"[1, 2, 3]",0.0537,0.006549,0.006451,0.0,0.0,0.001075,0.0,0.0,0.001092,2757.228714274745,2867.0700350276957,3.983758046051071,0.0,214.69413449533644,6,6,0,0,100.0,0.0,0.0,0,0.0,160,0,0,0.0,0,0.0,True,True,True,UNKNOWN
p15,0.1,0.25,0.2706,42,14,11,"[1, 2, 3]",0.1299,0.101602,0.01377,0.028844,0.05881,0.001721,0.028844,0.029405,0.009237,2757.228714274745,2905.461227261765,5.376141348724159,25.3786437626905,235.6008732545826,11,8,1,2,72.73,9.09,18.18,0,0.0,160,0,1,3.33,0,0.0,False,True,False,UNKNOWN
p15,0.1,0.25,0.3163,153,14,9,"[1, 2, 3]",0.1141,0.084,0.010832,0.072998,0.0,0.001805,0.024333,0.0,0.009333,2757.228714274745,2941.742940991984,6.6920174507820365,0.0,247.7995987511004,9,6,3,0,66.67,33.33,0.0,0,0.0,160,0,0,0.0,0,0.0,True,True,True,UNKNOWN
p15,0.1,0.25,0.1217,264,14,13,"[1, 2, 3]",0.0502,0.017093,0.016986,0.0,0.0,0.001307,0.0,0.0,0.001315,2757.228714274745,2981.215368896301,8.12361533382887,0.0,244.1629857669358,13,13,0,0,100.0,0.0,0.0,0,0.0,160,0,0,0.0,0,0.0,True,True,True,UNKNOWN
p15,0.1,0.25,0.2785,375,14,12,"[1, 2, 3]",0.0698,0.028264,0.028048,0.0,0.0,0.002337,0.0,0.0,0.002355,2757.228714274745,2921.7166546516637,5.965698076671351,24.5471862576143,230.19494936611665,12,12,0,0,100.0,0.0,0.0,0,0.0,160,0,0,0.0,0,0.0,True,True,True,UNKNOWN
p15,0.1,0.25,0.3659,486,14,11,"[1, 2, 3]",0.069,0.031333,0.017158,0.013953,0.0,0.001716,0.013953,0.0,0.002848,2757.228714274745,2891.6221032217604,4.874219837158701,5.200000000000003,243.71027686975518,11,10,1,0,90.91,9.09,0.0,0,0.0,160,0,0,0.0,0,0.0,True,True,True,UNKNOWN
p15,0.1,0.5,0.6889,42,14,7,"[1, 2, 3]",0.0514,0.007696,0.007149,0.0,0.0,0.001021,0.0,0.0,0.001099,2757.228714274745,2891.568498276847,4.872275676899676,0.0,230.71067811865476,7,7,0,0,100.0,0.0,0.0,0,0.0,160,0,0,0.0,0,0.0,True,True,True,UNKNOWN
p15,0.1,0.5,0.2527,153,14,10,"[1, 2, 3]",0.2429,0.208806,0.018363,0.029473,0.160786,0.003061,0.029473,0.053595,0.020881,2757.228714274745,2934.3280271102262,6.423091124744253,26.515728752538095,249.02019706710774,10,6,1,3,60.0,10.0,30.0,0,0.0,160,0,1,10.0,0,0.0,False,True,False,UNKNOWN
p15,0.1,0.5,0.3311,264,14,9,"[1, 2, 3]",0.0636,0.02009,0.019643,0.0,0.0,0.002183,0.0,0.0,0.002232,2757.228714274745,2856.291143871594,3.592825980811182,30.957287525381002,214.17135789365264,9,9,0,0,100.0,0.0,0.0,0,0.0,160,0,0,0.0,0,0.0,True,True,True,UNKNOWN
p15,0.1,0.5,0.4135,375,14,9,"[1, 2, 3]",0.1337,0.104802,0.003203,0.101435,0.0,0.000641,0.025359,0.0,0.011645,2757.228714274745,2902.8725645108057,5.282254949762862,0.0,221.7008732545826,9,5,4,0,55.56,44.44,0.0,0,0.0,160,0,0,0.0,0,0.0,True,True,True,UNKNOWN
p15,0.1,0.5,0.6157,486,14,9,"[1, 2, 3]",0.1054,0.075763,0.003609,0.071899,0.0,0.000601,0.023966,0.0,0.008418,2757.228714274745,2927.4547198970386,6.173807952202086,80.19999999999999,358.71027686975515,9,6,3,0,66.67,33.33,0.0,0,0.0,160,0,0,0.0,0,0.0,True,True,True,UNKNOWN
p15,0.1,0.75,0.9863,42,14,6,"[1, 2, 3]",0.0475,0.004214,0.003768,0.0,0.0,0.000628,0.0,0.0,0.000702,2757.228714274745,2877.228714274745,4.352196079300027,0.0,230.71067811865476,6,6,0,0,100.0,0.0,0.0,0,0.0,160,0,0,0.0,0,0.0,True,True,True,UNKNOWN
p15,0.1,0.75,0.8183,153,14,8,"[1, 2, 3]",0.0829,0.0425,0.003366,0.038736,0.0,0.000673,0.012912,0.0,0.005312,2757.228714274745,2953.158478282027,7.106039589422264,139.0730162779191,252.27922061357856,8,5,3,0,62.5,37.5,0.0,0,0.0,160,0,0,0.0,0,0.0,True,True,True,UNKNOWN
p15,0.1,0.75,0.5906,264,14,7,"[1, 2, 3]",0.0983,0.07614,0.004026,0.07185,0.0,0.002013,0.01437,0.0,0.010877,2757.228714274745,2921.904329339456,5.972504718674635,183.957287525381,316.7205642556737,7,2,5,0,28.57,71.43,0.0,0,0.0,160,0,0,0.0,0,0.0,True,True,True,UNKNOWN
p15,0.1,0.75,0.7169,375,14,11,"[1, 2, 3]",0.0692,0.03428,0.00809,0.02602,0.0,0.000809,0.02602,0.0,0.003116,2757.228714274745,2987.228135942668,8.341688176870065,15.462915010152386,258.72970951472183,11,10,1,0,90.91,9.09,0.0,0,0.0,160,0,0,0.0,0,0.0,True,True,True,UNKNOWN
p15,0.1,0.75,0.7826,486,14,11,"[1, 2, 3]",0.0929,0.055186,0.007686,0.047338,0.0,0.000769,0.047338,0.0,0.005017,2757.228714274745,2928.5843434158596,6.214777477616237,79.4,360.8213562373095,11,10,1,0,90.91,9.09,0.0,0,0.0,160,0,0,0.0,0,0.0,True,True,True,UNKNOWN
p15,0.2,0.25,0.3477,42,28,21,"[1, 2, 3]",0.1906,0.157511,0.017677,0.075974,0.063577,0.001178,0.018993,0.031789,0.007501,2757.228714274745,3064.9938282758912,11.162117687509287,25.725830020304798,287.3149262547389,21,15,4,2,71.43,19.05,9.52,0,0.0,160,0,0,0.0,0,0.0,True,True,True,UNKNOWN
p15,0.2,0.25,0.441,153,28,17,"[1, 2, 3]",0.1356,0.102538,0.022129,0.08007,0.0,0.001702,0.020017,0.0,0.006032,2757.228714274745,3049.7414741662074,10.608940722873772,27.03145750507619,272.7157871363405,17,13,4,0,76.47,23.53,0.0,0,0.0,160,0,0,0.0,0,0.0,True,True,True,UNKNOWN
p15,0.2,0.25,0.121,264,28,24,"[1, 2, 3]",0.081,0.04259,0.025265,0.017139,0.0,0.001098,0.017139,0.0,0.001775,2757.228714274745,3167.1883217031223,14.868538301009682,0.0,267.5587376308516,24,23,1,0,95.83,4.17,0.0,0,0.0,160,0,0,0.0,0,0.0,True,True,True,UNKNOWN
p15,0.2,0.25,0.3112,375,28,19,"[1, 2, 3]",0.116,0.083706,0.028231,0.0,0.055183,0.001568,0.0,0.055183,0.004406,2757.228714274745,3058.2989185769184,10.919304689649808,24.5471862576143,271.9102768697552,19,18,0,1,94.74,0.0,5.26,0,0.0,160,0,0,0.0,0,0.0,True,True,True,UNKNOWN
p15,0.2,0.25,0.3713,486,28,24,"[1, 2, 3]",0.149,0.119546,0.014048,0.059468,0.045862,0.000739,0.014867,0.045862,0.004981,2757.228714274745,3193.509317707219,15.82315609777886,25.094372515228585,286.5472570143977,24,19,4,1,79.17,16.67,4.17,0,0.0,160,0,0,0.0,0,0.0,True,True,True,UNKNOWN
p15,0.2,0.5,0.7052,42,28,18,"[1, 2, 3]",0.0399,0.007405,0.007095,0.0,0.0,0.000394,0.0,0.0,0.000411,2757.228714274745,3072.0591654184577,11.418365459266044,105.75728752538096,273.4795170172731,18,18,0,0,100.0,0.0,0.0,0,0.0,160,0,0,0.0,0,0.0,True,True,True,UNKNOWN
p15,0.2,0.5,0.4791,153,28,19,"[1, 2, 3]",0.2652,0.23208,0.016823,0.078464,0.136497,0.001294,0.026155,0.045499,0.012215,2757.228714274745,3099.8515066658492,12.426346447694925,26.515728752538095,287.8836922408345,19,13,3,3,68.42,15.79,15.79,0,0.0,160,0,1,10.0,0,0.0,False,True,False,UNKNOWN
p15,0.2,0.5,0.3278,264,28,20,"[1, 2, 3]",0.0663,0.034547,0.026529,0.007694,0.0,0.001396,0.007694,0.0,0.001727,2757.228714274745,3022.5809428907946,9.62387440846913,99.5359312880715,296.4213562373095,20,19,1,0,95.0,5.0,0.0,0,0.0,160,0,0,0.0,0,0.0,True,True,True,UNKNOWN
p15,0.2,0.5,0.4983,375,28,19,"[1, 2, 3]",0.1758,0.146276,0.011714,0.134251,0.0,0.000781,0.033563,0.0,0.007699,2757.228714274745,3110.8896882976983,12.826682537867718,0.0,231.35562914111455,19,15,4,0,78.95,21.05,0.0,0,0.0,160,0,0,0.0,0,0.0,True,True,True,UNKNOWN
p15,0.2,0.5,0.7538,486,28,15,"[1, 2, 3]",0.1758,0.142887,0.003874,0.138106,0.0,0.000553,0.017263,0.0,0.009526,2757.228714274745,3091.5288372918794,12.124497372539077,445.6932188134525,307.12056425567374,15,7,8,0,46.67,53.33,0.0,0,0.0,160,0,0,0.0,0,0.0,True,True,True,UNKNOWN
p15,0.2,0.75,0.9865,42,28,15,"[1, 2, 3]",0.0622,0.026267,0.008029,0.017667,0.0,0.000618,0.008834,0.0,0.001751,2757.228714274745,3043.6206364240716,10.386948339345814,93.3786437626905,358.12056425567374,15,13,2,0,86.67,13.33,0.0,0,0.0,160,0,0,0.0,0,0.0,True,True,True,UNKNOWN
p15,0.2,0.75,0.7972,153,28,21,"[1, 2, 3]",0.0802,0.047957,0.011324,0.036326,0.0,0.000666,0.009082,0.0,0.002284,2757.228714274745,3193.8791009215033,15.836567506573854,211.85166004060957,264.74192049298324,21,17,4,0,80.95,19.05,0.0,0,0.0,160,0,0,0.0,0,0.0,True,True,True,UNKNOWN
p15,0.2,0.75,0.6121,264,28,15,"[1, 2, 3]",0.1315,0.097568,0.011432,0.085579,0.0,0.001429,0.012226,0.0,0.006505,2757.228714274745,3143.527659786149,14.010406300770557,308.3192782940203,327.4768689919494,15,8,7,0,53.33,46.67,0.0,0,0.0,160,0,0,0.0,0,0.0,True,True,True,UNKNOWN
p15,0.2,0.75,0.7462,375,28,15,"[1, 2, 3]",0.1045,0.073675,0.009597,0.032542,0.031162,0.0008,0.016271,0.031162,0.004912,2757.228714274745,3040.149673250392,10.261062403380121,39.304473782995274,260.42019056626884,15,12,2,1,80.0,13.33,6.67,0,0.0,160,0,0,0.0,0,0.0,True,True,True,UNKNOWN
p15,0.2,0.75,0.7974,486,28,20,"[1, 2, 3]",0.1042,0.059909,0.017386,0.041982,0.0,0.000915,0.041982,0.0,0.002995,2757.228714274745,3097.0662630416923,12.325330394520332,79.4,360.8213562373095,20,19,1,0,95.0,5.0,0.0,0,0.0,160,0,0,0.0,0,0.0,True,True,True,UNKNOWN
p15,0.4,0.25,0.2899,42,57,41,"[1, 2, 3]",0.1854,0.153041,0.068875,0.083496,0.0,0.001861,0.020874,0.0,0.003733,2757.228714274745,3550.8246628631537,28.782376466623816,26.1786437626905,495.0358500208633,41,37,4,0,90.24,9.76,0.0,0,0.0,160,0,0,0.0,0,0.0,True,True,True,UNKNOWN
p15,0.4,0.25,0.3154,153,57,46,"[1, 2, 3]",0.2301,0.192511,0.081485,0.110537,0.0,0.001895,0.036846,0.0,0.004185,2757.228714274745,3577.5036963386824,29.74997967405474,4.031457505076197,377.333053471439,46,43,3,0,93.48,6.52,0.0,0,0.0,160,0,0,0.0,0,0.0,True,True,True,UNKNOWN
p15,0.4,0.25,0.1985,264,57,46,"[1, 2, 3]",0.138,0.095185,0.058778,0.035791,0.0,0.001336,0.017895,0.0,0.002069,2757.228714274745,3506.336668287885,27.16887250357044,22.515728752538095,289.0162007582211,46,44,2,0,95.65,4.35,0.0,0,0.0,160,0,0,0.0,0,0.0,True,True,True,UNKNOWN
p15,0.4,0.25,0.271,375,57,45,"[1, 2, 3]",0.2078,0.176881,0.068544,0.024836,0.083031,0.001672,0.012418,0.041515,0.003931,2757.228714274745,3418.876471657459,23.996839796322536,24.5471862576143,307.69976529279415,45,41,2,2,91.11,4.44,4.44,0,0.0,160,0,0,0.0,0,0.0,True,True,True,UNKNOWN
p15,0.4,0.25,0.3426,486,57,41,"[1, 2, 3]",0.1846,0.154308,0.033555,0.083785,0.036357,0.000932,0.020946,0.036357,0.003764,2757.228714274745,3528.0816342201956,27.957525465863064,19.894372515228582,308.0264693993929,41,36,4,1,87.8,9.76,2.44,0,0.0,160,0,0,0.0,0,0.0,True,True,True,UNKNOWN
p15,0.4,0.5,0.5204,42,57,36,"[1, 2, 3]",0.119,0.078701,0.047177,0.030009,0.0,0.001388,0.015005,0.0,0.002186,2757.228714274745,3389.275231700674,22.923253125636368,116.90447378299525,273.4795170172731,36,34,2,0,94.44,5.56,0.0,0,0.0,160,0,0,0.0,0,0.0,True,True,True,UNKNOWN
p15,0.4,0.5,0.5642,153,57,36,"[1, 2, 3]",0.4029,0.348881,0.032176,0.111578,0.204125,0.001192,0.018596,0.068042,0.009691,2757.228714274745,3381.5335939544757,22.642477080249993,155.4730162779191,260.07951701727313,36,27,6,3,75.0,16.67,8.33,0,0.0,160,0,1,10.0,0,0.0,False,True,False,UNKNOWN
p15,0.4,0.5,0.438,264,57,40,"[1, 2, 3]",0.1386,0.104854,0.028609,0.009557,0.066133,0.000753,0.009557,0.066133,0.002621,2757.228714274745,3368.2373626277927,22.16024536483786,85.98874503045718,359.4066622859134,40,38,1,1,95.0,2.5,2.5,0,0.0,160,0,0,0.0,0,0.0,True,True,True,UNKNOWN
p15,0.4,0.5,0.4562,375,57,46,"[1, 2, 3]",0.3252,0.285551,0.039705,0.123738,0.121748,0.001073,0.017677,0.060874,0.006208,2757.228714274745,3549.991749852534,28.75216812713035,23.6314575050762,333.4258213637265,46,37,7,2,80.43,15.22,4.35,0,0.0,160,0,0,0.0,0,0.0,True,True,True,UNKNOWN
p15,0.4,0.5,0.6559,486,57,37,"[1, 2, 3]",0.1516,0.121299,0.041501,0.078737,0.0,0.001339,0.013123,0.0,0.003278,2757.228714274745,3458.750635153052,25.443007946579925,437.92467631852867,347.12056425567374,37,31,6,0,83.78,16.22,0.0,0,0.0,160,0,0,0.0,0,0.0,True,True,True,UNKNOWN
p15,0.4,0.75,0.9073,42,57,29,"[1, 2, 3]",0.1156,0.075933,0.009299,0.044202,0.021389,0.000404,0.00884,0.021389,0.002618,2757.228714274745,3396.391933443708,23.181363804166196,277.8202025355334,367.8231239923088,29,23,5,1,79.31,17.24,3.45,0,0.0,160,0,0,0.0,0,0.0,True,True,True,UNKNOWN
p15,0.4,0.75,0.8041,153,57,31,"[1, 2, 3]",0.1041,0.064731,0.018336,0.045048,0.0,0.000679,0.011262,0.0,0.002088,2757.228714274745,3373.5547069512404,22.35309640747784,203.73593128807147,321.1232486073668,31,27,4,0,87.1,12.9,0.0,0,0.0,160,0,0,0.0,0,0.0,True,True,True,UNKNOWN
p15,0.4,0.75,0.5837,264,57,40,"[1, 2, 3]",0.2582,0.220533,0.032402,0.187554,0.0,0.001157,0.01563,0.0,0.005513,2757.228714274745,3489.7278412980554,26.56649857267953,471.6765658194012,463.31435445158866,40,28,12,0,70.0,30.0,0.0,0,0.0,160,0,0,0.0,0,0.0,True,True,True,UNKNOWN
p15,0.4,0.75,0.6958,375,57,32,"[1, 2, 3]",0.1872,0.152549,0.013828,0.063012,0.074947,0.000576,0.009002,0.074947,0.004767,2757.228714274745,3562.708087402937,29.21336808071301,125.99884629822387,359.34179275863374,32,24,7,1,75.0,21.88,3.12,0,0.0,160,0,0,0.0,0,0.0,True,True,True,UNKNOWN
p15,0.4,0.75,0.8043,486,57,36,"[1, 2, 3]",0.1717,0.140714,0.015366,0.045055,0.079605,0.00053,0.009011,0.039803,0.003909,2757.228714274745,3342.545235976712,21.228435590840245,255.96738879314768,360.8213562373095,36,29,5,2,80.56,13.89,5.56,0,0.0,160,0,0,0.0,0,0.0,True,True,True,UNKNOWN
p16,0.05,0.25,0.2187,42,7,5,"[1, 2, 3]",0.1428,0.107302,0.003861,0.0,0.103342,0.001287,0.0,0.051671,0.02146,2759.655121145938,2816.850024050652,2.072538067038017,12.3471862576143,204.61067811865476,5,3,0,2,60.0,0.0,40.0,0,0.0,160,0,1,3.33,0,0.0,False,True,False,UNKNOWN
p16,0.05,0.25,0.1069,153,7,6,"[1, 2, 3]",0.1448,0.112302,0.00581,0.0,0.10644,0.001453,0.0,0.05322,0.018717,2759.655121145938,2907.5686761383276,5.359856521889184,0.0,236.6795680042036,6,4,0,2,66.67,0.0,33.33,0,0.0,160,0,0,0.0,2,9.42,False,True,False,UNKNOWN
p16,0.05,0.25,0.2042,264,7,5,"[1, 2, 3]",0.2005,0.1685,0.003314,0.0,0.165069,0.001657,0.0,0.055023,0.0337,2759.655121145938,2906.99302884478,5.338997129382606,0.0,228.6795680042036,5,2,0,3,40.0,0.0,60.0,0,0.0,160,0,0,0.0,2,10.62,False,True,False,UNKNOWN
p16,0.05,0.25,0.2487,375,7,5,"[1, 2, 3]",0.2011,0.168677,0.005727,0.0,0.162836,0.002864,0.0,0.054279,0.033735,2759.655121145938,2885.9620004221842,4.576908118279559,24.5471862576143,253.14173437483134,5,2,0,3,40.0,0.0,60.0,0,0.0,160,0,1,10.0,2,10.97,False,True,False,UNKNOWN
p16,0.05,0.25,0.3182,486,7,5,"[1, 2, 3]",0.0861,0.056097,0.00499,0.0,0.051008,0.001247,0.0,0.051008,0.011219,2759.655121145938,2842.081528017131,2.98683724062467,8.2,213.09494936611665,5,4,0,1,80.0,0.0,20.0,0,0.0,160,0,1,10.0,0,0.0,False,True,False,UNKNOWN
p16,0.05,0.5,0.7685,42,7,1,"[1, 2, 3]",0.0262,0.000527,0.000367,0.0,0.0,0.000367,0.0,0.0,0.000527,2759.655121145938,2787.9393923934,1.0249205065782538,0.0,198.99494936611666,1,1,0,0,100.0,0.0,0.0,0,0.0,160,0,0,0.0,0,0.0,True,True,True,UNKNOWN
p16,0.05,0.5,0.1536,153,7,6,"[1, 2, 3]",0.1606,0.127069,0.003878,0.0,0.123151,0.001293,0.0,0.04105,0.021178,2759.655121145938,2919.9293559133253,5.807763207050078,26.515728752538095,242.6795680042036,6,3,0,3,50.0,0.0,50.0,0,0.0,160,0,1,3.33,3,8.18,False,True,False,UNKNOWN
p16,0.05,0.5,0.5696,264,7,3,"[1, 2, 3]",0.0433,0.003375,0.003189,0.0,0.0,0.001063,0.0,0.0,0.001125,2759.655121145938,2801.6355114177936,1.5212187186065187,30.957287525381002,196.0795170172731,3,3,0,0,100.0,0.0,0.0,0,0.0,160,0,0,0.0,0,0.0,True,True,True,UNKNOWN
p16,0.05,0.5,0.3777,375,7,4,"[1, 2, 3]",0.1697,0.141121,0.0,0.015032,0.125965,0.0,0.015032,0.041988,0.03528,2759.655121145938,2857.0428099730366,3.5289804179102795,0.0,245.67196007456045,4,0,1,3,0.0,25.0,75.0,0,0.0,160,0,0,0.0,1,22.84,False,True,False,UNKNOWN
p16,0.05,0.5,0.5315,486,7,3,"[1, 2, 3]",0.0821,0.042531,0.002429,0.0,0.039727,0.001215,0.0,0.039727,0.014177,2759.655121145938,2879.7598173734546,4.352163257908954,0.0,222.33345472033855,3,2,0,1,66.67,0.0,33.33,0,0.0,160,0,0,0.0,2,8.26,False,True,False,UNKNOWN
p16,0.05,0.75,0.9819,42,7,0,"[1, 2, 3]",0.0403,0.00048,0.0,0.0,0.0,0.0,0.0,0.0,0.0,2759.655121145938,2759.655121145938,0.0,0.0,184.8528137423857,0,0,0,0,0.0,0.0,0.0,0,0.0,160,0,0,0.0,0,0.0,True,True,True,UNKNOWN
p16,0.05,0.75,0.8139,153,7,2,"[1, 2, 3]",0.0679,0.044379,0.0,0.0,0.044087,0.0,0.0,0.022043,0.022189,2759.655121145938,2912.86656767397,5.551833102406339,108.57864376269049,261.7008732545826,2,0,0,2,0.0,0.0,100.0,0,0.0,160,0,0,0.0,3,24.82,False,True,False,UNKNOWN
p16,0.05,0.75,0.877,264,7,2,"[1, 2, 3]",0.0757,0.04578,0.0,0.0,0.045616,0.0,0.0,0.022808,0.02289,2759.655121145938,2923.615901689649,5.941350398727599,183.957287525381,261.7008732545826,2,0,0,2,0.0,0.0,100.0,0,0.0,160,0,0,0.0,4,28.85,False,True,False,UNKNOWN
p16,0.05,0.75,0.6627,375,7,4,"[1, 2, 3]",0.0981,0.068726,0.002567,0.015914,0.050149,0.001284,0.015914,0.050149,0.017182,2759.655121145938,2886.1197409548945,4.5826240692149325,0.0,254.5623261899998,4,2,1,1,50.0,25.0,25.0,0,0.0,160,0,0,0.0,2,16.97,False,True,False,UNKNOWN
p16,0.05,0.75,0.797,486,7,3,"[1, 2, 3]",0.0583,0.02271,0.000785,0.0,0.021797,0.000393,0.0,0.021797,0.00757,2759.655121145938,2879.5621689950835,4.345001189835427,0.0,222.33345472033855,3,2,0,1,66.67,0.0,33.33,0,0.0,160,0,0,0.0,2,8.26,False,True,False,UNKNOWN
p16,0.1,0.25,0.2706,42,14,9,"[1, 2, 3]",0.2185,0.186222,0.004994,0.011154,0.169884,0.001248,0.011154,0.042471,0.020691,2759.655121145938,2929.1177516747953,6.1407177016557135,33.1786437626905,222.33345472033855,9,4,1,4,44.44,11.11,44.44,0,0.0,160,0,2,6.67,2,7.0,False,True,False,UNKNOWN
p16,0.1,0.25,0.3163,153,14,11,"[1, 2, 3]",0.2377,0.206771,0.005177,0.008743,0.192738,0.001294,0.008743,0.032123,0.018797,2759.655121145938,3086.8527159912696,11.856466858419019,0.0,236.6795680042036,11,4,1,6,36.36,9.09,54.55,0,0.0,160,0,1,3.33,5,12.1,False,True,False,UNKNOWN
p16,0.1,0.25,0.1217,264,14,10,"[1, 2, 3]",0.259,0.2265,0.013079,0.0,0.213112,0.00218,0.0,0.053278,0.02265,2759.655121145938,2989.8399803951884,8.341073400275706,0.0,233.5362701190674,10,6,0,4,60.0,0.0,40.0,0,0.0,160,0,0,0.0,3,11.88,False,True,False,UNKNOWN
p16,0.1,0.25,0.2785,375,14,7,"[1, 2, 3]",0.2633,0.231366,0.006629,0.0,0.224492,0.003315,0.0,0.044898,0.033052,2759.655121145938,2906.4017959655557,5.317572971171898,24.5471862576143,253.14173437483134,7,2,0,5,28.57,0.0,71.43,0,0.0,160,0,2,6.67,3,7.82,False,True,False,UNKNOWN
p16,0.1,0.25,0.3857,486,14,9,"[1, 2, 3]",0.1582,0.119127,0.007797,0.0,0.110986,0.001299,0.0,0.036995,0.013236,2759.655121145938,2962.4693176731553,7.349258788648891,28.547186257614296,248.6795680042036,9,6,0,3,66.67,0.0,33.33,0,0.0,160,0,1,10.0,2,24.71,False,True,False,UNKNOWN
p16,0.1,0.5,0.6889,42,14,7,"[1, 2, 3]",0.1452,0.113476,0.003509,0.006089,0.103508,0.00117,0.006089,0.034503,0.016211,2759.655121145938,2997.574932187221,8.621360300358372,0.0,245.67196007456045,7,3,1,3,42.86,14.29,42.86,0,0.0,160,0,0,0.0,3,18.32,False,True,False,UNKNOWN
p16,0.1,0.5,0.2527,153,14,10,"[1, 2, 3]",0.3238,0.285925,0.003979,0.0,0.281751,0.000995,0.0,0.046958,0.028592,2759.655121145938,3002.542327650937,8.80136088904256,26.515728752538095,242.6795680042036,10,4,0,6,40.0,0.0,60.0,0,0.0,160,0,2,5.83,5,10.55,False,True,False,UNKNOWN
p16,0.1,0.5,0.3311,264,14,9,"[1, 2, 3]",0.1329,0.102311,0.017557,0.0,0.084489,0.002195,0.0,0.084489,0.011368,2759.655121145938,2884.482462968202,4.523294989499619,33.157287525381,228.8362701190674,9,8,0,1,88.89,0.0,11.11,0,0.0,160,0,0,0.0,1,15.52,False,True,False,UNKNOWN
p16,0.1,0.5,0.4135,375,14,5,"[1, 2, 3]",0.2267,0.19352,0.0,0.026198,0.166901,0.0,0.026198,0.041725,0.038704,2759.655121145938,2875.2613541243036,4.189155090160694,0.0,245.67196007456045,5,0,1,4,0.0,20.0,80.0,0,0.0,160,0,1,10.0,1,22.84,False,True,False,UNKNOWN
p16,0.1,0.5,0.6619,486,14,5,"[1, 2, 3]",0.1219,0.088948,0.001538,0.0,0.087041,0.000769,0.0,0.029014,0.01779,2759.655121145938,2916.402721406563,5.679970626022863,121.15728752538098,244.0795170172731,5,2,0,3,40.0,0.0,60.0,0,0.0,160,0,0,0.0,5,11.15,False,True,False,UNKNOWN
p16,0.1,0.75,0.9863,42,14,4,"[1, 2, 3]",0.0989,0.055172,0.001404,0.006198,0.046965,0.000702,0.006198,0.046965,0.013793,2759.655121145938,2874.8140514802144,4.172946447252322,4.515728752538109,222.33345472033855,4,2,1,1,50.0,25.0,25.0,0,0.0,160,0,0,0.0,1,11.17,False,True,False,UNKNOWN
p16,0.1,0.75,0.8183,153,14,4,"[1, 2, 3]",0.1425,0.108235,0.0,0.0,0.107721,0.0,0.0,0.02693,0.027059,2759.655121145938,3043.8060429673023,10.296609878678295,225.9359312880715,327.9105732734497,4,0,0,4,0.0,0.0,100.0,0,0.0,160,0,0,0.0,5,35.03,False,True,False,UNKNOWN
p16,0.1,0.75,0.5906,264,14,7,"[1, 2, 3]",0.217,0.185071,0.002703,0.0,0.182005,0.001351,0.0,0.036401,0.026439,2759.655121145938,3022.5840930908926,9.527602559111587,196.957287525381,261.7008732545826,7,2,0,5,28.57,0.0,71.43,0,0.0,160,0,0,0.0,6,21.62,False,True,False,UNKNOWN
p16,0.1,0.75,0.7169,375,14,8,"[1, 2, 3]",0.1258,0.088671,0.001907,0.007348,0.079242,0.000477,0.007348,0.026414,0.011084,2759.655121145938,2908.3409923469994,5.387842490235514,44.06291501015238,254.5623261899998,8,4,1,3,50.0,12.5,37.5,0,0.0,160,0,1,10.0,3,13.03,False,True,False,UNKNOWN
p16,0.1,0.75,0.8014,486,14,5,"[1, 2, 3]",0.1265,0.09026,0.003093,0.0,0.086569,0.001031,0.0,0.043284,0.018052,2759.655121145938,2925.412526270635,6.006453627287557,37.978643762690496,233.8551115057403,5,3,0,2,60.0,0.0,40.0,0,0.0,160,0,0,0.0,3,11.15,False,True,False,UNKNOWN
p16,0.2,0.25,0.3477,42,28,16,"[1, 2, 3]",0.4768,0.444923,0.005164,0.011273,0.427989,0.001721,0.011273,0.035666,0.027808,2759.655121145938,3109.645840915054,12.682407924356266,33.525830020304795,242.68064097795283,16,3,1,12,18.75,6.25,75.0,0,0.0,160,0,4,10.0,6,8.62,False,True,False,UNKNOWN
p16,0.2,0.25,0.441,153,28,17,"[1, 2, 3]",0.3734,0.338869,0.005317,0.010272,0.322887,0.000886,0.010272,0.032289,0.019933,2759.655121145938,3196.4441415638776,15.827666909210164,27.03145750507619,267.27922061357856,17,6,1,10,35.29,5.88,58.82,0,0.0,160,0,2,6.67,7,16.97,False,True,False,UNKNOWN
p16,0.2,0.25,0.121,264,28,18,"[1, 2, 3]",0.5248,0.492573,0.018368,0.0,0.473601,0.001837,0.0,0.0592,0.027365,2759.655121145938,3150.969380278467,14.179824722809443,0.0,255.35343160896082,18,10,0,8,55.56,0.0,44.44,0,0.0,160,0,2,2.5,5,15.7,False,True,False,UNKNOWN
p16,0.2,0.25,0.2995,375,28,16,"[1, 2, 3]",0.488,0.45633,0.008715,0.0,0.447211,0.001743,0.0,0.040656,0.028521,2759.655121145938,3042.4333558942617,10.246868624326531,41.57864376269049,253.14173437483134,16,5,0,11,31.25,0.0,68.75,0,0.0,160,0,3,5.56,7,6.43,False,True,False,UNKNOWN
p16,0.2,0.25,0.3689,486,28,22,"[1, 2, 3]",0.3385,0.306433,0.012997,0.0,0.293131,0.001,0.0,0.03257,0.013929,2759.655121145938,3070.1090400558796,11.249736118512752,48.44155877284288,248.6795680042036,22,13,0,9,59.09,0.0,40.91,0,0.0,160,0,3,5.56,7,11.72,False,True,False,UNKNOWN
p16,0.2,0.5,0.7052,42,28,11,"[1, 2, 3]",0.2398,0.205643,0.002493,0.005643,0.196684,0.000831,0.005643,0.028098,0.018695,2759.655121145938,3157.8416598538906,14.42885147701379,214.10447378299523,279.65080951138157,11,3,1,7,27.27,9.09,63.64,0,0.0,160,0,0,0.0,8,23.61,False,True,False,UNKNOWN
p16,0.2,0.5,0.4908,153,28,19,"[1, 2, 3]",0.5882,0.552862,0.004962,0.012505,0.535031,0.001241,0.012505,0.038216,0.029098,2759.655121145938,3227.8818802585192,16.966857761492722,26.515728752538095,252.78291257957628,19,4,1,14,21.05,5.26,73.68,0,0.0,160,0,4,14.17,9,14.41,False,True,False,UNKNOWN
p16,0.2,0.5,0.3278,264,28,17,"[1, 2, 3]",0.4458,0.412947,0.014817,0.007058,0.390376,0.001852,0.007058,0.048797,0.024291,2759.655121145938,3191.8740888102793,15.662064594682523,120.9044737829953,272.00058016357434,17,8,1,8,47.06,5.88,47.06,0,0.0,160,0,3,2.78,7,18.74,False,True,False,UNKNOWN
p16,0.2,0.5,0.4983,375,28,15,"[1, 2, 3]",0.4332,0.399701,0.002509,0.013864,0.3828,0.000502,0.013864,0.042533,0.026647,2759.655121145938,3222.5052548044446,16.772028146267395,0.0,244.442002306101,15,5,1,9,33.33,6.67,60.0,0,0.0,160,0,2,5.0,7,13.2,False,True,False,UNKNOWN
p16,0.2,0.5,0.7696,486,28,11,"[1, 2, 3]",0.2611,0.229792,0.002508,0.018498,0.207962,0.000836,0.018498,0.029709,0.02089,2759.655121145938,3088.690005505995,11.923043638272674,404.27186257614295,304.07951701727313,11,3,1,7,27.27,9.09,63.64,0,0.0,160,0,0,0.0,9,25.38,False,True,False,UNKNOWN
p16,0.2,0.75,0.9865,42,28,7,"[1, 2, 3]",0.111,0.07769,0.001564,0.011713,0.063571,0.000521,0.005857,0.031785,0.011099,2759.655121145938,2919.143690684703,5.779293518116772,4.515728752538109,222.33345472033855,7,3,2,2,42.86,28.57,28.57,0,0.0,160,0,1,3.33,2,7.37,False,True,False,UNKNOWN
p16,0.2,0.75,0.8093,153,28,13,"[1, 2, 3]",0.255,0.22096,0.003581,0.008744,0.208124,0.000895,0.008744,0.026016,0.016997,2759.655121145938,3183.7346797297578,15.36712161365011,298.71457505076194,271.3713612063389,13,4,1,8,30.77,7.69,61.54,0,0.0,160,0,1,8.33,9,25.55,False,True,False,UNKNOWN
p16,0.2,0.75,0.6121,264,28,13,"[1, 2, 3]",0.3496,0.315809,0.003938,0.0,0.311085,0.000985,0.0,0.034565,0.024293,2759.655121145938,3280.0709066036634,18.858000823002268,286.3359312880715,317.7799807943728,13,4,0,9,30.77,0.0,69.23,0,0.0,160,0,2,2.5,9,27.44,False,True,False,UNKNOWN
p16,0.2,0.75,0.7337,375,28,14,"[1, 2, 3]",0.212,0.179996,0.004679,0.008831,0.165749,0.000585,0.008831,0.03315,0.012857,2759.655121145938,3089.623387291201,11.95686604521237,102.2415587728429,254.5623261899998,14,8,1,5,57.14,7.14,35.71,0,0.0,160,0,1,10.0,6,18.09,False,True,False,UNKNOWN
p16,0.2,0.75,0.8182,486,28,11,"[1, 2, 3]",0.2591,0.222176,0.002584,0.0,0.218954,0.000517,0.0,0.036492,0.020198,2759.655121145938,3137.0641272060275,13.675948243249008,37.978643762690496,241.94173437483136,11,5,0,6,45.45,0.0,54.55,0,0.0,160,0,3,6.67,8,9.14,False,True,False,UNKNOWN
p16,0.4,0.25,0.2918,42,57,41,"[1, 2, 3]",1.377,1.341786,0.01363,0.0,1.327437,0.001136,0.0,0.045774,0.032726,2759.655121145938,3800.1283731711715,37.703017455064455,54.8101012677667,301.27560602973676,41,12,0,29,29.27,0.0,70.73,0,0.0,160,0,4,10.42,15,22.04,False,True,False,UNKNOWN
p16,0.4,0.25,0.3116,153,57,41,"[1, 2, 3]",1.1956,1.158808,0.016227,0.019191,1.122718,0.001082,0.019191,0.044909,0.028264,2759.655121145938,3586.3615816722395,29.95687592234402,16.662915010152382,281.9348530673794,41,15,1,25,36.59,2.44,60.98,0,0.0,160,0,2,5.0,12,17.91,False,True,False,UNKNOWN
p16,0.4,0.25,0.1955,264,57,39,"[1, 2, 3]",1.1998,1.164406,0.023341,0.016061,1.124127,0.001667,0.016061,0.046839,0.029857,2759.655121145938,3702.8284677187507,34.17721799168741,0.0,346.16948159039276,39,14,1,24,35.9,2.56,61.54,0,0.0,160,0,4,8.75,13,20.99,False,True,False,UNKNOWN
p16,0.4,0.25,0.266,375,57,36,"[1, 2, 3]",1.3606,1.320048,0.006695,0.0,1.312552,0.001674,0.0,0.041017,0.036668,2759.655121145938,3587.847398896114,30.01071660745317,70.01010126776667,275.42607146317965,36,4,0,32,11.11,0.0,88.89,0,0.0,160,0,3,7.22,14,17.56,False,True,False,UNKNOWN
p16,0.4,0.25,0.3421,486,57,37,"[1, 2, 3]",0.9882,0.954227,0.009794,0.045089,0.898607,0.001088,0.022545,0.034562,0.02579,2759.655121145938,3657.453338664277,32.532986119857284,52.92583002030477,305.1615530295805,37,9,2,26,24.32,5.41,70.27,0,0.0,160,0,5,7.33,15,17.39,False,True,False,UNKNOWN
p16,0.4,0.5,0.5336,42,57,29,"[1, 2, 3]",0.6598,0.625188,0.011667,0.007344,0.605238,0.001167,0.007344,0.033624,0.021558,2759.655121145938,3633.041717309339,31.648396550389602,37.66291501015239,284.91549404533225,29,10,1,18,34.48,3.45,62.07,0,0.0,160,0,2,5.0,13,18.67,False,True,False,UNKNOWN
p16,0.4,0.5,0.5517,153,57,32,"[1, 2, 3]",0.8166,0.792747,0.008182,0.00443,0.779213,0.001023,0.00443,0.033879,0.024773,2759.655121145938,3538.5226357151987,28.22336416609327,53.547186257614285,270.4236540006641,32,8,1,23,25.0,3.12,71.88,0,0.0,160,0,2,20.83,11,20.76,False,True,False,UNKNOWN
p16,0.4,0.5,0.4521,264,57,37,"[1, 2, 3]",0.8146,0.780324,0.01106,0.011144,0.757381,0.000922,0.011144,0.031558,0.02109,2759.655121145938,3633.7362087669144,31.67356242898992,74.01010126776669,287.7722311482353,37,12,1,24,32.43,2.7,64.86,0,0.0,160,0,4,6.25,12,22.32,False,True,False,UNKNOWN
p16,0.4,0.5,0.4562,375,57,35,"[1, 2, 3]",0.8934,0.860504,0.004851,0.043562,0.811236,0.000808,0.021781,0.030046,0.024586,2759.655121145938,3494.8913464787174,26.64232279240294,33.6314575050762,266.17279063100796,35,6,2,27,17.14,5.71,77.14,0,0.0,160,0,3,5.56,13,15.59,False,True,False,UNKNOWN
p16,0.4,0.5,0.6564,486,57,28,"[1, 2, 3]",0.5381,0.504732,0.006092,0.02097,0.476762,0.000762,0.00699,0.028045,0.018026,2759.655121145938,3580.4266731312077,29.74181613115652,302.3830040907673,332.18201377633966,28,8,3,17,28.57,10.71,60.71,0,0.0,160,0,3,12.78,14,25.34,False,True,False,UNKNOWN
p16,0.4,0.75,0.903,42,57,22,"[1, 2, 3]",0.3081,0.272779,0.005994,0.016802,0.248894,0.000749,0.005601,0.022627,0.012399,2759.655121145938,3343.869122037854,21.16981924354819,232.972092036406,274.44378535141914,22,8,3,11,36.36,13.64,50.0,0,0.0,160,0,0,0.0,12,20.58,False,True,False,UNKNOWN
p16,0.4,0.75,0.8089,153,57,25,"[1, 2, 3]",0.4628,0.426377,0.004147,0.025978,0.395175,0.000691,0.006495,0.026345,0.017055,2759.655121145938,3577.177268188641,29.62406935484131,144.75728752538097,269.5741732923815,25,6,4,15,24.0,16.0,60.0,0,0.0,160,0,1,6.67,13,22.37,False,True,False,UNKNOWN
p16,0.4,0.75,0.5837,264,57,31,"[1, 2, 3]",0.6182,0.586521,0.005003,0.057498,0.523095,0.000715,0.014374,0.026155,0.01892,2759.655121145938,3603.1928489144652,30.566780656934068,367.74603255583816,316.6503572755515,31,7,4,20,22.58,12.9,64.52,0,0.0,160,0,2,3.33,13,31.17,False,True,False,UNKNOWN
p16,0.4,0.75,0.6857,375,57,30,"[1, 2, 3]",0.6451,0.611499,0.005325,0.0,0.605322,0.000592,0.0,0.028825,0.020383,2759.655121145938,3509.0472986571617,27.155283708061344,130.3359312880715,260.3272384154145,30,9,0,21,30.0,0.0,70.0,0,0.0,160,0,1,11.67,11,25.19,False,True,False,UNKNOWN
p16,0.4,0.75,0.7979,486,57,25,"[1, 2, 3]",0.4962,0.463394,0.001646,0.004832,0.455975,0.000411,0.004832,0.022799,0.018536,2759.655121145938,3380.80434916549,22.508219351758033,185.38759132868105,281.31046298790704,25,4,1,20,16.0,4.0,80.0,0,0.0,160,0,3,13.33,11,21.04,False,True,False,UNKNOWN
p17,0.05,0.25,0.2482,42,7,6,"[1, 2, 3]",0.1292,0.098289,0.006239,0.015733,0.076267,0.00208,0.015733,0.038133,0.016381,2901.530212932934,3054.3110832742004,5.265527467550721,0.0,266.6782066241,6,3,1,2,50.0,16.67,33.33,0,0.0,160,0,0,0.0,6,10.39,False,True,False,UNKNOWN
p17,0.05,0.25,0.0776,153,7,5,"[1, 2, 3]",0.08,0.051585,0.005589,0.045911,0.0,0.001397,0.045911,0.0,0.010317,2901.530212932934,3005.476299457343,3.582457492983952,0.0,221.97820662410004,5,4,1,0,80.0,20.0,0.0,0,0.0,160,0,0,0.0,4,6.98,False,True,False,UNKNOWN
p17,0.05,0.25,0.1767,264,7,5,"[1, 2, 3]",0.2353,0.202399,0.0,0.0,0.202306,0.0,0.0,0.040461,0.04048,2901.530212932934,3076.6791114464363,6.036432008628229,0.0,225.5708402582784,5,0,0,5,0.0,0.0,100.0,0,0.0,160,0,1,3.33,7,10.6,False,True,False,UNKNOWN
p17,0.05,0.25,0.3005,375,7,6,"[1, 2, 3]",0.1447,0.115567,0.003349,0.0,0.112178,0.001116,0.0,0.037393,0.019261,2901.530212932934,3026.5242081927504,4.307864681287247,0.0,239.46471310671643,6,3,0,3,50.0,0.0,50.0,0,0.0,160,0,0,0.0,6,10.06,False,True,False,UNKNOWN
p17,0.05,0.25,0.3182,486,7,5,"[1, 2, 3]",0.0787,0.035778,0.002117,0.009806,0.02377,0.000706,0.009806,0.02377,0.007156,2901.530212932934,2955.672348556665,1.865985588652649,8.2,221.97820662410004,5,3,1,1,60.0,20.0,20.0,0,0.0,160,0,0,0.0,4,6.98,False,True,False,UNKNOWN
p17,0.05,0.5,0.7646,42,7,3,"[1, 2, 3]",0.1152,0.086508,0.0,0.0,0.08636,0.0,0.0,0.028787,0.028836,2901.530212932934,3076.7957750535998,6.040452770040378,79.4,239.08170449508503,3,0,0,3,0.0,0.0,100.0,0,0.0,160,0,0,0.0,7,16.81,False,True,False,UNKNOWN
p17,0.05,0.5,0.1486,153,7,7,"[1, 2, 3]",0.0866,0.054445,0.008126,0.0,0.046319,0.001354,0.0,0.046319,0.007778,2901.530212932934,2963.5345650825116,2.1369535244956923,8.0,221.97820662410004,7,6,0,1,85.71,0.0,14.29,0,0.0,160,0,1,10.0,5,5.81,False,True,False,UNKNOWN
p17,0.05,0.5,0.4901,264,7,4,"[1, 2, 3]",0.1676,0.135557,0.0,0.0,0.135451,0.0,0.0,0.033863,0.033889,2901.530212932934,3051.011434074461,5.151806466644642,14.378643762690501,221.97820662410004,4,0,0,4,0.0,0.0,100.0,0,0.0,160,0,1,3.33,8,7.96,False,True,False,UNKNOWN
p17,0.05,0.5,0.3956,375,7,2,"[1, 2, 3]",0.058,0.027749,0.000312,0.0,0.027235,0.000312,0.0,0.027235,0.013874,2901.530212932934,3001.045540436572,3.429753275015731,17.799999999999997,221.97820662410004,2,1,0,1,50.0,0.0,50.0,0,0.0,160,0,0,0.0,5,7.77,False,True,False,UNKNOWN
p17,0.05,0.5,0.5315,486,7,3,"[1, 2, 3]",0.073,0.039954,0.001149,0.004878,0.033639,0.001149,0.004878,0.033639,0.013318,2901.530212932934,2944.638940678859,1.4857238967830626,0.0,221.97820662410004,3,1,1,1,33.33,33.33,33.33,0,0.0,160,0,0,0.0,4,6.98,False,True,False,UNKNOWN
p17,0.05,0.75,0.9796,42,7,2,"[1, 2, 3]",0.1164,0.082515,0.0,0.0,0.082306,0.0,0.0,0.041153,0.041258,2901.530212932934,2985.513669309615,2.8944539678526677,0.0,233.3236498562664,2,0,0,2,0.0,0.0,100.0,0,0.0,160,0,0,0.0,5,13.87,False,True,False,UNKNOWN
p17,0.05,0.75,0.7527,153,7,3,"[1, 2, 3]",0.1373,0.105508,0.0,0.0,0.105355,0.0,0.0,0.035118,0.035169,2901.530212932934,3086.756156408157,6.383733060907628,108.57864376269049,261.61277261891337,3,0,0,3,0.0,0.0,100.0,0,0.0,160,0,0,0.0,8,19.92,False,True,False,UNKNOWN
p17,0.05,0.75,0.7815,264,7,3,"[1, 2, 3]",0.1181,0.085631,0.0,0.0,0.085518,0.0,0.0,0.028506,0.028544,2901.530212932934,3013.3132680607155,3.852555269958355,43.694372515228594,227.1225774829855,3,0,0,3,0.0,0.0,100.0,0,0.0,160,0,1,3.33,7,12.52,False,True,False,UNKNOWN
p17,0.05,0.75,0.7339,375,7,3,"[1, 2, 3]",0.0743,0.042818,0.000589,0.0,0.041975,0.000589,0.0,0.020988,0.014273,2901.530212932934,2933.8908927079315,1.1152970122715589,22.5471862576143,221.97820662410004,3,1,0,2,33.33,0.0,66.67,0,0.0,160,0,1,10.0,4,11.47,False,True,False,UNKNOWN
p17,0.05,0.75,0.797,486,7,4,"[1, 2, 3]",0.0776,0.04385,0.001086,0.00434,0.038157,0.000543,0.00434,0.038157,0.010963,2901.530212932934,2949.8144841803955,1.664096793900168,2.2629150101523976,221.97820662410004,4,2,1,1,50.0,25.0,25.0,0,0.0,160,0,0,0.0,4,6.98,False,True,False,UNKNOWN
p17,0.1,0.25,0.2854,42,14,9,"[1, 2, 3]",0.1603,0.127449,0.00859,0.018072,0.100597,0.001718,0.018072,0.033532,0.014161,2901.530212932934,3066.418532372246,5.682805531521213,0.0,266.6782066241,9,5,1,3,55.56,11.11,33.33,0,0.0,160,0,1,5.0,5,13.85,False,True,False,UNKNOWN
p17,0.1,0.25,0.2747,153,14,11,"[1, 2, 3]",0.1431,0.110262,0.007424,0.040317,0.062337,0.000928,0.040317,0.031168,0.010024,2901.530212932934,3179.234882400994,9.570972869083102,0.0,236.4755903440695,11,8,1,2,72.73,9.09,18.18,0,0.0,160,0,1,10.0,7,10.86,False,True,False,UNKNOWN
p17,0.1,0.25,0.1079,264,14,11,"[1, 2, 3]",0.4596,0.430142,0.000762,0.0,0.429208,0.000762,0.0,0.042921,0.039104,2901.530212932934,3180.1710140193045,9.603236245633095,0.0,240.13203766865053,11,1,0,10,9.09,0.0,90.91,0,0.0,160,0,0,0.0,8,15.82,False,True,False,UNKNOWN
p17,0.1,0.25,0.2798,375,14,10,"[1, 2, 3]",0.291,0.25814,0.004036,0.0,0.253947,0.001345,0.0,0.036278,0.025814,2901.530212932934,3189.957377953715,9.940519100410548,0.0,239.46471310671643,10,3,0,7,30.0,0.0,70.0,0,0.0,160,0,0,0.0,5,11.68,False,True,False,UNKNOWN
p17,0.1,0.25,0.3993,486,14,10,"[1, 2, 3]",0.2079,0.176407,0.002096,0.009798,0.164356,0.000699,0.009798,0.027393,0.017641,2901.530212932934,3125.7165796905624,7.726487415446065,13.400000000000002,295.537230127285,10,3,1,6,30.0,10.0,60.0,0,0.0,160,0,2,7.5,6,20.55,False,True,False,UNKNOWN
p17,0.1,0.5,0.6889,42,14,8,"[1, 2, 3]",0.2662,0.231387,0.0,0.044749,0.186444,0.0,0.044749,0.026635,0.028923,2901.530212932934,3168.050995420321,9.185524979179243,103.75484503402902,240.42019056626884,8,0,1,7,0.0,12.5,87.5,0,0.0,160,0,1,10.0,10,16.19,False,True,False,UNKNOWN
p17,0.1,0.5,0.206,153,14,11,"[1, 2, 3]",0.2144,0.182901,0.00462,0.0,0.178158,0.00077,0.0,0.035632,0.016627,2901.530212932934,3044.142324142267,4.915065525551694,8.0,221.97820662410004,11,6,0,5,54.55,0.0,45.45,0,0.0,160,0,1,10.0,7,6.14,False,True,False,UNKNOWN
p17,0.1,0.5,0.2913,264,14,10,"[1, 2, 3]",0.4274,0.391677,0.000809,0.0,0.390722,0.000809,0.0,0.043414,0.039168,2901.530212932934,3154.503336647329,8.718610703649507,14.378643762690501,246.53203766865056,10,1,0,9,10.0,0.0,90.0,0,0.0,160,0,0,0.0,9,12.89,False,True,False,UNKNOWN
p17,0.1,0.5,0.4224,375,14,4,"[1, 2, 3]",0.1367,0.107313,0.000626,0.0,0.106138,0.000626,0.0,0.035379,0.026828,2901.530212932934,3007.940076180808,3.6673705058653328,17.799999999999997,221.97820662410004,4,1,0,3,25.0,0.0,75.0,0,0.0,160,0,0,0.0,6,6.32,False,True,False,UNKNOWN
p17,0.1,0.5,0.6567,486,14,8,"[1, 2, 3]",0.1553,0.123021,0.000861,0.004821,0.117052,0.000861,0.004821,0.019509,0.015378,2901.530212932934,3114.6431598023473,7.344846726720587,80.19999999999999,278.3993836203527,8,1,1,6,12.5,12.5,75.0,0,0.0,160,0,2,5.83,7,16.93,False,True,False,UNKNOWN
p17,0.1,0.75,0.9869,42,14,6,"[1, 2, 3]",0.1919,0.15883,0.000324,0.0,0.1582,0.000324,0.0,0.03164,0.026472,2901.530212932934,3030.2350288596112,4.435756531260778,0.0,233.3236498562664,6,1,0,5,16.67,0.0,83.33,0,0.0,160,0,1,10.0,7,11.98,False,True,False,UNKNOWN
p17,0.1,0.75,0.7877,153,14,5,"[1, 2, 3]",0.2069,0.172713,0.0,0.0,0.172274,0.0,0.0,0.034455,0.034543,2901.530212932934,3220.649923810922,10.99832458940396,267.357287525381,289.9851445020445,5,0,0,5,0.0,0.0,100.0,0,0.0,160,0,0,0.0,11,25.28,False,True,False,UNKNOWN
p17,0.1,0.75,0.5429,264,14,8,"[1, 2, 3]",0.3539,0.320479,0.0,0.0,0.32029,0.0,0.0,0.040036,0.04006,2901.530212932934,3103.259285041183,6.952506343345521,60.12583002030479,271.10603385966715,8,0,0,8,0.0,0.0,100.0,0,0.0,160,0,0,0.0,8,17.7,False,True,False,UNKNOWN
p17,0.1,0.75,0.7231,375,14,6,"[1, 2, 3]",0.1465,0.114329,0.000445,0.005256,0.108308,0.000445,0.005256,0.027077,0.019055,2901.530212932934,3033.0717009623404,4.533521224183337,38.010101267766686,221.97820662410004,6,1,1,4,16.67,16.67,66.67,0,0.0,160,0,1,10.0,6,12.03,False,True,False,UNKNOWN
p17,0.1,0.75,0.8056,486,14,9,"[1, 2, 3]",0.1725,0.140377,0.000733,0.003465,0.135961,0.000366,0.003465,0.02266,0.015597,2901.530212932934,3119.818703303884,7.523219623837692,81.6629150101524,278.3993836203527,9,2,1,6,22.22,11.11,66.67,0,0.0,160,0,2,5.83,7,16.86,False,True,False,UNKNOWN
p17,0.2,0.25,0.3599,42,28,15,"[1, 2, 3]",0.2987,0.268564,0.005858,0.02449,0.237597,0.000976,0.02449,0.0297,0.017904,2901.530212932934,3222.722913593389,11.069769297207701,17.400000000000006,260.1753912253712,15,6,1,8,40.0,6.67,53.33,0,0.0,160,0,2,5.0,9,13.92,False,True,False,UNKNOWN
p17,0.2,0.25,0.4186,153,28,15,"[1, 2, 3]",0.2838,0.251294,0.009425,0.05975,0.181537,0.001178,0.05975,0.030256,0.016753,2901.530212932934,3268.64547227106,12.652470675707269,36.8314575050762,243.71630891611244,15,8,1,6,53.33,6.67,40.0,0,0.0,160,0,2,12.5,8,14.21,False,True,False,UNKNOWN
p17,0.2,0.25,0.1163,264,28,23,"[1, 2, 3]",1.031,0.997746,0.000786,0.0,0.996746,0.000786,0.0,0.045307,0.04338,2901.530212932934,3689.6440347538505,27.162006389182935,0.0,269.130655007277,23,1,0,22,4.35,0.0,95.65,0,0.0,160,0,3,5.0,14,17.85,False,True,False,UNKNOWN
p17,0.2,0.25,0.2963,375,28,20,"[1, 2, 3]",0.6533,0.617385,0.007067,0.0,0.609982,0.001767,0.0,0.038124,0.030869,2901.530212932934,3549.8607372089705,22.344434718833725,17.03145750507619,291.0874897084002,20,4,0,16,20.0,0.0,80.0,0,0.0,160,0,2,7.5,11,19.83,False,True,False,UNKNOWN
p17,0.2,0.25,0.3374,486,28,20,"[1, 2, 3]",0.5445,0.513678,0.002791,0.161688,0.348869,0.000698,0.040422,0.029072,0.025684,2901.530212932934,3505.0488417861047,20.800011875220843,32.2,296.479166755304,20,4,4,12,20.0,20.0,60.0,0,0.0,160,0,1,5.0,11,20.35,False,True,False,UNKNOWN
p17,0.2,0.5,0.6928,42,28,13,"[1, 2, 3]",0.3426,0.310836,0.000391,0.040735,0.269248,0.000391,0.040735,0.024477,0.02391,2901.530212932934,3379.3755337300227,16.468734968438316,179.154845034029,336.56148763003637,13,1,1,11,7.69,7.69,84.62,0,0.0,160,0,2,5.83,13,21.01,False,True,False,UNKNOWN
p17,0.2,0.5,0.4674,153,28,19,"[1, 2, 3]",0.3989,0.371236,0.007464,0.010959,0.352428,0.001244,0.010959,0.029369,0.019539,2901.530212932934,3223.519316146064,11.097216971166945,14.947186257614305,236.5685424949238,19,6,1,12,31.58,5.26,63.16,0,0.0,160,0,3,11.67,10,12.75,False,True,False,UNKNOWN
p17,0.2,0.5,0.3256,264,28,22,"[1, 2, 3]",0.9036,0.87085,0.000746,0.0,0.869836,0.000746,0.0,0.041421,0.039584,2901.530212932934,3726.7913340852533,28.442272200851093,89.0415587728429,301.01814290236734,22,1,0,21,4.55,0.0,95.45,0,0.0,160,0,3,5.0,14,22.86,False,True,False,UNKNOWN
p17,0.2,0.5,0.5027,375,28,15,"[1, 2, 3]",0.4129,0.38452,0.000612,0.0,0.383434,0.000306,0.0,0.029495,0.025635,2901.530212932934,3235.5248420582166,11.510982296051061,17.799999999999997,241.94173437483136,15,2,0,13,13.33,0.0,86.67,0,0.0,160,0,1,5.0,12,10.82,False,True,False,UNKNOWN
p17,0.2,0.5,0.6787,486,28,15,"[1, 2, 3]",0.3541,0.321443,0.00112,0.125864,0.194016,0.00056,0.031466,0.021557,0.02143,2901.530212932934,3488.4031464502787,20.22632509223883,191.87057378656712,278.3993836203527,15,2,4,9,13.33,26.67,60.0,0,0.0,160,0,1,1.67,12,21.73,False,True,False,UNKNOWN
p17,0.2,0.75,0.9863,42,28,14,"[1, 2, 3]",0.3788,0.345588,0.000743,0.0,0.34445,0.000372,0.0,0.028704,0.024685,2901.530212932934,3322.18837852027,14.49780407980398,168.55728752538099,266.5749932891579,14,2,0,12,14.29,0.0,85.71,0,0.0,160,0,0,0.0,9,33.95,False,True,False,UNKNOWN
p17,0.2,0.75,0.794,153,28,10,"[1, 2, 3]",0.3043,0.27146,0.0,0.0,0.270853,0.0,0.0,0.027085,0.027146,2901.530212932934,3469.540490183819,19.57623169729904,267.357287525381,288.9292222699217,10,0,0,10,0.0,0.0,100.0,0,0.0,160,0,0,0.0,13,30.38,False,True,False,UNKNOWN
p17,0.2,0.75,0.6127,264,28,15,"[1, 2, 3]",0.6095,0.577841,0.0,0.0,0.577427,0.0,0.0,0.038495,0.038523,2901.530212932934,3367.1988353697234,16.04907025820975,165.9359312880715,302.7022936189569,15,0,0,15,0.0,0.0,100.0,0,0.0,160,0,3,5.0,10,29.26,False,True,False,UNKNOWN
p17,0.2,0.75,0.714,375,28,14,"[1, 2, 3]",0.4148,0.382857,0.001345,0.0,0.380936,0.001345,0.0,0.029303,0.027347,2901.530212932934,3489.920213818901,20.278610171396735,96.1887450304572,339.9280769357047,14,1,0,13,7.14,0.0,92.86,0,0.0,160,0,3,10.56,13,23.46,False,True,False,UNKNOWN
p17,0.2,0.75,0.8177,486,28,17,"[1, 2, 3]",0.3856,0.351405,0.000618,0.00537,0.34502,0.000309,0.002685,0.02654,0.020671,2901.530212932934,3328.405319157233,14.712068284576086,102.4676182534107,278.3993836203527,17,2,2,13,11.76,11.76,76.47,0,0.0,160,0,3,6.11,11,14.84,False,True,False,UNKNOWN
p17,0.4,0.25,0.2897,42,56,36,"[1, 2, 3]",0.9721,0.933867,0.004777,0.055608,0.872677,0.000597,0.013902,0.036362,0.025941,2901.530212932934,3962.071275464155,36.55109492929255,60.2314575050762,323.26043834547033,36,8,4,24,22.22,11.11,66.67,0,0.0,160,0,2,4.17,16,21.38,False,True,False,UNKNOWN
p17,0.4,0.25,0.3027,153,56,36,"[1, 2, 3]",1.0831,1.045245,0.011854,0.132829,0.899457,0.001078,0.033207,0.042831,0.029035,2901.530212932934,3744.942437187648,29.06784221978421,19.431457505076196,265.6272801257754,36,11,4,21,30.56,11.11,58.33,0,0.0,160,0,3,6.11,13,18.34,False,True,False,UNKNOWN
p17,0.4,0.25,0.1924,264,56,39,"[1, 2, 3]",1.6441,1.612222,0.003941,0.023615,1.583971,0.000985,0.023615,0.046587,0.041339,2901.530212932934,4186.538363245446,44.2872572749672,9.231457505076207,335.8673133746976,39,4,1,34,10.26,2.56,87.18,0,0.0,160,0,3,7.22,15,30.96,False,True,False,UNKNOWN
p17,0.4,0.25,0.2682,375,56,39,"[1, 2, 3]",1.1936,1.159167,0.009664,0.052458,1.096213,0.001074,0.026229,0.03915,0.029722,2901.530212932934,3803.311410857313,31.079503977070015,30.662915010152375,316.1911199779093,39,9,2,28,23.08,5.13,71.79,0,0.0,160,0,0,0.0,15,23.03,False,True,False,UNKNOWN
p17,0.4,0.25,0.3376,486,56,36,"[1, 2, 3]",0.994,0.956807,0.004373,0.176948,0.774692,0.001093,0.025278,0.030988,0.026578,2901.530212932934,3894.427275397576,34.21977334714702,39.99999999999999,257.0175268491022,36,4,7,25,11.11,19.44,69.44,0,0.0,160,0,4,5.83,18,16.96,False,True,False,UNKNOWN
p17,0.4,0.5,0.5383,42,56,24,"[1, 2, 3]",0.7047,0.672685,0.000383,0.072252,0.59896,0.000383,0.018063,0.031524,0.028029,2901.530212932934,3734.458059621235,28.706502623191998,12.678640450004224,319.76671363466505,24,1,4,19,4.17,16.67,79.17,0,0.0,160,0,1,3.33,13,22.6,False,True,False,UNKNOWN
p17,0.4,0.5,0.5798,153,56,35,"[1, 2, 3]",0.8924,0.855416,0.004149,0.0,0.850428,0.000691,0.0,0.029325,0.02444,2901.530212932934,3775.1620757280625,30.109349160008964,73.23226000287539,272.69106839051045,35,6,0,29,17.14,0.0,82.86,0,0.0,160,0,4,21.25,15,27.17,False,True,False,UNKNOWN
p17,0.4,0.5,0.4342,264,56,37,"[1, 2, 3]",1.3615,1.326491,0.001187,0.027301,1.29715,0.000594,0.01365,0.039308,0.035851,2901.530212932934,4012.514383748196,38.28959511995754,123.84155877284292,320.7772817821186,37,2,2,33,5.41,5.41,89.19,0,0.0,160,0,4,5.0,15,32.51,False,True,False,UNKNOWN
p17,0.4,0.5,0.4549,375,56,29,"[1, 2, 3]",0.9805,0.942765,0.004352,0.030141,0.907209,0.002176,0.010047,0.0378,0.032509,2901.530212932934,3692.3268275878386,27.254467698806046,70.66291501015239,290.24675243171015,29,2,3,24,6.9,10.34,82.76,0,0.0,160,0,1,3.33,14,26.48,False,True,False,UNKNOWN
p17,0.4,0.5,0.6483,486,56,25,"[1, 2, 3]",0.5969,0.564276,0.001107,0.155252,0.406887,0.000553,0.025875,0.023935,0.022571,2901.530212932934,3732.914991061035,28.653321424067407,211.82541882059613,278.3993836203527,25,2,6,17,8.0,24.0,68.0,0,0.0,160,0,3,6.11,17,21.94,False,True,False,UNKNOWN
p17,0.4,0.75,0.9067,42,56,28,"[1, 2, 3]",0.6978,0.663564,0.000725,0.003706,0.658236,0.000363,0.003706,0.026329,0.023699,2901.530212932934,4119.3523005665065,41.97171830937338,458.7515382968956,438.94277455009325,28,2,1,25,7.14,3.57,89.29,0,0.0,160,0,4,4.58,16,50.66,False,True,False,UNKNOWN
p17,0.4,0.75,0.8065,153,56,21,"[1, 2, 3]",0.4897,0.457862,0.0,0.00432,0.452455,0.0,0.00216,0.023813,0.021803,2901.530212932934,3598.04138964705,24.00496033470789,331.5052762807945,388.79453755754594,21,0,2,19,0.0,9.52,90.48,0,0.0,160,0,2,11.67,15,31.93,False,True,False,UNKNOWN
p17,0.4,0.75,0.5831,264,56,29,"[1, 2, 3]",1.0549,1.024198,0.00134,0.006235,1.015711,0.00067,0.006235,0.039066,0.035317,2901.530212932934,3750.412539521232,29.25636696128792,145.4202025355334,411.6765964589978,29,2,1,26,6.9,3.45,89.66,0,0.0,160,0,2,3.33,13,35.84,False,True,False,UNKNOWN
p17,0.4,0.75,0.705,375,56,27,"[1, 2, 3]",0.6365,0.600075,0.001451,0.008172,0.589445,0.000725,0.008172,0.02456,0.022225,2901.530212932934,3966.9336470519556,36.718674490109386,150.5887450304572,339.9280769357047,27,2,1,24,7.41,3.7,88.89,0,0.0,160,0,6,7.5,16,34.67,False,True,False,UNKNOWN
p17,0.4,0.75,0.811,486,56,30,"[1, 2, 3]",0.8464,0.80964,0.000321,0.003542,0.804835,0.000321,0.003542,0.028744,0.026988,2901.530212932934,3774.74717158115,30.095049665726144,158.4462620161012,382.19030510712906,30,1,1,28,3.33,3.33,93.33,0,0.0,160,0,2,6.67,16,26.2,False,True,False,UNKNOWN
p18,0.05,0.25,0.3625,42,10,5,"[1, 2, 3]",0.059,0.00989,0.009269,0.0,0.0,0.001854,0.0,0.0,0.001978,4013.9205890273797,4060.7543018506876,1.1667822465480382,4.5471862576143,274.29553284237727,5,5,0,0,100.0,0.0,0.0,0,0.0,240,0,0,0.0,0,0.0,True,True,True,UNKNOWN
p18,0.05,0.25,0.0705,153,10,9,"[1, 2, 3]",0.0666,0.0256,0.025419,0.0,0.0,0.002824,0.0,0.0,0.002844,4013.9205890273797,4127.93764327033,2.8405408556071654,0.0,298.7427157873053,9,9,0,0,100.0,0.0,0.0,0,0.0,240,0,0,0.0,0,0.0,True,True,True,UNKNOWN
p18,0.05,0.25,0.2384,264,10,9,"[1, 2, 3]",0.1084,0.070617,0.010188,0.06034,0.0,0.001455,0.03017,0.0,0.007846,4013.9205890273797,4190.724149752947,4.404759805385401,0.0,264.8528137423857,9,7,2,0,77.78,22.22,0.0,0,0.0,240,0,0,0.0,0,0.0,True,True,True,UNKNOWN
p18,0.05,0.25,0.3108,375,10,6,"[1, 2, 3]",0.0773,0.021428,0.020858,0.0,0.0,0.003476,0.0,0.0,0.003571,4013.9205890273797,4108.714556981023,2.3616303773616183,24.5471862576143,304.3681412460242,6,6,0,0,100.0,0.0,0.0,0,0.0,240,0,0,0.0,0,0.0,True,True,True,UNKNOWN
p18,0.05,0.25,0.3837,486,10,6,"[1, 2, 3]",0.0994,0.036673,0.005894,0.030322,0.0,0.001179,0.030322,0.0,0.006112,4013.9205890273797,4137.729850094346,3.0844970228214423,0.0,277.8584445398434,6,5,1,0,83.33,16.67,0.0,0,0.0,240,0,0,0.0,0,0.0,True,True,True,UNKNOWN
p18,0.05,0.5,0.7175,42,10,3,"[1, 2, 3]",0.0661,0.005625,0.004941,0.0,0.0,0.001647,0.0,0.0,0.001875,4013.9205890273797,4052.046181027792,0.9498342369959692,22.77864376269048,299.5005834762606,3,3,0,0,100.0,0.0,0.0,0,0.0,240,0,0,0.0,0,0.0,True,True,True,UNKNOWN
p18,0.05,0.5,0.1278,153,10,9,"[1, 2, 3]",0.0861,0.036858,0.010992,0.025808,0.0,0.001374,0.025808,0.0,0.004095,4013.9205890273797,4127.93764327033,2.8405408556071654,26.515728752538095,312.6584445398434,9,8,1,0,88.89,11.11,0.0,0,0.0,240,0,0,0.0,0,0.0,True,True,True,UNKNOWN
p18,0.05,0.5,0.5739,264,10,8,"[1, 2, 3]",0.1104,0.058025,0.023827,0.034055,0.0,0.003971,0.017027,0.0,0.007253,4013.9205890273797,4198.562404401071,4.600036579658199,98.46291501015241,417.33055930160396,8,6,2,0,75.0,25.0,0.0,0,0.0,240,0,0,0.0,0,0.0,True,True,True,UNKNOWN
p18,0.05,0.5,0.3992,375,10,8,"[1, 2, 3]",0.1799,0.139569,0.0006,0.047916,0.090933,0.0003,0.009583,0.090933,0.017446,4013.9205890273797,4125.555735185767,2.781199669558927,0.0,264.8528137423857,8,2,5,1,25.0,62.5,12.5,0,0.0,240,0,0,0.0,0,0.0,True,True,True,UNKNOWN
p18,0.05,0.5,0.619,486,10,5,"[1, 2, 3]",0.0644,0.017455,0.0044,0.01256,0.0,0.0011,0.01256,0.0,0.003491,4013.9205890273797,4079.6855012527944,1.6384208597746655,0.0,269.48122114152716,5,4,1,0,80.0,20.0,0.0,0,0.0,240,0,0,0.0,0,0.0,True,True,True,UNKNOWN
p18,0.05,0.75,0.9426,42,10,2,"[1, 2, 3]",0.0569,0.004852,0.003896,0.0,0.0,0.001948,0.0,0.0,0.002426,4013.9205890273797,4037.9040454040614,0.5975069970802086,45.49437251522858,308.07417660506775,2,2,0,0,100.0,0.0,0.0,0,0.0,240,0,0,0.0,0,0.0,True,True,True,UNKNOWN
p18,0.05,0.75,0.8728,153,10,4,"[1, 2, 3]",0.0763,0.03862,0.001781,0.0,0.036584,0.000594,0.0,0.036584,0.009655,4013.9205890273797,4151.431524191251,3.4258509134380186,11.862915010152392,309.3105481137111,4,3,0,1,75.0,0.0,25.0,0,0.0,240,0,0,0.0,0,0.0,True,True,True,UNKNOWN
p18,0.05,0.75,0.8175,264,10,6,"[1, 2, 3]",0.0612,0.020885,0.003995,0.016591,0.0,0.000999,0.008295,0.0,0.003481,4013.9205890273797,4192.065431891949,4.438175567089024,13.400000000000006,329.08950079602,6,4,2,0,66.67,33.33,0.0,0,0.0,240,0,0,0.0,0,0.0,True,True,True,UNKNOWN
p18,0.05,0.75,0.7482,375,10,5,"[1, 2, 3]",0.0404,0.003979,0.003789,0.0,0.0,0.000758,0.0,0.0,0.000796,4013.9205890273797,4084.9107841633077,1.7685998903413707,0.0,277.8584445398434,5,5,0,0,100.0,0.0,0.0,0,0.0,240,0,0,0.0,0,0.0,True,True,True,UNKNOWN
p18,0.05,0.75,0.8288,486,10,5,"[1, 2, 3]",0.1264,0.08342,0.00342,0.020675,0.058859,0.00171,0.010337,0.058859,0.016684,4013.9205890273797,4101.068355448569,2.1711382796017347,6.720431995796417,290.2191243148413,5,2,2,1,40.0,40.0,20.0,0,0.0,240,0,1,5.0,0,0.0,False,True,False,UNKNOWN
p18,0.1,0.25,0.3022,42,21,14,"[1, 2, 3]",0.1358,0.094442,0.011204,0.082859,0.0,0.00112,0.020715,0.0,0.006746,4013.9205890273797,4217.743389024827,5.077898166561278,25.3786437626905,288.1955328423773,14,10,4,0,71.43,28.57,0.0,0,0.0,240,0,0,0.0,0,0.0,True,True,True,UNKNOWN
p18,0.1,0.25,0.0785,153,21,19,"[1, 2, 3]",0.1005,0.053369,0.053101,0.0,0.0,0.002795,0.0,0.0,0.002809,4013.9205890273797,4248.831622765242,5.852408599712336,1.6000000000000014,298.7427157873053,19,19,0,0,100.0,0.0,0.0,0,0.0,240,0,0,0.0,0,0.0,True,True,True,UNKNOWN
p18,0.1,0.25,0.284,264,21,19,"[1, 2, 3]",0.1369,0.098094,0.013813,0.084169,0.0,0.000863,0.028056,0.0,0.005163,4013.9205890273797,4316.661084581123,7.542264198781788,30.431457505076196,264.8528137423857,19,16,3,0,84.21,15.79,0.0,0,0.0,240,0,0,0.0,0,0.0,True,True,True,UNKNOWN
p18,0.1,0.25,0.2671,375,21,17,"[1, 2, 3]",0.0755,0.041089,0.021223,0.019679,0.0,0.001326,0.019679,0.0,0.002417,4013.9205890273797,4309.56914808542,7.365580671083471,41.57864376269049,309.08950079602,17,16,1,0,94.12,5.88,0.0,0,0.0,240,0,0,0.0,0,0.0,True,True,True,UNKNOWN
p18,0.1,0.25,0.4123,486,21,16,"[1, 2, 3]",0.1373,0.096958,0.01172,0.012483,0.072349,0.000837,0.012483,0.072349,0.00606,4013.9205890273797,4290.217210307691,6.883460077302156,20.347186257614297,327.272790631008,16,14,1,1,87.5,6.25,6.25,0,0.0,240,0,0,0.0,0,0.0,True,True,True,UNKNOWN
p18,0.1,0.5,0.691,42,21,9,"[1, 2, 3]",0.0755,0.038833,0.002513,0.035827,0.0,0.000503,0.008957,0.0,0.004315,4013.9205890273797,4275.746343866431,6.52294306854971,31.414804511024983,276.7219397135701,9,5,4,0,55.56,44.44,0.0,0,0.0,240,0,0,0.0,0,0.0,True,True,True,UNKNOWN
p18,0.1,0.5,0.1848,153,21,19,"[1, 2, 3]",0.0672,0.031927,0.016547,0.015265,0.0,0.000919,0.015265,0.0,0.00168,4013.9205890273797,4268.562717635368,6.343975247145867,33.147186257614294,312.6584445398434,19,18,1,0,94.74,5.26,0.0,0,0.0,240,0,0,0.0,0,0.0,True,True,True,UNKNOWN
p18,0.1,0.5,0.5394,264,21,13,"[1, 2, 3]",0.1153,0.074195,0.020584,0.052962,0.0,0.002058,0.017654,0.0,0.005707,4013.9205890273797,4294.8439227780045,6.998726744085783,133.1786437626905,417.33055930160396,13,10,3,0,76.92,23.08,0.0,0,0.0,240,0,0,0.0,0,0.0,True,True,True,UNKNOWN
p18,0.1,0.5,0.4121,375,21,14,"[1, 2, 3]",0.1699,0.139091,0.002759,0.061057,0.074948,0.00046,0.008722,0.074948,0.009935,4013.9205890273797,4229.01130632421,5.35861914868996,45.89437251522858,264.8528137423857,14,6,7,1,42.86,50.0,7.14,0,0.0,240,0,0,0.0,0,0.0,True,True,True,UNKNOWN
p18,0.1,0.5,0.6881,486,21,10,"[1, 2, 3]",0.0824,0.029807,0.007916,0.020935,0.0,0.00099,0.010467,0.0,0.002981,4013.9205890273797,4177.995020201248,4.087635206894446,38.77864376269048,269.48122114152716,10,8,2,0,80.0,20.0,0.0,0,0.0,240,0,0,0.0,0,0.0,True,True,True,UNKNOWN
p18,0.1,0.75,0.9655,42,21,4,"[1, 2, 3]",0.1271,0.077287,0.003129,0.002774,0.069984,0.001565,0.002774,0.069984,0.019322,4013.9205890273797,4247.007462983698,5.806962763376395,53.41480451102498,308.48191962583275,4,2,1,1,50.0,25.0,25.0,0,0.0,240,0,1,5.0,0,0.0,False,True,False,UNKNOWN
p18,0.1,0.75,0.8835,153,21,8,"[1, 2, 3]",0.1372,0.07808,0.003199,0.011857,0.062333,0.000533,0.011857,0.062333,0.00976,4013.9205890273797,4259.913443817083,6.12849331055925,11.862915010152392,309.3105481137111,8,6,1,1,75.0,12.5,12.5,0,0.0,240,0,0,0.0,0,0.0,True,True,True,UNKNOWN
p18,0.1,0.75,0.5803,264,21,12,"[1, 2, 3]",0.1095,0.059596,0.008524,0.050402,0.0,0.001066,0.0126,0.0,0.004966,4013.9205890273797,4316.339488797855,7.534252187180282,102.3786437626905,367.7395024523631,12,8,4,0,66.67,33.33,0.0,0,0.0,240,0,0,0.0,0,0.0,True,True,True,UNKNOWN
p18,0.1,0.75,0.7294,375,21,12,"[1, 2, 3]",0.1081,0.068503,0.009691,0.005256,0.053157,0.000969,0.005256,0.053157,0.005709,4013.9205890273797,4108.438392377337,2.35475020627799,48.92583002030477,274.4370883025339,12,10,1,1,83.33,8.33,8.33,0,0.0,240,0,0,0.0,0,0.0,True,True,True,UNKNOWN
p18,0.1,0.75,0.7862,486,21,11,"[1, 2, 3]",0.107,0.067824,0.00488,0.025721,0.036385,0.000697,0.008574,0.036385,0.006166,4013.9205890273797,4215.099597822897,5.0120326083547395,44.69907575848691,290.2191243148413,11,7,3,1,63.64,27.27,9.09,0,0.0,240,0,1,5.0,0,0.0,False,True,False,UNKNOWN
p18,0.2,0.25,0.3906,42,43,29,"[1, 2, 3]",0.2578,0.216701,0.027157,0.134141,0.05429,0.001234,0.022357,0.05429,0.007472,4013.9205890273797,4514.695790486291,12.475961852056846,43.32583002030481,308.1955328423773,29,22,6,1,75.86,20.69,3.45,0,0.0,240,0,0,0.0,0,0.0,True,True,True,UNKNOWN
p18,0.2,0.25,0.2358,153,43,35,"[1, 2, 3]",0.126,0.096512,0.065959,0.030037,0.0,0.002061,0.010012,0.0,0.002757,4013.9205890273797,4489.010020279458,11.836044603144439,73.57864376269049,345.25241249348613,35,32,3,0,91.43,8.57,0.0,0,0.0,240,0,0,0.0,0,0.0,True,True,True,UNKNOWN
p18,0.2,0.25,0.2382,264,43,37,"[1, 2, 3]",0.1796,0.142475,0.034954,0.107183,0.0,0.001128,0.017864,0.0,0.003851,4013.9205890273797,4580.259949859878,14.10938129619872,80.2629150101524,264.8528137423857,37,31,6,0,83.78,16.22,0.0,0,0.0,240,0,0,0.0,0,0.0,True,True,True,UNKNOWN
p18,0.2,0.25,0.3005,375,43,29,"[1, 2, 3]",0.2376,0.201854,0.030342,0.048203,0.122626,0.001264,0.016068,0.061313,0.00696,4013.9205890273797,4667.652323860464,16.286613557332267,139.5258300203048,309.08950079602,29,24,3,2,82.76,10.34,6.9,0,0.0,240,0,0,0.0,0,0.0,True,True,True,UNKNOWN
p18,0.2,0.25,0.3764,486,43,34,"[1, 2, 3]",0.1368,0.091368,0.043492,0.047128,0.0,0.001403,0.015709,0.0,0.002687,4013.9205890273797,4447.630990121824,10.80515649163695,36.52583002030478,333.165909323556,34,31,3,0,91.18,8.82,0.0,0,0.0,240,0,0,0.0,0,0.0,True,True,True,UNKNOWN
p18,0.2,0.5,0.5174,42,43,24,"[1, 2, 3]",0.1222,0.08383,0.046236,0.036753,0.0,0.002312,0.009188,0.0,0.003493,4013.9205890273797,4445.720831067659,10.757568129789766,69.214804511025,316.4851027916836,24,20,4,0,83.33,16.67,0.0,0,0.0,240,0,0,0.0,0,0.0,True,True,True,UNKNOWN
p18,0.2,0.5,0.2977,153,43,31,"[1, 2, 3]",0.2188,0.180558,0.039443,0.067979,0.07237,0.001517,0.016995,0.07237,0.005824,4013.9205890273797,4888.12405787397,21.77929157931896,64.12583002030479,557.7460429040533,31,26,4,1,83.87,12.9,3.23,0,0.0,240,0,0,0.0,0,0.0,True,True,True,UNKNOWN
p18,0.2,0.5,0.7187,264,43,18,"[1, 2, 3]",0.1055,0.065856,0.014531,0.050236,0.0,0.000969,0.016745,0.0,0.003659,4013.9205890273797,4394.8439227780045,9.490056549497583,133.1786437626905,417.33055930160396,18,15,3,0,83.33,16.67,0.0,0,0.0,240,0,0,0.0,0,0.0,True,True,True,UNKNOWN
p18,0.2,0.5,0.4863,375,43,27,"[1, 2, 3]",0.2042,0.163579,0.014489,0.093628,0.054742,0.000852,0.010403,0.054742,0.006058,4013.9205890273797,4530.9842135294275,12.881760190162067,47.094372515228585,298.9019972152623,27,17,9,1,62.96,33.33,3.7,0,0.0,240,0,0,0.0,0,0.0,True,True,True,UNKNOWN
p18,0.2,0.5,0.77,486,43,18,"[1, 2, 3]",0.1126,0.070639,0.009729,0.022867,0.036407,0.000748,0.005717,0.036407,0.003924,4013.9205890273797,4463.097861079153,11.190487257761465,195.65166004060956,413.9362248414605,18,13,4,1,72.22,22.22,5.56,0,0.0,240,0,0,0.0,0,0.0,True,True,True,UNKNOWN
p18,0.2,0.75,0.825,42,43,14,"[1, 2, 3]",0.1198,0.078938,0.008891,0.034443,0.034156,0.000988,0.008611,0.034156,0.005638,4013.9205890273797,4529.622972714697,12.847847192021266,53.41480451102498,327.2219741038846,14,9,4,1,64.29,28.57,7.14,0,0.0,240,0,1,5.0,0,0.0,False,True,False,UNKNOWN
p18,0.2,0.75,0.9194,153,43,13,"[1, 2, 3]",0.1046,0.064439,0.005912,0.01789,0.03909,0.000591,0.008945,0.03909,0.004957,4013.9205890273797,4342.184138441927,8.178127646867303,11.862915010152392,316.4066332266883,13,10,2,1,76.92,15.38,7.69,0,0.0,240,0,0,0.0,0,0.0,True,True,True,UNKNOWN
p18,0.2,0.75,0.5919,264,43,24,"[1, 2, 3]",0.1267,0.087327,0.018391,0.034047,0.034094,0.000968,0.008512,0.034094,0.003639,4013.9205890273797,4507.099552193205,12.2867145033711,162.8516600406096,404.9598772771987,24,19,4,1,79.17,16.67,4.17,0,0.0,240,0,0,0.0,0,0.0,True,True,True,UNKNOWN
p18,0.2,0.75,0.7659,375,43,20,"[1, 2, 3]",0.1555,0.112404,0.017042,0.011388,0.082957,0.001065,0.005694,0.041479,0.00562,4013.9205890273797,4296.827359852315,7.048140703089659,65.3091770262536,318.05609291821423,20,16,2,2,80.0,10.0,10.0,0,0.0,240,0,1,5.0,0,0.0,False,True,False,UNKNOWN
p18,0.2,0.75,0.7827,486,43,24,"[1, 2, 3]",0.1284,0.085622,0.007947,0.042604,0.034302,0.000467,0.007101,0.034302,0.003568,4013.9205890273797,4490.8262014817,11.881291666756173,89.5934482737155,296.4755903440695,24,17,6,1,70.83,25.0,4.17,0,0.0,240,0,1,5.0,0,0.0,False,True,False,UNKNOWN
p18,0.4,0.25,0.4031,42,86,57,"[1, 2, 3]",0.2068,0.16373,0.038274,0.07137,0.052629,0.00075,0.014274,0.052629,0.002872,4013.9205890273797,4910.564828138569,22.338365177484913,95.3359312880715,321.69271744364846,57,51,5,1,89.47,8.77,1.75,0,0.0,240,0,0,0.0,0,0.0,True,True,True,UNKNOWN
p18,0.4,0.25,0.2491,153,86,64,"[1, 2, 3]",0.1988,0.151305,0.088518,0.061668,0.0,0.001526,0.010278,0.0,0.002364,4013.9205890273797,4913.8392746150685,22.419942438516195,93.41010126776669,388.67698869111035,64,58,6,0,90.62,9.38,0.0,0,0.0,240,0,0,0.0,0,0.0,True,True,True,UNKNOWN
p18,0.4,0.25,0.2078,264,86,71,"[1, 2, 3]",0.2434,0.201402,0.082076,0.118439,0.0,0.001263,0.01974,0.0,0.002837,4013.9205890273797,5073.359749699335,26.394123580025035,56.3471862576143,312.424233332527,71,65,6,0,91.55,8.45,0.0,0,0.0,240,0,0,0.0,0,0.0,True,True,True,UNKNOWN
p18,0.4,0.25,0.1982,375,86,60,"[1, 2, 3]",0.3203,0.272027,0.089053,0.080587,0.100491,0.00168,0.016117,0.050245,0.004534,4013.9205890273797,5097.131294535557,26.98635116173665,154.32583002030478,309.08950079602,60,53,5,2,88.33,8.33,3.33,0,0.0,240,0,0,0.0,0,0.0,True,True,True,UNKNOWN
p18,0.4,0.25,0.3303,486,86,65,"[1, 2, 3]",0.1633,0.122408,0.078732,0.042611,0.0,0.001291,0.010653,0.0,0.001883,4013.9205890273797,4906.758045298405,22.243525661960597,52.125830020304775,333.165909323556,65,61,4,0,93.85,6.15,0.0,0,0.0,240,0,0,0.0,0,0.0,True,True,True,UNKNOWN
p18,0.4,0.5,0.411,42,86,59,"[1, 2, 3]",0.3045,0.252491,0.077274,0.08477,0.088769,0.001545,0.010596,0.088769,0.00428,4013.9205890273797,4965.266114781046,23.701154635552676,145.1934482737155,328.20083154422167,59,50,8,1,84.75,13.56,1.69,0,0.0,240,0,0,0.0,0,0.0,True,True,True,UNKNOWN
p18,0.4,0.5,0.389,153,86,57,"[1, 2, 3]",0.2764,0.234657,0.079916,0.15326,0.0,0.001598,0.021894,0.0,0.004117,4013.9205890273797,4909.612166635652,22.314631237518054,121.22020253553337,495.4993640438945,57,50,7,0,87.72,12.28,0.0,0,0.0,240,0,0,0.0,0,0.0,True,True,True,UNKNOWN
p18,0.4,0.5,0.6694,264,86,35,"[1, 2, 3]",0.2257,0.184573,0.050471,0.090134,0.041501,0.001869,0.012876,0.041501,0.005274,4013.9205890273797,5069.210165011656,26.29074373990007,163.09224059921365,546.6570435549528,35,27,7,1,77.14,20.0,2.86,0,0.0,240,0,0,0.0,0,0.0,True,True,True,UNKNOWN
p18,0.4,0.5,0.4297,375,86,53,"[1, 2, 3]",0.2401,0.2,0.039774,0.10126,0.057144,0.000925,0.011251,0.057144,0.003774,4013.9205890273797,5034.897286936883,25.435896781328644,128.85166004060954,331.33122279787034,53,43,9,1,81.13,16.98,1.89,0,0.0,240,0,0,0.0,0,0.0,True,True,True,UNKNOWN
p18,0.4,0.5,0.5903,486,86,47,"[1, 2, 3]",0.2095,0.167964,0.05399,0.111991,0.0,0.001636,0.007999,0.0,0.003574,4013.9205890273797,4822.865446059381,20.153484332584114,213.51927829402027,433.8108592928216,47,33,14,0,70.21,29.79,0.0,0,0.0,240,0,0,0.0,0,0.0,True,True,True,UNKNOWN
p18,0.4,0.75,0.7065,42,86,43,"[1, 2, 3]",0.1187,0.076038,0.04619,0.028095,0.0,0.001248,0.004683,0.0,0.001768,4013.9205890273797,4829.121800027915,20.309350743734274,130.757287525381,361.33791984675554,43,37,6,0,86.05,13.95,0.0,0,0.0,240,0,0,0.0,0,0.0,True,True,True,UNKNOWN
p18,0.4,0.75,0.9203,153,86,27,"[1, 2, 3]",0.1581,0.116846,0.01428,0.061069,0.038538,0.000752,0.008724,0.038538,0.004328,4013.9205890273797,4633.695141994171,15.440628164419406,107.73593128807147,369.3310208652854,27,19,7,1,70.37,25.93,3.7,0,0.0,240,0,0,0.0,0,0.0,True,True,True,UNKNOWN
p18,0.4,0.75,0.7248,264,86,49,"[1, 2, 3]",0.261,0.219091,0.029614,0.119191,0.068511,0.000987,0.007011,0.034255,0.004471,4013.9205890273797,5239.562828592577,30.534790422004455,551.7006460178545,416.48341607350505,49,30,17,2,61.22,34.69,4.08,0,0.0,240,0,1,3.33,0,0.0,False,True,False,UNKNOWN
p18,0.4,0.75,0.5736,375,86,47,"[1, 2, 3]",0.183,0.142007,0.04104,0.065831,0.033236,0.001026,0.010972,0.033236,0.003021,4013.9205890273797,5038.009633359468,25.51343559540219,75.28782078894409,461.21610711904776,47,40,6,1,85.11,12.77,2.13,0,0.0,240,0,0,0.0,0,0.0,True,True,True,UNKNOWN
p18,0.4,0.75,0.7587,486,86,42,"[1, 2, 3]",0.1816,0.141805,0.016886,0.123108,0.0,0.000582,0.00947,0.0,0.003376,4013.9205890273797,4819.519308416384,20.07012100815403,126.03500704655838,332.6020005279486,42,29,13,0,69.05,30.95,0.0,0,0.0,240,0,0,0.0,0,0.0,True,True,True,UNKNOWN
p19,0.05,0.25,0.3368,42,10,9,"[1, 2, 3]",0.3668,0.324284,0.001578,0.136782,0.185867,0.000789,0.034196,0.061956,0.036032,4367.527555957611,4535.644473012621,3.8492468542227516,4.5471862576143,284.7439370329813,9,2,4,3,22.22,44.44,33.33,0,0.0,240,0,0,0.0,5,6.98,False,True,False,UNKNOWN
p19,0.05,0.25,0.0705,153,10,8,"[1, 2, 3]",0.3249,0.283731,0.007047,0.047493,0.22903,0.002349,0.023747,0.076343,0.035466,4367.527555957611,4461.814449510009,2.158816225985423,0.0,235.34393703298127,8,3,2,3,37.5,25.0,37.5,0,0.0,240,0,1,3.33,4,6.13,False,True,False,UNKNOWN
p19,0.05,0.25,0.2384,264,10,7,"[1, 2, 3]",0.2773,0.238921,0.003355,0.0,0.235352,0.001118,0.0,0.058838,0.034132,4367.527555957611,4538.646409198778,3.9179799336983923,1.0,242.33345472033855,7,3,0,4,42.86,0.0,57.14,0,0.0,240,0,0,0.0,5,12.86,False,True,False,UNKNOWN
p19,0.05,0.25,0.3108,375,10,8,"[1, 2, 3]",0.3338,0.293452,0.004967,0.04482,0.243474,0.002484,0.02241,0.060868,0.036681,4367.527555957611,4658.424340591464,6.660445318474278,105.6629150101524,235.34393703298127,8,2,2,4,25.0,25.0,50.0,0,0.0,240,0,2,7.5,5,14.46,False,True,False,UNKNOWN
p19,0.05,0.25,0.3985,486,10,8,"[1, 2, 3]",0.1927,0.151071,0.005189,0.041631,0.10404,0.00173,0.013877,0.05202,0.018884,4367.527555957611,4431.702948355977,1.4693757870130977,112.31572875253809,235.34393703298127,8,3,3,2,37.5,37.5,25.0,0,0.0,240,0,0,0.0,3,21.41,False,True,False,UNKNOWN
p19,0.05,0.5,0.7182,42,10,8,"[1, 2, 3]",0.2915,0.251294,0.001312,0.044704,0.205188,0.001312,0.022352,0.041038,0.031412,4367.527555957611,4522.548782189978,3.5494046516296596,0.0,312.2439370329813,8,1,2,5,12.5,25.0,62.5,0,0.0,240,0,1,6.67,6,6.59,False,True,False,UNKNOWN
p19,0.05,0.5,0.1278,153,10,7,"[1, 2, 3]",0.3653,0.32953,0.004447,0.0,0.324837,0.001482,0.0,0.081209,0.047076,4367.527555957611,4483.793553737112,2.662055277038977,26.515728752538095,235.34393703298127,7,3,0,4,42.86,0.0,57.14,0,0.0,240,0,0,0.0,4,6.05,False,True,False,UNKNOWN
p19,0.05,0.5,0.5739,264,10,3,"[1, 2, 3]",0.223,0.18634,0.0,0.0,0.185966,0.0,0.0,0.061989,0.062113,4367.527555957611,4509.989668469965,3.261848052178303,85.7786437626905,253.17279063100796,3,0,0,3,0.0,0.0,100.0,0,0.0,240,0,0,0.0,6,15.46,False,True,False,UNKNOWN
p19,0.05,0.5,0.3992,375,10,8,"[1, 2, 3]",0.1329,0.096868,0.000744,0.048921,0.047096,0.000372,0.009784,0.047096,0.012109,4367.527555957611,4479.992931960126,2.5750352931169096,0.0,235.34393703298127,8,2,5,1,25.0,62.5,12.5,0,0.0,240,0,0,0.0,3,10.65,False,True,False,UNKNOWN
p19,0.05,0.5,0.6298,486,10,6,"[1, 2, 3]",0.1184,0.076428,0.002255,0.025756,0.04801,0.000752,0.012878,0.04801,0.012738,4367.527555957611,4425.078356472685,1.3176974793569607,0.0,235.34393703298127,6,3,2,1,50.0,33.33,16.67,0,0.0,240,0,0,0.0,3,10.65,False,True,False,UNKNOWN
p19,0.05,0.75,0.9432,42,10,8,"[1, 2, 3]",0.2779,0.233776,0.001396,0.033621,0.198679,0.001396,0.01681,0.039736,0.029222,4367.527555957611,4590.599073624642,5.107501093215679,37.210101267766674,235.34393703298127,8,1,2,5,12.5,25.0,62.5,0,0.0,240,0,1,3.33,7,11.08,False,True,False,UNKNOWN
p19,0.05,0.75,0.8728,153,10,4,"[1, 2, 3]",0.2353,0.198858,0.0,0.0,0.198614,0.0,0.0,0.049653,0.049714,4367.527555957611,4576.874332166805,4.793255990420268,48.8492175492576,263.47167180250005,4,0,0,4,0.0,0.0,100.0,0,0.0,240,0,0,0.0,6,16.48,False,True,False,UNKNOWN
p19,0.05,0.75,0.8175,264,10,1,"[1, 2, 3]",0.0847,0.046776,0.0,0.0,0.046159,0.0,0.0,0.046159,0.046776,4367.527555957611,4441.958427955221,1.7041878052052786,71.9786437626905,246.5409699526903,1,0,0,1,0.0,0.0,100.0,0,0.0,240,0,0,0.0,5,13.98,False,True,False,UNKNOWN
p19,0.05,0.75,0.7482,375,10,6,"[1, 2, 3]",0.1156,0.075478,0.001936,0.019862,0.05351,0.000968,0.006621,0.05351,0.01258,4367.527555957611,4515.432819942759,3.3864758055938275,0.0,235.34393703298127,6,2,3,1,33.33,50.0,16.67,0,0.0,240,0,0,0.0,3,10.65,False,True,False,UNKNOWN
p19,0.05,0.75,0.8522,486,10,6,"[1, 2, 3]",0.1623,0.118999,0.000348,0.015151,0.103114,0.000348,0.00505,0.051557,0.019833,4367.527555957611,4474.030371356341,2.438515018719283,0.0,235.34393703298127,6,1,3,2,16.67,50.0,33.33,0,0.0,240,0,0,0.0,3,10.65,False,True,False,UNKNOWN
p19,0.1,0.25,0.3096,42,21,16,"[1, 2, 3]",0.4363,0.396963,0.00315,0.14639,0.247148,0.000788,0.018299,0.061787,0.02481,4367.527555957611,4592.715681855309,5.155963483058647,25.862915010152406,284.7439370329813,16,4,8,4,25.0,50.0,25.0,0,0.0,240,0,0,0.0,5,5.33,False,True,False,UNKNOWN
p19,0.1,0.25,0.0785,153,21,17,"[1, 2, 3]",0.8341,0.791151,0.004815,0.043704,0.742349,0.001605,0.021852,0.061862,0.046538,4367.527555957611,4793.339930646774,9.749506310688865,0.0,235.34393703298127,17,3,2,12,17.65,11.76,70.59,0,0.0,240,0,3,6.11,8,6.37,False,True,False,UNKNOWN
p19,0.1,0.25,0.2779,264,21,15,"[1, 2, 3]",0.4345,0.394374,0.005654,0.0,0.388377,0.000707,0.0,0.055482,0.026292,4367.527555957611,4718.476450865008,8.035413409783251,10.431457505076196,261.7008732545826,15,8,0,7,53.33,0.0,46.67,0,0.0,240,0,1,3.33,8,13.61,False,True,False,UNKNOWN
p19,0.1,0.25,0.2742,375,21,17,"[1, 2, 3]",0.5461,0.506033,0.009712,0.066495,0.429606,0.001619,0.022165,0.053701,0.029767,4367.527555957611,4718.65284309581,8.03945213028454,105.6629150101524,235.34393703298127,17,6,3,8,35.29,17.65,47.06,0,0.0,240,0,2,3.33,6,13.3,False,True,False,UNKNOWN
p19,0.1,0.25,0.4194,486,21,16,"[1, 2, 3]",0.4992,0.460865,0.005919,0.037944,0.4165,0.001184,0.012648,0.052063,0.028804,4367.527555957611,4765.677972190933,9.116151212147875,132.6629150101524,248.88708664619074,16,5,3,8,31.25,18.75,50.0,0,0.0,240,0,0,0.0,8,16.25,False,True,False,UNKNOWN
p19,0.1,0.5,0.6913,42,21,12,"[1, 2, 3]",0.417,0.376514,0.000615,0.041394,0.334076,0.000615,0.013798,0.04176,0.031376,4367.527555957611,4592.483055093783,5.150637202719351,8.636160748334504,312.2439370329813,12,1,3,8,8.33,25.0,66.67,0,0.0,240,0,2,9.17,6,6.2,False,True,False,UNKNOWN
p19,0.1,0.5,0.1848,153,21,17,"[1, 2, 3]",0.7353,0.696359,0.005272,0.0122,0.678642,0.001054,0.0122,0.061695,0.040962,4367.527555957611,4677.551098262917,7.0983763315336565,33.431457505076196,235.34393703298127,17,5,1,11,29.41,5.88,64.71,0,0.0,240,0,0,0.0,8,6.5,False,True,False,UNKNOWN
p19,0.1,0.5,0.5662,264,21,9,"[1, 2, 3]",0.3464,0.306773,0.001346,0.0,0.304813,0.000449,0.0,0.050802,0.034086,4367.527555957611,4671.074415035796,6.950084577351452,93.17864376269051,261.7008732545826,9,3,0,6,33.33,0.0,66.67,0,0.0,240,0,1,3.33,8,16.53,False,True,False,UNKNOWN
p19,0.1,0.5,0.4121,375,21,14,"[1, 2, 3]",0.2832,0.246518,0.001398,0.074816,0.169955,0.000466,0.009352,0.056652,0.017608,4367.527555957611,4556.3744379640775,4.323885300937966,22.94718625761429,235.34393703298127,14,3,8,3,21.43,57.14,21.43,0,0.0,240,0,0,0.0,3,10.65,False,True,False,UNKNOWN
p19,0.1,0.5,0.6932,486,21,12,"[1, 2, 3]",0.1984,0.15105,0.002733,0.015907,0.131715,0.000547,0.003977,0.043905,0.012587,4367.527555957611,4585.184338744954,4.983523973201823,38.77864376269048,235.34393703298127,12,5,4,3,41.67,33.33,25.0,0,0.0,240,0,1,3.33,4,8.05,False,True,False,UNKNOWN
p19,0.1,0.75,0.9665,42,21,8,"[1, 2, 3]",0.2458,0.20645,0.001041,0.021438,0.18348,0.001041,0.010719,0.036696,0.025806,4367.527555957611,4590.599073624642,5.107501093215679,37.210101267766674,235.34393703298127,8,1,2,5,12.5,25.0,62.5,0,0.0,240,0,1,3.33,7,11.08,False,True,False,UNKNOWN
p19,0.1,0.75,0.8704,153,21,8,"[1, 2, 3]",0.4485,0.408364,0.0,0.010342,0.397369,0.0,0.010342,0.056767,0.051045,4367.527555957611,4618.771921867954,5.752553651725174,48.8492175492576,252.71860667946703,8,0,1,7,0.0,12.5,87.5,0,0.0,240,0,3,7.22,7,15.2,False,True,False,UNKNOWN
p19,0.1,0.75,0.566,264,21,8,"[1, 2, 3]",0.2724,0.232775,0.001794,0.018842,0.21153,0.000598,0.018842,0.052883,0.029097,4367.527555957611,4554.509733986295,4.281190573683437,120.04155877284289,246.5409699526903,8,3,1,4,37.5,12.5,50.0,0,0.0,240,0,1,3.33,7,12.62,False,True,False,UNKNOWN
p19,0.1,0.75,0.7312,375,21,13,"[1, 2, 3]",0.3486,0.308423,0.002137,0.027861,0.277981,0.000712,0.006965,0.04633,0.023725,4367.527555957611,4721.2675027653895,8.099318030066058,45.09907575848689,235.34393703298127,13,3,4,6,23.08,30.77,46.15,0,0.0,240,0,2,5.0,8,9.86,False,True,False,UNKNOWN
p19,0.1,0.75,0.7973,486,21,12,"[1, 2, 3]",0.3176,0.276584,0.000359,0.018826,0.256724,0.000359,0.004706,0.036675,0.023049,4367.527555957611,4643.7547780807145,6.324567357252507,37.978643762690496,235.34393703298127,12,1,4,7,8.33,33.33,58.33,0,0.0,240,0,1,3.33,4,10.49,False,True,False,UNKNOWN
p19,0.2,0.25,0.4036,42,42,26,"[1, 2, 3]",0.6623,0.615919,0.007039,0.203226,0.404868,0.000782,0.020323,0.057838,0.023689,4367.527555957611,4862.307059235675,11.32859488437916,42.68311754568579,284.7439370329813,26,9,10,7,34.62,38.46,26.92,0,0.0,240,0,0,0.0,6,9.11,False,True,False,UNKNOWN
p19,0.2,0.25,0.2331,153,42,27,"[1, 2, 3]",1.1468,1.102347,0.007748,0.041552,1.052221,0.000969,0.020776,0.061895,0.040828,4367.527555957611,4905.666462948326,12.321362603806715,44.578643762690504,247.8555127546399,27,8,2,17,29.63,7.41,62.96,0,0.0,240,0,3,6.11,10,9.0,False,True,False,UNKNOWN
p19,0.2,0.25,0.2378,264,42,28,"[1, 2, 3]",0.8879,0.83846,0.011573,0.056626,0.769325,0.00089,0.028313,0.059179,0.029945,4367.527555957611,4962.581683726252,13.62450769101492,39.6314575050762,263.2559765317396,28,13,2,13,46.43,7.14,46.43,0,0.0,240,0,1,10.0,10,14.13,False,True,False,UNKNOWN
p19,0.2,0.25,0.3168,375,42,30,"[1, 2, 3]",0.8206,0.775247,0.014251,0.136803,0.623181,0.001188,0.019543,0.056653,0.025842,4367.527555957611,4896.2731598620785,12.106291194046882,105.6629150101524,254.57034390417414,30,12,7,11,40.0,23.33,36.67,0,0.0,240,0,2,3.33,7,10.7,False,True,False,UNKNOWN
p19,0.2,0.25,0.3838,486,42,28,"[1, 2, 3]",1.1557,1.115514,0.007084,0.024615,1.082876,0.001012,0.012308,0.056993,0.03984,4367.527555957611,5308.318136252854,21.540575720282266,148.84155877284286,287.27922061357856,28,7,2,19,25.0,7.14,67.86,0,0.0,240,0,2,3.33,13,19.77,False,True,False,UNKNOWN
p19,0.2,0.5,0.5114,42,42,29,"[1, 2, 3]",1.0682,1.025637,0.016622,0.011587,0.996653,0.001847,0.011587,0.052455,0.035367,4367.527555957611,4915.67653132728,12.550555625503849,37.036963246133695,245.64393703298128,29,9,1,19,31.03,3.45,65.52,0,0.0,240,0,4,6.67,12,8.18,False,True,False,UNKNOWN
p19,0.2,0.5,0.2944,153,42,31,"[1, 2, 3]",0.9019,0.86806,0.009678,0.034565,0.8232,0.001075,0.008641,0.045733,0.028002,4367.527555957611,4969.859665664526,13.791146180298092,160.3258300203048,287.4439370329813,31,9,4,18,29.03,12.9,58.06,0,0.0,240,0,1,6.67,12,10.29,False,True,False,UNKNOWN
p19,0.2,0.5,0.7263,264,42,12,"[1, 2, 3]",0.238,0.206686,0.000881,0.001478,0.203332,0.000294,0.001478,0.025416,0.017224,4367.527555957611,4798.419829835355,9.865816949225122,93.17864376269051,303.9139572944833,12,3,1,8,25.0,8.33,66.67,0,0.0,240,0,1,3.33,9,20.46,False,True,False,UNKNOWN
p19,0.2,0.5,0.4899,375,42,29,"[1, 2, 3]",0.3641,0.331468,0.001521,0.091917,0.23759,0.000304,0.006128,0.026399,0.01143,4367.527555957611,4813.481488525442,10.2106724423414,24.147186257614294,240.0721147617606,29,5,15,9,17.24,51.72,31.03,0,0.0,240,0,0,0.0,6,8.75,False,True,False,UNKNOWN
p19,0.2,0.5,0.7683,486,42,18,"[1, 2, 3]",0.2324,0.201377,0.001175,0.009545,0.189951,0.000235,0.002386,0.021106,0.011188,4367.527555957611,4921.202526648864,12.677080192339055,209.74603255583816,261.7008732545826,18,5,4,9,27.78,22.22,50.0,0,0.0,240,0,0,0.0,12,13.62,False,True,False,UNKNOWN
p19,0.2,0.75,0.8027,42,42,15,"[1, 2, 3]",0.3227,0.292454,0.000738,0.003666,0.287324,0.000369,0.003666,0.023944,0.019497,4367.527555957611,4915.57205793793,12.548163576730007,43.61010126776668,261.7008732545826,15,2,1,12,13.33,6.67,80.0,0,0.0,240,0,4,10.83,12,11.46,False,True,False,UNKNOWN
p19,0.2,0.75,0.911,153,42,17,"[1, 2, 3]",0.3683,0.337385,0.000548,0.005187,0.330952,0.000274,0.005187,0.023639,0.019846,4367.527555957611,4926.560349898891,12.799754249488831,175.48147755213301,267.3548922305949,17,2,1,14,11.76,5.88,82.35,0,0.0,240,0,3,7.22,10,24.69,False,True,False,UNKNOWN
p19,0.2,0.75,0.5951,264,42,19,"[1, 2, 3]",0.2453,0.216257,0.003674,0.007421,0.204414,0.000408,0.00371,0.025552,0.011382,4367.527555957611,4786.703901138583,9.597566124320988,143.44155877284288,261.7008732545826,19,9,2,8,47.37,10.53,42.11,0,0.0,240,0,2,4.17,11,11.56,False,True,False,UNKNOWN
p19,0.2,0.75,0.7896,375,42,24,"[1, 2, 3]",0.3538,0.318488,0.001893,0.020024,0.295971,0.000315,0.003337,0.024664,0.01327,4367.527555957611,4942.6012781168965,13.167031341905211,116.69008154085043,237.9898987322333,24,6,6,12,25.0,25.0,50.0,0,0.0,240,0,2,4.17,14,9.94,False,True,False,UNKNOWN
p19,0.2,0.75,0.7567,486,42,25,"[1, 2, 3]",0.3909,0.360697,0.0012,0.017521,0.341402,0.0004,0.00219,0.024386,0.014428,4367.527555957611,5014.566506251824,14.814765150402003,100.04706451390038,248.08042584720513,25,3,8,14,12.0,32.0,56.0,0,0.0,240,0,3,4.44,11,11.29,False,True,False,UNKNOWN
p19,0.4,0.25,0.4056,42,85,56,"[1, 2, 3]",2.2929,2.239304,0.018658,0.182713,2.035504,0.001098,0.026102,0.06361,0.039988,4367.527555957611,5528.990120819134,26.593136505279908,217.471862576143,361.06155302958047,56,17,7,32,30.36,12.5,57.14,0,0.0,240,0,3,3.89,18,17.63,False,True,False,UNKNOWN
p19,0.4,0.25,0.249,153,85,50,"[1, 2, 3]",2.4975,2.45194,0.011155,0.125086,2.313671,0.001014,0.025017,0.068049,0.049039,4367.527555957611,5500.751400936019,25.946575733279854,60.3786437626905,293.10368865331145,50,11,5,34,22.0,10.0,68.0,0,0.0,240,0,4,5.42,18,12.76,False,True,False,UNKNOWN
p19,0.4,0.25,0.2102,264,85,63,"[1, 2, 3]",2.6331,2.594414,0.028509,0.101643,2.462897,0.001296,0.025411,0.066565,0.041181,4367.527555957611,5783.169450433515,32.412889817829985,83.43145750507621,311.03791653406927,63,22,4,37,34.92,6.35,58.73,0,0.0,240,0,3,11.11,20,21.06,False,True,False,UNKNOWN
p19,0.4,0.25,0.2043,375,85,56,"[1, 2, 3]",2.6504,2.609612,0.012665,0.183822,2.411413,0.001151,0.022978,0.065173,0.0466,4367.527555957611,5711.625846333034,30.7748096183613,128.2943725152286,323.6955328423773,56,11,8,37,19.64,14.29,66.07,0,0.0,240,0,7,7.14,21,17.78,False,True,False,UNKNOWN
p19,0.4,0.25,0.3311,486,85,56,"[1, 2, 3]",2.4248,2.383478,0.016611,0.120044,2.244702,0.000977,0.024009,0.066021,0.042562,4367.527555957611,5770.2072738317565,32.11610459013116,204.10447378299529,305.34192049298326,56,17,5,34,30.36,8.93,60.71,0,0.0,240,0,2,8.33,21,19.96,False,True,False,UNKNOWN
p19,0.4,0.5,0.401,42,85,58,"[1, 2, 3]",2.1641,2.120042,0.023781,0.063175,2.031488,0.001132,0.012635,0.063484,0.036552,4367.527555957611,5482.788883317211,25.53530145077862,85.61010126776668,289.33325560164025,58,21,5,32,36.21,8.62,55.17,0,0.0,240,0,5,5.67,19,13.31,False,True,False,UNKNOWN
p19,0.4,0.5,0.3979,153,85,49,"[1, 2, 3]",2.0789,2.036026,0.017791,0.080672,1.935155,0.001186,0.016134,0.066729,0.041552,4367.527555957611,5395.130214571532,23.52824671277,98.27301627791907,279.29111997790926,49,15,5,29,30.61,10.2,59.18,0,0.0,240,0,2,7.5,20,10.8,False,True,False,UNKNOWN
p19,0.4,0.5,0.6918,264,85,37,"[1, 2, 3]",1.3457,1.304366,0.002375,0.148925,1.150071,0.000594,0.011456,0.057504,0.035253,4367.527555957611,5235.461395617599,19.872429619272022,240.21950775428334,261.2209449275384,37,4,13,20,10.81,35.14,54.05,0,0.0,240,0,2,4.17,15,19.65,False,True,False,UNKNOWN
p19,0.4,0.5,0.4226,375,85,56,"[1, 2, 3]",2.2879,2.245583,0.008158,0.152905,2.082771,0.000906,0.015291,0.056291,0.0401,4367.527555957611,5582.358149486314,27.815064197399035,163.15728752538098,273.8044038110585,56,9,10,37,16.07,17.86,66.07,0,0.0,240,0,5,5.0,17,20.5,False,True,False,UNKNOWN
p19,0.4,0.5,0.5923,486,85,43,"[1, 2, 3]",1.7767,1.735645,0.00808,0.062859,1.661912,0.000735,0.00898,0.066476,0.040364,4367.527555957611,5588.165428340789,27.94802910214368,225.97749006091436,298.3040670656701,43,11,7,25,25.58,16.28,58.14,0,0.0,240,0,3,5.56,17,22.72,False,True,False,UNKNOWN
p19,0.4,0.75,0.6911,42,85,39,"[1, 2, 3]",2.1403,2.09804,0.016743,0.078657,1.999333,0.00186,0.026219,0.074049,0.053796,4367.527555957611,5435.960142054792,24.463098913703814,96.84602261777931,284.36976314013145,39,9,3,27,23.08,7.69,69.23,0,0.0,240,0,1,21.67,18,17.95,False,True,False,UNKNOWN
p19,0.4,0.75,0.9103,153,85,28,"[1, 2, 3]",1.3502,1.309626,0.003197,0.061177,1.242063,0.000799,0.020392,0.059146,0.046772,4367.527555957611,5180.055963552392,18.603853030908436,347.9230363249759,287.6994111798474,28,4,3,21,14.29,10.71,75.0,0,0.0,240,0,3,7.22,13,32.45,False,True,False,UNKNOWN
p19,0.4,0.75,0.7358,264,85,41,"[1, 2, 3]",1.4629,1.414208,0.012138,0.052275,1.347238,0.000934,0.013069,0.056135,0.034493,4367.527555957611,5514.142120420214,26.253172985675636,540.3875913286811,306.78233241600196,41,13,4,24,31.71,9.76,58.54,0,0.0,240,0,4,3.75,18,27.18,False,True,False,UNKNOWN
p19,0.4,0.75,0.5806,375,85,47,"[1, 2, 3]",2.1958,2.156245,0.007722,0.039552,2.106953,0.000702,0.006592,0.070232,0.045878,4367.527555957611,5375.984937883184,23.089891683681927,141.87882657130763,274.52518893820314,47,11,6,30,23.4,12.77,63.83,0,0.0,240,0,4,10.42,19,13.33,False,True,False,UNKNOWN
p19,0.4,0.75,0.7443,486,85,44,"[1, 2, 3]",1.6514,1.609615,0.005079,0.096998,1.505154,0.000846,0.0097,0.053756,0.036582,4367.527555957611,5742.08233143397,31.472148895806512,124.5443925622854,292.00058016357434,44,6,10,28,13.64,22.73,63.64,0,0.0,240,0,5,10.33,16,23.71,False,True,False,UNKNOWN
p20,0.05,0.25,0.3625,42,10,8,"[1, 2, 3]",0.3141,0.270262,0.001966,0.004253,0.263925,0.000983,0.004253,0.052785,0.033783,5252.874427516348,5362.742146351257,2.091573296696085,0.0,289.80830114002384,8,2,1,5,25.0,12.5,62.5,0,0.0,240,0,1,18.33,12,13.08,False,True,False,UNKNOWN
p20,0.05,0.25,0.0705,153,10,7,"[1, 2, 3]",0.5215,0.481327,0.001697,0.0,0.479435,0.000849,0.0,0.095887,0.068761,5252.874427516348,5446.258092000427,3.6814827225084406,0.0,289.80830114002384,7,2,0,5,28.57,0.0,71.43,0,0.0,240,0,1,5.0,12,19.06,False,True,False,UNKNOWN
p20,0.05,0.25,0.2384,264,10,6,"[1, 2, 3]",0.4317,0.395726,0.0,0.0,0.395349,0.0,0.0,0.065891,0.065954,5252.874427516348,5480.71661321606,4.337476344498108,27.3157287525381,289.80830114002384,6,0,0,6,0.0,0.0,100.0,0,0.0,240,0,1,5.0,11,17.45,False,True,False,UNKNOWN
p20,0.05,0.25,0.3108,375,10,9,"[1, 2, 3]",0.4619,0.421044,0.003273,0.0,0.417665,0.001091,0.0,0.069611,0.046783,5252.874427516348,5495.088664804766,4.611079907404933,2.3999999999999986,340.83644204275504,9,3,0,6,33.33,0.0,66.67,0,0.0,240,0,1,11.67,15,13.58,False,True,False,UNKNOWN
p20,0.05,0.25,0.3985,486,10,9,"[1, 2, 3]",0.3849,0.344043,0.005733,0.0,0.338246,0.001433,0.0,0.067649,0.038227,5252.874427516348,5355.721379066756,1.957917573884122,0.0,289.80830114002384,9,4,0,5,44.44,0.0,55.56,0,0.0,240,0,2,5.0,13,11.4,False,True,False,UNKNOWN
p20,0.05,0.5,0.7175,42,10,7,"[1, 2, 3]",0.2858,0.249006,0.000424,0.005345,0.24306,0.000424,0.002673,0.060765,0.035572,5252.874427516348,5357.5334088735235,1.9924135404596006,13.319925093649374,289.80830114002384,7,1,2,4,14.29,28.57,57.14,0,0.0,240,0,1,18.33,11,15.37,False,True,False,UNKNOWN
p20,0.05,0.5,0.1278,153,10,7,"[1, 2, 3]",0.4229,0.386831,0.001949,0.0,0.384683,0.000974,0.0,0.076937,0.055262,5252.874427516348,5446.258092000427,3.6814827225084406,0.0,289.80830114002384,7,2,0,5,28.57,0.0,71.43,0,0.0,240,0,1,5.0,12,19.06,False,True,False,UNKNOWN
p20,0.05,0.5,0.5739,264,10,6,"[1, 2, 3]",0.3111,0.27072,0.001536,0.0,0.268843,0.001536,0.0,0.053769,0.04512,5252.874427516348,5452.733045722124,3.8047476855500006,198.46291501015241,289.80830114002384,6,1,0,5,16.67,0.0,83.33,0,0.0,240,0,1,5.0,12,22.62,False,True,False,UNKNOWN
p20,0.05,0.5,0.3992,375,10,5,"[1, 2, 3]",0.3348,0.301147,0.0,0.0,0.300792,0.0,0.0,0.060158,0.060229,5252.874427516348,5376.225302427273,2.348254781511074,17.799999999999997,289.80830114002384,5,0,0,5,0.0,0.0,100.0,0,0.0,240,0,2,5.83,13,13.54,False,True,False,UNKNOWN
p20,0.05,0.5,0.6298,486,10,8,"[1, 2, 3]",0.2401,0.195766,0.002581,0.0,0.193023,0.000645,0.0,0.048256,0.024471,5252.874427516348,5319.0866423858515,1.2604949115604454,6.199999999999989,289.80830114002384,8,4,0,4,50.0,0.0,50.0,0,0.0,240,0,2,5.0,12,11.97,False,True,False,UNKNOWN
p20,0.05,0.75,0.9426,42,10,5,"[1, 2, 3]",0.2364,0.200541,0.0,0.0,0.200301,0.0,0.0,0.04006,0.040108,5252.874427516348,5481.675683289598,4.355734349458478,131.51042397386587,289.80830114002384,5,0,0,5,0.0,0.0,100.0,0,0.0,240,0,3,11.11,14,20.59,False,True,False,UNKNOWN
p20,0.05,0.75,0.8728,153,10,5,"[1, 2, 3]",0.1535,0.116946,0.001084,0.0,0.115631,0.000542,0.0,0.038544,0.023389,5252.874427516348,5431.842577122796,3.4070517404518843,41.3062276327546,289.80830114002384,5,2,0,3,40.0,0.0,60.0,0,0.0,240,0,1,8.33,11,21.09,False,True,False,UNKNOWN
p20,0.05,0.75,0.8175,264,10,3,"[1, 2, 3]",0.1624,0.125476,0.0,0.0,0.125151,0.0,0.0,0.041717,0.041825,5252.874427516348,5452.425460661147,3.7988921284598423,22.667378855088828,289.80830114002384,3,0,0,3,0.0,0.0,100.0,0,0.0,240,0,1,5.0,11,17.44,False,True,False,UNKNOWN
p20,0.05,0.75,0.7482,375,10,4,"[1, 2, 3]",0.1982,0.162405,0.0,0.0,0.162092,0.0,0.0,0.040523,0.040601,5252.874427516348,5373.1170676783795,2.289082707406053,56.51992509364939,286.13644204275505,4,0,0,4,0.0,0.0,100.0,0,0.0,240,0,1,11.67,14,13.28,False,True,False,UNKNOWN
p20,0.05,0.75,0.8522,486,10,9,"[1, 2, 3]",0.2575,0.215014,0.001478,0.0,0.213479,0.000369,0.0,0.042696,0.02389,5252.874427516348,5327.4371078192935,1.419464358644491,53.83616074833452,289.80830114002384,9,4,0,5,44.44,0.0,55.56,0,0.0,240,0,2,5.0,13,12.89,False,True,False,UNKNOWN
p20,0.1,0.25,0.2923,42,21,14,"[1, 2, 3]",0.7221,0.683802,0.002858,0.004857,0.675481,0.000953,0.004857,0.067548,0.048843,5252.874427516348,5503.387097373718,4.769058794649624,0.0,289.80830114002384,14,3,1,10,21.43,7.14,71.43,0,0.0,240,0,4,12.08,13,15.3,False,True,False,UNKNOWN
p20,0.1,0.25,0.0785,153,21,15,"[1, 2, 3]",0.9513,0.916591,0.003805,0.0,0.912156,0.000951,0.0,0.082923,0.061106,5252.874427516348,5636.261668633144,7.298618050119049,3.200000000000003,289.80830114002384,15,4,0,11,26.67,0.0,73.33,0,0.0,240,0,3,4.44,15,19.04,False,True,False,UNKNOWN
p20,0.1,0.25,0.3073,264,21,14,"[1, 2, 3]",0.7731,0.739013,0.000587,0.051682,0.686146,0.000587,0.025841,0.062377,0.052787,5252.874427516348,5622.167672431547,7.0303078821133544,41.17864376269049,289.80830114002384,14,1,2,11,7.14,14.29,78.57,0,0.0,240,0,2,5.0,16,14.13,False,True,False,UNKNOWN
p20,0.1,0.25,0.2813,375,21,15,"[1, 2, 3]",0.7908,0.755826,0.002296,0.0,0.753082,0.000765,0.0,0.062757,0.050388,5252.874427516348,5682.542862354612,8.17968220575604,2.3999999999999986,340.83644204275504,15,3,0,12,20.0,0.0,80.0,0,0.0,240,0,1,11.67,19,15.09,False,True,False,UNKNOWN
p20,0.1,0.25,0.4264,486,21,16,"[1, 2, 3]",0.7343,0.694758,0.008467,0.0,0.686001,0.002117,0.0,0.057167,0.043422,5252.874427516348,5544.734069033147,5.556189197821638,5.200000000000003,328.81131704501706,16,4,0,12,25.0,0.0,75.0,0,0.0,240,0,2,5.0,15,18.31,False,True,False,UNKNOWN
p20,0.1,0.5,0.6911,42,21,9,"[1, 2, 3]",0.3385,0.296551,0.000477,0.00686,0.288491,0.000477,0.00343,0.048082,0.03295,5252.874427516348,5410.473650470304,3.0002472956215667,19.119925093649385,310.3385402133107,9,1,2,6,11.11,22.22,66.67,0,0.0,240,0,2,11.67,12,14.23,False,True,False,UNKNOWN
p20,0.1,0.5,0.1848,153,21,14,"[1, 2, 3]",0.7849,0.746273,0.002238,0.0,0.743552,0.000746,0.0,0.067596,0.053305,5252.874427516348,5551.708875974412,5.688969964571533,6.915728752538101,282.6166020071207,14,3,0,11,21.43,0.0,78.57,0,0.0,240,0,1,5.0,14,19.2,False,True,False,UNKNOWN
p20,0.1,0.5,0.5363,264,21,12,"[1, 2, 3]",0.5566,0.520005,0.001033,0.047669,0.470753,0.001033,0.023835,0.052306,0.043334,5252.874427516348,5620.167869417055,6.992237240180321,259.6177600441814,289.80830114002384,12,1,2,9,8.33,16.67,75.0,0,0.0,240,0,1,5.0,15,24.25,False,True,False,UNKNOWN
p20,0.1,0.5,0.4121,375,21,14,"[1, 2, 3]",0.7394,0.703692,0.000873,0.02438,0.677977,0.000873,0.02438,0.056498,0.050264,5252.874427516348,5574.03400755814,6.113977870086677,17.799999999999997,289.80830114002384,14,1,1,12,7.14,7.14,85.71,0,0.0,240,0,3,6.67,13,21.9,False,True,False,UNKNOWN
p20,0.1,0.5,0.6984,486,21,14,"[1, 2, 3]",0.4937,0.4538,0.003475,0.0,0.449895,0.000869,0.0,0.044989,0.032414,5252.874427516348,5517.283690574822,5.033610963045447,86.39999999999998,303.665988620107,14,4,0,10,28.57,0.0,71.43,0,0.0,240,0,2,5.0,16,17.32,False,True,False,UNKNOWN
p20,0.1,0.75,0.9652,42,21,9,"[1, 2, 3]",0.391,0.350874,0.0,0.0,0.350286,0.0,0.0,0.038921,0.038986,5252.874427516348,5570.480332674582,6.046325864835188,168.11042397386586,289.80830114002384,9,0,0,9,0.0,0.0,100.0,0,0.0,240,0,3,11.11,15,23.52,False,True,False,UNKNOWN
p20,0.1,0.75,0.8704,153,21,11,"[1, 2, 3]",0.3777,0.337189,0.002856,0.015333,0.318484,0.000952,0.015333,0.045498,0.030654,5252.874427516348,5592.708134774281,6.469480889887022,53.90622763275459,376.10830114002385,11,3,1,7,27.27,9.09,63.64,0,0.0,240,0,2,3.33,14,22.64,False,True,False,UNKNOWN
p20,0.1,0.75,0.5685,264,21,10,"[1, 2, 3]",0.4969,0.461252,0.0,0.009875,0.45081,0.0,0.009875,0.05009,0.046125,5252.874427516348,5547.602163670461,5.610789677556889,42.28474066187363,289.80830114002384,10,0,1,9,0.0,10.0,90.0,0,0.0,240,0,1,11.67,13,19.05,False,True,False,UNKNOWN
p20,0.1,0.75,0.7331,375,21,9,"[1, 2, 3]",0.5882,0.548629,0.0,0.0,0.547782,0.0,0.0,0.060865,0.060959,5252.874427516348,5535.758863749699,5.385326455768788,114.84575511395417,286.13644204275505,9,0,0,9,0.0,0.0,100.0,0,0.0,240,0,3,12.22,17,16.38,False,True,False,UNKNOWN
p20,0.1,0.75,0.8085,486,21,15,"[1, 2, 3]",0.6758,0.639211,0.002351,0.0,0.636491,0.000588,0.0,0.057863,0.042614,5252.874427516348,5525.336367768357,5.186911357042169,133.23616074833453,291.7186658136426,15,4,0,11,26.67,0.0,73.33,0,0.0,240,0,2,5.0,16,18.59,False,True,False,UNKNOWN
p20,0.2,0.25,0.3666,42,42,26,"[1, 2, 3]",1.401,1.36053,0.003682,0.009829,1.34593,0.00092,0.009829,0.064092,0.052328,5252.874427516348,5875.936079205338,11.861346778540527,18.778643762690507,303.554615151636,26,4,1,21,15.38,3.85,80.77,0,0.0,240,0,4,10.0,21,16.68,False,True,False,UNKNOWN
p20,0.2,0.25,0.2331,153,42,30,"[1, 2, 3]",1.6423,1.607091,0.007309,0.0,1.598756,0.000914,0.0,0.072671,0.05357,5252.874427516348,5877.586651779547,11.892769052135394,44.031457505076204,332.69349288745315,30,8,0,22,26.67,0.0,73.33,0,0.0,240,0,3,5.56,20,20.15,False,True,False,UNKNOWN
p20,0.2,0.25,0.2431,264,42,31,"[1, 2, 3]",1.7069,1.666653,0.00604,0.042782,1.616855,0.001007,0.042782,0.067369,0.053763,5252.874427516348,5923.8010848558115,12.772562272285072,53.77864376269049,318.6213595499958,31,6,1,24,19.35,3.23,77.42,0,0.0,240,0,1,11.67,20,18.87,False,True,False,UNKNOWN
p20,0.2,0.25,0.2947,375,42,24,"[1, 2, 3]",1.3409,1.301251,0.001558,0.006325,1.292159,0.000779,0.006325,0.061531,0.054219,5252.874427516348,5816.721104123741,10.73405969222815,2.3999999999999986,300.7841736048549,24,2,1,21,8.33,4.17,87.5,0,0.0,240,0,1,6.67,20,17.64,False,True,False,UNKNOWN
p20,0.2,0.25,0.3883,486,42,29,"[1, 2, 3]",1.3821,1.34216,0.005253,0.0,1.336019,0.000876,0.0,0.058088,0.046281,5252.874427516348,5889.763516421496,12.124582410896895,16.63145750507619,289.80830114002384,29,6,0,23,20.69,0.0,79.31,0,0.0,240,0,4,7.92,20,19.63,False,True,False,UNKNOWN
p20,0.2,0.5,0.5179,42,42,21,"[1, 2, 3]",0.8728,0.832218,0.0045,0.046201,0.779933,0.0009,0.0154,0.059995,0.039629,5252.874427516348,5788.25480569164,10.19214118979862,19.719925093649387,325.91088256096555,21,5,3,13,23.81,14.29,61.9,0,0.0,240,0,2,11.67,15,20.78,False,True,False,UNKNOWN
p20,0.2,0.5,0.2904,153,42,25,"[1, 2, 3]",1.5514,1.516338,0.002009,0.0106,1.502253,0.00067,0.0106,0.071536,0.060654,5252.874427516348,5838.89044153488,11.156101713545253,26.262915010152398,285.7227766016838,25,3,1,21,12.0,4.0,84.0,0,0.0,240,0,1,5.0,19,18.88,False,True,False,UNKNOWN
p20,0.2,0.5,0.7359,264,42,24,"[1, 2, 3]",0.7737,0.738361,0.001446,0.04728,0.68862,0.000723,0.01576,0.036243,0.030765,5252.874427516348,5815.777678806655,10.716099519562613,273.0539207925159,289.80830114002384,24,2,3,19,8.33,12.5,79.17,0,0.0,240,0,2,4.17,19,23.26,False,True,False,UNKNOWN
p20,0.2,0.5,0.4899,375,42,26,"[1, 2, 3]",0.8999,0.862823,0.002391,0.017856,0.841726,0.000478,0.008928,0.044301,0.033186,5252.874427516348,5745.447735869245,9.377214611730098,20.008899584369587,289.80830114002384,26,5,2,19,19.23,7.69,73.08,0,0.0,240,0,6,7.22,16,20.04,False,True,False,UNKNOWN
p20,0.2,0.5,0.7665,486,42,23,"[1, 2, 3]",0.678,0.644812,0.003415,0.0,0.640448,0.000683,0.0,0.03558,0.028035,5252.874427516348,5797.502064252498,10.368183063413898,286.0040625832866,303.665988620107,23,5,0,18,21.74,0.0,78.26,0,0.0,240,0,2,5.0,20,24.97,False,True,False,UNKNOWN
p20,0.2,0.75,0.8062,42,42,24,"[1, 2, 3]",0.6112,0.577309,0.001043,0.0,0.575632,0.000521,0.0,0.026165,0.024055,5252.874427516348,6018.857908086,14.582177646531374,168.11042397386586,375.3500641845432,24,2,0,22,8.33,0.0,91.67,0,0.0,240,0,5,10.33,19,26.91,False,True,False,UNKNOWN
p20,0.2,0.75,0.8985,153,42,21,"[1, 2, 3]",0.4215,0.388533,0.001547,0.011288,0.374905,0.000309,0.011288,0.024994,0.018502,5252.874427516348,5962.468217566177,13.50867605615575,194.00479648909445,396.5477682344985,21,5,1,15,23.81,4.76,71.43,0,0.0,240,0,2,4.17,19,30.61,False,True,False,UNKNOWN
p20,0.2,0.75,0.5921,264,42,23,"[1, 2, 3]",0.6849,0.652474,0.0,0.005051,0.646687,0.0,0.005051,0.029395,0.028368,5252.874427516348,5883.060582612488,11.99697734625085,50.40046941441173,353.83768583154614,23,0,1,22,0.0,4.35,95.65,0,0.0,240,0,2,6.67,19,20.7,False,True,False,UNKNOWN
p20,0.2,0.75,0.7617,375,42,19,"[1, 2, 3]",0.4591,0.424896,0.000511,0.002759,0.420775,0.000511,0.002759,0.024751,0.022363,5252.874427516348,5742.430729617478,9.319779272404979,214.51756970847617,353.78092928811515,19,1,1,17,5.26,5.26,89.47,0,0.0,240,0,3,16.11,20,21.47,False,True,False,UNKNOWN
p20,0.2,0.75,0.7571,486,42,27,"[1, 2, 3]",0.5897,0.555974,0.001345,0.0,0.554085,0.000269,0.0,0.025186,0.020592,5252.874427516348,5828.852300536748,10.96500365596465,230.53053326356311,353.25450699374466,27,5,0,22,18.52,0.0,81.48,0,0.0,240,0,1,13.33,22,20.52,False,True,False,UNKNOWN
p20,0.4,0.25,0.3884,42,84,51,"[1, 2, 3]",1.4158,1.38228,0.003344,0.028256,1.349088,0.000557,0.007064,0.032905,0.027104,5252.874427516348,6415.320023801198,22.129704646956018,232.357287525381,344.5672987061327,51,6,4,41,11.76,7.84,80.39,0,0.0,240,0,1,18.33,25,29.77,False,True,False,UNKNOWN
p20,0.4,0.25,0.2564,153,84,57,"[1, 2, 3]",1.7377,1.712052,0.007488,0.018749,1.684305,0.000681,0.009375,0.03828,0.030036,5252.874427516348,6375.664151441613,21.37476803259773,17.000000000000014,332.69349288745315,57,11,2,44,19.3,3.51,77.19,0,0.0,240,0,4,8.75,27,21.82,False,True,False,UNKNOWN
p20,0.4,0.25,0.2157,264,84,56,"[1, 2, 3]",1.7864,1.752218,0.002761,0.010708,1.737496,0.00069,0.010708,0.034069,0.03129,5252.874427516348,6532.215691901712,24.355070391245935,64.61010126776668,310.9820393249937,56,4,1,51,7.14,1.79,91.07,0,0.0,240,0,2,8.33,23,30.93,False,True,False,UNKNOWN
p20,0.4,0.25,0.1964,375,84,53,"[1, 2, 3]",1.8188,1.79519,0.001114,0.026439,1.766294,0.001114,0.008813,0.036047,0.033872,5252.874427516348,6278.126467689012,19.51792403035649,14.231457505076193,304.515175227473,53,1,3,49,1.89,5.66,92.45,0,0.0,240,0,1,18.33,26,20.74,False,True,False,UNKNOWN
p20,0.4,0.25,0.3388,486,84,59,"[1, 2, 3]",1.8075,1.773406,0.005232,0.026156,1.740873,0.000654,0.013078,0.035528,0.030058,5252.874427516348,6539.319656127887,24.490309950542514,52.54718625761429,337.85043676375483,59,8,2,49,13.56,3.39,83.05,0,0.0,240,0,4,7.08,26,26.78,False,True,False,UNKNOWN
p20,0.4,0.5,0.3865,42,84,54,"[1, 2, 3]",1.328,1.294364,0.005277,0.016463,1.271409,0.00048,0.005488,0.031785,0.02397,5252.874427516348,6264.543495391966,19.259342324578522,40.86291501015241,343.2247724777369,54,11,3,40,20.37,5.56,74.07,0,0.0,240,0,2,9.17,24,22.3,False,True,False,UNKNOWN
p20,0.4,0.5,0.377,153,84,47,"[1, 2, 3]",1.4819,1.446975,0.001469,0.046092,1.397914,0.000367,0.015364,0.034948,0.030787,5252.874427516348,6142.719412978858,16.940153391088085,26.262915010152398,302.2068487304474,47,4,3,40,8.51,6.38,85.11,0,0.0,240,0,1,5.0,22,21.58,False,True,False,UNKNOWN
p20,0.4,0.5,0.7025,264,84,49,"[1, 2, 3]",1.4216,1.392505,0.000745,0.047278,1.342932,0.000372,0.011819,0.031231,0.028418,5252.874427516348,6186.300683014734,17.76981857035799,318.85862403577426,392.8017980965641,49,2,4,43,4.08,8.16,87.76,0,0.0,240,0,4,17.5,22,30.26,False,True,False,UNKNOWN
p20,0.4,0.5,0.417,375,84,56,"[1, 2, 3]",1.6326,1.596485,0.004017,0.012653,1.578672,0.000502,0.006326,0.034319,0.028509,5252.874427516348,6318.358016598823,20.283819912029664,75.70327209959818,319.14674911902387,56,8,2,46,14.29,3.57,82.14,0,0.0,240,0,5,9.33,24,26.64,False,True,False,UNKNOWN
p20,0.4,0.5,0.5921,486,84,53,"[1, 2, 3]",1.4523,1.417378,0.001855,0.032186,1.382148,0.000371,0.010729,0.030714,0.026743,5252.874427516348,6482.385139926589,23.406436406886943,226.4806750543338,357.06986190400477,53,5,3,45,9.43,5.66,84.91,0,0.0,240,0,5,9.33,25,30.93,False,True,False,UNKNOWN
p20,0.4,0.75,0.6922,42,84,45,"[1, 2, 3]",1.073,1.037057,0.006266,0.019563,1.009849,0.000783,0.009781,0.028853,0.023046,5252.874427516348,6425.121719962509,22.316301457836676,202.14188147894208,375.3500641845432,45,8,2,35,17.78,4.44,77.78,0,0.0,240,0,5,11.0,23,31.23,False,True,False,UNKNOWN
p20,0.4,0.75,0.9019,153,84,34,"[1, 2, 3]",0.7878,0.75372,0.001733,0.012775,0.737403,0.000347,0.006388,0.027311,0.022168,5252.874427516348,6277.182330835249,19.49995031202776,287.14902721355236,406.13644204275505,34,5,2,27,14.71,5.88,79.41,0,0.0,240,0,5,10.0,27,27.39,False,True,False,UNKNOWN
p20,0.4,0.75,0.7153,264,84,45,"[1, 2, 3]",1.2884,1.2534,0.000494,0.005049,1.246482,0.000494,0.005049,0.028988,0.027853,5252.874427516348,6435.968008844221,22.522784385067823,169.96541571620745,444.86940933423296,45,1,1,43,2.22,2.22,95.56,0,0.0,240,0,4,6.67,25,28.74,False,True,False,UNKNOWN
p20,0.4,0.75,0.5739,375,84,40,"[1, 2, 3]",1.1691,1.134723,0.000738,0.016743,1.115512,0.000369,0.016743,0.030149,0.028368,5252.874427516348,6221.286589680173,18.435852132519138,91.62020253553337,341.0311579298842,40,2,1,37,5.0,2.5,92.5,0,0.0,240,0,2,15.0,24,23.11,False,True,False,UNKNOWN
p20,0.4,0.75,0.7312,486,84,47,"[1, 2, 3]",0.9904,0.956735,0.002308,0.019313,0.9338,0.000256,0.009656,0.025939,0.020356,5252.874427516348,6222.105572448844,18.451443268000713,219.32153904592664,353.25450699374466,47,9,2,36,19.15,4.26,76.6,0,0.0,240,0,3,8.33,25,24.88,False,True,False,UNKNOWN
p21,0.05,0.25,0.2676,42,16,12,"[1, 2, 3]",0.0669,0.029449,0.006881,0.022373,0.0,0.000765,0.007458,0.0,0.002454,6177.3001410241095,6403.192824379336,3.6568189694240276,0.0,276.4879599007734,12,9,3,0,75.0,25.0,0.0,0,0.0,360,0,0,0.0,0,0.0,True,True,True,UNKNOWN
p21,0.05,0.25,0.0739,153,16,16,"[1, 2, 3]",0.0524,0.015541,0.015541,0.0,0.0,0.000971,0.0,0.0,0.000971,6177.3001410241095,6339.860068456527,2.6315691923861664,0.0,269.8487822239771,16,16,0,0,100.0,0.0,0.0,0,0.0,360,0,0,0.0,0,0.0,True,True,True,UNKNOWN
p21,0.05,0.25,0.2196,264,16,13,"[1, 2, 3]",0.1062,0.068687,0.006777,0.010628,0.051116,0.000616,0.010628,0.051116,0.005284,6177.3001410241095,6334.262116120429,2.5409478495940006,42.9157287525381,244.40364694295053,13,11,1,1,84.62,7.69,7.69,0,0.0,360,0,0,0.0,0,0.0,True,True,True,UNKNOWN
p21,0.05,0.25,0.2803,375,16,15,"[1, 2, 3]",0.0519,0.008893,0.008846,0.0,0.0,0.00059,0.0,0.0,0.000593,6177.3001410241095,6439.488731164439,4.244388068488155,18.80000000000001,247.91027686975517,15,15,0,0,100.0,0.0,0.0,0,0.0,360,0,0,0.0,0,0.0,True,True,True,UNKNOWN
p21,0.05,0.25,0.4427,486,16,10,"[1, 2, 3]",0.0642,0.023395,0.003102,0.019997,0.0,0.000443,0.006666,0.0,0.00234,6177.3001410241095,6375.3157545471195,3.205536545131863,0.0,218.99494936611666,10,7,3,0,70.0,30.0,0.0,0,0.0,360,0,0,0.0,0,0.0,True,True,True,UNKNOWN
p21,0.05,0.5,0.7467,42,16,9,"[1, 2, 3]",0.0548,0.01566,0.001189,0.014148,0.0,0.000238,0.003537,0.0,0.00174,6177.3001410241095,6415.256107130472,3.852103033266447,218.93593128807152,270.85046212075656,9,5,4,0,55.56,44.44,0.0,0,0.0,360,0,0,0.0,0,0.0,True,True,True,UNKNOWN
p21,0.05,0.5,0.1376,153,16,14,"[1, 2, 3]",0.0657,0.012923,0.012763,0.0,0.0,0.000912,0.0,0.0,0.000923,6177.3001410241095,6317.294858774224,2.266276764186907,8.0,233.33473336821845,14,14,0,0,100.0,0.0,0.0,0,0.0,360,0,0,0.0,0,0.0,True,True,True,UNKNOWN
p21,0.05,0.5,0.6144,264,16,8,"[1, 2, 3]",0.0425,0.006203,0.002247,0.003561,0.0,0.000321,0.003561,0.0,0.000775,6177.3001410241095,6310.232070534868,2.151942215466329,72.37864376269052,232.6524124934861,8,7,1,0,87.5,12.5,0.0,0,0.0,360,0,0,0.0,0,0.0,True,True,True,UNKNOWN
p21,0.05,0.5,0.4257,375,16,8,"[1, 2, 3]",0.051,0.009224,0.002438,0.006421,0.0,0.000348,0.006421,0.0,0.001153,6177.3001410241095,6390.392349060967,3.449601009698221,0.0,255.56349186104046,8,7,1,0,87.5,12.5,0.0,0,0.0,360,0,0,0.0,0,0.0,True,True,True,UNKNOWN
p21,0.05,0.5,0.711,486,16,10,"[1, 2, 3]",0.0422,0.002983,0.002723,0.0,0.0,0.000272,0.0,0.0,0.000298,6177.3001410241095,6365.782060649942,3.051202229499967,0.0,210.71067811865476,10,10,0,0,100.0,0.0,0.0,0,0.0,360,0,0,0.0,0,0.0,True,True,True,UNKNOWN
p21,0.05,0.75,0.9647,42,16,8,"[1, 2, 3]",0.0496,0.009302,0.001189,0.007715,0.0,0.000238,0.002572,0.0,0.001163,6177.3001410241095,6431.222684570732,4.110574810187636,285.5359312880714,268.13395426414274,8,5,3,0,62.5,37.5,0.0,0,0.0,360,0,0,0.0,0,0.0,True,True,True,UNKNOWN
p21,0.05,0.75,0.7753,153,16,11,"[1, 2, 3]",0.0627,0.022788,0.003135,0.019443,0.0,0.000392,0.006481,0.0,0.002072,6177.3001410241095,6425.69709960858,4.0211249722972005,167.15728752538098,354.08547648108845,11,8,3,0,72.73,27.27,0.0,0,0.0,360,0,0,0.0,0,0.0,True,True,True,UNKNOWN
p21,0.05,0.75,0.9307,264,16,6,"[1, 2, 3]",0.0337,0.006984,0.001148,0.005418,0.0,0.000287,0.002709,0.0,0.001164,6177.3001410241095,6327.827359063027,2.436780059289173,97.0943725152286,274.9847350245616,6,4,2,0,66.67,33.33,0.0,0,0.0,360,0,0,0.0,0,0.0,True,True,True,UNKNOWN
p21,0.05,0.75,0.7254,375,16,13,"[1, 2, 3]",0.1302,0.097782,0.00333,0.003716,0.090491,0.000333,0.003716,0.045245,0.007522,6177.3001410241095,6458.099149516702,4.545659140435417,77.7471862576143,286.4222328045784,13,10,1,2,76.92,7.69,15.38,0,0.0,360,0,0,0.0,0,0.0,True,True,True,UNKNOWN
p21,0.05,0.75,0.833,486,16,11,"[1, 2, 3]",0.0457,0.005626,0.005224,0.0,0.0,0.000475,0.0,0.0,0.000511,6177.3001410241095,6422.152954766495,3.9637512853923322,0.0,255.56349186104046,11,11,0,0,100.0,0.0,0.0,0,0.0,360,0,0,0.0,0,0.0,True,True,True,UNKNOWN
p21,0.1,0.25,0.2692,42,32,22,"[1, 2, 3]",0.1084,0.067754,0.014041,0.052989,0.0,0.000826,0.010598,0.0,0.00308,6177.3001410241095,6658.8079681627,7.79479410334695,38.23145750507621,310.3126786466034,22,17,5,0,77.27,22.73,0.0,0,0.0,360,0,0,0.0,0,0.0,True,True,True,UNKNOWN
p21,0.1,0.25,0.2517,153,32,29,"[1, 2, 3]",0.1036,0.063969,0.021223,0.04259,0.0,0.000849,0.010648,0.0,0.002206,6177.3001410241095,6712.820196507729,8.669160365499701,8.03616074833451,269.8487822239771,29,25,4,0,86.21,13.79,0.0,0,0.0,360,0,0,0.0,0,0.0,True,True,True,UNKNOWN
p21,0.1,0.25,0.1294,264,32,26,"[1, 2, 3]",0.1527,0.114287,0.030561,0.014054,0.068932,0.001273,0.014054,0.068932,0.004396,6177.3001410241095,6465.672855935572,4.6682645869244555,42.9157287525381,244.40364694295053,26,24,1,1,92.31,3.85,3.85,0,0.0,360,0,0,0.0,0,0.0,True,True,True,UNKNOWN
p21,0.1,0.25,0.3232,375,32,31,"[1, 2, 3]",0.1322,0.094113,0.021261,0.015779,0.057003,0.000759,0.00789,0.057003,0.003036,6177.3001410241095,6779.064197667699,9.74153825952555,81.6629150101524,270.6524124934861,31,28,2,1,90.32,6.45,3.23,0,0.0,360,0,0,0.0,0,0.0,True,True,True,UNKNOWN
p21,0.1,0.25,0.4405,486,32,18,"[1, 2, 3]",0.0994,0.056312,0.005627,0.04998,0.0,0.000469,0.00833,0.0,0.003128,6177.3001410241095,6484.299733378123,4.969802103595333,20.347186257614297,224.8528137423857,18,12,6,0,66.67,33.33,0.0,0,0.0,360,0,0,0.0,0,0.0,True,True,True,UNKNOWN
p21,0.1,0.5,0.7043,42,32,19,"[1, 2, 3]",0.0588,0.022637,0.005139,0.016908,0.0,0.000367,0.003382,0.0,0.001191,6177.3001410241095,6637.197841505303,7.444962847554767,218.93593128807152,248.46349186104047,19,14,5,0,73.68,26.32,0.0,0,0.0,360,0,0,0.0,0,0.0,True,True,True,UNKNOWN
p21,0.1,0.5,0.2061,153,32,25,"[1, 2, 3]",0.0603,0.019632,0.019251,0.0,0.0,0.00077,0.0,0.0,0.000785,6177.3001410241095,6499.225509637103,5.211425076710333,8.0,293.4347449094881,25,25,0,0,100.0,0.0,0.0,0,0.0,360,0,0,0.0,0,0.0,True,True,True,UNKNOWN
p21,0.1,0.5,0.3534,264,32,21,"[1, 2, 3]",0.0543,0.015303,0.011954,0.002835,0.0,0.000598,0.002835,0.0,0.000729,6177.3001410241095,6447.632128918672,4.376215850339838,76.7786437626905,236.4755903440695,21,20,1,0,95.24,4.76,0.0,0,0.0,360,0,0,0.0,0,0.0,True,True,True,UNKNOWN
p21,0.1,0.5,0.496,375,32,20,"[1, 2, 3]",0.0666,0.02578,0.006055,0.019144,0.0,0.000356,0.006381,0.0,0.001289,6177.3001410241095,6552.654818377563,6.076354860284075,28.515728752538095,286.66309392482714,20,17,3,0,85.0,15.0,0.0,0,0.0,360,0,0,0.0,0,0.0,True,True,True,UNKNOWN
p21,0.1,0.5,0.7309,486,32,18,"[1, 2, 3]",0.0443,0.005313,0.004725,0.0,0.0,0.000262,0.0,0.0,0.000295,6177.3001410241095,6496.772255785871,5.17171106257429,38.77864376269048,260.4795170172731,18,18,0,0,100.0,0.0,0.0,0,0.0,360,0,0,0.0,0,0.0,True,True,True,UNKNOWN
p21,0.1,0.75,0.9754,42,32,17,"[1, 2, 3]",0.061,0.020271,0.003276,0.016272,0.0,0.000273,0.003254,0.0,0.001192,6177.3001410241095,6567.857421251636,6.3224591862356485,285.5359312880714,268.13395426414274,17,12,5,0,70.59,29.41,0.0,0,0.0,360,0,0,0.0,0,0.0,True,True,True,UNKNOWN
p21,0.1,0.75,0.8846,153,32,20,"[1, 2, 3]",0.071,0.031561,0.005274,0.025678,0.0,0.00033,0.00642,0.0,0.001578,6177.3001410241095,6595.625175490499,6.7719719766933135,273.85166004060954,354.08547648108845,20,16,4,0,80.0,20.0,0.0,0,0.0,360,0,0,0.0,0,0.0,True,True,True,UNKNOWN
p21,0.1,0.75,0.6174,264,32,14,"[1, 2, 3]",0.0565,0.018282,0.005132,0.012277,0.0,0.000467,0.004092,0.0,0.001306,6177.3001410241095,6463.604128341944,4.63477539995926,123.0943725152286,276.98873306119265,14,11,3,0,78.57,21.43,0.0,0,0.0,360,0,0,0.0,0,0.0,True,True,True,UNKNOWN
p21,0.1,0.75,0.8026,375,32,20,"[1, 2, 3]",0.1457,0.105852,0.004306,0.017442,0.083567,0.000331,0.003488,0.041784,0.005293,6177.3001410241095,6668.495088985697,7.9516121403833,211.84155877284292,335.32114441924807,20,13,5,2,65.0,25.0,10.0,0,0.0,360,0,0,0.0,0,0.0,True,True,True,UNKNOWN
p21,0.1,0.75,0.7903,486,32,19,"[1, 2, 3]",0.0452,0.005647,0.00504,0.0,0.0,0.000265,0.0,0.0,0.000297,6177.3001410241095,6553.143149902423,6.0842601184666405,37.978643762690496,259.6795170172731,19,19,0,0,100.0,0.0,0.0,0,0.0,360,0,0,0.0,0,0.0,True,True,True,UNKNOWN
p21,0.2,0.25,0.2774,42,64,48,"[1, 2, 3]",0.1128,0.07324,0.027548,0.044785,0.0,0.000656,0.007464,0.0,0.001526,6177.3001410241095,7096.883418120041,14.886491769905765,69.1258300203048,332.18714502999313,48,42,6,0,87.5,12.5,0.0,0,0.0,360,0,0,0.0,0,0.0,True,True,True,UNKNOWN
p21,0.2,0.25,0.3511,153,64,47,"[1, 2, 3]",0.1376,0.097742,0.029146,0.067759,0.0,0.000729,0.00968,0.0,0.00208,6177.3001410241095,6893.44080779933,11.593101361859597,67.84155877284289,391.045151954468,47,40,7,0,85.11,14.89,0.0,0,0.0,360,0,0,0.0,0,0.0,True,True,True,UNKNOWN
p21,0.2,0.25,0.1567,264,64,50,"[1, 2, 3]",0.1673,0.127639,0.038977,0.036233,0.051631,0.000866,0.009058,0.051631,0.002553,6177.3001410241095,6836.925381493607,10.678212575245555,42.9157287525381,276.4879599007734,50,45,4,1,90.0,8.0,2.0,0,0.0,360,0,0,0.0,0,0.0,True,True,True,UNKNOWN
p21,0.2,0.25,0.2405,375,64,55,"[1, 2, 3]",0.1583,0.118576,0.03325,0.037049,0.047788,0.000679,0.00741,0.047788,0.002156,6177.3001410241095,7135.732397538316,15.515390779689586,110.35165672792328,330.5618150554645,55,49,5,1,89.09,9.09,1.82,0,0.0,360,0,0,0.0,0,0.0,True,True,True,UNKNOWN
p21,0.2,0.25,0.3737,486,64,46,"[1, 2, 3]",0.1764,0.135856,0.017687,0.066453,0.050829,0.000491,0.007384,0.050829,0.002953,6177.3001410241095,7046.955409384161,14.078242088069798,73.22020253553337,332.38347206234897,46,36,9,1,78.26,19.57,2.17,0,0.0,360,0,0,0.0,0,0.0,True,True,True,UNKNOWN
p21,0.2,0.5,0.5354,42,64,42,"[1, 2, 3]",0.0834,0.041658,0.021579,0.019084,0.0,0.000583,0.003817,0.0,0.000992,6177.3001410241095,6940.846446193034,12.360518150933487,229.05166004060962,297.3548142703343,42,37,5,0,88.1,11.9,0.0,0,0.0,360,0,0,0.0,0,0.0,True,True,True,UNKNOWN
p21,0.2,0.5,0.4637,153,64,42,"[1, 2, 3]",0.0738,0.033165,0.02495,0.007225,0.0,0.000624,0.003613,0.0,0.00079,6177.3001410241095,6845.93214594902,10.82401679796088,84.01010126776669,335.12056425567374,42,40,2,0,95.24,4.76,0.0,0,0.0,360,0,0,0.0,0,0.0,True,True,True,UNKNOWN
p21,0.2,0.5,0.3792,264,64,42,"[1, 2, 3]",0.0944,0.054304,0.025598,0.027684,0.0,0.00064,0.013842,0.0,0.001293,6177.3001410241095,6844.8465545157815,10.806442916030985,95.157287525381,410.68505234304445,42,40,2,0,95.24,4.76,0.0,0,0.0,360,0,0,0.0,0,0.0,True,True,True,UNKNOWN
p21,0.2,0.5,0.4694,375,64,42,"[1, 2, 3]",0.184,0.145272,0.013668,0.077165,0.053412,0.000427,0.008574,0.053412,0.003459,6177.3001410241095,6946.45754614282,12.45135233126612,100.41010126776669,313.1857541400363,42,32,9,1,76.19,21.43,2.38,0,0.0,360,0,0,0.0,0,0.0,True,True,True,UNKNOWN
p21,0.2,0.5,0.735,486,64,34,"[1, 2, 3]",0.116,0.074942,0.00857,0.02323,0.041866,0.00033,0.003319,0.041866,0.002204,6177.3001410241095,6867.562937789125,11.174182587970854,451.45050633883346,307.12056425567374,34,26,7,1,76.47,20.59,2.94,0,0.0,360,0,0,0.0,0,0.0,True,True,True,UNKNOWN
p21,0.2,0.75,0.8266,42,64,36,"[1, 2, 3]",0.1362,0.094601,0.007371,0.037051,0.048971,0.000283,0.004117,0.048971,0.002628,6177.3001410241095,6919.557757949603,12.015890437249139,298.4831175456858,281.6079211037283,36,26,9,1,72.22,25.0,2.78,0,0.0,360,0,0,0.0,0,0.0,True,True,True,UNKNOWN
p21,0.2,0.75,0.9393,153,64,39,"[1, 2, 3]",0.0921,0.052674,0.008276,0.043365,0.0,0.000296,0.003942,0.0,0.001351,6177.3001410241095,6933.670139483344,12.244345930936738,482.7246763185286,354.08547648108845,39,28,11,0,71.79,28.21,0.0,0,0.0,360,0,0,0.0,0,0.0,True,True,True,UNKNOWN
p21,0.2,0.75,0.6646,264,64,32,"[1, 2, 3]",0.0882,0.048919,0.013822,0.033628,0.0,0.000553,0.004804,0.0,0.001529,6177.3001410241095,6745.947060473984,9.205428042478124,299.5044737829953,354.12056425567374,32,25,7,0,78.12,21.88,0.0,0,0.0,360,0,0,0.0,0,0.0,True,True,True,UNKNOWN
p21,0.2,0.75,0.7073,375,64,41,"[1, 2, 3]",0.1487,0.10728,0.0086,0.054343,0.043282,0.000319,0.00418,0.043282,0.002617,6177.3001410241095,7026.0275117818,13.739454962228587,491.47656581940134,323.2862216201915,41,27,13,1,65.85,31.71,2.44,0,0.0,360,0,0,0.0,0,0.0,True,True,True,UNKNOWN
p21,0.2,0.75,0.7759,486,64,37,"[1, 2, 3]",0.0625,0.022741,0.011379,0.010221,0.0,0.000335,0.003407,0.0,0.000615,6177.3001410241095,6930.281785456777,12.189494232796552,343.987591328681,304.5205642556737,37,34,3,0,91.89,8.11,0.0,0,0.0,360,0,0,0.0,0,0.0,True,True,True,UNKNOWN
p21,0.4,0.25,0.2376,42,129,104,"[1, 2, 3]",0.2736,0.233008,0.070608,0.161004,0.0,0.000776,0.012385,0.0,0.00224,6177.3001410241095,7868.043239829456,27.370259825598257,212.5887450304572,433.7826538788825,104,91,13,0,87.5,12.5,0.0,0,0.0,360,0,0,0.0,0,0.0,True,True,True,UNKNOWN
p21,0.4,0.25,0.3452,153,129,95,"[1, 2, 3]",0.2129,0.172678,0.054859,0.068964,0.047182,0.000631,0.009852,0.047182,0.001818,6177.3001410241095,7571.6611550358175,22.572337140486468,126.42020253553338,292.6584445398434,95,87,7,1,91.58,7.37,1.05,0,0.0,360,0,0,0.0,0,0.0,True,True,True,UNKNOWN
p21,0.4,0.25,0.2159,264,129,98,"[1, 2, 3]",0.2225,0.180305,0.071093,0.053862,0.05373,0.00079,0.007695,0.05373,0.00184,6177.3001410241095,7457.1760374273135,20.719017486351547,103.49437251522859,295.8862684627243,98,90,7,1,91.84,7.14,1.02,0,0.0,360,0,0,0.0,0,0.0,True,True,True,UNKNOWN
p21,0.4,0.25,0.2605,375,129,101,"[1, 2, 3]",0.2157,0.173436,0.060432,0.051688,0.059872,0.00065,0.007384,0.059872,0.001717,6177.3001410241095,7848.228081236273,27.049486054843815,158.35165672792328,330.5618150554645,101,93,7,1,92.08,6.93,0.99,0,0.0,360,0,0,0.0,0,0.0,True,True,True,UNKNOWN
p21,0.4,0.25,0.3119,486,129,98,"[1, 2, 3]",0.2829,0.240062,0.055237,0.130297,0.052842,0.000682,0.008144,0.052842,0.00245,6177.3001410241095,7836.528418448299,26.86008838076488,188.07186257614296,361.5633870158354,98,81,16,1,82.65,16.33,1.02,0,0.0,360,0,0,0.0,0,0.0,True,True,True,UNKNOWN
p21,0.4,0.5,0.4622,42,129,88,"[1, 2, 3]",0.1582,0.11597,0.047854,0.066166,0.0,0.000621,0.006015,0.0,0.001318,6177.3001410241095,7814.025585438425,26.495805724974364,244.5673887931477,428.5616155577806,88,77,11,0,87.5,12.5,0.0,0,0.0,360,0,0,0.0,0,0.0,True,True,True,UNKNOWN
p21,0.4,0.5,0.3712,153,129,88,"[1, 2, 3]",0.1275,0.086023,0.057638,0.026433,0.0,0.000694,0.005287,0.0,0.000978,6177.3001410241095,7481.92561911002,21.11967118809322,77.2831175456858,321.61900461568035,88,83,5,0,94.32,5.68,0.0,0,0.0,360,0,0,0.0,0,0.0,True,True,True,UNKNOWN
p21,0.4,0.5,0.5223,264,129,68,"[1, 2, 3]",0.2667,0.234054,0.043148,0.067498,0.120243,0.000744,0.008437,0.060122,0.003442,6177.3001410241095,7394.134956705729,19.69848943554627,230.15613382360485,478.61625914202347,68,58,8,2,85.29,11.76,2.94,0,0.0,360,0,0,0.0,0,0.0,True,True,True,UNKNOWN
p21,0.4,0.5,0.3943,375,129,95,"[1, 2, 3]",0.2433,0.205441,0.057779,0.092936,0.05306,0.000688,0.009294,0.05306,0.002163,6177.3001410241095,7623.565917753065,23.4125871126797,151.15728752538104,347.99724712947125,95,84,10,1,88.42,10.53,1.05,0,0.0,360,0,0,0.0,0,0.0,True,True,True,UNKNOWN
p21,0.4,0.5,0.6138,486,129,72,"[1, 2, 3]",0.1703,0.143197,0.030046,0.066445,0.044116,0.000537,0.00443,0.044116,0.001989,6177.3001410241095,7524.187478440084,21.8038189284531,610.9965388946716,307.12056425567374,72,56,15,1,77.78,20.83,1.39,0,0.0,360,0,0,0.0,0,0.0,True,True,True,UNKNOWN
p21,0.4,0.75,0.6332,42,129,86,"[1, 2, 3]",0.22,0.178149,0.037468,0.088142,0.050706,0.000543,0.005509,0.050706,0.002071,6177.3001410241095,7754.744365643054,25.536143438182147,398.5561338236048,465.5735560409232,86,69,16,1,80.23,18.6,1.16,0,0.0,360,0,0,0.0,0,0.0,True,True,True,UNKNOWN
p21,0.4,0.75,0.9297,153,129,68,"[1, 2, 3]",0.1191,0.079933,0.014966,0.062379,0.0,0.000293,0.003669,0.0,0.001175,6177.3001410241095,7561.956681833448,22.415238197893064,797.2920651116763,354.08547648108845,68,51,17,0,75.0,25.0,0.0,0,0.0,360,0,0,0.0,0,0.0,True,True,True,UNKNOWN
p21,0.4,0.75,0.6192,264,129,67,"[1, 2, 3]",0.1704,0.1302,0.028704,0.05157,0.047139,0.000513,0.005157,0.047139,0.001943,6177.3001410241095,7349.532138356877,18.976445543706866,371.1460325558382,367.18626846272423,67,56,10,1,83.58,14.93,1.49,0,0.0,360,0,0,0.0,0,0.0,True,True,True,UNKNOWN
p21,0.4,0.75,0.7758,375,129,71,"[1, 2, 3]",0.2619,0.220298,0.015364,0.067464,0.134971,0.000301,0.003968,0.04499,0.003103,6177.3001410241095,7878.276524381216,27.53591932599715,818.9383271277776,398.5459825109155,71,51,17,3,71.83,23.94,4.23,0,0.0,360,0,1,1.67,0,0.0,False,True,False,UNKNOWN
p21,0.4,0.75,0.7445,486,129,72,"[1, 2, 3]",0.1181,0.088565,0.022267,0.063854,0.0,0.000398,0.003991,0.0,0.00123,6177.3001410241095,7597.3326764492485,22.987915480980945,1005.016741430205,386.290784530078,72,56,16,0,77.78,22.22,0.0,0,0.0,360,0,0,0.0,0,0.0,True,True,True,UNKNOWN
p22,0.05,0.25,0.2676,42,16,12,"[1, 2, 3]",0.2476,0.208362,0.001943,0.024276,0.181846,0.000324,0.008092,0.060615,0.017363,6867.938240032528,7101.299339800293,3.3978334051917733,0.0,331.3101755563365,12,6,3,3,50.0,25.0,25.0,0,0.0,360,0,0,0.0,9,20.31,False,True,False,UNKNOWN
p22,0.05,0.25,0.0739,153,16,13,"[1, 2, 3]",0.5781,0.538242,0.002952,0.0,0.535023,0.000738,0.0,0.059447,0.041403,6867.938240032528,7181.509668893063,4.565728722380734,0.0,301.8027766135103,13,4,0,9,30.77,0.0,69.23,0,0.0,360,0,3,5.0,14,14.95,False,True,False,UNKNOWN
p22,0.05,0.25,0.2196,264,16,10,"[1, 2, 3]",0.5009,0.453885,0.000725,0.01201,0.440772,0.000725,0.01201,0.055096,0.045388,6867.938240032528,7189.180138755002,4.67741391222751,54.6314575050762,331.3101755563365,10,1,1,8,10.0,10.0,80.0,0,0.0,360,0,1,11.67,12,20.93,False,True,False,UNKNOWN
p22,0.05,0.25,0.2803,375,16,11,"[1, 2, 3]",0.3998,0.359234,0.003021,0.011913,0.344007,0.000755,0.011913,0.057335,0.032658,6867.938240032528,7288.868880607078,6.128922914900245,26.031457505076204,331.3101755563365,11,4,1,6,36.36,9.09,54.55,0,0.0,360,0,0,0.0,15,18.28,False,True,False,UNKNOWN
p22,0.05,0.25,0.4227,486,16,8,"[1, 2, 3]",0.1167,0.073915,0.004122,0.019382,0.049998,0.000687,0.019382,0.049998,0.009239,6867.938240032528,7024.238521799683,2.2757962623498433,0.0,331.3101755563365,8,6,1,1,75.0,12.5,12.5,0,0.0,360,0,0,0.0,10,18.27,False,True,False,UNKNOWN
p22,0.05,0.5,0.7467,42,16,11,"[1, 2, 3]",0.2231,0.184072,0.001397,0.004666,0.177754,0.000279,0.002333,0.044439,0.016734,6867.938240032528,7126.114335786709,3.759149933080328,9.595006481866932,331.3101755563365,11,5,2,4,45.45,18.18,36.36,0,0.0,360,0,0,0.0,12,17.54,False,True,False,UNKNOWN
p22,0.05,0.5,0.1376,153,16,13,"[1, 2, 3]",0.6479,0.608139,0.000614,0.026636,0.580683,0.000614,0.013318,0.058068,0.04678,6867.938240032528,7181.994341389424,4.572785752881338,8.0,321.20277661351025,13,1,2,10,7.69,15.38,76.92,0,0.0,360,0,3,5.0,14,15.24,False,True,False,UNKNOWN
p22,0.05,0.5,0.6144,264,16,7,"[1, 2, 3]",0.302,0.263501,0.0,0.017037,0.245982,0.0,0.008519,0.049196,0.037643,6867.938240032528,7076.268598183384,3.033375532361653,70.9471862576143,331.3101755563365,7,0,2,5,0.0,28.57,71.43,0,0.0,360,0,0,0.0,11,21.03,False,True,False,UNKNOWN
p22,0.05,0.5,0.4257,375,16,12,"[1, 2, 3]",0.575,0.550555,0.001738,0.0,0.548505,0.000869,0.0,0.054851,0.04588,6867.938240032528,7244.279677128667,5.479685808798954,51.23145750507619,331.3101755563365,12,2,0,10,16.67,0.0,83.33,0,0.0,360,0,1,31.67,15,20.92,False,True,False,UNKNOWN
p22,0.05,0.5,0.682,486,16,7,"[1, 2, 3]",0.1182,0.086889,0.002143,0.002475,0.081838,0.000429,0.002475,0.081838,0.012413,6867.938240032528,6920.4340088420595,0.7643599428943508,12.03145750507619,330.5527710849444,7,5,1,1,71.43,14.29,14.29,0,0.0,360,0,0,0.0,10,18.09,False,True,False,UNKNOWN
p22,0.05,0.75,0.9647,42,16,8,"[1, 2, 3]",0.239,0.197195,0.000509,0.003251,0.193019,0.000255,0.001625,0.048255,0.024649,6867.938240032528,7073.553530109649,2.993843026697739,50.34689598273951,331.3101755563365,8,2,2,4,25.0,25.0,50.0,0,0.0,360,0,0,0.0,12,20.94,False,True,False,UNKNOWN
p22,0.05,0.75,0.789,153,16,3,"[1, 2, 3]",0.0859,0.046601,0.001017,0.0,0.045012,0.000508,0.0,0.045012,0.015534,6867.938240032528,6915.570678950077,0.6935478633151504,8.03616074833451,331.3101755563365,3,2,0,1,66.67,0.0,33.33,0,0.0,360,0,1,5.0,10,20.4,False,True,False,UNKNOWN
p22,0.05,0.75,0.9307,264,16,6,"[1, 2, 3]",0.2176,0.177257,0.000367,0.001988,0.174457,0.000367,0.001988,0.043614,0.029543,6867.938240032528,7088.737981331833,3.2149348695695275,75.67301627791909,331.3101755563365,6,1,1,4,16.67,16.67,66.67,0,0.0,360,0,0,0.0,11,21.55,False,True,False,UNKNOWN
p22,0.05,0.75,0.7254,375,16,7,"[1, 2, 3]",0.1947,0.154815,0.000534,0.009127,0.144752,0.000267,0.004564,0.048251,0.022116,6867.938240032528,7194.586406159953,4.7561313848663636,60.641558772842885,331.3101755563365,7,2,2,3,28.57,28.57,42.86,0,0.0,360,0,0,0.0,14,20.66,False,True,False,UNKNOWN
p22,0.05,0.75,0.8275,486,16,6,"[1, 2, 3]",0.0985,0.057791,0.001262,0.001398,0.054683,0.000316,0.001398,0.054683,0.009632,6867.938240032528,6914.57614446579,0.679067032976721,0.0,330.5527710849444,6,4,1,1,66.67,16.67,16.67,0,0.0,360,0,0,0.0,10,17.51,False,True,False,UNKNOWN
p22,0.1,0.25,0.295,42,32,23,"[1, 2, 3]",0.7548,0.709031,0.002296,0.03661,0.669549,0.000383,0.007322,0.055796,0.030827,6867.938240032528,7426.131379282253,8.12752124059697,41.6629150101524,331.3101755563365,23,6,5,12,26.09,21.74,52.17,0,0.0,360,0,2,11.67,14,17.55,False,True,False,UNKNOWN
p22,0.1,0.25,0.2635,153,32,21,"[1, 2, 3]",0.9615,0.919414,0.003239,0.0,0.915523,0.000648,0.0,0.05722,0.043782,6867.938240032528,7508.926274783399,9.333048905632497,65.0,301.8027766135103,21,5,0,16,23.81,0.0,76.19,0,0.0,360,0,4,5.42,17,17.9,False,True,False,UNKNOWN
p22,0.1,0.25,0.1294,264,32,21,"[1, 2, 3]",0.8541,0.81192,0.003179,0.040328,0.767703,0.000636,0.013443,0.059054,0.038663,6867.938240032528,7327.582040536262,6.692602414863262,45.2314575050762,331.3101755563365,21,5,3,13,23.81,14.29,61.9,0,0.0,360,0,4,7.92,15,17.36,False,True,False,UNKNOWN
p22,0.1,0.25,0.3493,375,32,24,"[1, 2, 3]",0.9516,0.910315,0.004755,0.034272,0.870532,0.000679,0.011424,0.062181,0.03793,6867.938240032528,7562.367442566352,10.111174245657391,50.894372515228596,331.3101755563365,24,7,3,14,29.17,12.5,58.33,0,0.0,360,0,1,3.33,15,20.34,False,True,False,UNKNOWN
p22,0.1,0.25,0.4305,486,32,15,"[1, 2, 3]",0.4261,0.38512,0.00402,0.019768,0.360408,0.000574,0.019768,0.051487,0.025675,6867.938240032528,7213.96386533279,5.0382751446906395,38.95444679663241,331.3101755563365,15,7,1,7,46.67,6.67,46.67,0,0.0,360,0,1,8.33,14,18.08,False,True,False,UNKNOWN
p22,0.1,0.5,0.7042,42,32,18,"[1, 2, 3]",0.294,0.250565,0.003187,0.022062,0.224557,0.000455,0.003677,0.044911,0.01392,6867.938240032528,7258.608536122931,5.688319877619529,23.083980972587142,331.3101755563365,18,7,6,5,38.89,33.33,27.78,0,0.0,360,0,1,5.0,12,17.54,False,True,False,UNKNOWN
p22,0.1,0.5,0.2254,153,32,27,"[1, 2, 3]",1.3793,1.333849,0.001357,0.026786,1.305342,0.000452,0.013393,0.059334,0.049402,6867.938240032528,7641.682635009454,11.266036005781878,18.115728752538104,321.20277661351025,27,3,2,22,11.11,7.41,81.48,0,0.0,360,0,3,3.89,17,17.21,False,True,False,UNKNOWN
p22,0.1,0.5,0.3534,264,32,17,"[1, 2, 3]",0.6083,0.568076,0.003752,0.03878,0.52468,0.00075,0.012927,0.058298,0.033416,6867.938240032528,7202.345587095977,4.86910824436688,0.0,331.3101755563365,17,5,3,9,29.41,17.65,52.94,0,0.0,360,0,3,4.44,12,17.17,False,True,False,UNKNOWN
p22,0.1,0.5,0.496,375,32,23,"[1, 2, 3]",0.7293,0.690109,0.002358,0.03787,0.649372,0.000472,0.007574,0.049952,0.030005,6867.938240032528,7362.315545801655,7.198336509310055,64.1471862576143,331.3101755563365,23,5,5,13,21.74,21.74,56.52,0,0.0,360,0,3,9.44,14,24.03,False,True,False,UNKNOWN
p22,0.1,0.5,0.7164,486,32,13,"[1, 2, 3]",0.3864,0.347265,0.002187,0.002349,0.341782,0.000437,0.002349,0.048826,0.026713,6867.938240032528,7099.392980886697,3.370076036867116,20.120431995796395,330.5527710849444,13,5,1,7,38.46,7.69,53.85,0,0.0,360,0,1,1.67,12,20.19,False,True,False,UNKNOWN
p22,0.1,0.75,0.9764,42,32,11,"[1, 2, 3]",0.2992,0.257143,0.000371,0.004603,0.251325,0.000185,0.001534,0.041888,0.023377,6867.938240032528,7199.440218819626,4.826804889636409,50.34689598273951,331.3101755563365,11,2,3,6,18.18,27.27,54.55,0,0.0,360,0,1,11.67,14,20.08,False,True,False,UNKNOWN
p22,0.1,0.75,0.8827,153,32,10,"[1, 2, 3]",0.2526,0.213765,0.001437,0.002209,0.20916,0.000479,0.001104,0.041832,0.021376,6867.938240032528,7070.396615906214,2.947877060011643,93.30917702625356,331.3101755563365,10,3,2,5,30.0,20.0,50.0,0,0.0,360,0,1,5.0,12,24.18,False,True,False,UNKNOWN
p22,0.1,0.75,0.6174,264,32,16,"[1, 2, 3]",0.7407,0.700099,0.000896,0.00204,0.696278,0.000448,0.00204,0.05356,0.043756,6867.938240032528,7368.664202748945,7.2907755605275515,93.38874503045719,331.3101755563365,16,2,1,13,12.5,6.25,81.25,0,0.0,360,0,3,2.78,16,18.07,False,True,False,UNKNOWN
p22,0.1,0.75,0.8346,375,32,14,"[1, 2, 3]",0.4048,0.370043,0.000855,0.010123,0.358252,0.000285,0.003374,0.044781,0.026432,6867.938240032528,7504.916067347934,9.274658639219059,154.6499969521662,331.3101755563365,14,3,3,8,21.43,21.43,57.14,0,0.0,360,0,0,0.0,19,20.15,False,True,False,UNKNOWN
p22,0.1,0.75,0.7875,486,32,12,"[1, 2, 3]",0.3694,0.327365,0.001496,0.001394,0.323523,0.000374,0.001394,0.046218,0.02728,6867.938240032528,7093.5351165104275,3.2847831269494865,7.288974490720221,330.5527710849444,12,4,1,7,33.33,8.33,58.33,0,0.0,360,0,1,1.67,12,19.67,False,True,False,UNKNOWN
p22,0.2,0.25,0.2804,42,64,46,"[1, 2, 3]",1.252,1.202447,0.008852,0.122398,1.069963,0.000492,0.01224,0.059442,0.02614,6867.938240032528,7701.87915774351,12.142522086905561,91.77301296523281,331.3101755563365,46,18,10,18,39.13,21.74,39.13,0,0.0,360,0,1,5.0,13,19.3,False,True,False,UNKNOWN
p22,0.2,0.25,0.3445,153,64,42,"[1, 2, 3]",1.8161,1.77205,0.004419,0.050802,1.715376,0.000631,0.01016,0.057179,0.042192,6867.938240032528,7850.934073622537,14.312822847768555,96.86291501015239,358.7027766135103,42,7,5,30,16.67,11.9,71.43,0,0.0,360,0,2,5.0,20,19.42,False,True,False,UNKNOWN
p22,0.2,0.25,0.1551,264,64,44,"[1, 2, 3]",1.5583,1.518654,0.008021,0.095036,1.414286,0.000617,0.011879,0.061491,0.034515,6867.938240032528,7801.517407554322,13.593295904730976,71.77864376269049,331.3101755563365,44,13,8,23,29.55,18.18,52.27,0,0.0,360,0,4,7.08,18,18.64,False,True,False,UNKNOWN
p22,0.2,0.25,0.2186,375,64,43,"[1, 2, 3]",2.0026,1.959915,0.00579,0.033206,1.919447,0.000643,0.011069,0.061918,0.045579,6867.938240032528,8068.1987902542605,17.476286307083164,62.557287525380985,329.1949067086754,43,9,3,31,20.93,6.98,72.09,0,0.0,360,0,3,3.33,17,20.15,False,True,False,UNKNOWN
p22,0.2,0.25,0.3434,486,64,39,"[1, 2, 3]",1.5929,1.550968,0.005467,0.042156,1.501863,0.000683,0.010539,0.055625,0.039768,6867.938240032528,8028.310370586797,16.895494542897545,79.7330905593229,331.3101755563365,39,8,4,27,20.51,10.26,69.23,0,0.0,360,0,4,5.0,20,15.75,False,True,False,UNKNOWN
p22,0.2,0.5,0.5052,42,64,38,"[1, 2, 3]",1.3477,1.308025,0.006099,0.047054,1.253222,0.00061,0.006722,0.059677,0.034422,6867.938240032528,7666.861267467708,11.632647229969798,23.083980972587142,331.3101755563365,38,10,7,21,26.32,18.42,55.26,0,0.0,360,0,2,10.0,20,15.05,False,True,False,UNKNOWN
p22,0.2,0.5,0.4734,153,64,38,"[1, 2, 3]",1.8016,1.755076,0.00183,0.036017,1.715521,0.000458,0.009004,0.057184,0.046186,6867.938240032528,7924.30653835956,15.381156053057776,97.04881931186102,360.50277661351026,38,4,4,30,10.53,10.53,78.95,0,0.0,360,0,5,8.0,20,19.97,False,True,False,UNKNOWN
p22,0.2,0.5,0.3737,264,64,40,"[1, 2, 3]",2.0826,2.026348,0.014872,0.191338,1.817775,0.000991,0.019134,0.121185,0.050659,6867.938240032528,7638.779856412037,11.22377035783971,89.8314575050762,331.3101755563365,40,15,10,15,37.5,25.0,37.5,0,0.0,360,0,1,11.67,14,18.23,False,True,False,UNKNOWN
p22,0.2,0.5,0.4694,375,64,42,"[1, 2, 3]",2.7136,2.664221,0.008247,0.197893,2.455974,0.000916,0.019789,0.106781,0.063434,6867.938240032528,7801.820431232191,13.597708053869173,136.2415587728429,367.0888387469033,42,9,10,23,21.43,23.81,54.76,0,0.0,360,0,3,8.89,18,21.24,False,True,False,UNKNOWN
p22,0.2,0.5,0.6529,486,64,33,"[1, 2, 3]",3.1419,3.089628,0.008942,0.005968,3.071577,0.001277,0.005968,0.122863,0.093625,6867.938240032528,7992.683337630936,16.376750318492693,102.8586303047529,330.5527710849444,33,7,1,25,21.21,3.03,75.76,0,0.0,360,0,4,3.33,22,19.76,False,True,False,UNKNOWN
p22,0.2,0.75,0.8009,42,64,34,"[1, 2, 3]",2.2548,2.182594,0.002992,0.031633,2.14571,0.000598,0.003515,0.107286,0.064194,6867.938240032528,7692.431906817445,12.004966235412928,41.88242276443569,333.6817173726451,34,5,9,20,14.71,26.47,58.82,0,0.0,360,0,4,6.25,18,15.14,False,True,False,UNKNOWN
p22,0.2,0.75,0.9391,153,64,22,"[1, 2, 3]",1.2981,1.244111,0.005143,0.01306,1.222064,0.001029,0.004353,0.08729,0.056551,6867.938240032528,7289.9116729025845,6.1441063987794164,219.2126603956244,321.15149630928727,22,5,3,14,22.73,13.64,63.64,0,0.0,360,0,2,4.17,15,29.32,False,True,False,UNKNOWN
p22,0.2,0.75,0.6553,264,64,31,"[1, 2, 3]",2.4682,2.415204,0.003507,0.029145,2.379068,0.000701,0.005829,0.113289,0.07791,6867.938240032528,7697.424741274576,12.07766395462112,156.0129560279988,331.3101755563365,31,5,5,21,16.13,16.13,67.74,0,0.0,360,0,5,3.33,19,20.63,False,True,False,UNKNOWN
p22,0.2,0.75,0.6619,375,64,31,"[1, 2, 3]",1.6087,1.564994,0.00133,0.012215,1.549614,0.000665,0.004072,0.059601,0.050484,6867.938240032528,8105.939525485654,18.025806904274997,269.6434452258817,367.8949067086754,31,2,3,26,6.45,9.68,83.87,0,0.0,360,0,1,21.67,24,21.19,False,True,False,UNKNOWN
p22,0.2,0.75,0.7648,486,64,30,"[1, 2, 3]",1.194,1.152274,0.007381,0.006192,1.136749,0.001054,0.003096,0.054131,0.038409,6867.938240032528,7778.913791378588,13.264177974636912,285.8809856296708,330.5527710849444,30,7,2,21,23.33,6.67,70.0,0,0.0,360,0,3,2.22,21,25.57,False,True,False,UNKNOWN
p22,0.4,0.25,0.2429,42,128,84,"[1, 2, 3]",3.571,3.527871,0.020417,0.207081,3.296872,0.000851,0.014791,0.071671,0.041998,6867.938240032528,8663.459356778825,26.143524504637856,120.55165672792332,351.0888387469033,84,24,14,46,28.57,16.67,54.76,0,0.0,360,0,3,7.78,26,20.17,False,True,False,UNKNOWN
p22,0.4,0.25,0.3518,153,128,81,"[1, 2, 3]",3.4096,3.365477,0.009479,0.080387,3.272755,0.000632,0.010048,0.056427,0.041549,6867.938240032528,8979.721800004858,30.74843550081674,248.61010126776668,324.41532750363854,81,15,8,58,18.52,9.88,71.6,0,0.0,360,0,8,9.38,29,25.33,False,True,False,UNKNOWN
p22,0.4,0.25,0.2194,264,128,85,"[1, 2, 3]",2.7232,2.681963,0.022976,0.139221,2.516965,0.000696,0.011602,0.062924,0.031553,6867.938240032528,8283.027505557842,20.604280587104007,174.58874503045718,386.0888387469033,85,33,12,40,38.82,14.12,47.06,0,0.0,360,0,6,6.94,22,16.79,False,True,False,UNKNOWN
p22,0.4,0.25,0.2613,375,128,79,"[1, 2, 3]",3.6537,3.610709,0.013349,0.041988,3.552071,0.000703,0.010497,0.06343,0.045705,6867.938240032528,8799.887125300407,28.129968816649253,148.9359312880715,329.1949067086754,79,19,4,56,24.05,5.06,70.89,0,0.0,360,0,3,3.89,27,21.5,False,True,False,UNKNOWN
p22,0.4,0.25,0.3051,486,128,78,"[1, 2, 3]",3.118,3.077079,0.012231,0.123835,2.93803,0.000764,0.011258,0.057608,0.03945,6867.938240032528,8599.69745786087,25.215125082722643,155.72183558978008,397.28883874690325,78,16,11,51,20.51,14.1,65.38,0,0.0,360,0,6,6.94,24,20.67,False,True,False,UNKNOWN
p22,0.4,0.5,0.45,42,128,74,"[1, 2, 3]",2.3895,2.34914,0.014362,0.079401,2.252267,0.000552,0.009925,0.056307,0.031745,6867.938240032528,8350.994912846067,21.59391393721262,98.12083650217173,331.3101755563365,74,26,8,40,35.14,10.81,54.05,0,0.0,360,0,4,9.58,23,19.15,False,True,False,UNKNOWN
p22,0.4,0.5,0.3679,153,128,82,"[1, 2, 3]",3.5274,3.483037,0.009054,0.087831,3.383427,0.000647,0.010979,0.05639,0.042476,6867.938240032528,8842.258758676544,28.746917191769413,164.99600556947533,360.50277661351026,82,14,8,60,17.07,9.76,73.17,0,0.0,360,0,7,9.52,31,20.21,False,True,False,UNKNOWN
p22,0.4,0.5,0.5198,264,128,68,"[1, 2, 3]",1.852,1.809794,0.01284,0.139856,1.654015,0.000535,0.00999,0.055134,0.026615,6867.938240032528,8326.039682426368,21.23055553841053,217.2375643423182,331.3101755563365,68,24,14,30,35.29,20.59,44.12,0,0.0,360,0,1,1.67,23,22.8,False,True,False,UNKNOWN
p22,0.4,0.5,0.4022,375,128,81,"[1, 2, 3]",3.0171,2.972897,0.010409,0.14234,2.817431,0.000548,0.01294,0.055244,0.036702,6867.938240032528,9115.555174632209,32.72622519373494,335.31457505076196,367.0888387469033,81,19,11,51,23.46,13.58,62.96,0,0.0,360,0,3,17.78,29,29.93,False,True,False,UNKNOWN
p22,0.4,0.5,0.5952,486,128,60,"[1, 2, 3]",2.3633,2.321613,0.005649,0.032039,2.280273,0.000471,0.006408,0.05303,0.038694,6867.938240032528,8629.055673018132,25.64259274668818,191.21591783013386,407.0888387469033,60,12,5,43,20.0,8.33,71.67,0,0.0,360,0,6,6.67,23,30.6,False,True,False,UNKNOWN
p22,0.4,0.75,0.6249,42,128,73,"[1, 2, 3]",2.7199,2.680601,0.00839,0.049558,2.619771,0.000559,0.005506,0.053465,0.036721,6867.938240032528,8505.704767497531,23.846552927902373,223.53594531955497,340.1888387469033,73,15,9,49,20.55,12.33,67.12,0,0.0,360,0,6,6.94,27,22.25,False,True,False,UNKNOWN
p22,0.4,0.75,0.9298,153,128,42,"[1, 2, 3]",1.5137,1.470109,0.003028,0.012218,1.450713,0.000505,0.002444,0.046797,0.035003,6867.938240032528,7926.199145554599,15.408713190715295,362.0425650500488,433.5121760842851,42,6,5,31,14.29,11.9,73.81,0,0.0,360,0,3,8.33,21,32.38,False,True,False,UNKNOWN
p22,0.4,0.75,0.6141,264,128,60,"[1, 2, 3]",2.0519,2.0093,0.005833,0.042442,1.957552,0.000417,0.004716,0.052907,0.033488,6867.938240032528,8246.405134376499,20.07104382955899,282.4545148008417,354.78883874690325,60,14,9,37,23.33,15.0,61.67,0,0.0,360,0,6,4.72,27,19.05,False,True,False,UNKNOWN
p22,0.4,0.75,0.7713,375,128,50,"[1, 2, 3]",2.0687,2.025296,0.002279,0.009772,2.009474,0.000456,0.003257,0.047845,0.040506,6867.938240032528,8745.06557015563,27.331744469999947,335.31266847489076,367.8949067086754,50,5,3,42,10.0,6.0,84.0,0,0.0,360,0,4,11.25,32,23.19,False,True,False,UNKNOWN
p22,0.4,0.75,0.7371,486,128,62,"[1, 2, 3]",2.6021,2.557413,0.007496,0.010321,2.536199,0.000681,0.00344,0.052837,0.041249,6867.938240032528,8740.795970663428,27.269577348762393,479.29635986554564,420.4486455521406,62,11,3,48,17.74,4.84,77.42,0,0.0,360,0,7,5.95,31,27.11,False,True,False,UNKNOWN
p23,0.05,0.25,0.2676,42,16,8,"[1, 2, 3]",0.4816,0.44264,0.0,0.0,0.441964,0.0,0.0,0.055246,0.05533,6203.158005400378,6344.89960092082,2.284990893300545,0.0,225.05046212075655,8,0,0,8,0.0,0.0,100.0,0,0.0,360,0,1,3.33,4,9.41,False,True,False,UNKNOWN
p23,0.05,0.25,0.0739,153,16,13,"[1, 2, 3]",0.7095,0.671374,0.000543,0.009869,0.660742,0.000543,0.009869,0.060067,0.051644,6203.158005400378,6482.092403360583,4.496651507463927,5.199999999999999,246.99494936611666,13,1,1,11,7.69,7.69,84.62,0,0.0,360,0,3,6.67,7,17.44,False,True,False,UNKNOWN
p23,0.05,0.25,0.2196,264,16,9,"[1, 2, 3]",0.3443,0.305171,0.00095,0.026787,0.277006,0.000475,0.013394,0.055401,0.033908,6203.158005400378,6421.732499102446,3.523600293782302,42.9157287525381,211.35562914111455,9,2,2,5,22.22,22.22,55.56,0,0.0,360,0,2,6.67,5,10.6,False,True,False,UNKNOWN
p23,0.05,0.25,0.2803,375,16,10,"[1, 2, 3]",0.4793,0.441255,0.00147,0.0,0.439471,0.000735,0.0,0.054934,0.044126,6203.158005400378,6511.62304666943,4.972709723023443,26.031457505076204,272.9008732545826,10,2,0,8,20.0,0.0,80.0,0,0.0,360,0,1,1.67,6,25.86,False,True,False,UNKNOWN
p23,0.05,0.25,0.4427,486,16,8,"[1, 2, 3]",0.3409,0.302446,0.000711,0.003968,0.297377,0.000711,0.003968,0.049563,0.037806,6203.158005400378,6406.238310970318,3.273821259963733,0.0,233.8551115057403,8,1,1,6,12.5,12.5,75.0,0,0.0,360,0,4,5.0,5,15.63,False,True,False,UNKNOWN
p23,0.05,0.5,0.7467,42,16,7,"[1, 2, 3]",0.312,0.274582,0.000805,0.0,0.27319,0.000805,0.0,0.045532,0.039226,6203.158005400378,6312.025424315752,1.7550321758787384,133.1359312880715,226.0795170172731,7,1,0,6,14.29,0.0,85.71,0,0.0,360,0,1,3.33,7,13.32,False,True,False,UNKNOWN
p23,0.05,0.5,0.1376,153,16,12,"[1, 2, 3]",0.786,0.742527,0.000841,0.030756,0.710369,0.000841,0.030756,0.071037,0.061877,6203.158005400378,6472.026676264389,4.334383722451332,14.799999999999997,252.99494936611666,12,1,1,10,8.33,8.33,83.33,0,0.0,360,0,2,6.67,8,14.95,False,True,False,UNKNOWN
p23,0.05,0.5,0.6144,264,16,6,"[1, 2, 3]",0.3411,0.302315,0.0,0.0,0.301868,0.0,0.0,0.050311,0.050386,6203.158005400378,6463.670611339403,4.199677095315427,70.17864376269051,263.86204027438066,6,0,0,6,0.0,0.0,100.0,0,0.0,360,0,3,7.78,7,21.08,False,True,False,UNKNOWN
p23,0.05,0.5,0.4257,375,16,10,"[1, 2, 3]",0.612,0.575221,0.0,0.0,0.574865,0.0,0.0,0.057487,0.057522,6203.158005400378,6567.4183163888865,5.872175280258682,22.94718625761429,281.31046298790704,10,0,0,10,0.0,0.0,100.0,0,0.0,360,0,2,15.83,6,30.69,False,True,False,UNKNOWN
p23,0.05,0.5,0.711,486,16,7,"[1, 2, 3]",0.3629,0.326491,0.0,0.003696,0.322354,0.0,0.003696,0.053726,0.046642,6203.158005400378,6410.930846186606,3.3494687803429124,12.03145750507619,247.7995987511004,7,0,1,6,0.0,14.29,85.71,0,0.0,360,0,3,5.56,6,14.21,False,True,False,UNKNOWN
p23,0.05,0.75,0.9647,42,16,7,"[1, 2, 3]",0.3984,0.360657,0.0,0.0,0.360194,0.0,0.0,0.051456,0.051522,6203.158005400378,6369.994314201302,2.689538274789687,285.5359312880714,276.8795170172731,7,0,0,7,0.0,0.0,100.0,0,0.0,360,0,1,3.33,8,25.62,False,True,False,UNKNOWN
p23,0.05,0.75,0.789,153,16,9,"[1, 2, 3]",0.4619,0.423325,0.0,0.0,0.422971,0.0,0.0,0.046997,0.047036,6203.158005400378,6503.168352189998,4.8364131064924525,176.957287525381,278.1409699526903,9,0,0,9,0.0,0.0,100.0,0,0.0,360,0,3,5.0,8,27.96,False,True,False,UNKNOWN
p23,0.05,0.75,0.9307,264,16,6,"[1, 2, 3]",0.2752,0.241194,0.0,0.0026,0.238135,0.0,0.0026,0.047627,0.040199,6203.158005400378,6422.709697494194,3.539353534162401,97.0943725152286,267.396167797906,6,0,1,5,0.0,16.67,83.33,0,0.0,360,0,2,10.0,6,24.16,False,True,False,UNKNOWN
p23,0.05,0.75,0.7254,375,16,6,"[1, 2, 3]",0.2849,0.2448,0.000262,0.0,0.24412,0.000262,0.0,0.048824,0.0408,6203.158005400378,6459.181608076903,4.127310677136302,108.92583002030479,281.31046298790704,6,1,0,5,16.67,0.0,83.33,0,0.0,360,0,0,0.0,5,37.75,False,True,False,UNKNOWN
p23,0.05,0.75,0.833,486,16,6,"[1, 2, 3]",0.3029,0.265416,0.0,0.0,0.264985,0.0,0.0,0.044164,0.044236,6203.158005400378,6389.7655170266235,3.008266297002071,7.115728752538104,225.05046212075655,6,0,0,6,0.0,0.0,100.0,0,0.0,360,0,5,4.67,5,15.57,False,True,False,UNKNOWN
p23,0.1,0.25,0.2692,42,32,19,"[1, 2, 3]",1.1566,1.117249,0.0,0.0,1.116431,0.0,0.0,0.05876,0.058803,6203.158005400378,6635.911426302553,6.976340446679358,20.8314575050762,233.8551115057403,19,0,0,19,0.0,0.0,100.0,0,0.0,360,0,2,3.33,12,15.01,False,True,False,UNKNOWN
p23,0.1,0.25,0.2517,153,32,24,"[1, 2, 3]",1.3962,1.345422,0.001034,0.012,1.331856,0.001034,0.012,0.060539,0.056059,6203.158005400378,6806.405676803235,9.724847744933768,28.77864376269049,279.1925977444875,24,1,1,22,4.17,4.17,91.67,0,0.0,360,0,3,10.0,11,26.7,False,True,False,UNKNOWN
p23,0.1,0.25,0.1294,264,32,22,"[1, 2, 3]",1.1697,1.132625,0.001015,0.025723,1.105131,0.000508,0.012862,0.061396,0.051483,6203.158005400378,6825.832249437013,10.038020045508178,42.9157287525381,249.4551115057403,22,2,2,18,9.09,9.09,81.82,0,0.0,360,0,3,5.56,12,20.43,False,True,False,UNKNOWN
p23,0.1,0.25,0.3377,375,32,18,"[1, 2, 3]",1.0651,1.026206,0.00334,0.0,1.021874,0.001113,0.0,0.068125,0.057011,6203.158005400378,6591.40183857106,6.258809348926504,100.62020253553338,272.9008732545826,18,3,0,15,16.67,0.0,83.33,0,0.0,360,0,1,1.67,12,17.86,False,True,False,UNKNOWN
p23,0.1,0.25,0.4405,486,32,19,"[1, 2, 3]",0.9031,0.866451,0.001097,0.009809,0.854742,0.001097,0.004904,0.053421,0.045603,6203.158005400378,6668.178606263311,7.496513879834962,25.5471862576143,246.92300596499769,19,1,2,16,5.26,10.53,84.21,0,0.0,360,0,3,3.33,10,21.21,False,True,False,UNKNOWN
p23,0.1,0.5,0.7043,42,32,17,"[1, 2, 3]",0.7211,0.683159,0.001279,0.003403,0.677571,0.00064,0.003403,0.048398,0.040186,6203.158005400378,6561.722034657407,5.780346541952796,177.514575050762,232.91267864660338,17,2,1,14,11.76,5.88,82.35,0,0.0,360,0,3,7.78,14,15.99,False,True,False,UNKNOWN
p23,0.1,0.5,0.2061,153,32,24,"[1, 2, 3]",1.3015,1.263736,0.000622,0.018666,1.243926,0.000622,0.009333,0.059235,0.052656,6203.158005400378,6677.057976222932,7.639656613776136,28.6314575050762,266.3795795454732,24,1,2,21,4.17,8.33,87.5,0,0.0,360,0,3,9.44,11,20.7,False,True,False,UNKNOWN
p23,0.1,0.5,0.3534,264,32,18,"[1, 2, 3]",0.9908,0.954122,0.0,0.009401,0.943902,0.0,0.009401,0.055524,0.053007,6203.158005400378,6798.814073052868,9.602464859575077,70.17864376269051,263.86204027438066,18,0,1,17,0.0,5.56,94.44,0,0.0,360,0,2,13.33,12,26.21,False,True,False,UNKNOWN
p23,0.1,0.5,0.496,375,32,19,"[1, 2, 3]",0.9852,0.951579,0.0,0.0,0.950899,0.0,0.0,0.050047,0.050083,6203.158005400378,6800.429607439442,9.628508600282123,22.94718625761429,261.7008732545826,19,0,0,19,0.0,0.0,100.0,0,0.0,360,0,4,7.92,12,23.55,False,True,False,UNKNOWN
p23,0.1,0.5,0.7309,486,32,17,"[1, 2, 3]",0.7524,0.714963,0.0,0.002504,0.711786,0.0,0.002504,0.044487,0.042057,6203.158005400378,6709.205859154843,8.15790688088079,92.23145750507618,277.1959684815913,17,0,1,16,0.0,5.88,94.12,0,0.0,360,0,1,3.33,11,24.52,False,True,False,UNKNOWN
p23,0.1,0.75,0.9754,42,32,15,"[1, 2, 3]",0.7159,0.673212,0.0,0.0,0.672249,0.0,0.0,0.044817,0.044881,6203.158005400378,6584.005656197353,6.13957681660559,380.71457505076194,276.8795170172731,15,0,0,15,0.0,0.0,100.0,0,0.0,360,0,2,3.33,16,20.96,False,True,False,UNKNOWN
p23,0.1,0.75,0.8827,153,32,17,"[1, 2, 3]",0.9011,0.870026,0.0,0.0,0.8691,0.0,0.0,0.051124,0.051178,6203.158005400378,6782.677458950894,9.342329391674289,293.56738879314764,312.81930101937485,17,0,0,17,0.0,0.0,100.0,0,0.0,360,0,6,5.0,14,29.49,False,True,False,UNKNOWN
p23,0.1,0.75,0.6174,264,32,17,"[1, 2, 3]",0.8681,0.832457,0.0,0.008393,0.823072,0.0,0.008393,0.051442,0.048968,6203.158005400378,6711.568337328719,8.195991968699277,108.41010126776669,270.22600562229326,17,0,1,16,0.0,5.88,94.12,0,0.0,360,0,3,12.22,12,23.94,False,True,False,UNKNOWN
p23,0.1,0.75,0.816,375,32,12,"[1, 2, 3]",0.4601,0.424436,0.00093,0.0,0.422636,0.00031,0.0,0.04696,0.03537,6203.158005400378,6636.200558002598,6.981001487068676,271.3044737829953,281.31046298790704,12,3,0,9,25.0,0.0,75.0,0,0.0,360,0,0,0.0,11,32.08,False,True,False,UNKNOWN
p23,0.1,0.75,0.7903,486,32,16,"[1, 2, 3]",0.7805,0.744509,0.0,0.0,0.743724,0.0,0.0,0.046483,0.046532,6203.158005400378,6688.040529994861,7.816704397539947,86.51572875253811,276.39596848159135,16,0,0,16,0.0,0.0,100.0,0,0.0,360,0,3,3.33,10,26.19,False,True,False,UNKNOWN
p23,0.2,0.25,0.2786,42,64,44,"[1, 2, 3]",2.3218,2.286303,0.002175,0.010702,2.272221,0.000544,0.010702,0.058262,0.051961,6203.158005400378,7405.370504291109,19.380652529632524,43.3786437626905,267.0548142703343,44,4,1,39,9.09,2.27,88.64,0,0.0,360,0,4,5.0,21,24.17,False,True,False,UNKNOWN
p23,0.2,0.25,0.3458,153,64,43,"[1, 2, 3]",2.4304,2.391488,0.000857,0.010936,2.37848,0.000857,0.010936,0.058012,0.055616,6203.158005400378,7277.644140694252,17.321598681807597,60.64155877284287,287.396167797906,43,1,1,41,2.33,2.33,95.35,0,0.0,360,0,7,6.67,18,29.89,False,True,False,UNKNOWN
p23,0.2,0.25,0.1534,264,64,46,"[1, 2, 3]",2.4958,2.460323,0.000909,0.033427,2.424913,0.000455,0.011142,0.059144,0.053485,6203.158005400378,7241.478186406448,16.73857380550558,19.400000000000002,264.54776642118867,46,2,3,41,4.35,6.52,89.13,0,0.0,360,0,4,6.67,21,19.67,False,True,False,UNKNOWN
p23,0.2,0.25,0.2362,375,64,45,"[1, 2, 3]",2.3989,2.359224,0.003464,0.024217,2.330313,0.000693,0.012109,0.061324,0.052427,6203.158005400378,7152.386774237735,15.302347094995364,103.02020253553337,274.4402477792015,45,5,2,38,11.11,4.44,84.44,0,0.0,360,0,2,4.17,20,24.4,False,True,False,UNKNOWN
p23,0.2,0.25,0.3737,486,64,40,"[1, 2, 3]",1.9088,1.869361,0.001159,0.018486,1.84822,0.000579,0.006162,0.052806,0.046734,6203.158005400378,6977.130701191798,12.477075307732138,68.02020253553337,263.92195707900805,40,2,3,35,5.0,7.5,87.5,0,0.0,360,0,5,4.67,20,18.23,False,True,False,UNKNOWN
p23,0.2,0.5,0.5365,42,64,38,"[1, 2, 3]",1.7243,1.672798,0.003498,0.065661,1.602111,0.0007,0.016415,0.055245,0.044021,6203.158005400378,7125.700191117049,14.872137464715868,188.8303038033001,267.34481028756386,38,5,4,29,13.16,10.53,76.32,0,0.0,360,0,5,10.0,20,22.33,False,True,False,UNKNOWN
p23,0.2,0.5,0.4637,153,64,41,"[1, 2, 3]",2.1666,2.126891,0.000682,0.018149,2.106747,0.000682,0.009074,0.055441,0.051875,6203.158005400378,7057.793218595405,13.777421314288532,99.0101012677667,288.9292222699217,41,1,2,38,2.44,4.88,92.68,0,0.0,360,0,4,7.92,16,28.14,False,True,False,UNKNOWN
p23,0.2,0.5,0.3789,264,64,41,"[1, 2, 3]",2.1197,2.079278,0.001062,0.014015,2.06271,0.000531,0.007007,0.055749,0.050714,6203.158005400378,7068.428696934443,13.948873957116248,70.17864376269051,274.3489327667795,41,2,2,37,4.88,4.88,90.24,0,0.0,360,0,4,6.67,20,21.15,False,True,False,UNKNOWN
p23,0.2,0.5,0.4599,375,64,39,"[1, 2, 3]",2.0564,2.019461,0.0,0.011356,2.006795,0.0,0.005678,0.054238,0.051781,6203.158005400378,7157.361087599664,15.382537110429407,94.84155877284289,261.7008732545826,39,0,2,37,0.0,5.13,94.87,0,0.0,360,0,7,6.9,21,22.5,False,True,False,UNKNOWN
p23,0.2,0.5,0.735,486,64,30,"[1, 2, 3]",1.3782,1.340005,0.00079,0.002403,1.335181,0.000395,0.002403,0.049451,0.044667,6203.158005400378,6917.45079966346,11.514986296354685,497.9976925964478,341.513994997484,30,2,1,27,6.67,3.33,90.0,0,0.0,360,0,4,8.75,19,30.05,False,True,False,UNKNOWN
p23,0.2,0.75,0.8203,42,64,32,"[1, 2, 3]",1.4662,1.426358,0.0,0.001555,1.423136,0.0,0.001555,0.045908,0.044574,6203.158005400378,7218.064629275603,16.361128041421193,323.7718592634567,281.31046298790704,32,0,1,31,0.0,3.12,96.88,0,0.0,360,0,6,6.39,23,28.38,False,True,False,UNKNOWN
p23,0.2,0.75,0.9386,153,64,33,"[1, 2, 3]",1.7028,1.672915,0.0,0.0,1.671101,0.0,0.0,0.050639,0.050694,6203.158005400378,7167.070180698588,15.539055662600282,490.7246763185286,331.90229361895683,33,0,0,33,0.0,0.0,100.0,0,0.0,360,0,6,8.33,22,31.72,False,True,False,UNKNOWN
p23,0.2,0.75,0.666,264,64,38,"[1, 2, 3]",1.7917,1.75735,0.0,0.00725,1.748844,0.0,0.00725,0.047266,0.046246,6203.158005400378,7236.582478712224,16.659650977972216,333.8089475659906,287.64562329121526,38,0,1,37,0.0,2.63,97.37,0,0.0,360,0,7,9.05,21,31.16,False,True,False,UNKNOWN
p23,0.2,0.75,0.693,375,64,33,"[1, 2, 3]",1.3954,1.365647,0.001461,0.0,1.362697,0.000365,0.0,0.04699,0.041383,6203.158005400378,7182.961217846283,15.795232228373077,456.43101261603374,281.31046298790704,33,4,0,29,12.12,0.0,87.88,0,0.0,360,0,3,8.33,24,28.94,False,True,False,UNKNOWN
p23,0.2,0.75,0.7689,486,64,30,"[1, 2, 3]",1.533,1.49705,0.0,0.002207,1.493038,0.0,0.002207,0.051484,0.049902,6203.158005400378,7206.490402290843,16.17454199968756,418.6932188134524,310.71067811865476,30,0,1,29,0.0,3.33,96.67,0,0.0,360,0,3,6.11,19,36.42,False,True,False,UNKNOWN
p23,0.4,0.25,0.2428,42,129,81,"[1, 2, 3]",4.6435,4.600094,0.003029,0.040222,4.553698,0.000606,0.013407,0.062379,0.056791,6203.158005400378,8236.417772947776,32.777816811650965,96.3044737829953,293.6666661916639,81,5,3,73,6.17,3.7,90.12,0,0.0,360,0,9,5.56,35,27.01,False,True,False,UNKNOWN
p23,0.4,0.25,0.3426,153,129,79,"[1, 2, 3]",4.2715,4.228604,0.002771,0.017688,4.20523,0.000924,0.008844,0.056827,0.053527,6203.158005400378,8093.2278517134255,30.469477718729404,117.02020253553337,330.01396883575285,79,3,2,74,3.8,2.53,93.67,0,0.0,360,0,9,6.3,32,27.62,False,True,False,UNKNOWN
p23,0.4,0.25,0.2181,264,129,90,"[1, 2, 3]",5.318,5.277486,0.005989,0.040403,5.227944,0.000998,0.013468,0.064543,0.058639,6203.158005400378,8492.724084473193,36.909684987542676,84.01010126776669,313.2586959204907,90,6,3,81,6.67,3.33,90.0,0,0.0,360,0,6,10.28,34,31.68,False,True,False,UNKNOWN
p23,0.4,0.25,0.265,375,129,89,"[1, 2, 3]",5.9209,5.871626,0.009724,0.030901,5.82744,0.00108,0.01545,0.074711,0.065973,6203.158005400378,8682.918095723267,39.9757686030897,128.10447378299529,307.7927174436485,89,9,2,78,10.11,2.25,87.64,0,0.0,360,0,5,8.33,31,39.77,False,True,False,UNKNOWN
p23,0.4,0.25,0.3162,486,129,81,"[1, 2, 3]",4.7667,4.722806,0.002945,0.098726,4.617887,0.000982,0.019745,0.063259,0.058306,6203.158005400378,7977.403156226434,28.602288532412423,184.15613382360488,299.40323133271903,81,3,5,73,3.7,6.17,90.12,0,0.0,360,0,10,10.0,30,28.58,False,True,False,UNKNOWN
p23,0.4,0.5,0.4635,42,129,68,"[1, 2, 3]",3.1266,3.0835,0.00558,0.108754,2.964822,0.000797,0.013594,0.05594,0.045346,6203.158005400378,7756.479431844912,25.04081671129827,264.514575050762,298.0145924101888,68,7,8,53,10.29,11.76,77.94,0,0.0,360,0,5,6.0,29,28.73,False,True,False,UNKNOWN
p23,0.4,0.5,0.3689,153,129,84,"[1, 2, 3]",4.8727,4.829051,0.002262,0.053666,4.770194,0.001131,0.010733,0.061951,0.057489,6203.158005400378,8046.930755048728,29.7231305093823,99.0101012677667,308.81349351738356,84,2,5,77,2.38,5.95,91.67,0,0.0,360,0,7,10.24,29,32.28,False,True,False,UNKNOWN
p23,0.4,0.5,0.5206,264,129,72,"[1, 2, 3]",3.7125,3.669114,0.002981,0.033762,3.629337,0.000596,0.008441,0.057609,0.05096,6203.158005400378,7945.0040741066105,28.079988728157605,373.1561338236049,352.37891663527785,72,5,4,63,6.94,5.56,87.5,0,0.0,360,0,5,5.33,29,35.62,False,True,False,UNKNOWN
p23,0.4,0.5,0.3974,375,129,72,"[1, 2, 3]",4.1192,4.074144,0.003743,0.022357,4.044482,0.001248,0.007452,0.06128,0.056585,6203.158005400378,8216.774667780917,32.4611538288645,177.6730162779191,324.36141971195053,72,3,3,66,4.17,4.17,91.67,0,0.0,360,0,6,11.67,31,32.22,False,True,False,UNKNOWN
p23,0.4,0.5,0.6214,486,129,62,"[1, 2, 3]",2.9832,2.93904,0.001951,0.024643,2.908885,0.00065,0.012322,0.051033,0.047404,6203.158005400378,7683.959261985733,23.8717320322357,846.5658838873945,315.60934146810257,62,3,2,57,4.84,3.23,91.94,0,0.0,360,0,9,9.63,32,32.98,False,True,False,UNKNOWN
p23,0.4,0.75,0.6258,42,129,70,"[1, 2, 3]",3.4721,3.426035,0.002236,0.004882,3.415273,0.000559,0.002441,0.053364,0.048943,6203.158005400378,7966.018359222548,28.418756257497378,283.6303038033001,371.6166797744379,70,4,2,64,5.71,2.86,91.43,0,0.0,360,0,7,10.71,30,33.71,False,True,False,UNKNOWN
p23,0.4,0.75,0.9292,153,129,65,"[1, 2, 3]",3.0249,2.982888,0.0,0.00838,2.97141,0.0,0.00419,0.047165,0.045891,6203.158005400378,7884.179107830198,27.09944033291345,979.017895131981,361.5694190621927,65,0,2,63,0.0,3.08,96.92,0,0.0,360,0,9,7.22,33,39.92,False,True,False,UNKNOWN
p23,0.4,0.75,0.6153,264,129,73,"[1, 2, 3]",4.0325,3.988816,0.001085,0.011158,3.973195,0.000543,0.005579,0.057583,0.054641,6203.158005400378,8084.101662005143,30.32235604779442,518.3033200812191,312.2252412001522,73,2,2,69,2.74,2.74,94.52,0,0.0,360,0,10,6.83,32,37.15,False,True,False,UNKNOWN
p23,0.4,0.75,0.7771,375,129,60,"[1, 2, 3]",2.703,2.673614,0.003363,0.0,2.666714,0.00056,0.0,0.049384,0.04456,6203.158005400378,8098.754147417641,30.558566142712877,663.1040288939528,382.08203999954384,60,6,0,54,10.0,0.0,90.0,0,0.0,360,0,6,10.0,28,45.96,False,True,False,UNKNOWN
p23,0.4,0.75,0.7524,486,129,61,"[1, 2, 3]",3.02,2.982928,0.000402,0.013097,2.965875,0.000402,0.003274,0.052962,0.0489,6203.158005400378,7859.846326517042,26.707175920303428,897.7594505921377,387.7409699526903,61,1,4,56,1.64,6.56,91.8,0,0.0,360,0,8,10.83,28,42.81,False,True,False,UNKNOWN
pr01,0.05,0.25,0.4117,42,2,2,"[1, 2, 3]",0.0162,0.000782,0.000782,0.0,0.0,0.000391,0.0,0.0,0.000391,930.0456461297556,949.2802750179487,2.068138157329711,0.0,411.5908470070858,2,2,0,0,100.0,0.0,0.0,0,0.0,48,0,0,0.0,0,0.0,True,True,True,UNKNOWN
pr01,0.05,0.25,0.105,153,2,2,"[1, 2, 3]",0.0158,0.001254,0.001254,0.0,0.0,0.000627,0.0,0.0,0.000627,930.0456461297556,948.8372029159141,2.0204983340717417,0.0,411.5908470070858,2,2,0,0,100.0,0.0,0.0,0,0.0,48,0,0,0.0,0,0.0,True,True,True,UNKNOWN
pr01,0.05,0.25,0.2317,264,2,2,"[1, 2, 3]",0.0199,0.002301,0.002301,0.0,0.0,0.001151,0.0,0.0,0.001151,930.0456461297556,963.6328543687605,3.6113505158346784,0.0,411.5908470070858,2,2,0,0,100.0,0.0,0.0,0,0.0,48,0,0,0.0,0,0.0,True,True,True,UNKNOWN
pr01,0.05,0.25,0.0933,375,2,2,"[1, 2, 3]",0.0174,0.002927,0.002927,0.0,0.0,0.001464,0.0,0.0,0.001464,930.0456461297556,963.5710083563869,3.6047007333609917,0.0,411.5908470070858,2,2,0,0,100.0,0.0,0.0,0,0.0,48,0,0,0.0,0,0.0,True,True,True,UNKNOWN
pr01,0.05,0.25,0.1175,486,2,2,"[1, 2, 3]",0.0198,0.002117,0.002117,0.0,0.0,0.001058,0.0,0.0,0.001058,930.0456461297556,937.672337742838,0.8200341181983574,0.0,411.5908470070858,2,2,0,0,100.0,0.0,0.0,0,0.0,48,0,0,0.0,0,0.0,True,True,True,UNKNOWN
pr01,0.05,0.5,0.6408,42,2,2,"[1, 2, 3]",0.0186,0.000857,0.000857,0.0,0.0,0.000428,0.0,0.0,0.000428,930.0456461297556,949.2802750179487,2.068138157329711,0.0,411.5908470070858,2,2,0,0,100.0,0.0,0.0,0,0.0,48,0,0,0.0,0,0.0,True,True,True,UNKNOWN
pr01,0.05,0.5,0.2283,153,2,2,"[1, 2, 3]",0.0181,0.001019,0.001019,0.0,0.0,0.00051,0.0,0.0,0.00051,930.0456461297556,948.8372029159141,2.0204983340717417,0.0,411.5908470070858,2,2,0,0,100.0,0.0,0.0,0,0.0,48,0,0,0.0,0,0.0,True,True,True,UNKNOWN
pr01,0.05,0.5,0.6492,264,2,2,"[1, 2, 3]",0.0203,0.001059,0.001059,0.0,0.0,0.00053,0.0,0.0,0.00053,930.0456461297556,964.7656246321299,3.733147791923569,0.0,411.5908470070858,2,2,0,0,100.0,0.0,0.0,0,0.0,48,0,0,0.0,0,0.0,True,True,True,UNKNOWN
pr01,0.05,0.5,0.3242,375,2,2,"[1, 2, 3]",0.0199,0.002212,0.002212,0.0,0.0,0.001106,0.0,0.0,0.001106,930.0456461297556,963.5710083563869,3.6047007333609917,0.0,411.5908470070858,2,2,0,0,100.0,0.0,0.0,0,0.0,48,0,0,0.0,0,0.0,True,True,True,UNKNOWN
pr01,0.05,0.5,0.2858,486,2,2,"[1, 2, 3]",0.021,0.00292,0.00292,0.0,0.0,0.00146,0.0,0.0,0.00146,930.0456461297556,937.672337742838,0.8200341181983574,0.0,411.5908470070858,2,2,0,0,100.0,0.0,0.0,0,0.0,48,0,0,0.0,0,0.0,True,True,True,UNKNOWN
pr01,0.05,0.75,0.885,42,2,2,"[1, 2, 3]",0.0217,0.002896,0.000287,0.0,0.002609,0.000287,0.0,0.002609,0.001448,930.0456461297556,975.0102400316579,4.834665275733039,0.0,433.2831243685174,2,1,0,1,50.0,0.0,50.0,0,0.0,48,0,0,0.0,0,0.0,True,True,True,UNKNOWN
pr01,0.05,0.75,0.2908,153,2,2,"[1, 2, 3]",0.0189,0.001076,0.001076,0.0,0.0,0.000538,0.0,0.0,0.000538,930.0456461297556,948.8372029159141,2.0204983340717417,0.0,411.5908470070858,2,2,0,0,100.0,0.0,0.0,0,0.0,48,0,0,0.0,0,0.0,True,True,True,UNKNOWN
pr01,0.05,0.75,0.9725,264,2,2,"[1, 2, 3]",0.0203,0.001061,0.001061,0.0,0.0,0.00053,0.0,0.0,0.00053,930.0456461297556,964.7656246321299,3.733147791923569,0.0,411.5908470070858,2,2,0,0,100.0,0.0,0.0,0,0.0,48,0,0,0.0,0,0.0,True,True,True,UNKNOWN
pr01,0.05,0.75,0.4492,375,2,2,"[1, 2, 3]",0.0233,0.002248,0.002248,0.0,0.0,0.001124,0.0,0.0,0.001124,930.0456461297556,963.5710083563869,3.6047007333609917,0.0,411.5908470070858,2,2,0,0,100.0,0.0,0.0,0,0.0,48,0,0,0.0,0,0.0,True,True,True,UNKNOWN
pr01,0.05,0.75,0.6592,486,2,2,"[1, 2, 3]",0.0202,0.001106,0.001106,0.0,0.0,0.000553,0.0,0.0,0.000553,930.0456461297556,939.2932972679253,0.9943222869385349,0.0,411.5908470070858,2,2,0,0,100.0,0.0,0.0,0,0.0,48,0,0,0.0,0,0.0,True,True,True,UNKNOWN
pr01,0.1,0.25,0.3921,42,4,4,"[1, 2, 3]",0.0213,0.002727,0.002727,0.0,0.0,0.000682,0.0,0.0,0.000682,930.0456461297556,981.417714719664,5.523607234084208,0.0,430.1475055559366,4,4,0,0,100.0,0.0,0.0,0,0.0,48,0,0,0.0,0,0.0,True,True,True,UNKNOWN
pr01,0.1,0.25,0.0954,153,4,4,"[1, 2, 3]",0.0194,0.002718,0.002718,0.0,0.0,0.00068,0.0,0.0,0.00068,930.0456461297556,964.6882964393924,3.7248333405781686,0.0,426.90113554582825,4,4,0,0,100.0,0.0,0.0,0,0.0,48,0,0,0.0,0,0.0,True,True,True,UNKNOWN
pr01,0.1,0.25,0.2429,264,4,3,"[1, 2, 3]",0.0235,0.003748,0.003725,0.0,0.0,0.001242,0.0,0.0,0.001249,930.0456461297556,966.4145692366658,3.9104449613042074,0.0,411.5908470070858,3,3,0,0,100.0,0.0,0.0,0,0.0,48,0,0,0.0,0,0.0,True,True,True,UNKNOWN
pr01,0.1,0.25,0.184,375,4,4,"[1, 2, 3]",0.026,0.007677,0.007677,0.0,0.0,0.001919,0.0,0.0,0.001919,930.0456461297556,994.1190964265339,6.889280172796928,0.0,434.0801664353865,4,4,0,0,100.0,0.0,0.0,0,0.0,48,0,0,0.0,0,0.0,True,True,True,UNKNOWN
pr01,0.1,0.25,0.1175,486,4,2,"[1, 2, 3]",0.0208,0.002456,0.002437,0.0,0.0,0.001219,0.0,0.0,0.001228,930.0456461297556,937.672337742838,0.8200341181983574,0.0,411.5908470070858,2,2,0,0,100.0,0.0,0.0,0,0.0,48,0,0,0.0,0,0.0,True,True,True,UNKNOWN
pr01,0.1,0.5,0.7042,42,4,4,"[1, 2, 3]",0.0192,0.003443,0.003443,0.0,0.0,0.000861,0.0,0.0,0.000861,930.0456461297556,981.417714719664,5.523607234084208,0.0,430.1475055559366,4,4,0,0,100.0,0.0,0.0,0,0.0,48,0,0,0.0,0,0.0,True,True,True,UNKNOWN
pr01,0.1,0.5,0.2004,153,4,4,"[1, 2, 3]",0.0207,0.004276,0.004276,0.0,0.0,0.001069,0.0,0.0,0.001069,930.0456461297556,962.5742357226596,3.497526140600394,0.0,432.90113554582825,4,4,0,0,100.0,0.0,0.0,0,0.0,48,0,0,0.0,0,0.0,True,True,True,UNKNOWN
pr01,0.1,0.5,0.5238,264,4,3,"[1, 2, 3]",0.0156,0.00194,0.001929,0.0,0.0,0.000643,0.0,0.0,0.000647,930.0456461297556,966.4145692366658,3.9104449613042074,0.0,411.5908470070858,3,3,0,0,100.0,0.0,0.0,0,0.0,48,0,0,0.0,0,0.0,True,True,True,UNKNOWN
pr01,0.1,0.5,0.3554,375,4,4,"[1, 2, 3]",0.0249,0.004181,0.004181,0.0,0.0,0.001045,0.0,0.0,0.001045,930.0456461297556,993.7466817040923,6.849237544352686,0.0,434.3135276844919,4,4,0,0,100.0,0.0,0.0,0,0.0,48,0,0,0.0,0,0.0,True,True,True,UNKNOWN
pr01,0.1,0.5,0.2858,486,4,2,"[1, 2, 3]",0.022,0.002338,0.002321,0.0,0.0,0.00116,0.0,0.0,0.001169,930.0456461297556,937.672337742838,0.8200341181983574,0.0,411.5908470070858,2,2,0,0,100.0,0.0,0.0,0,0.0,48,0,0,0.0,0,0.0,True,True,True,UNKNOWN
pr01,0.1,0.75,0.9325,42,4,4,"[1, 2, 3]",0.0233,0.007169,0.001081,0.0,0.006087,0.000541,0.0,0.003044,0.001792,930.0456461297556,1059.4067475991203,13.90911317177618,0.0,433.2831243685174,4,2,0,2,50.0,0.0,50.0,0,0.0,48,0,0,0.0,0,0.0,True,True,True,UNKNOWN
pr01,0.1,0.75,0.4525,153,4,3,"[1, 2, 3]",0.02,0.00145,0.001439,0.0,0.0,0.00048,0.0,0.0,0.000483,930.0456461297556,955.2639471839171,2.7115121885795275,0.0,411.5908470070858,3,3,0,0,100.0,0.0,0.0,0,0.0,48,0,0,0.0,0,0.0,True,True,True,UNKNOWN
pr01,0.1,0.75,0.7142,264,4,3,"[1, 2, 3]",0.0222,0.00273,0.002715,0.0,0.0,0.000905,0.0,0.0,0.00091,930.0456461297556,966.4145692366658,3.9104449613042074,0.0,411.5908470070858,3,3,0,0,100.0,0.0,0.0,0,0.0,48,0,0,0.0,0,0.0,True,True,True,UNKNOWN
pr01,0.1,0.75,0.5737,375,4,4,"[1, 2, 3]",0.0216,0.004914,0.004914,0.0,0.0,0.001229,0.0,0.0,0.001229,930.0456461297556,994.1190964265339,6.889280172796928,0.0,434.0801664353865,4,4,0,0,100.0,0.0,0.0,0,0.0,48,0,0,0.0,0,0.0,True,True,True,UNKNOWN
pr01,0.1,0.75,0.6592,486,4,3,"[1, 2, 3]",0.0249,0.004292,0.001027,0.0,0.003257,0.000513,0.0,0.003257,0.001431,930.0456461297556,1003.8874415405106,7.939588311394876,0.0,411.5908470070858,3,2,0,1,66.67,0.0,33.33,0,0.0,48,0,0,0.0,0,0.0,True,True,True,UNKNOWN
pr01,0.2,0.25,0.286,42,8,8,"[1, 2, 3]",0.0236,0.006771,0.006771,0.0,0.0,0.000846,0.0,0.0,0.000846,930.0456461297556,998.5228332729238,7.362777023700465,7.516496551349221,431.19121178677966,8,8,0,0,100.0,0.0,0.0,0,0.0,48,0,0,0.0,0,0.0,True,True,True,UNKNOWN
pr01,0.2,0.25,0.081,153,8,7,"[1, 2, 3]",0.0231,0.007992,0.007982,0.0,0.0,0.00114,0.0,0.0,0.001142,930.0456461297556,1022.0256486059386,9.88983743528545,0.0,484.23848771237465,7,7,0,0,100.0,0.0,0.0,0,0.0,48,0,0,0.0,0,0.0,True,True,True,UNKNOWN
pr01,0.2,0.25,0.2938,264,8,5,"[1, 2, 3]",0.022,0.005747,0.00572,0.0,0.0,0.001144,0.0,0.0,0.001149,930.0456461297556,982.6199272708704,5.6528710563717794,0.0,421.83090710171126,5,5,0,0,100.0,0.0,0.0,0,0.0,48,0,0,0.0,0,0.0,True,True,True,UNKNOWN
pr01,0.2,0.25,0.3199,375,8,6,"[1, 2, 3]",0.0264,0.011875,0.011846,0.0,0.0,0.001974,0.0,0.0,0.001979,930.0456461297556,1000.83522255206,7.6114088288982975,0.0,434.0801664353865,6,6,0,0,100.0,0.0,0.0,0,0.0,48,0,0,0.0,0,0.0,True,True,True,UNKNOWN
pr01,0.2,0.25,0.3517,486,8,6,"[1, 2, 3]",0.0223,0.00549,0.005466,0.0,0.0,0.000911,0.0,0.0,0.000915,930.0456461297556,966.881208127513,3.9606187235049184,0.0,411.5908470070858,6,6,0,0,100.0,0.0,0.0,0,0.0,48,0,0,0.0,0,0.0,True,True,True,UNKNOWN
pr01,0.2,0.5,0.7383,42,8,7,"[1, 2, 3]",0.0245,0.010506,0.005603,0.0,0.004893,0.000934,0.0,0.004893,0.001501,930.0456461297556,1062.360584287615,14.22671443154086,0.0,439.61759584339194,7,6,0,1,85.71,0.0,14.29,0,0.0,48,0,0,0.0,0,0.0,True,True,True,UNKNOWN
pr01,0.2,0.5,0.1585,153,8,7,"[1, 2, 3]",0.029,0.012151,0.012123,0.0,0.0,0.001732,0.0,0.0,0.001736,930.0456461297556,1019.9115878892059,9.662530235307676,0.0,490.23848771237465,7,7,0,0,100.0,0.0,0.0,0,0.0,48,0,0,0.0,0,0.0,True,True,True,UNKNOWN
pr01,0.2,0.5,0.5232,264,8,6,"[1, 2, 3]",0.0249,0.008174,0.008131,0.0,0.0,0.001355,0.0,0.0,0.001362,930.0456461297556,982.6199272708704,5.6528710563717794,0.0,421.83090710171126,6,6,0,0,100.0,0.0,0.0,0,0.0,48,0,0,0.0,0,0.0,True,True,True,UNKNOWN
pr01,0.2,0.5,0.4023,375,8,6,"[1, 2, 3]",0.0186,0.005791,0.005774,0.0,0.0,0.000962,0.0,0.0,0.000965,930.0456461297556,1002.9818837732947,7.842221287423071,0.0,443.5487297536942,6,6,0,0,100.0,0.0,0.0,0,0.0,48,0,0,0.0,0,0.0,True,True,True,UNKNOWN
pr01,0.2,0.5,0.5725,486,8,6,"[1, 2, 3]",0.0142,0.003603,0.003584,0.0,0.0,0.000597,0.0,0.0,0.000601,930.0456461297556,966.881208127513,3.9606187235049184,0.0,411.5908470070858,6,6,0,0,100.0,0.0,0.0,0,0.0,48,0,0,0.0,0,0.0,True,True,True,UNKNOWN
pr01,0.2,0.75,0.9584,42,8,6,"[1, 2, 3]",0.0227,0.009112,0.00239,0.0,0.006683,0.000598,0.0,0.003341,0.001519,930.0456461297556,1064.7234418295118,14.480772665319975,0.0,433.2831243685174,6,4,0,2,66.67,0.0,33.33,0,0.0,48,0,0,0.0,0,0.0,True,True,True,UNKNOWN
pr01,0.2,0.75,0.6473,153,8,5,"[1, 2, 3]",0.0194,0.003029,0.003006,0.0,0.0,0.000601,0.0,0.0,0.000606,930.0456461297556,997.4111120829838,7.243242977756993,0.0,453.7380119061525,5,5,0,0,100.0,0.0,0.0,0,0.0,48,0,0,0.0,0,0.0,True,True,True,UNKNOWN
pr01,0.2,0.75,0.5785,264,8,6,"[1, 2, 3]",0.0227,0.004079,0.004058,0.0,0.0,0.000676,0.0,0.0,0.00068,930.0456461297556,984.9210574677172,5.900292266978224,0.0,412.9467131566444,6,6,0,0,100.0,0.0,0.0,0,0.0,48,0,0,0.0,0,0.0,True,True,True,UNKNOWN
pr01,0.2,0.75,0.7606,375,8,6,"[1, 2, 3]",0.0213,0.005763,0.005744,0.0,0.0,0.000957,0.0,0.0,0.00096,930.0456461297556,1000.83522255206,7.6114088288982975,0.0,434.0801664353865,6,6,0,0,100.0,0.0,0.0,0,0.0,48,0,0,0.0,0,0.0,True,True,True,UNKNOWN
pr01,0.2,0.75,0.82,486,8,6,"[1, 2, 3]",0.0252,0.007117,0.003026,0.0,0.004058,0.000605,0.0,0.004058,0.001186,930.0456461297556,1032.6837401189039,11.035812534176273,0.0,411.5908470070858,6,5,0,1,83.33,0.0,16.67,0,0.0,48,0,0,0.0,0,0.0,True,True,True,UNKNOWN
pr01,0.4,0.25,0.3615,42,17,16,"[1, 2, 3]",0.0367,0.016283,0.016274,0.0,0.0,0.001017,0.0,0.0,0.001018,930.0456461297556,1091.5568285092031,17.365941451535406,7.516496551349221,442.55738482318793,16,16,0,0,100.0,0.0,0.0,0,0.0,48,0,0,0.0,0,0.0,True,True,True,UNKNOWN
pr01,0.4,0.25,0.1182,153,17,16,"[1, 2, 3]",0.0489,0.032414,0.02608,0.0,0.006324,0.001739,0.0,0.006324,0.002026,930.0456461297556,1127.0257824264909,21.17962028169675,0.0,489.60521544713015,16,15,0,1,93.75,0.0,6.25,0,0.0,48,0,0,0.0,0,0.0,True,True,True,UNKNOWN
pr01,0.4,0.25,0.2209,264,17,13,"[1, 2, 3]",0.0459,0.028377,0.022447,0.0,0.00586,0.001871,0.0,0.00586,0.002183,930.0456461297556,1121.2363589665242,20.557132182961112,0.0,515.7222648670185,13,12,0,1,92.31,0.0,7.69,0,0.0,48,0,0,0.0,0,0.0,True,True,True,UNKNOWN
pr01,0.4,0.25,0.3303,375,17,13,"[1, 2, 3]",0.046,0.028082,0.015439,0.0,0.012594,0.001404,0.0,0.006297,0.00216,930.0456461297556,1069.4003651181843,14.983642960787169,0.0,434.841825989255,13,11,0,2,84.62,0.0,15.38,0,0.0,48,0,0,0.0,0,0.0,True,True,True,UNKNOWN
pr01,0.4,0.25,0.3697,486,17,12,"[1, 2, 3]",0.0302,0.012095,0.010238,0.00181,0.0,0.000931,0.00181,0.0,0.001008,930.0456461297556,1074.9286526223602,15.578053302600079,72.24101946000366,455.87313712322066,12,11,1,0,91.67,8.33,0.0,0,0.0,48,0,0,0.0,0,0.0,True,True,True,UNKNOWN
pr01,0.4,0.5,0.597,42,17,14,"[1, 2, 3]",0.042,0.024107,0.011231,0.0,0.012842,0.001021,0.0,0.004281,0.001722,930.0456461297556,1250.0996870370927,34.41272396029095,0.0,515.7291992268345,14,11,0,3,78.57,0.0,21.43,0,0.0,48,0,0,0.0,1,3.15,False,True,False,UNKNOWN
pr01,0.4,0.5,0.4578,153,17,14,"[1, 2, 3]",0.0455,0.025594,0.012819,0.0,0.012733,0.001165,0.0,0.004244,0.001828,930.0456461297556,1249.4445718400373,34.34228492326285,0.0,490.23848771237465,14,11,0,3,78.57,0.0,21.43,0,0.0,48,0,0,0.0,0,0.0,True,True,True,UNKNOWN
pr01,0.4,0.5,0.4677,264,17,11,"[1, 2, 3]",0.0223,0.007783,0.007731,0.0,0.0,0.000703,0.0,0.0,0.000708,930.0456461297556,1071.2187881567797,15.179162723302328,0.0,473.59526095052655,11,11,0,0,100.0,0.0,0.0,0,0.0,48,0,0,0.0,0,0.0,True,True,True,UNKNOWN
pr01,0.4,0.5,0.4445,375,17,10,"[1, 2, 3]",0.0483,0.029548,0.017651,0.0,0.011682,0.001961,0.0,0.011682,0.002955,930.0456461297556,989.7086555052999,6.415062489010398,0.0,502.7742362986156,10,9,0,1,90.0,0.0,10.0,0,0.0,48,0,0,0.0,1,0.55,False,True,False,UNKNOWN
pr01,0.4,0.5,0.6869,486,17,11,"[1, 2, 3]",0.0478,0.031432,0.013636,0.006688,0.011003,0.001704,0.006688,0.005501,0.002857,930.0456461297556,1101.8379308105173,18.47138206556305,24.793066551572906,466.93356246384695,11,8,1,2,72.73,9.09,18.18,0,0.0,48,0,0,0.0,0,0.0,True,True,True,UNKNOWN
pr01,0.4,0.75,0.7951,42,17,11,"[1, 2, 3]",0.0308,0.014035,0.007099,0.0,0.006875,0.000789,0.0,0.003438,0.001276,930.0456461297556,1176.2480338259502,26.472075722382943,0.0,472.0539512351989,11,9,0,2,81.82,0.0,18.18,0,0.0,48,0,0,0.0,0,0.0,True,True,True,UNKNOWN
pr01,0.4,0.75,0.8292,153,17,10,"[1, 2, 3]",0.0249,0.008117,0.005627,0.0,0.002437,0.000625,0.0,0.002437,0.000812,930.0456461297556,1105.7156750292957,18.88832334526422,0.0,453.7380119061525,10,9,0,1,90.0,0.0,10.0,0,0.0,48,0,0,0.0,0,0.0,True,True,True,UNKNOWN
pr01,0.4,0.75,0.4775,264,17,13,"[1, 2, 3]",0.0335,0.016279,0.011297,0.0,0.004938,0.000941,0.0,0.004938,0.001252,930.0456461297556,1120.4310000504552,20.470538700219656,0.0,442.841248594483,13,12,0,1,92.31,0.0,7.69,0,0.0,48,0,0,0.0,0,0.0,True,True,True,UNKNOWN
pr01,0.4,0.75,0.8041,375,17,10,"[1, 2, 3]",0.026,0.007626,0.007553,0.0,0.0,0.000755,0.0,0.0,0.000763,930.0456461297556,1052.6307796241435,13.180550224013999,0.0,445.2791548477611,10,10,0,0,100.0,0.0,0.0,0,0.0,48,0,0,0.0,0,0.0,True,True,True,UNKNOWN
pr01,0.4,0.75,0.7169,486,17,13,"[1, 2, 3]",0.0418,0.025371,0.010113,0.0,0.01521,0.001011,0.0,0.00507,0.001952,930.0456461297556,1154.835945275335,24.169813608720204,17.993066551572923,471.93764811297103,13,10,0,3,76.92,0.0,23.08,0,0.0,48,0,0,0.0,0,0.0,True,True,True,UNKNOWN
pr02,0.05,0.25,0.4019,42,4,4,"[1, 2, 3]",0.0262,0.006636,0.006636,0.0,0.0,0.001659,0.0,0.0,0.001659,1429.8428511969842,1495.097514081077,4.563764670324802,0.0,474.51264154878083,4,4,0,0,100.0,0.0,0.0,0,0.0,96,0,0,0.0,0,0.0,True,True,True,UNKNOWN
pr02,0.05,0.25,0.0858,153,4,4,"[1, 2, 3]",0.0665,0.047081,0.003002,0.0,0.044079,0.001501,0.0,0.02204,0.01177,1429.8428511969842,1657.5249562345405,15.92357543676591,0.0,479.11377473071695,4,2,0,2,50.0,0.0,50.0,0,0.0,96,0,0,0.0,0,0.0,True,True,True,UNKNOWN
pr02,0.05,0.25,0.2317,264,4,3,"[1, 2, 3]",0.0254,0.006215,0.006198,0.0,0.0,0.002066,0.0,0.0,0.002072,1429.8428511969842,1451.216509440961,1.4948256884373068,0.0,474.51264154878083,3,3,0,0,100.0,0.0,0.0,0,0.0,96,0,0,0.0,0,0.0,True,True,True,UNKNOWN
pr02,0.05,0.25,0.184,375,4,2,"[1, 2, 3]",0.0248,0.004588,0.004559,0.0,0.0,0.00228,0.0,0.0,0.002294,1429.8428511969842,1446.4211495885347,1.1594489826397454,0.0,474.51264154878083,2,2,0,0,100.0,0.0,0.0,0,0.0,96,0,0,0.0,0,0.0,True,True,True,UNKNOWN
pr02,0.05,0.25,0.2346,486,4,4,"[1, 2, 3]",0.0372,0.016732,0.004292,0.0,0.012441,0.001431,0.0,0.012441,0.004183,1429.8428511969842,1588.9454401764153,11.127277997455415,0.0,471.93339180662963,4,3,0,1,75.0,0.0,25.0,0,0.0,96,0,0,0.0,0,0.0,True,True,True,UNKNOWN
pr02,0.05,0.5,0.6725,42,4,4,"[1, 2, 3]",0.0232,0.004112,0.004112,0.0,0.0,0.001028,0.0,0.0,0.001028,1429.8428511969842,1494.481958697067,4.520714108265161,0.0,474.51264154878083,4,4,0,0,100.0,0.0,0.0,0,0.0,96,0,0,0.0,0,0.0,True,True,True,UNKNOWN
pr02,0.05,0.5,0.1725,153,4,4,"[1, 2, 3]",0.114,0.093127,0.006902,0.0,0.086225,0.003451,0.0,0.043112,0.023282,1429.8428511969842,1649.1436055831691,15.337402582570434,0.0,471.93339180662963,4,2,0,2,50.0,0.0,50.0,0,0.0,96,0,0,0.0,0,0.0,True,True,True,UNKNOWN
pr02,0.05,0.5,0.6492,264,4,0,"[1, 2, 3]",0.0236,0.000116,0.0,0.0,0.0,0.0,0.0,0.0,0.0,1429.8428511969842,1429.8428511969842,0.0,0.0,474.51264154878083,0,0,0,0,0.0,0.0,0.0,0,0.0,96,0,0,0.0,0,0.0,True,True,True,UNKNOWN
pr02,0.05,0.5,0.3554,375,4,3,"[1, 2, 3]",0.0306,0.005015,0.00498,0.0,0.0,0.00166,0.0,0.0,0.001672,1429.8428511969842,1461.4983688849097,2.2139158622519495,0.0,474.51264154878083,3,3,0,0,100.0,0.0,0.0,0,0.0,96,0,0,0.0,0,0.0,True,True,True,UNKNOWN
pr02,0.05,0.5,0.4292,486,4,4,"[1, 2, 3]",0.04,0.019454,0.004281,0.0,0.015173,0.001427,0.0,0.015173,0.004864,1429.8428511969842,1490.4746328692813,4.240450733557163,0.0,471.93339180662963,4,3,0,1,75.0,0.0,25.0,0,0.0,96,0,1,8.72,0,0.0,False,True,False,UNKNOWN
pr02,0.05,0.75,0.9087,42,4,4,"[1, 2, 3]",0.0322,0.007534,0.007534,0.0,0.0,0.001884,0.0,0.0,0.001884,1429.8428511969842,1499.1231254104075,4.845306891972485,0.0,474.51264154878083,4,4,0,0,100.0,0.0,0.0,0,0.0,96,0,0,0.0,0,0.0,True,True,True,UNKNOWN
pr02,0.05,0.75,0.6142,153,4,4,"[1, 2, 3]",0.0693,0.040652,0.006167,0.0,0.034486,0.002056,0.0,0.034486,0.010163,1429.8428511969842,1595.20015552212,11.56471875120458,0.0,474.51264154878083,4,3,0,1,75.0,0.0,25.0,0,0.0,96,0,0,0.0,0,0.0,True,True,True,UNKNOWN
pr02,0.05,0.75,0.9725,264,4,0,"[1, 2, 3]",0.0251,8.5e-05,0.0,0.0,0.0,0.0,0.0,0.0,0.0,1429.8428511969842,1429.8428511969842,0.0,0.0,474.51264154878083,0,0,0,0,0.0,0.0,0.0,0,0.0,96,0,0,0.0,0,0.0,True,True,True,UNKNOWN
pr02,0.05,0.75,0.5737,375,4,3,"[1, 2, 3]",0.0355,0.010861,0.010807,0.0,0.0,0.003602,0.0,0.0,0.00362,1429.8428511969842,1461.4983688849097,2.2139158622519495,0.0,474.51264154878083,3,3,0,0,100.0,0.0,0.0,0,0.0,96,0,0,0.0,0,0.0,True,True,True,UNKNOWN
pr02,0.05,0.75,0.7396,486,4,4,"[1, 2, 3]",0.0548,0.028988,0.002091,0.0,0.026897,0.001045,0.0,0.013449,0.007247,1429.8428511969842,1539.3856027808574,7.661174197721815,0.0,471.93339180662963,4,2,0,2,50.0,0.0,50.0,0,0.0,96,0,1,8.72,0,0.0,False,True,False,UNKNOWN
pr02,0.1,0.25,0.2909,42,8,8,"[1, 2, 3]",0.0739,0.048277,0.025102,0.0,0.023175,0.003586,0.0,0.023175,0.006035,1429.8428511969842,1520.3366684688087,6.3289344836789745,0.0,474.51264154878083,8,7,0,1,87.5,0.0,12.5,0,0.0,96,0,0,0.0,0,0.0,True,True,True,UNKNOWN
pr02,0.1,0.25,0.0762,153,8,6,"[1, 2, 3]",0.1684,0.142703,0.008129,0.0,0.134518,0.00271,0.0,0.044839,0.023784,1429.8428511969842,1682.2608192627044,17.653546181974484,0.0,477.7241325209466,6,3,0,3,50.0,0.0,50.0,0,0.0,96,0,0,0.0,0,0.0,True,True,True,UNKNOWN
pr02,0.1,0.25,0.2317,264,8,6,"[1, 2, 3]",0.0783,0.054974,0.033178,0.0,0.021717,0.006636,0.0,0.021717,0.009162,1429.8428511969842,1481.635900346227,3.6222896177635535,0.0,474.51264154878083,6,5,0,1,83.33,0.0,16.67,0,0.0,96,0,0,0.0,0,0.0,True,True,True,UNKNOWN
pr02,0.1,0.25,0.3199,375,8,4,"[1, 2, 3]",0.0597,0.034914,0.010642,0.0,0.024168,0.003547,0.0,0.024168,0.008729,1429.8428511969842,1489.6761073266778,4.184603649247507,0.0,474.79251586672615,4,3,0,1,75.0,0.0,25.0,0,0.0,96,0,1,3.08,0,0.0,False,True,False,UNKNOWN
pr02,0.1,0.25,0.3733,486,8,7,"[1, 2, 3]",0.0778,0.057505,0.014971,0.0,0.042505,0.002994,0.0,0.021253,0.008215,1429.8428511969842,1629.0848498422877,13.934538224148849,0.0,471.93339180662963,7,5,0,2,71.43,0.0,28.57,0,0.0,96,0,1,9.74,0,0.0,False,True,False,UNKNOWN
pr02,0.1,0.5,0.7225,42,8,5,"[1, 2, 3]",0.0365,0.012983,0.012861,0.0,0.0,0.002572,0.0,0.0,0.002597,1429.8428511969842,1498.057408422132,4.770773037613366,0.0,474.51264154878083,5,5,0,0,100.0,0.0,0.0,0,0.0,96,0,0,0.0,0,0.0,True,True,True,UNKNOWN
pr02,0.1,0.5,0.1446,153,8,5,"[1, 2, 3]",0.1265,0.099876,0.00673,0.0,0.093006,0.003365,0.0,0.031002,0.019975,1429.8428511969842,1682.2608192627044,17.653546181974484,0.0,469.7241325209466,5,2,0,3,40.0,0.0,60.0,0,0.0,96,0,0,0.0,0,0.0,True,True,True,UNKNOWN
pr02,0.1,0.5,0.6492,264,8,2,"[1, 2, 3]",0.0386,0.016472,0.001765,0.0,0.014565,0.001765,0.0,0.014565,0.008236,1429.8428511969842,1504.9978983269123,5.256175324932563,0.0,474.51264154878083,2,1,0,1,50.0,0.0,50.0,0,0.0,96,0,0,0.0,0,0.0,True,True,True,UNKNOWN
pr02,0.1,0.5,0.4023,375,8,5,"[1, 2, 3]",0.0338,0.009467,0.00939,0.0,0.0,0.001878,0.0,0.0,0.001893,1429.8428511969842,1474.6394156908195,3.1329711832551532,15.512950896280614,474.51264154878083,5,5,0,0,100.0,0.0,0.0,0,0.0,96,0,0,0.0,0,0.0,True,True,True,UNKNOWN
pr02,0.1,0.5,0.6171,486,8,6,"[1, 2, 3]",0.0484,0.023019,0.008729,0.0,0.014211,0.001746,0.0,0.014211,0.003837,1429.8428511969842,1513.606666523208,5.858253251824254,0.0,471.93339180662963,6,5,0,1,83.33,0.0,16.67,0,0.0,96,0,1,8.72,0,0.0,False,True,False,UNKNOWN
pr02,0.1,0.75,0.9466,42,8,5,"[1, 2, 3]",0.0339,0.009244,0.009175,0.0,0.0,0.001835,0.0,0.0,0.001849,1429.8428511969842,1502.6985751354725,5.09536582132069,0.0,474.51264154878083,5,5,0,0,100.0,0.0,0.0,0,0.0,96,0,0,0.0,0,0.0,True,True,True,UNKNOWN
pr02,0.1,0.75,0.7212,153,8,7,"[1, 2, 3]",0.0498,0.025705,0.009257,0.0,0.016434,0.001543,0.0,0.016434,0.003672,1429.8428511969842,1620.6849345421651,13.34706700008457,0.0,474.51264154878083,7,6,0,1,85.71,0.0,14.29,0,0.0,96,0,0,0.0,0,0.0,True,True,True,UNKNOWN
pr02,0.1,0.75,0.9725,264,8,1,"[1, 2, 3]",0.0231,0.001891,0.001737,0.0,0.0,0.001737,0.0,0.0,0.001891,1429.8428511969842,1450.7001581909938,1.4587132408676267,0.0,474.51264154878083,1,1,0,0,100.0,0.0,0.0,0,0.0,96,0,0,0.0,0,0.0,True,True,True,UNKNOWN
pr02,0.1,0.75,0.7606,375,8,3,"[1, 2, 3]",0.0251,0.003115,0.003057,0.0,0.0,0.001019,0.0,0.0,0.001038,1429.8428511969842,1461.4983688849097,2.2139158622519495,0.0,474.51264154878083,3,3,0,0,100.0,0.0,0.0,0,0.0,96,0,0,0.0,0,0.0,True,True,True,UNKNOWN
pr02,0.1,0.75,0.8019,486,8,5,"[1, 2, 3]",0.0401,0.019172,0.002148,0.0,0.016985,0.000716,0.0,0.008493,0.003834,1429.8428511969842,1547.805281569639,8.25002763582748,0.0,471.93339180662963,5,3,0,2,60.0,0.0,40.0,0,0.0,96,0,1,8.72,0,0.0,False,True,False,UNKNOWN
pr02,0.2,0.25,0.259,42,17,12,"[1, 2, 3]",0.0714,0.049693,0.023127,0.0,0.026434,0.002313,0.0,0.013217,0.004141,1429.8428511969842,1582.5580508261062,10.680558321586,0.0,474.51264154878083,12,10,0,2,83.33,0.0,16.67,0,0.0,96,0,0,0.0,0,0.0,True,True,True,UNKNOWN
pr02,0.2,0.25,0.0712,153,17,12,"[1, 2, 3]",0.157,0.134272,0.013152,0.013981,0.107056,0.001879,0.013981,0.026764,0.011189,1429.8428511969842,1699.485348819625,18.858191121976184,0.0,487.9767661301981,12,7,1,4,58.33,8.33,33.33,0,0.0,96,0,0,0.0,0,0.0,True,True,True,UNKNOWN
pr02,0.2,0.25,0.2409,264,17,12,"[1, 2, 3]",0.1189,0.094487,0.019106,0.0,0.075264,0.002388,0.0,0.018816,0.007874,1429.8428511969842,1659.4413733247586,16.057605347018903,0.0,469.1346244929631,12,8,0,4,66.67,0.0,33.33,0,0.0,96,0,0,0.0,0,0.0,True,True,True,UNKNOWN
pr02,0.2,0.25,0.3109,375,17,11,"[1, 2, 3]",0.1021,0.054432,0.01907,0.0,0.03527,0.002384,0.0,0.011757,0.004948,1429.8428511969842,1607.269778250237,12.408841076816314,0.0,474.79251586672615,11,8,0,3,72.73,0.0,27.27,0,0.0,96,0,1,3.08,0,0.0,False,True,False,UNKNOWN
pr02,0.2,0.25,0.4077,486,17,12,"[1, 2, 3]",0.0809,0.057704,0.033035,0.0,0.024573,0.003304,0.0,0.012286,0.004809,1429.8428511969842,1692.4946968731692,18.369280614041443,0.0,471.93339180662963,12,10,0,2,83.33,0.0,16.67,0,0.0,96,0,1,9.74,0,0.0,False,True,False,UNKNOWN
pr02,0.2,0.5,0.7105,42,17,13,"[1, 2, 3]",0.0491,0.026948,0.02685,0.0,0.0,0.002065,0.0,0.0,0.002073,1429.8428511969842,1584.16544698935,10.792976001745613,12.60526570978979,474.51264154878083,13,13,0,0,100.0,0.0,0.0,0,0.0,96,0,0,0.0,0,0.0,True,True,True,UNKNOWN
pr02,0.2,0.5,0.1298,153,17,10,"[1, 2, 3]",0.1318,0.107821,0.008109,0.010029,0.089547,0.001622,0.010029,0.022387,0.010782,1429.8428511969842,1722.3003245568395,20.453819321125145,0.0,479.3556263097279,10,5,1,4,50.0,10.0,40.0,0,0.0,96,0,0,0.0,0,0.0,True,True,True,UNKNOWN
pr02,0.2,0.5,0.5459,264,17,7,"[1, 2, 3]",0.1071,0.080687,0.006052,0.015861,0.058514,0.002017,0.015861,0.019505,0.011527,1429.8428511969842,1662.8019303180042,16.29263516098988,0.0,479.448415030146,7,3,1,3,42.86,14.29,42.86,0,0.0,96,0,0,0.0,0,0.0,True,True,True,UNKNOWN
pr02,0.2,0.5,0.4734,375,17,10,"[1, 2, 3]",0.0712,0.043737,0.012949,0.011267,0.019371,0.001619,0.011267,0.019371,0.004374,1429.8428511969842,1509.1615323701076,5.547370545421987,15.512950896280614,474.51264154878083,10,8,1,1,80.0,10.0,10.0,0,0.0,96,0,0,0.0,0,0.0,True,True,True,UNKNOWN
pr02,0.2,0.5,0.6879,486,17,12,"[1, 2, 3]",0.0531,0.026406,0.012478,0.0,0.01378,0.001134,0.0,0.01378,0.002201,1429.8428511969842,1557.7331995551847,8.9443639383963,0.0,471.93339180662963,12,11,0,1,91.67,0.0,8.33,0,0.0,96,0,1,8.72,0,0.0,False,True,False,UNKNOWN
pr02,0.2,0.75,0.9641,42,17,11,"[1, 2, 3]",0.0484,0.024463,0.014396,0.0,0.009941,0.00144,0.0,0.009941,0.002224,1429.8428511969842,1574.0745914230267,10.087244210459902,0.0,478.2786462592503,11,10,0,1,90.91,0.0,9.09,0,0.0,96,0,1,2.05,0,0.0,False,True,False,UNKNOWN
pr02,0.2,0.75,0.8175,153,17,13,"[1, 2, 3]",0.0645,0.043778,0.01531,0.002847,0.025577,0.001392,0.002847,0.025577,0.003368,1429.8428511969842,1663.0037826205403,16.306752258009812,0.0,474.51264154878083,13,11,1,1,84.62,7.69,7.69,0,0.0,96,0,0,0.0,0,0.0,True,True,True,UNKNOWN
pr02,0.2,0.75,0.7598,264,17,7,"[1, 2, 3]",0.0948,0.070901,0.005752,0.014437,0.050557,0.001438,0.014437,0.025278,0.010129,1429.8428511969842,1654.0902885653823,15.683362488449044,4.598727859179206,479.448415030146,7,4,1,2,57.14,14.29,28.57,0,0.0,96,0,0,0.0,0,0.0,True,True,True,UNKNOWN
pr02,0.2,0.75,0.7627,375,17,6,"[1, 2, 3]",0.0504,0.025772,0.006389,0.003141,0.016025,0.001597,0.003141,0.016025,0.004295,1429.8428511969842,1609.420497710573,12.559257568987848,0.0,474.51264154878083,6,4,1,1,66.67,16.67,16.67,0,0.0,96,0,0,0.0,0,0.0,True,True,True,UNKNOWN
pr02,0.2,0.75,0.7731,486,17,13,"[1, 2, 3]",0.1103,0.058982,0.013551,0.014631,0.030663,0.001355,0.014631,0.015332,0.004537,1429.8428511969842,1553.4897860942417,8.647589124479468,0.0,471.93339180662963,13,10,1,2,76.92,7.69,15.38,0,0.0,96,0,1,8.72,0,0.0,False,True,False,UNKNOWN
pr02,0.4,0.25,0.2532,42,35,25,"[1, 2, 3]",0.1466,0.122728,0.071089,0.004534,0.046867,0.003385,0.004534,0.015622,0.004909,1429.8428511969842,1732.0013433459494,21.13228680312771,0.0,474.51264154878083,25,21,1,3,84.0,4.0,12.0,0,0.0,96,0,0,0.0,0,0.0,True,True,True,UNKNOWN
pr02,0.4,0.25,0.2977,153,35,21,"[1, 2, 3]",0.1484,0.12535,0.020357,0.018337,0.086415,0.001272,0.018337,0.021604,0.005969,1429.8428511969842,1752.1022155629869,22.538096693369155,4.265884451986196,487.9767661301981,21,16,1,4,76.19,4.76,19.05,0,0.0,96,0,0,0.0,0,0.0,True,True,True,UNKNOWN
pr02,0.4,0.25,0.1918,264,35,26,"[1, 2, 3]",0.1702,0.145954,0.049904,0.012425,0.083416,0.002376,0.012425,0.020854,0.005614,1429.8428511969842,1818.262663380343,27.165209929062872,0.0,483.60656483363624,26,21,1,4,80.77,3.85,15.38,0,0.0,96,0,0,0.0,0,0.0,True,True,True,UNKNOWN
pr02,0.4,0.25,0.2235,375,35,23,"[1, 2, 3]",0.1441,0.121591,0.057376,0.01267,0.051223,0.003188,0.006335,0.017074,0.005287,1429.8428511969842,1822.5530607548424,27.4652706924473,0.0,478.2786462592503,23,18,2,3,78.26,8.7,13.04,0,0.0,96,0,0,0.0,0,0.0,True,True,True,UNKNOWN
pr02,0.4,0.25,0.3719,486,35,21,"[1, 2, 3]",0.1459,0.123757,0.03884,0.012044,0.072559,0.002285,0.012044,0.024186,0.005893,1429.8428511969842,1744.723029761451,22.022012999601102,0.0,476.5211912226126,21,17,1,3,80.95,4.76,14.29,0,0.0,96,0,0,0.0,0,0.0,True,True,True,UNKNOWN
pr02,0.4,0.5,0.6948,42,35,21,"[1, 2, 3]",0.0762,0.050323,0.034518,0.0,0.015533,0.001726,0.0,0.015533,0.002396,1429.8428511969842,1875.657100753962,31.179248067979437,53.95482927945696,487.5883653654767,21,20,0,1,95.24,0.0,4.76,0,0.0,96,0,0,0.0,1,1.58,False,True,False,UNKNOWN
pr02,0.4,0.5,0.1985,153,35,21,"[1, 2, 3]",0.2247,0.202443,0.027398,0.018518,0.156167,0.001957,0.018518,0.026028,0.00964,1429.8428511969842,1791.596561515981,25.30024261170778,10.465634025462094,467.1225868007284,21,14,1,6,66.67,4.76,28.57,0,0.0,96,0,0,0.0,0,0.0,True,True,True,UNKNOWN
pr02,0.4,0.5,0.4681,264,35,19,"[1, 2, 3]",0.1784,0.151322,0.027134,0.010874,0.112922,0.002261,0.010874,0.01882,0.007964,1429.8428511969842,1802.2905644489324,26.048157176164917,8.065884451986193,464.8143405950279,19,12,1,6,63.16,5.26,31.58,0,0.0,96,0,0,0.0,0,0.0,True,True,True,UNKNOWN
pr02,0.4,0.5,0.369,375,35,24,"[1, 2, 3]",0.1903,0.155567,0.055687,0.0,0.099631,0.002931,0.0,0.019926,0.006482,1429.8428511969842,1859.991200098144,30.08361013527212,15.512950896280614,478.3204777328029,24,19,0,5,79.17,0.0,20.83,0,0.0,96,0,1,7.69,0,0.0,False,True,False,UNKNOWN
pr02,0.4,0.5,0.7487,486,35,21,"[1, 2, 3]",0.1056,0.078733,0.018937,0.007219,0.052259,0.001114,0.007219,0.01742,0.003749,1429.8428511969842,1811.5342946953479,26.69464292378936,0.0,476.5211912226126,21,17,1,3,80.95,4.76,14.29,0,0.0,96,0,0,0.0,0,0.0,True,True,True,UNKNOWN
pr02,0.4,0.75,0.7823,42,35,26,"[1, 2, 3]",0.1854,0.159721,0.025426,0.008266,0.125856,0.001496,0.008266,0.015732,0.006143,1429.8428511969842,2035.8350606530116,42.38173509408568,102.94956356966716,520.3713163506568,26,17,1,8,65.38,3.85,30.77,0,0.0,96,0,0,0.0,1,7.18,False,True,False,UNKNOWN
pr02,0.4,0.75,0.8388,153,35,18,"[1, 2, 3]",0.139,0.114497,0.021593,0.01303,0.079466,0.001799,0.006515,0.019866,0.006361,1429.8428511969842,1849.9463579997405,29.38109642266416,0.0,487.54718556227095,18,12,2,4,66.67,11.11,22.22,0,0.0,96,0,0,0.0,1,1.57,False,True,False,UNKNOWN
pr02,0.4,0.75,0.4876,264,35,20,"[1, 2, 3]",0.1671,0.141267,0.042293,0.021101,0.077544,0.00282,0.01055,0.025848,0.007063,1429.8428511969842,1808.0983088274952,26.45433778361425,6.90141641390489,479.448415030146,20,15,2,3,75.0,10.0,15.0,0,0.0,96,0,0,0.0,0,0.0,True,True,True,UNKNOWN
pr02,0.4,0.75,0.644,375,35,16,"[1, 2, 3]",0.0944,0.067785,0.020589,0.0,0.04673,0.001584,0.0,0.015577,0.004237,1429.8428511969842,1814.858985295193,26.92716432270126,0.0,543.8658414198534,16,13,0,3,81.25,0.0,18.75,0,0.0,96,0,0,0.0,1,13.31,False,True,False,UNKNOWN
pr02,0.4,0.75,0.7944,486,35,17,"[1, 2, 3]",0.1025,0.075411,0.011894,0.011944,0.051175,0.000991,0.011944,0.012794,0.004436,1429.8428511969842,1778.9443738689229,24.415377003122444,0.0,471.93339180662963,17,12,1,4,70.59,5.88,23.53,0,0.0,96,0,0,0.0,0,0.0,True,True,True,UNKNOWN
pr03,0.05,0.25,0.2546,42,6,5,"[1, 2, 3]",0.1028,0.071929,0.009281,0.0,0.06261,0.00232,0.0,0.06261,0.014386,1995.3029675088508,2109.5917742777265,5.72789238676701,0.0,447.11489189896054,5,4,0,1,80.0,0.0,20.0,0,0.0,144,0,0,0.0,0,0.0,True,True,True,UNKNOWN
pr03,0.05,0.25,0.0794,153,6,6,"[1, 2, 3]",0.0616,0.006949,0.006949,0.0,0.0,0.001158,0.0,0.0,0.001158,1995.3029675088508,2036.5954693773588,2.0694853133036717,0.0,465.36559001940134,6,6,0,0,100.0,0.0,0.0,0,0.0,144,0,0,0.0,0,0.0,True,True,True,UNKNOWN
pr03,0.05,0.25,0.1169,264,6,5,"[1, 2, 3]",0.1027,0.075651,0.011176,0.0,0.064428,0.003725,0.0,0.032214,0.01513,1995.3029675088508,2128.0166923304296,6.65130694349003,0.0,440.9790976827267,5,3,0,2,60.0,0.0,40.0,0,0.0,144,0,0,0.0,0,0.0,True,True,True,UNKNOWN
pr03,0.05,0.25,0.2142,375,6,4,"[1, 2, 3]",0.0359,0.00998,0.009911,0.0,0.0,0.002478,0.0,0.0,0.002495,1995.3029675088508,2034.6269098857392,1.9708256348650983,0.0,467.4826630509346,4,4,0,0,100.0,0.0,0.0,0,0.0,144,0,0,0.0,0,0.0,True,True,True,UNKNOWN
pr03,0.05,0.25,0.1175,486,6,3,"[1, 2, 3]",0.0636,0.035505,0.002077,0.033278,0.0,0.001038,0.033278,0.0,0.011835,1995.3029675088508,2010.5642160601058,0.7648587106703282,0.0,446.46149365422855,3,2,1,0,66.67,33.33,0.0,0,0.0,144,0,0,0.0,0,0.0,True,True,True,UNKNOWN
pr03,0.05,0.5,0.5218,42,6,5,"[1, 2, 3]",0.0882,0.057802,0.007328,0.027139,0.023309,0.002443,0.027139,0.023309,0.01156,1995.3029675088508,2182.3650765853095,9.375123082686885,0.0,455.21489189896056,5,3,1,1,60.0,20.0,20.0,0,0.0,144,0,0,0.0,0,0.0,True,True,True,UNKNOWN
pr03,0.05,0.5,0.1539,153,6,6,"[1, 2, 3]",0.0763,0.044191,0.007133,0.037058,0.0,0.001427,0.037058,0.0,0.007365,1995.3029675088508,2031.8074780163201,1.8295221879535166,0.0,446.46149365422855,6,5,1,0,83.33,16.67,0.0,0,0.0,144,0,0,0.0,0,0.0,True,True,True,UNKNOWN
pr03,0.05,0.5,0.4108,264,6,3,"[1, 2, 3]",0.0721,0.041704,0.006435,0.03517,0.0,0.003217,0.03517,0.0,0.013901,1995.3029675088508,2069.8016635940457,3.733703467509353,31.60285412988209,445.322436193689,3,2,1,0,66.67,33.33,0.0,0,0.0,144,0,0,0.0,0,0.0,True,True,True,UNKNOWN
pr03,0.05,0.5,0.3658,375,6,4,"[1, 2, 3]",0.1212,0.096279,0.003699,0.092509,0.0,0.001849,0.046254,0.0,0.02407,1995.3029675088508,2038.148700371766,2.1473296817880416,0.0,454.378084917608,4,2,2,0,50.0,50.0,0.0,0,0.0,144,0,0,0.0,0,0.0,True,True,True,UNKNOWN
pr03,0.05,0.5,0.2858,486,6,3,"[1, 2, 3]",0.0664,0.046159,0.001302,0.04474,0.0,0.000651,0.04474,0.0,0.015386,1995.3029675088508,2010.5642160601058,0.7648587106703282,0.0,446.46149365422855,3,2,1,0,66.67,33.33,0.0,0,0.0,144,0,0,0.0,0,0.0,True,True,True,UNKNOWN
pr03,0.05,0.75,0.4217,42,6,6,"[1, 2, 3]",0.0526,0.023887,0.007541,0.016346,0.0,0.001508,0.016346,0.0,0.003981,1995.3029675088508,2055.5030342710065,3.0170890206872163,0.0,458.01303467499883,6,5,1,0,83.33,16.67,0.0,0,0.0,144,0,0,0.0,0,0.0,True,True,True,UNKNOWN
pr03,0.05,0.75,0.3192,153,6,3,"[1, 2, 3]",0.0827,0.055219,0.001581,0.026174,0.027352,0.001581,0.026174,0.027352,0.018406,1995.3029675088508,2040.968069323117,2.2886299753906307,0.0,446.46149365422855,3,1,1,1,33.33,33.33,33.33,0,0.0,144,0,0,0.0,0,0.0,True,True,True,UNKNOWN
pr03,0.05,0.75,0.4875,264,6,3,"[1, 2, 3]",0.068,0.044298,0.009679,0.034513,0.0,0.00484,0.034513,0.0,0.014766,1995.3029675088508,2063.0464713354277,3.395148753332188,58.60285412988209,472.322436193689,3,2,1,0,66.67,33.33,0.0,0,0.0,144,0,0,0.0,1,2.68,False,True,False,UNKNOWN
pr03,0.05,0.75,0.6153,375,6,4,"[1, 2, 3]",0.052,0.024946,0.005535,0.019337,0.0,0.001845,0.019337,0.0,0.006237,1995.3029675088508,2044.6845871377457,2.4748933085860227,0.0,454.378084917608,4,3,1,0,75.0,25.0,0.0,0,0.0,144,0,0,0.0,0,0.0,True,True,True,UNKNOWN
pr03,0.05,0.75,0.6592,486,6,3,"[1, 2, 3]",0.0958,0.068933,0.000934,0.0679,0.0,0.000467,0.0679,0.0,0.022978,1995.3029675088508,2010.5642160601058,0.7648587106703282,0.0,446.46149365422855,3,2,1,0,66.67,33.33,0.0,0,0.0,144,0,0,0.0,0,0.0,True,True,True,UNKNOWN
pr03,0.1,0.25,0.2231,42,13,11,"[1, 2, 3]",0.1538,0.122785,0.035559,0.0,0.087151,0.003951,0.0,0.043575,0.011162,1995.3029675088508,2302.590285665642,15.400534312863856,0.0,447.11489189896054,11,9,0,2,81.82,0.0,18.18,0,0.0,144,0,0,0.0,0,0.0,True,True,True,UNKNOWN
pr03,0.1,0.25,0.0726,153,13,11,"[1, 2, 3]",0.0914,0.060993,0.027826,0.0,0.033086,0.002783,0.0,0.033086,0.005545,1995.3029675088508,2103.5077176703867,5.422973449321847,0.0,465.36559001940134,11,10,0,1,90.91,0.0,9.09,0,0.0,144,0,0,0.0,0,0.0,True,True,True,UNKNOWN
pr03,0.1,0.25,0.0751,264,13,11,"[1, 2, 3]",0.1453,0.091366,0.025228,0.0,0.066042,0.002803,0.0,0.033021,0.008306,1995.3029675088508,2180.010875761197,9.257135946775806,0.0,457.65402648058534,11,9,0,2,81.82,0.0,18.18,0,0.0,144,0,0,0.0,0,0.0,True,True,True,UNKNOWN
pr03,0.1,0.25,0.2419,375,13,11,"[1, 2, 3]",0.0889,0.057713,0.023163,0.034424,0.0,0.002316,0.034424,0.0,0.005247,1995.3029675088508,2118.553503404234,6.177033658666005,0.0,469.68266305093465,11,10,1,0,90.91,9.09,0.0,0,0.0,144,0,0,0.0,0,0.0,True,True,True,UNKNOWN
pr03,0.1,0.25,0.2996,486,13,7,"[1, 2, 3]",0.0871,0.058268,0.016712,0.0412,0.0,0.002785,0.0412,0.0,0.008324,1995.3029675088508,2059.4114448232936,3.2129695769701905,0.0,446.46149365422855,7,6,1,0,85.71,14.29,0.0,0,0.0,144,0,0,0.0,0,0.0,True,True,True,UNKNOWN
pr03,0.1,0.5,0.414,42,13,11,"[1, 2, 3]",0.1873,0.159357,0.035341,0.071125,0.052761,0.003927,0.071125,0.052761,0.014487,1995.3029675088508,2233.820007908073,11.953926009392566,0.0,455.21489189896056,11,9,1,1,81.82,9.09,9.09,0,0.0,144,0,0,0.0,0,0.0,True,True,True,UNKNOWN
pr03,0.1,0.5,0.1338,153,13,11,"[1, 2, 3]",0.12,0.09042,0.025316,0.030109,0.03488,0.002813,0.030109,0.03488,0.00822,1995.3029675088508,2106.854000141131,5.59068143779451,0.0,458.5918951802718,11,9,1,1,81.82,9.09,9.09,0,0.0,144,0,0,0.0,0,0.0,True,True,True,UNKNOWN
pr03,0.1,0.5,0.4086,264,13,7,"[1, 2, 3]",0.08,0.049552,0.014006,0.035354,0.0,0.002334,0.035354,0.0,0.007079,1995.3029675088508,2124.6283033638706,6.481488674197854,31.60285412988209,454.37479783214343,7,6,1,0,85.71,14.29,0.0,0,0.0,144,0,0,0.0,0,0.0,True,True,True,UNKNOWN
pr03,0.1,0.5,0.4107,375,13,8,"[1, 2, 3]",0.13,0.098565,0.010451,0.08791,0.0,0.001742,0.043955,0.0,0.012321,1995.3029675088508,2077.426600469922,4.115847783437278,0.0,454.378084917608,8,6,2,0,75.0,25.0,0.0,0,0.0,144,0,0,0.0,0,0.0,True,True,True,UNKNOWN
pr03,0.1,0.5,0.5254,486,13,7,"[1, 2, 3]",0.0988,0.043203,0.008581,0.034433,0.0,0.00143,0.034433,0.0,0.006172,1995.3029675088508,2059.4114448232936,3.2129695769701905,0.0,446.46149365422855,7,6,1,0,85.71,14.29,0.0,0,0.0,144,0,0,0.0,0,0.0,True,True,True,UNKNOWN
pr03,0.1,0.75,0.7243,42,13,11,"[1, 2, 3]",0.0707,0.042832,0.008435,0.019483,0.014879,0.001205,0.006494,0.014879,0.003894,1995.3029675088508,2268.286509081155,13.681307852367212,17.401350184419528,449.2100322740663,11,7,3,1,63.64,27.27,9.09,0,0.0,144,0,0,0.0,0,0.0,True,True,True,UNKNOWN
pr03,0.1,0.75,0.3268,153,13,10,"[1, 2, 3]",0.085,0.058266,0.005612,0.038661,0.013911,0.001122,0.009665,0.013911,0.005827,1995.3029675088508,2103.01043660942,5.398050865179782,0.0,446.46149365422855,10,5,4,1,50.0,40.0,10.0,0,0.0,144,0,0,0.0,0,0.0,True,True,True,UNKNOWN
pr03,0.1,0.75,0.3888,264,13,9,"[1, 2, 3]",0.0816,0.055463,0.008838,0.015435,0.031055,0.001473,0.015435,0.015528,0.006163,1995.3029675088508,2159.343456579638,8.221332386208633,58.60285412988209,472.322436193689,9,6,1,2,66.67,11.11,22.22,0,0.0,144,0,0,0.0,1,2.68,False,True,False,UNKNOWN
pr03,0.1,0.75,0.6931,375,13,9,"[1, 2, 3]",0.0581,0.030762,0.005213,0.013701,0.011754,0.000745,0.013701,0.011754,0.003418,1995.3029675088508,2197.722358778884,10.144794778847805,0.0,454.378084917608,9,7,1,1,77.78,11.11,11.11,0,0.0,144,0,0,0.0,0,0.0,True,True,True,UNKNOWN
pr03,0.1,0.75,0.7538,486,13,7,"[1, 2, 3]",0.1211,0.056516,0.007699,0.048596,0.0,0.001283,0.048596,0.0,0.008074,1995.3029675088508,2059.4114448232936,3.2129695769701905,0.0,446.46149365422855,7,6,1,0,85.71,14.29,0.0,0,0.0,144,0,0,0.0,0,0.0,True,True,True,UNKNOWN
pr03,0.2,0.25,0.2146,42,26,19,"[1, 2, 3]",0.1603,0.131419,0.049118,0.0,0.08202,0.002889,0.0,0.04101,0.006917,1995.3029675088508,2396.360186429428,20.10006627822038,0.0,478.9765129113391,19,17,0,2,89.47,0.0,10.53,0,0.0,144,0,0,0.0,0,0.0,True,True,True,UNKNOWN
pr03,0.2,0.25,0.0977,153,26,20,"[1, 2, 3]",0.1767,0.146293,0.038402,0.045986,0.061627,0.002259,0.045986,0.030813,0.007315,1995.3029675088508,2139.4148069749313,7.222554259316573,0.0,465.36559001940134,20,17,1,2,85.0,5.0,10.0,0,0.0,144,0,0,0.0,0,0.0,True,True,True,UNKNOWN
pr03,0.2,0.25,0.0713,264,26,21,"[1, 2, 3]",0.1295,0.101922,0.041911,0.0,0.059845,0.002206,0.0,0.029923,0.004853,1995.3029675088508,2221.401514179473,11.331539638459406,0.0,461.19837076184103,21,19,0,2,90.48,0.0,9.52,0,0.0,144,0,0,0.0,0,0.0,True,True,True,UNKNOWN
pr03,0.2,0.25,0.3966,375,26,19,"[1, 2, 3]",0.0881,0.063544,0.019424,0.022957,0.02096,0.001214,0.011479,0.02096,0.003344,1995.3029675088508,2161.729436960813,8.340912240497833,0.0,469.68266305093465,19,16,2,1,84.21,10.53,5.26,0,0.0,144,0,0,0.0,0,0.0,True,True,True,UNKNOWN
pr03,0.2,0.25,0.3656,486,26,17,"[1, 2, 3]",0.1336,0.106128,0.036035,0.069541,0.0,0.002402,0.03477,0.0,0.006243,1995.3029675088508,2173.3111058270283,8.92135887215273,36.432257504382676,441.322436193689,17,15,2,0,88.24,11.76,0.0,0,0.0,144,0,0,0.0,0,0.0,True,True,True,UNKNOWN
pr03,0.2,0.5,0.4596,42,26,19,"[1, 2, 3]",0.1629,0.133002,0.043002,0.039241,0.050477,0.002688,0.039241,0.025238,0.007,1995.3029675088508,2338.6165421888836,17.206087510041755,0.0,456.889983838484,19,16,1,2,84.21,5.26,10.53,0,0.0,144,0,0,0.0,0,0.0,True,True,True,UNKNOWN
pr03,0.2,0.5,0.1422,153,26,20,"[1, 2, 3]",0.2019,0.169562,0.037385,0.024254,0.10762,0.002337,0.024254,0.035873,0.008478,1995.3029675088508,2157.008255641907,8.104297480945782,6.840551959945756,441.1975272724583,20,16,1,3,80.0,5.0,15.0,0,0.0,144,0,0,0.0,0,0.0,True,True,True,UNKNOWN
pr03,0.2,0.5,0.393,264,26,16,"[1, 2, 3]",0.1435,0.116738,0.015708,0.044138,0.05657,0.001309,0.022069,0.028285,0.007296,1995.3029675088508,2182.377636084476,9.375752535926365,36.56855167837935,455.03183740306986,16,12,2,2,75.0,12.5,12.5,0,0.0,144,0,0,0.0,0,0.0,True,True,True,UNKNOWN
pr03,0.2,0.5,0.4299,375,26,15,"[1, 2, 3]",0.1803,0.153958,0.023679,0.129898,0.0,0.001973,0.043299,0.0,0.010264,1995.3029675088508,2108.939243294027,5.695189033224967,18.646547302266157,454.378084917608,15,12,3,0,80.0,20.0,0.0,0,0.0,144,0,0,0.0,0,0.0,True,True,True,UNKNOWN
pr03,0.2,0.5,0.6521,486,26,14,"[1, 2, 3]",0.1135,0.085466,0.018528,0.066539,0.0,0.001544,0.03327,0.0,0.006105,1995.3029675088508,2085.495196457651,4.520227274628176,59.79023929480013,446.46149365422855,14,12,2,0,85.71,14.29,0.0,0,0.0,144,0,0,0.0,0,0.0,True,True,True,UNKNOWN
pr03,0.2,0.75,0.8567,42,26,19,"[1, 2, 3]",0.1297,0.100025,0.015923,0.042698,0.041176,0.001225,0.010675,0.020588,0.005264,1995.3029675088508,2339.327227970945,17.24170544845181,39.14269637200604,458.4745801457492,19,13,4,2,68.42,21.05,10.53,0,0.0,144,0,0,0.0,0,0.0,True,True,True,UNKNOWN
pr03,0.2,0.75,0.3668,153,26,19,"[1, 2, 3]",0.2092,0.184816,0.020486,0.077545,0.086503,0.001707,0.019386,0.028834,0.009727,1995.3029675088508,2124.081207226123,6.4540694728707075,3.4805330321776466,452.33358838287586,19,12,4,3,63.16,21.05,15.79,0,0.0,144,0,0,0.0,0,0.0,True,True,True,UNKNOWN
pr03,0.2,0.75,0.5071,264,26,15,"[1, 2, 3]",0.1705,0.141845,0.027291,0.055546,0.058625,0.002481,0.027773,0.029312,0.009456,1995.3029675088508,2198.7132942411095,10.194458187280594,58.60285412988209,472.322436193689,15,11,2,2,73.33,13.33,13.33,0,0.0,144,0,0,0.0,1,2.68,False,True,False,UNKNOWN
pr03,0.2,0.75,0.828,375,26,14,"[1, 2, 3]",0.1267,0.099068,0.007587,0.008978,0.082157,0.000843,0.008978,0.020539,0.007076,1995.3029675088508,2362.983864537169,18.427321715827976,0.0,455.47555953133144,14,9,1,4,64.29,7.14,28.57,0,0.0,144,0,0,0.0,0,0.0,True,True,True,UNKNOWN
pr03,0.2,0.75,0.764,486,26,13,"[1, 2, 3]",0.1376,0.107452,0.016954,0.090098,0.0,0.001541,0.045049,0.0,0.008266,1995.3029675088508,2077.737964675021,4.131452641955966,58.190239294800165,446.46149365422855,13,11,2,0,84.62,15.38,0.0,0,0.0,144,0,0,0.0,0,0.0,True,True,True,UNKNOWN
pr03,0.4,0.25,0.2657,42,52,40,"[1, 2, 3]",0.3908,0.361504,0.09439,0.071725,0.194945,0.00295,0.023908,0.038989,0.009038,1995.3029675088508,2613.2343054095372,30.969298796371657,11.040551959945752,463.41328577435974,40,32,3,5,80.0,7.5,12.5,0,0.0,144,0,0,0.0,0,0.0,True,True,True,UNKNOWN
pr03,0.4,0.25,0.3237,153,52,36,"[1, 2, 3]",0.2411,0.202047,0.048251,0.067006,0.086302,0.001723,0.016751,0.021576,0.005612,1995.3029675088508,2487.5423671013,24.669907658535354,97.80285412988209,532.1448076439642,36,28,4,4,77.78,11.11,11.11,0,0.0,144,0,0,0.0,1,15.68,False,True,False,UNKNOWN
pr03,0.4,0.25,0.1303,264,52,41,"[1, 2, 3]",0.2128,0.187448,0.063761,0.086479,0.03695,0.001771,0.028826,0.018475,0.004572,1995.3029675088508,2378.897137127065,19.22485837311885,5.7603091670259445,461.19837076184103,41,36,3,2,87.8,7.32,4.88,0,0.0,144,0,0,0.0,0,0.0,True,True,True,UNKNOWN
pr03,0.4,0.25,0.3627,375,52,36,"[1, 2, 3]",0.1998,0.173621,0.033749,0.11275,0.026759,0.001205,0.018792,0.013379,0.004823,1995.3029675088508,2268.555569907481,13.694792562744901,27.36030916702594,467.97143310792495,36,28,6,2,77.78,16.67,5.56,0,0.0,144,0,0,0.0,0,0.0,True,True,True,UNKNOWN
pr03,0.4,0.25,0.2958,486,52,35,"[1, 2, 3]",0.2669,0.234052,0.047976,0.119768,0.065829,0.001713,0.023954,0.032915,0.006687,1995.3029675088508,2253.6951063125052,12.950020273174795,36.432257504382676,467.7305704293718,35,28,5,2,80.0,14.29,5.71,0,0.0,144,0,0,0.0,0,0.0,True,True,True,UNKNOWN
pr03,0.4,0.5,0.5428,42,52,33,"[1, 2, 3]",0.256,0.228831,0.072021,0.038354,0.117829,0.002572,0.038354,0.029457,0.006934,1995.3029675088508,2539.4601152028245,27.271905898749683,3.468668006469443,456.889983838484,33,28,1,4,84.85,3.03,12.12,0,0.0,144,0,0,0.0,0,0.0,True,True,True,UNKNOWN
pr03,0.4,0.5,0.3614,153,52,40,"[1, 2, 3]",0.1993,0.168853,0.048687,0.021463,0.098351,0.001475,0.010731,0.01967,0.004221,1995.3029675088508,2418.724892245378,21.220933944942335,15.080235045940569,458.14362946755205,40,33,2,5,82.5,5.0,12.5,0,0.0,144,0,0,0.0,0,0.0,True,True,True,UNKNOWN
pr03,0.4,0.5,0.3623,264,52,33,"[1, 2, 3]",0.1931,0.16573,0.037282,0.068323,0.059641,0.001434,0.017081,0.01988,0.005022,1995.3029675088508,2297.005759403035,15.1206506884948,36.56855167837935,455.03183740306986,33,26,4,3,78.79,12.12,9.09,0,0.0,144,0,0,0.0,0,0.0,True,True,True,UNKNOWN
pr03,0.4,0.5,0.3472,375,52,36,"[1, 2, 3]",0.1663,0.138316,0.043809,0.075337,0.018796,0.001413,0.018834,0.018796,0.003842,1995.3029675088508,2262.1088074445634,13.371695641229936,18.646547302266157,469.1148918989606,36,31,4,1,86.11,11.11,2.78,0,0.0,144,0,0,0.0,0,0.0,True,True,True,UNKNOWN
pr03,0.4,0.5,0.5911,486,52,33,"[1, 2, 3]",0.1284,0.103451,0.031345,0.057926,0.013791,0.001119,0.014482,0.013791,0.003135,1995.3029675088508,2330.131530937202,16.780838242644776,69.31251507529477,446.46149365422855,33,28,4,1,84.85,12.12,3.03,0,0.0,144,0,0,0.0,0,0.0,True,True,True,UNKNOWN
pr03,0.4,0.75,0.7962,42,52,28,"[1, 2, 3]",0.1475,0.119605,0.017666,0.022896,0.078495,0.00093,0.005724,0.015699,0.004272,1995.3029675088508,2516.5010230124817,26.121248952701663,21.741346187586515,458.4745801457492,28,19,4,5,67.86,14.29,17.86,0,0.0,144,0,0,0.0,0,0.0,True,True,True,UNKNOWN
pr03,0.4,0.75,0.6589,153,52,34,"[1, 2, 3]",0.2253,0.197292,0.028784,0.074171,0.093784,0.001251,0.012362,0.018757,0.005803,1995.3029675088508,2415.4827507409436,21.058445262409954,3.4805330321776466,458.3675306720841,34,23,6,5,67.65,17.65,14.71,0,0.0,144,0,0,0.0,0,0.0,True,True,True,UNKNOWN
pr03,0.4,0.75,0.4392,264,52,34,"[1, 2, 3]",0.3071,0.281459,0.03573,0.10848,0.136624,0.001553,0.01808,0.027325,0.008278,1995.3029675088508,2483.1884482109294,24.45169924801981,66.46812855881798,458.4363096430855,34,23,6,5,67.65,17.65,14.71,0,0.0,144,0,0,0.0,0,0.0,True,True,True,UNKNOWN
pr03,0.4,0.75,0.7802,375,52,24,"[1, 2, 3]",0.1095,0.083232,0.019411,0.036428,0.026748,0.001142,0.007286,0.013374,0.003468,1995.3029675088508,2334.0002005833244,16.97472707602592,0.0,454.378084917608,24,17,5,2,70.83,20.83,8.33,0,0.0,144,0,0,0.0,0,0.0,True,True,True,UNKNOWN
pr03,0.4,0.75,0.8541,486,52,26,"[1, 2, 3]",0.1249,0.098382,0.016992,0.056882,0.024013,0.000894,0.011376,0.012006,0.003784,1995.3029675088508,2264.1293674702642,13.47296146695181,62.531585482386674,453.8793335863208,26,19,5,2,73.08,19.23,7.69,0,0.0,144,0,0,0.0,0,0.0,True,True,True,UNKNOWN
pr04,0.05,0.25,0.4117,42,8,5,"[1, 2, 3]",0.1091,0.082744,0.006705,0.048681,0.027263,0.002235,0.048681,0.027263,0.016549,2161.8585603874094,2298.5039433525294,6.320736493539747,0.0,422.29304915212526,5,3,1,1,60.0,20.0,20.0,0,0.0,192,0,0,0.0,0,0.0,True,True,True,UNKNOWN
pr04,0.05,0.25,0.0762,153,8,5,"[1, 2, 3]",0.1028,0.073177,0.006658,0.03083,0.035597,0.002219,0.03083,0.035597,0.014635,2161.8585603874094,2288.4718283741176,5.856686015759463,0.0,430.7080780679389,5,3,1,1,60.0,20.0,20.0,0,0.0,192,0,0,0.0,0,0.0,True,True,True,UNKNOWN
pr04,0.05,0.25,0.2317,264,8,8,"[1, 2, 3]",0.08,0.052384,0.0124,0.012765,0.027218,0.002067,0.012765,0.027218,0.006548,2161.8585603874094,2245.411471496947,3.86486482698316,0.0,422.29304915212526,8,6,1,1,75.0,12.5,12.5,0,0.0,192,0,0,0.0,0,0.0,True,True,True,UNKNOWN
pr04,0.05,0.25,0.2746,375,8,6,"[1, 2, 3]",0.0976,0.06605,0.008792,0.057177,0.0,0.002198,0.028588,0.0,0.011008,2161.8585603874094,2235.224076884095,3.393631657546485,5.16494998801214,444.69886748496697,6,4,2,0,66.67,33.33,0.0,0,0.0,192,0,0,0.0,0,0.0,True,True,True,UNKNOWN
pr04,0.05,0.25,0.3549,486,8,7,"[1, 2, 3]",0.0368,0.00966,0.009626,0.0,0.0,0.001375,0.0,0.0,0.00138,2161.8585603874094,2216.428541924601,2.524216085968766,0.0,428.1994526521312,7,7,0,0,100.0,0.0,0.0,0,0.0,192,0,0,0.0,0,0.0,True,True,True,UNKNOWN
pr04,0.05,0.5,0.6408,42,8,4,"[1, 2, 3]",0.0721,0.043646,0.005383,0.038163,0.0,0.001794,0.038163,0.0,0.010911,2161.8585603874094,2199.346119286221,1.7340430861533207,7.673655680323748,422.29304915212526,4,3,1,0,75.0,25.0,0.0,0,0.0,192,0,0,0.0,0,0.0,True,True,True,UNKNOWN
pr04,0.05,0.5,0.1446,153,8,5,"[1, 2, 3]",0.0854,0.054172,0.004645,0.011297,0.03809,0.001548,0.011297,0.03809,0.010834,2161.8585603874094,2288.666429607448,5.865687586763983,0.0,422.7080780679389,5,3,1,1,60.0,20.0,20.0,0,0.0,192,0,0,0.0,0,0.0,True,True,True,UNKNOWN
pr04,0.05,0.5,0.6492,264,8,7,"[1, 2, 3]",0.0798,0.05229,0.014468,0.0,0.037779,0.002411,0.0,0.037779,0.00747,2161.8585603874094,2214.262302023064,2.4240134204831474,0.0,430.79436501028476,7,6,0,1,85.71,0.0,14.29,0,0.0,192,0,0,0.0,0,0.0,True,True,True,UNKNOWN
pr04,0.05,0.5,0.3867,375,8,8,"[1, 2, 3]",0.1303,0.097235,0.011258,0.021637,0.06434,0.001876,0.021637,0.06434,0.012154,2161.8585603874094,2291.539865037288,5.998602638770206,0.0,434.49492920432994,8,6,1,1,75.0,12.5,12.5,0,0.0,192,0,0,0.0,0,0.0,True,True,True,UNKNOWN
pr04,0.05,0.5,0.6035,486,8,7,"[1, 2, 3]",0.0439,0.010226,0.01017,0.0,0.0,0.001453,0.0,0.0,0.001461,2161.8585603874094,2216.428541924601,2.524216085968766,0.0,428.1994526521312,7,7,0,0,100.0,0.0,0.0,0,0.0,192,0,0,0.0,0,0.0,True,True,True,UNKNOWN
pr04,0.05,0.75,0.885,42,8,4,"[1, 2, 3]",0.0707,0.045469,0.006153,0.039191,0.0,0.002051,0.039191,0.0,0.011367,2161.8585603874094,2215.365437451781,2.475040599084476,0.0,430.2643753847901,4,3,1,0,75.0,25.0,0.0,0,0.0,192,0,0,0.0,0,0.0,True,True,True,UNKNOWN
pr04,0.05,0.75,0.7758,153,8,7,"[1, 2, 3]",0.0767,0.051197,0.006164,0.0,0.045001,0.001027,0.0,0.045001,0.007314,2161.8585603874094,2336.1102938634185,8.06027446332025,0.0,422.29304915212526,7,6,0,1,85.71,0.0,14.29,0,0.0,192,0,0,0.0,0,0.0,True,True,True,UNKNOWN
pr04,0.05,0.75,0.9725,264,8,3,"[1, 2, 3]",0.0589,0.033091,0.00171,0.0,0.031253,0.000855,0.0,0.031253,0.01103,2161.8585603874094,2234.0000327987964,3.3370116682591435,0.0,422.29304915212526,3,2,0,1,66.67,0.0,33.33,0,0.0,192,0,0,0.0,0,0.0,True,True,True,UNKNOWN
pr04,0.05,0.75,0.6983,375,8,3,"[1, 2, 3]",0.0642,0.036578,0.00297,0.0,0.033416,0.001485,0.0,0.033416,0.012193,2161.8585603874094,2249.676451580264,4.062147857495231,0.0,422.47218118362866,3,2,0,1,66.67,0.0,33.33,0,0.0,192,0,0,0.0,0,0.0,True,True,True,UNKNOWN
pr04,0.05,0.75,0.7727,486,8,7,"[1, 2, 3]",0.0281,0.004726,0.004701,0.0,0.0,0.000672,0.0,0.0,0.000675,2161.8585603874094,2216.428541924601,2.524216085968766,9.095568294191878,428.1994526521312,7,7,0,0,100.0,0.0,0.0,0,0.0,192,0,0,0.0,0,0.0,True,True,True,UNKNOWN
pr04,0.1,0.25,0.3427,42,17,11,"[1, 2, 3]",0.1464,0.118038,0.020236,0.047394,0.050245,0.002529,0.047394,0.025123,0.010731,2161.8585603874094,2324.081374218361,7.5038588001742745,0.0,422.344953061667,11,8,1,2,72.73,9.09,18.18,0,0.0,192,0,0,0.0,0,0.0,True,True,True,UNKNOWN
pr04,0.1,0.25,0.0712,153,17,14,"[1, 2, 3]",0.1203,0.091095,0.024638,0.0324,0.033968,0.002053,0.0324,0.033968,0.006507,2161.8585603874094,2335.9102321594187,8.051020310080734,0.0,442.4200784331,14,12,1,1,85.71,7.14,7.14,0,0.0,192,0,0,0.0,0,0.0,True,True,True,UNKNOWN
pr04,0.1,0.25,0.237,264,17,14,"[1, 2, 3]",0.1255,0.098166,0.01314,0.038602,0.046333,0.001314,0.019301,0.023166,0.007012,2161.8585603874094,2209.0171859791008,2.1813927356672416,0.0,422.29304915212526,14,10,2,2,71.43,14.29,14.29,0,0.0,192,0,0,0.0,0,0.0,True,True,True,UNKNOWN
pr04,0.1,0.25,0.3705,375,17,12,"[1, 2, 3]",0.1433,0.113897,0.013828,0.050427,0.049509,0.001728,0.025213,0.024755,0.009491,2161.8585603874094,2322.0774617755596,7.411164833995369,5.16494998801214,444.69886748496697,12,8,2,2,66.67,16.67,16.67,0,0.0,192,0,0,0.0,0,0.0,True,True,True,UNKNOWN
pr04,0.1,0.25,0.3991,486,17,12,"[1, 2, 3]",0.0518,0.023643,0.012163,0.011351,0.0,0.001106,0.011351,0.0,0.00197,2161.8585603874094,2242.4589790450445,3.7282928742198282,0.0,425.830179669822,12,11,1,0,91.67,8.33,0.0,0,0.0,192,0,0,0.0,0,0.0,True,True,True,UNKNOWN
pr04,0.1,0.5,0.7079,42,17,7,"[1, 2, 3]",0.0961,0.069633,0.008688,0.040274,0.020422,0.001738,0.040274,0.020422,0.009948,2161.8585603874094,2243.7812247505694,3.7894553262762636,7.673655680323748,422.29304915212526,7,5,1,1,71.43,14.29,14.29,0,0.0,192,0,0,0.0,0,0.0,True,True,True,UNKNOWN
pr04,0.1,0.5,0.1298,153,17,14,"[1, 2, 3]",0.1019,0.073508,0.018759,0.020064,0.034588,0.001563,0.020064,0.034588,0.005251,2161.8585603874094,2336.1558252620516,8.062380586240009,0.0,434.4710703024028,14,12,1,1,85.71,7.14,7.14,0,0.0,192,0,0,0.0,0,0.0,True,True,True,UNKNOWN
pr04,0.1,0.5,0.5901,264,17,13,"[1, 2, 3]",0.0767,0.050164,0.014053,0.01522,0.020754,0.001278,0.01522,0.020754,0.003859,2161.8585603874094,2214.5275962098954,2.4362849997479747,0.0,422.29304915212526,13,11,1,1,84.62,7.69,7.69,0,0.0,192,0,0,0.0,0,0.0,True,True,True,UNKNOWN
pr04,0.1,0.5,0.3545,375,17,16,"[1, 2, 3]",0.1408,0.112678,0.029868,0.013566,0.06921,0.002298,0.013566,0.034605,0.007042,2161.8585603874094,2413.7230822396273,11.650370031936005,0.0,434.49492920432994,16,13,1,2,81.25,6.25,12.5,0,0.0,192,0,0,0.0,0,0.0,True,True,True,UNKNOWN
pr04,0.1,0.5,0.6815,486,17,12,"[1, 2, 3]",0.0688,0.040269,0.008218,0.008453,0.023485,0.000822,0.008453,0.023485,0.003356,2161.8585603874094,2331.6998355989117,7.856262122026447,0.0,422.29304915212526,12,10,1,1,83.33,8.33,8.33,0,0.0,192,0,0,0.0,0,0.0,True,True,True,UNKNOWN
pr04,0.1,0.75,0.9357,42,17,7,"[1, 2, 3]",0.1422,0.1181,0.005063,0.094049,0.018727,0.001688,0.03135,0.018727,0.016871,2161.8585603874094,2308.5091499255777,6.783542282798013,20.89585022324826,436.0322184159947,7,3,3,1,42.86,42.86,14.29,0,0.0,192,0,0,0.0,0,0.0,True,True,True,UNKNOWN
pr04,0.1,0.75,0.8614,153,17,13,"[1, 2, 3]",0.0771,0.046606,0.013839,0.0,0.032677,0.001153,0.0,0.032677,0.003585,2161.8585603874094,2345.933232706516,8.514649186213175,0.0,422.65957999763253,13,12,0,1,92.31,0.0,7.69,0,0.0,192,0,0,0.0,0,0.0,True,True,True,UNKNOWN
pr04,0.1,0.75,0.8509,264,17,9,"[1, 2, 3]",0.0554,0.026048,0.003397,0.004541,0.017941,0.000485,0.004541,0.017941,0.002894,2161.8585603874094,2200.38688349073,1.782185190524956,0.0,435.47792233115257,9,7,1,1,77.78,11.11,11.11,0,0.0,192,0,0,0.0,0,0.0,True,True,True,UNKNOWN
pr04,0.1,0.75,0.8302,375,17,8,"[1, 2, 3]",0.0811,0.055966,0.004457,0.004451,0.046839,0.000891,0.004451,0.023419,0.006996,2161.8585603874094,2330.813341957871,7.815256033224707,0.0,422.47218118362866,8,5,1,2,62.5,12.5,25.0,0,0.0,192,0,0,0.0,0,0.0,True,True,True,UNKNOWN
pr04,0.1,0.75,0.7594,486,17,12,"[1, 2, 3]",0.0789,0.047012,0.010897,0.014932,0.020959,0.00109,0.014932,0.020959,0.003918,2161.8585603874094,2331.6998355989117,7.856262122026447,9.095568294191878,422.29304915212526,12,10,1,1,83.33,8.33,8.33,0,0.0,192,0,0,0.0,0,0.0,True,True,True,UNKNOWN
pr04,0.2,0.25,0.3323,42,35,22,"[1, 2, 3]",0.2209,0.191679,0.053446,0.059245,0.078621,0.003144,0.029623,0.026207,0.008713,2161.8585603874094,2427.5351285037277,12.289266882876396,15.12522017762484,422.29304915212526,22,17,2,3,77.27,9.09,13.64,0,0.0,192,0,0,0.0,0,0.0,True,True,True,UNKNOWN
pr04,0.2,0.25,0.2271,153,35,28,"[1, 2, 3]",0.2082,0.178207,0.042476,0.079151,0.05634,0.001847,0.026384,0.02817,0.006365,2161.8585603874094,2442.079798172635,12.962052324783425,0.0,434.8062012662631,28,23,3,2,82.14,10.71,7.14,0,0.0,192,0,0,0.0,0,0.0,True,True,True,UNKNOWN
pr04,0.2,0.25,0.2665,264,35,28,"[1, 2, 3]",0.2531,0.220969,0.02193,0.079452,0.119336,0.001218,0.01589,0.023867,0.007892,2161.8585603874094,2327.2886165857217,7.652214591164877,9.246581534552867,422.29304915212526,28,18,5,5,64.29,17.86,17.86,0,0.0,192,0,0,0.0,0,0.0,True,True,True,UNKNOWN
pr04,0.2,0.25,0.2785,375,35,22,"[1, 2, 3]",0.2692,0.24051,0.019576,0.060765,0.1598,0.001398,0.015191,0.03995,0.010932,2161.8585603874094,2526.6366190282665,16.873354498061527,5.16494998801214,424.454255516952,22,14,4,4,63.64,18.18,18.18,0,0.0,192,0,0,0.0,0,0.0,True,True,True,UNKNOWN
pr04,0.2,0.25,0.418,486,35,26,"[1, 2, 3]",0.1158,0.085371,0.023483,0.013945,0.047673,0.001021,0.013945,0.023837,0.003284,2161.8585603874094,2340.6168102561405,8.268730116955352,12.905889757812972,430.9215447634267,26,23,1,2,88.46,3.85,7.69,0,0.0,192,0,0,0.0,0,0.0,True,True,True,UNKNOWN
pr04,0.2,0.5,0.5525,42,35,24,"[1, 2, 3]",0.1823,0.154604,0.02573,0.083312,0.045243,0.001429,0.020828,0.022622,0.006442,2161.8585603874094,2511.039272865502,16.15187593102847,11.78404995050289,429.12943207166506,24,18,4,2,75.0,16.67,8.33,0,0.0,192,0,0,0.0,0,0.0,True,True,True,UNKNOWN
pr04,0.2,0.5,0.2744,153,35,23,"[1, 2, 3]",0.1721,0.144125,0.024805,0.010682,0.108268,0.001378,0.010682,0.027067,0.006266,2161.8585603874094,2588.5823168527395,19.738745368654477,0.0,435.9988309163717,23,18,1,4,78.26,4.35,17.39,0,0.0,192,0,0,0.0,0,0.0,True,True,True,UNKNOWN
pr04,0.2,0.5,0.5199,264,35,24,"[1, 2, 3]",0.1494,0.121563,0.017395,0.03329,0.070591,0.000916,0.016645,0.02353,0.005065,2161.8585603874094,2306.0059975890517,6.6677552288994715,15.523244547108476,422.68836343480046,24,19,2,3,79.17,8.33,12.5,0,0.0,192,0,0,0.0,0,0.0,True,True,True,UNKNOWN
pr04,0.2,0.5,0.4795,375,35,27,"[1, 2, 3]",0.2452,0.216651,0.052147,0.062818,0.101376,0.00237,0.031409,0.033792,0.008024,2161.8585603874094,2654.9877328009593,22.810427168980944,0.0,434.49492920432994,27,22,2,3,81.48,7.41,11.11,0,0.0,192,0,0,0.0,0,0.0,True,True,True,UNKNOWN
pr04,0.2,0.5,0.7224,486,35,23,"[1, 2, 3]",0.1233,0.095093,0.015005,0.021092,0.058705,0.000834,0.010546,0.019568,0.004134,2161.8585603874094,2371.39287673093,9.69232308638968,5.590323073296986,422.9132589477543,23,18,2,3,78.26,8.7,13.04,0,0.0,192,0,0,0.0,0,0.0,True,True,True,UNKNOWN
pr04,0.2,0.75,0.9637,42,35,13,"[1, 2, 3]",0.1722,0.143451,0.005817,0.100875,0.036269,0.000969,0.020175,0.018134,0.011035,2161.8585603874094,2423.3217844920914,12.09437235606326,20.89585022324826,436.0322184159947,13,6,5,2,46.15,38.46,15.38,0,0.0,192,0,0,0.0,0,0.0,True,True,True,UNKNOWN
pr04,0.2,0.75,0.8897,153,35,25,"[1, 2, 3]",0.1325,0.102831,0.024504,0.014805,0.063254,0.001114,0.014805,0.031627,0.004113,2161.8585603874094,2514.2068029888505,16.298394772796776,7.2153439861479,422.29304915212526,25,22,1,2,88.0,4.0,8.0,0,0.0,192,0,0,0.0,0,0.0,True,True,True,UNKNOWN
pr04,0.2,0.75,0.6448,264,35,20,"[1, 2, 3]",0.1411,0.108922,0.013083,0.052599,0.042836,0.000872,0.017533,0.021418,0.005446,2161.8585603874094,2274.1396185399058,5.193728221164264,6.531922643139168,435.47792233115257,20,15,3,2,75.0,15.0,10.0,0,0.0,192,0,0,0.0,0,0.0,True,True,True,UNKNOWN
pr04,0.2,0.75,0.7323,375,35,17,"[1, 2, 3]",0.2455,0.214369,0.015212,0.053988,0.144474,0.001383,0.026994,0.036118,0.01261,2161.8585603874094,2517.8145653404936,16.4652772144953,4.814999061464391,431.73550389307866,17,11,2,4,64.71,11.76,23.53,0,0.0,192,0,0,0.0,0,0.0,True,True,True,UNKNOWN
pr04,0.2,0.75,0.7326,486,35,23,"[1, 2, 3]",0.2069,0.171746,0.021315,0.038957,0.110942,0.001184,0.019479,0.036981,0.007467,2161.8585603874094,2368.918999796318,9.577890209977614,13.885891367488881,422.29304915212526,23,18,2,3,78.26,8.7,13.04,0,0.0,192,0,0,0.0,0,0.0,True,True,True,UNKNOWN
pr04,0.4,0.25,0.3403,42,70,49,"[1, 2, 3]",0.6661,0.631154,0.148658,0.176349,0.304796,0.003912,0.03527,0.050799,0.012881,2161.8585603874094,2563.299238055198,18.56923875703736,16.809598863709823,424.7287291486199,49,38,5,6,77.55,10.2,12.24,0,0.0,192,0,0,0.0,0,0.0,True,True,True,UNKNOWN
pr04,0.4,0.25,0.4112,153,70,41,"[1, 2, 3]",0.3893,0.362782,0.072702,0.159719,0.129276,0.002203,0.03993,0.032319,0.008848,2161.8585603874094,2542.7160554111065,17.61713286901834,17.765633222035078,434.8062012662631,41,33,4,4,80.49,9.76,9.76,0,0.0,192,0,0,0.0,0,0.0,True,True,True,UNKNOWN
pr04,0.4,0.25,0.2056,264,70,50,"[1, 2, 3]",0.3656,0.336518,0.052064,0.105086,0.178608,0.001335,0.021017,0.029768,0.00673,2161.8585603874094,2450.112587824852,13.333621020321843,9.246581534552867,444.4902868126083,50,39,5,6,78.0,10.0,12.0,0,0.0,192,0,0,0.0,0,0.0,True,True,True,UNKNOWN
pr04,0.4,0.25,0.2002,375,70,49,"[1, 2, 3]",0.3927,0.361748,0.082533,0.087315,0.191191,0.002116,0.017463,0.038238,0.007383,2161.8585603874094,2705.2920131123665,25.137326866914584,5.16494998801214,445.9544472838141,49,39,5,5,79.59,10.2,10.2,0,0.0,192,0,0,0.0,0,0.0,True,True,True,UNKNOWN
pr04,0.4,0.25,0.2941,486,70,44,"[1, 2, 3]",0.3946,0.362054,0.08521,0.120609,0.155096,0.002367,0.024122,0.051699,0.008229,2161.8585603874094,2474.93374250634,14.481760641307954,1.288194535120624,436.1504760677946,44,36,5,3,81.82,11.36,6.82,0,0.0,192,0,0,0.0,0,0.0,True,True,True,UNKNOWN
pr04,0.4,0.5,0.406,42,70,50,"[1, 2, 3]",0.6654,0.633365,0.112491,0.208362,0.311683,0.00304,0.029766,0.051947,0.012667,2161.8585603874094,2700.1886512145716,24.901263232072516,7.673655680323748,425.41961835105343,50,37,7,6,74.0,14.0,12.0,0,0.0,192,0,0,0.0,0,0.0,True,True,True,UNKNOWN
pr04,0.4,0.5,0.4525,153,70,38,"[1, 2, 3]",0.2549,0.224726,0.03768,0.061639,0.124482,0.001256,0.01541,0.031121,0.005914,2161.8585603874094,2594.0298638892623,19.990729801694656,62.04570951660294,439.7132173209008,38,30,4,4,78.95,10.53,10.53,0,0.0,192,0,0,0.0,0,0.0,True,True,True,UNKNOWN
pr04,0.4,0.5,0.4531,264,70,51,"[1, 2, 3]",0.2941,0.26469,0.040748,0.079335,0.144119,0.00097,0.026445,0.02402,0.00519,2161.8585603874094,2558.415998485066,18.34335720957586,41.67917840576578,431.09028681260827,51,42,3,6,82.35,5.88,11.76,0,0.0,192,0,0,0.0,0,0.0,True,True,True,UNKNOWN
pr04,0.4,0.5,0.3824,375,70,49,"[1, 2, 3]",0.42,0.392803,0.071863,0.070757,0.249584,0.001942,0.017689,0.031198,0.008016,2161.8585603874094,2692.154226156847,24.529618888407185,0.0,431.6194163562707,49,37,4,8,75.51,8.16,16.33,0,0.0,192,0,0,0.0,0,0.0,True,True,True,UNKNOWN
pr04,0.4,0.5,0.5846,486,70,40,"[1, 2, 3]",0.2018,0.172019,0.041902,0.065681,0.063646,0.001352,0.010947,0.021215,0.0043,2161.8585603874094,2400.254805574614,11.027374757786342,49.44399349302688,442.4504760677946,40,31,6,3,77.5,15.0,7.5,0,0.0,192,0,0,0.0,0,0.0,True,True,True,UNKNOWN
pr04,0.4,0.75,0.8173,42,70,30,"[1, 2, 3]",0.2474,0.218245,0.018949,0.124843,0.073312,0.000947,0.017835,0.024437,0.007275,2161.8585603874094,2532.1623180164206,17.128953966472814,20.89585022324826,436.74703517784195,30,20,7,3,66.67,23.33,10.0,0,0.0,192,0,0,0.0,1,0.9,False,True,False,UNKNOWN
pr04,0.4,0.75,0.9439,153,70,39,"[1, 2, 3]",0.2048,0.173726,0.026945,0.018208,0.127861,0.000842,0.009104,0.025572,0.004455,2161.8585603874094,2628.4676882774656,21.583702858268346,56.571277844805195,432.24679591365816,39,32,2,5,82.05,5.13,12.82,0,0.0,192,0,0,0.0,0,0.0,True,True,True,UNKNOWN
pr04,0.4,0.75,0.5803,264,70,39,"[1, 2, 3]",0.1858,0.154577,0.055804,0.030265,0.067719,0.001691,0.010088,0.022573,0.003964,2161.8585603874094,2447.4567466171934,13.210771114397247,21.946921704603554,435.47792233115257,39,33,3,3,84.62,7.69,7.69,0,0.0,192,0,0,0.0,0,0.0,True,True,True,UNKNOWN
pr04,0.4,0.75,0.5476,375,70,40,"[1, 2, 3]",0.5392,0.514466,0.082274,0.087635,0.343476,0.002837,0.029212,0.042935,0.012862,2161.8585603874094,2980.8650958606113,37.88437183080258,4.814999061464391,436.5593952959873,40,29,3,8,72.5,7.5,20.0,0,0.0,192,0,0,0.0,0,0.0,True,True,True,UNKNOWN
pr04,0.4,0.75,0.7662,486,70,42,"[1, 2, 3]",0.2418,0.205156,0.046467,0.053304,0.104342,0.001291,0.017768,0.034781,0.004885,2161.8585603874094,2516.0051456954925,16.38157980347333,13.885891367488881,430.7553317853703,42,36,3,3,85.71,7.14,7.14,0,0.0,192,0,0,0.0,0,0.0,True,True,True,UNKNOWN
pr05,0.05,0.25,0.3939,42,11,10,"[1, 2, 3]",0.0599,0.022069,0.022007,0.0,0.0,0.002201,0.0,0.0,0.002207,2496.127157757498,2552.0319390649465,2.2396607934698705,0.0,448.3800989955158,10,10,0,0,100.0,0.0,0.0,0,0.0,240,0,2,1.39,1,6.76,False,True,False,UNKNOWN
pr05,0.05,0.25,0.0771,153,11,11,"[1, 2, 3]",0.0639,0.026753,0.026753,0.0,0.0,0.002432,0.0,0.0,0.002432,2496.127157757498,2615.735239216064,4.791746329382562,0.0,448.3800989955158,11,11,0,0,100.0,0.0,0.0,0,0.0,240,0,2,1.39,1,6.76,False,True,False,UNKNOWN
pr05,0.05,0.25,0.2317,264,11,10,"[1, 2, 3]",0.0807,0.049235,0.008836,0.0,0.040364,0.000982,0.0,0.040364,0.004923,2496.127157757498,2690.4010272411188,7.78301172998554,0.0,448.3800989955158,10,9,0,1,90.0,0.0,10.0,0,0.0,240,0,2,1.39,1,6.76,False,True,False,UNKNOWN
pr05,0.05,0.25,0.1922,375,11,9,"[1, 2, 3]",0.0534,0.022005,0.021928,0.0,0.0,0.002436,0.0,0.0,0.002445,2496.127157757498,2552.425889031207,2.2554432412925416,0.0,448.3800989955158,9,9,0,0,100.0,0.0,0.0,0,0.0,240,0,2,1.39,1,6.76,False,True,False,UNKNOWN
pr05,0.05,0.25,0.4581,486,11,5,"[1, 2, 3]",0.1843,0.150706,0.00342,0.0,0.146961,0.00171,0.0,0.048987,0.030141,2496.127157757498,2748.294630476726,10.102348830088184,5.667805109512329,427.5968155381218,5,2,0,3,40.0,0.0,60.0,0,0.0,240,0,2,1.39,0,0.0,False,True,False,UNKNOWN
pr05,0.05,0.5,0.6984,42,11,10,"[1, 2, 3]",0.0396,0.008698,0.008669,0.0,0.0,0.000867,0.0,0.0,0.00087,2496.127157757498,2553.4069908157207,2.294748201437081,0.0,448.3800989955158,10,10,0,0,100.0,0.0,0.0,0,0.0,240,0,2,1.39,1,6.76,False,True,False,UNKNOWN
pr05,0.05,0.5,0.1471,153,11,11,"[1, 2, 3]",0.0513,0.017814,0.017814,0.0,0.0,0.001619,0.0,0.0,0.001619,2496.127157757498,2615.735239216064,4.791746329382562,0.0,448.3800989955158,11,11,0,0,100.0,0.0,0.0,0,0.0,240,0,2,1.39,1,6.76,False,True,False,UNKNOWN
pr05,0.05,0.5,0.6492,264,11,8,"[1, 2, 3]",0.0371,0.005817,0.005715,0.0,0.0,0.000714,0.0,0.0,0.000727,2496.127157757498,2573.076541051281,3.0827509349689373,0.0,448.3800989955158,8,8,0,0,100.0,0.0,0.0,0,0.0,240,0,2,1.39,1,6.76,False,True,False,UNKNOWN
pr05,0.05,0.5,0.3583,375,11,10,"[1, 2, 3]",0.2122,0.185329,0.01204,0.04628,0.126941,0.00172,0.04628,0.063471,0.018533,2496.127157757498,2731.832640242818,9.442847562985369,12.762773870769976,467.39681553812176,10,7,1,2,70.0,10.0,20.0,0,0.0,240,0,2,1.39,0,0.0,False,True,False,UNKNOWN
pr05,0.05,0.5,0.7028,486,11,3,"[1, 2, 3]",0.173,0.140137,0.000425,0.0,0.139482,0.000425,0.0,0.069741,0.046712,2496.127157757498,2711.8710494498396,8.643145082647322,0.0,447.79681553812185,3,1,0,2,33.33,0.0,66.67,0,0.0,240,0,2,1.39,0,0.0,False,True,False,UNKNOWN
pr05,0.05,0.75,0.9282,42,11,10,"[1, 2, 3]",0.0476,0.004707,0.00468,0.0,0.0,0.000468,0.0,0.0,0.000471,2496.127157757498,2554.9330621777376,2.3558857663753945,0.0,448.3800989955158,10,10,0,0,100.0,0.0,0.0,0,0.0,240,0,2,1.39,1,6.76,False,True,False,UNKNOWN
pr05,0.05,0.75,0.7611,153,11,8,"[1, 2, 3]",0.0343,0.00395,0.003875,0.0,0.0,0.000484,0.0,0.0,0.000494,2496.127157757498,2570.7527433111104,2.989654806714873,0.0,448.3800989955158,8,8,0,0,100.0,0.0,0.0,0,0.0,240,0,2,1.39,1,6.76,False,True,False,UNKNOWN
pr05,0.05,0.75,0.9725,264,11,6,"[1, 2, 3]",0.0617,0.031483,0.002101,0.02919,0.0,0.000525,0.014595,0.0,0.005247,2496.127157757498,2552.374700738357,2.2533925327502766,0.0,448.3800989955158,6,4,2,0,66.67,33.33,0.0,0,0.0,240,0,2,1.39,1,6.76,False,True,False,UNKNOWN
pr05,0.05,0.75,0.5851,375,11,8,"[1, 2, 3]",0.0803,0.045893,0.008216,0.037484,0.0,0.001174,0.037484,0.0,0.005737,2496.127157757498,2547.8170691864802,2.0708044166876514,0.0,448.3800989955158,8,7,1,0,87.5,12.5,0.0,0,0.0,240,0,2,1.39,1,6.76,False,True,False,UNKNOWN
pr05,0.05,0.75,0.8931,486,11,3,"[1, 2, 3]",0.1149,0.086798,0.000442,0.0,0.086134,0.000442,0.0,0.043067,0.028933,2496.127157757498,2711.8710494498396,8.643145082647322,0.0,413.4968155381218,3,1,0,2,33.33,0.0,66.67,0,0.0,240,0,2,1.39,0,0.0,False,True,False,UNKNOWN
pr05,0.1,0.25,0.2924,42,22,16,"[1, 2, 3]",0.4523,0.418917,0.018768,0.088702,0.311244,0.001877,0.044351,0.077811,0.026182,2496.127157757498,3059.5804307186813,22.573099740134452,0.0,440.672257581086,16,10,2,4,62.5,12.5,25.0,0,0.0,240,0,3,3.89,0,0.0,False,True,False,UNKNOWN
pr05,0.1,0.25,0.0783,153,22,21,"[1, 2, 3]",0.0615,0.030214,0.030179,0.0,0.0,0.001437,0.0,0.0,0.001439,2496.127157757498,2647.6195173386322,6.06909624416866,0.0,448.3800989955158,21,21,0,0,100.0,0.0,0.0,0,0.0,240,0,2,1.39,1,6.76,False,True,False,UNKNOWN
pr05,0.1,0.25,0.2811,264,22,20,"[1, 2, 3]",0.1824,0.149459,0.017326,0.0,0.13206,0.001019,0.0,0.04402,0.007473,2496.127157757498,2972.5337030553715,19.085828372857154,0.0,473.6677484842081,20,17,0,3,85.0,0.0,15.0,0,0.0,240,0,3,1.67,1,5.52,False,True,False,UNKNOWN
pr05,0.1,0.25,0.324,375,22,18,"[1, 2, 3]",0.1162,0.083229,0.033483,0.015323,0.034214,0.002093,0.015323,0.034214,0.004624,2496.127157757498,2601.2819153902396,4.212716379690042,0.0,448.3800989955158,18,16,1,1,88.89,5.56,5.56,0,0.0,240,0,2,1.39,1,6.76,False,True,False,UNKNOWN
pr05,0.1,0.25,0.5019,486,22,14,"[1, 2, 3]",0.1912,0.158489,0.010961,0.0,0.147284,0.000996,0.0,0.049095,0.011321,2496.127157757498,2796.523418608212,12.034493511964662,5.667805109512329,427.5968155381218,14,11,0,3,78.57,0.0,21.43,0,0.0,240,0,2,1.39,0,0.0,False,True,False,UNKNOWN
pr05,0.1,0.5,0.7314,42,22,14,"[1, 2, 3]",0.0643,0.03176,0.009935,0.021603,0.0,0.000764,0.021603,0.0,0.002269,2496.127157757498,2574.881850038367,3.155075334848782,0.0,448.3800989955158,14,13,1,0,92.86,7.14,0.0,0,0.0,240,0,2,1.39,1,6.76,False,True,False,UNKNOWN
pr05,0.1,0.5,0.1719,153,22,22,"[1, 2, 3]",0.0872,0.054273,0.027293,0.026979,0.0,0.0013,0.026979,0.0,0.002467,2496.127157757498,2699.026034770262,8.128547313072254,0.0,479.98009899551585,22,21,1,0,95.45,4.55,0.0,0,0.0,240,0,1,2.22,1,6.76,False,True,False,UNKNOWN
pr05,0.1,0.5,0.6054,264,22,15,"[1, 2, 3]",0.161,0.128726,0.00851,0.034394,0.085519,0.000709,0.034394,0.04276,0.008582,2496.127157757498,2848.22723559252,14.105855013866611,0.0,490.9677484842082,15,12,1,2,80.0,6.67,13.33,0,0.0,240,0,3,1.67,1,5.52,False,True,False,UNKNOWN
pr05,0.1,0.5,0.3771,375,22,19,"[1, 2, 3]",0.4607,0.425468,0.025618,0.132596,0.267082,0.001708,0.066298,0.133541,0.022393,2496.127157757498,2797.0751492583718,12.056596979267802,12.762773870769976,469.1352164267548,19,15,2,2,78.95,10.53,10.53,0,0.0,240,0,2,1.39,0,0.0,False,True,False,UNKNOWN
pr05,0.1,0.5,0.7662,486,22,10,"[1, 2, 3]",0.2207,0.180424,0.004549,0.022383,0.152937,0.00065,0.022383,0.076468,0.018042,2496.127157757498,2756.5533985361144,10.4332121049707,24.754965464460923,447.79681553812185,10,7,1,2,70.0,10.0,20.0,0,0.0,240,0,2,1.39,0,0.0,False,True,False,UNKNOWN
pr05,0.1,0.75,0.9541,42,22,13,"[1, 2, 3]",0.0369,0.008299,0.008065,0.0,0.0,0.00062,0.0,0.0,0.000638,2496.127157757498,2583.922047249766,3.5172442725691173,0.0,448.3800989955158,13,13,0,0,100.0,0.0,0.0,0,0.0,240,0,2,1.39,1,6.76,False,True,False,UNKNOWN
pr05,0.1,0.75,0.8493,153,22,12,"[1, 2, 3]",0.0644,0.025752,0.008581,0.016738,0.0,0.00078,0.016738,0.0,0.002146,2496.127157757498,2587.788423582038,3.6721392794302874,8.6437309489489,448.3800989955158,12,11,1,0,91.67,8.33,0.0,0,0.0,240,0,2,1.39,1,6.76,False,True,False,UNKNOWN
pr05,0.1,0.75,0.7776,264,22,12,"[1, 2, 3]",0.1724,0.136141,0.007023,0.020033,0.108724,0.00078,0.020033,0.054362,0.011345,2496.127157757498,2928.477261105378,17.320836480794522,0.0,497.8677484842081,12,9,1,2,75.0,8.33,16.67,0,0.0,240,0,3,1.67,1,5.52,False,True,False,UNKNOWN
pr05,0.1,0.75,0.7663,375,22,12,"[1, 2, 3]",0.1636,0.128407,0.016665,0.064867,0.046334,0.001666,0.064867,0.046334,0.010701,2496.127157757498,2607.4214191427955,4.458677557327783,0.7813490471592388,448.3800989955158,12,10,1,1,83.33,8.33,8.33,0,0.0,240,0,2,1.39,1,6.76,False,True,False,UNKNOWN
pr05,0.1,0.75,0.9052,486,22,10,"[1, 2, 3]",0.1479,0.11691,0.003091,0.013304,0.100143,0.000442,0.013304,0.050072,0.011691,2496.127157757498,2756.5533985361144,10.4332121049707,53.15496546446096,413.4968155381218,10,7,1,2,70.0,10.0,20.0,0,0.0,240,0,2,1.39,0,0.0,False,True,False,UNKNOWN
pr05,0.2,0.25,0.2925,42,44,31,"[1, 2, 3]",0.794,0.755856,0.048076,0.121461,0.58557,0.001923,0.06073,0.146393,0.024382,2496.127157757498,3103.587512401893,24.33611415814781,8.797925510909629,440.672257581086,31,25,2,4,80.65,6.45,12.9,0,0.0,240,0,3,3.89,0,0.0,False,True,False,UNKNOWN
pr05,0.2,0.25,0.0841,153,44,41,"[1, 2, 3]",0.1863,0.152984,0.070679,0.030858,0.051277,0.001812,0.030858,0.051277,0.003731,2496.127157757498,2760.7624140265743,10.601833942899875,7.946880720909524,448.3800989955158,41,39,1,1,95.12,2.44,2.44,0,0.0,240,0,2,1.39,1,6.76,False,True,False,UNKNOWN
pr05,0.2,0.25,0.2687,264,44,35,"[1, 2, 3]",0.2607,0.227845,0.03371,0.0,0.193784,0.001124,0.0,0.038757,0.00651,2496.127157757498,3033.2389454686704,21.517805534943566,0.0,473.6677484842081,35,30,0,5,85.71,0.0,14.29,0,0.0,240,0,3,3.33,1,5.52,False,True,False,UNKNOWN
pr05,0.2,0.25,0.2335,375,44,33,"[1, 2, 3]",0.2482,0.217029,0.050569,0.05467,0.111345,0.001806,0.027335,0.037115,0.006577,2496.127157757498,2721.872359479513,9.043818181315034,0.0,461.78009899551586,33,28,2,3,84.85,6.06,9.09,0,0.0,240,0,1,2.22,1,6.76,False,True,False,UNKNOWN
pr05,0.2,0.25,0.4701,486,44,30,"[1, 2, 3]",0.2081,0.17257,0.030578,0.0,0.141572,0.001133,0.0,0.047191,0.005752,2496.127157757498,2876.1887581384335,15.226051253029112,10.381693908053208,427.5968155381218,30,27,0,3,90.0,0.0,10.0,0,0.0,240,0,2,1.39,0,0.0,False,True,False,UNKNOWN
pr05,0.2,0.5,0.7361,42,44,28,"[1, 2, 3]",0.1459,0.117105,0.017665,0.02929,0.069665,0.000736,0.014645,0.034833,0.004182,2496.127157757498,2845.078382265141,13.979705457839664,9.01442269989667,448.3800989955158,28,24,2,2,85.71,7.14,7.14,0,0.0,240,0,1,2.22,1,6.76,False,True,False,UNKNOWN
pr05,0.2,0.5,0.2176,153,44,34,"[1, 2, 3]",0.1866,0.154033,0.036912,0.047944,0.06876,0.00123,0.023972,0.03438,0.00453,2496.127157757498,2837.891497635721,13.691784042975657,0.0,479.98009899551585,34,30,2,2,88.24,5.88,5.88,0,0.0,240,0,1,2.22,1,6.76,False,True,False,UNKNOWN
pr05,0.2,0.5,0.6078,264,44,24,"[1, 2, 3]",0.3697,0.335145,0.010418,0.015534,0.308535,0.000695,0.015534,0.038567,0.013964,2496.127157757498,3569.4187840272903,42.998275265512895,0.0,464.03503593889417,24,15,1,8,62.5,4.17,33.33,0,0.0,240,0,5,4.22,2,2.73,False,True,False,UNKNOWN
pr05,0.2,0.5,0.5044,375,44,30,"[1, 2, 3]",0.3166,0.283667,0.026437,0.086821,0.169731,0.001017,0.043411,0.084866,0.009456,2496.127157757498,2872.815198677332,15.090899506027073,23.69691478112098,469.1352164267548,30,26,2,2,86.67,6.67,6.67,0,0.0,240,0,2,1.39,0,0.0,False,True,False,UNKNOWN
pr05,0.2,0.5,0.7585,486,44,23,"[1, 2, 3]",0.1633,0.130541,0.009509,0.012037,0.108405,0.000475,0.012037,0.054202,0.005676,2496.127157757498,2833.455490492429,13.514068451463993,24.754965464460923,447.79681553812185,23,20,1,2,86.96,4.35,8.7,0,0.0,240,0,2,1.39,0,0.0,False,True,False,UNKNOWN
pr05,0.2,0.75,0.9705,42,44,22,"[1, 2, 3]",0.1054,0.072875,0.009054,0.009274,0.053967,0.000477,0.009274,0.026984,0.003313,2496.127157757498,2648.749078364408,6.114348787584377,0.0,448.3800989955158,22,19,1,2,86.36,4.55,9.09,0,0.0,240,0,2,1.39,1,6.76,False,True,False,UNKNOWN
pr05,0.2,0.75,0.9053,153,44,27,"[1, 2, 3]",0.1388,0.107546,0.014061,0.061227,0.031589,0.00067,0.012245,0.031589,0.003983,2496.127157757498,2860.847044842027,14.611430589625519,8.6437309489489,441.6374821982143,27,21,5,1,77.78,18.52,3.7,0,0.0,240,0,1,2.22,1,5.15,False,True,False,UNKNOWN
pr05,0.2,0.75,0.6721,264,44,28,"[1, 2, 3]",0.1473,0.113551,0.020769,0.020359,0.071898,0.000831,0.020359,0.035949,0.004055,2496.127157757498,3038.244835426267,21.718351806876836,9.781349047159239,497.8677484842081,28,25,1,2,89.29,3.57,7.14,0,0.0,240,0,3,1.67,1,5.52,False,True,False,UNKNOWN
pr05,0.2,0.75,0.6698,375,44,22,"[1, 2, 3]",0.1458,0.113187,0.017172,0.035162,0.060162,0.000904,0.035162,0.030081,0.005145,2496.127157757498,2733.1928998585795,9.497342367528246,0.7813490471592388,448.3800989955158,22,19,1,2,86.36,4.55,9.09,0,0.0,240,0,2,1.39,1,6.76,False,True,False,UNKNOWN
pr05,0.2,0.75,0.8263,486,44,23,"[1, 2, 3]",0.134,0.104842,0.013014,0.011615,0.079485,0.000651,0.011615,0.039743,0.004558,2496.127157757498,2833.455490492429,13.514068451463993,53.15496546446096,413.4968155381218,23,20,1,2,86.96,4.35,8.7,0,0.0,240,0,2,1.39,0,0.0,False,True,False,UNKNOWN
pr05,0.4,0.25,0.4398,42,88,50,"[1, 2, 3]",0.633,0.598945,0.048956,0.130227,0.418107,0.001224,0.032557,0.069684,0.011979,2496.127157757498,3255.85712296238,30.43634867894381,13.67951746466715,440.672257581086,50,40,4,6,80.0,8.0,12.0,0,0.0,240,0,3,3.52,0,0.0,False,True,False,UNKNOWN
pr05,0.4,0.25,0.1524,153,88,73,"[1, 2, 3]",0.248,0.211815,0.110247,0.018126,0.08278,0.001575,0.018126,0.04139,0.002902,2496.127157757498,3005.7945524350075,20.418326570165235,7.946880720909524,448.3800989955158,73,70,1,2,95.89,1.37,2.74,0,0.0,240,0,2,1.39,1,6.76,False,True,False,UNKNOWN
pr05,0.4,0.25,0.2302,264,88,65,"[1, 2, 3]",0.6125,0.573308,0.102621,0.147227,0.321782,0.0018,0.049076,0.064356,0.00882,2496.127157757498,3097.001948503628,24.072282891467403,7.107963682230917,473.6677484842081,65,57,3,5,87.69,4.62,7.69,0,0.0,240,0,3,3.89,1,5.52,False,True,False,UNKNOWN
pr05,0.4,0.25,0.1909,375,88,71,"[1, 2, 3]",0.5169,0.486421,0.191008,0.0,0.294367,0.002851,0.0,0.073592,0.006851,2496.127157757498,2961.611050226563,18.648244382199344,1.1338768162807114,448.3800989955158,71,67,0,4,94.37,0.0,5.63,0,0.0,240,0,1,0.56,1,6.76,False,True,False,UNKNOWN
pr05,0.4,0.25,0.4313,486,88,63,"[1, 2, 3]",0.7412,0.700669,0.113309,0.0,0.585931,0.001988,0.0,0.097655,0.011122,2496.127157757498,3297.8312802809087,32.11791995579487,37.694720139243785,427.5968155381218,63,57,0,6,90.48,0.0,9.52,0,0.0,240,0,3,3.7,0,0.0,False,True,False,UNKNOWN
pr05,0.4,0.5,0.5592,42,88,57,"[1, 2, 3]",0.3439,0.307797,0.075941,0.0,0.230374,0.001433,0.0,0.057594,0.0054,2496.127157757498,3025.746993844826,21.217662507351378,9.473948357374468,448.3800989955158,57,53,0,4,92.98,0.0,7.02,0,0.0,240,0,1,2.22,1,6.76,False,True,False,UNKNOWN
pr05,0.4,0.5,0.3076,153,88,64,"[1, 2, 3]",0.7327,0.699301,0.11001,0.279353,0.308539,0.002037,0.055871,0.061708,0.010927,2496.127157757498,2968.4034208889393,18.92036075420656,0.0,493.787063057833,64,54,5,5,84.38,7.81,7.81,0,0.0,240,0,2,1.39,1,5.16,False,True,False,UNKNOWN
pr05,0.4,0.5,0.6146,264,88,52,"[1, 2, 3]",0.5966,0.567757,0.030851,0.044565,0.491068,0.000752,0.044565,0.049107,0.010918,2496.127157757498,3561.875217969163,42.69606445727408,12.39113277941659,464.03503593889417,52,41,1,10,78.85,1.92,19.23,0,0.0,240,0,5,3.11,2,5.31,False,True,False,UNKNOWN
pr05,0.4,0.5,0.3772,375,88,58,"[1, 2, 3]",0.5177,0.485459,0.060918,0.198257,0.225134,0.001296,0.028322,0.056283,0.00837,2496.127157757498,3339.9188556542495,33.80403499374637,24.460956821879847,469.1352164267548,58,47,7,4,81.03,12.07,6.9,0,0.0,240,0,2,4.44,0,0.0,False,True,False,UNKNOWN
pr05,0.4,0.5,0.7929,486,88,47,"[1, 2, 3]",0.2947,0.263965,0.026059,0.00961,0.227066,0.000636,0.00961,0.045413,0.005616,2496.127157757498,3014.120355579649,20.751875408763727,24.754965464460923,447.79681553812185,47,41,1,5,87.23,2.13,10.64,0,0.0,240,0,2,1.39,0,0.0,False,True,False,UNKNOWN
pr05,0.4,0.75,0.8761,42,88,46,"[1, 2, 3]",0.2255,0.19299,0.023003,0.064546,0.104182,0.000605,0.016136,0.026045,0.004195,2496.127157757498,2867.526904636298,14.879039544302003,10.859525657477803,448.3800989955158,46,38,4,4,82.61,8.7,8.7,0,0.0,240,0,1,2.22,1,6.76,False,True,False,UNKNOWN
pr05,0.4,0.75,0.9195,153,88,42,"[1, 2, 3]",0.2005,0.168917,0.013493,0.071112,0.083052,0.000409,0.011852,0.027684,0.004022,2496.127157757498,2994.2951969878613,19.957638683676425,8.6437309489489,441.6374821982143,42,33,6,3,78.57,14.29,7.14,0,0.0,240,0,2,3.33,1,5.15,False,True,False,UNKNOWN
pr05,0.4,0.75,0.8338,264,88,47,"[1, 2, 3]",0.2594,0.227368,0.022842,0.048402,0.154902,0.000601,0.0121,0.03098,0.004838,2496.127157757498,3202.9939500962487,28.318540990267277,71.29762319162305,497.8677484842081,47,38,4,5,80.85,8.51,10.64,0,0.0,240,0,2,1.39,1,5.52,False,True,False,UNKNOWN
pr05,0.4,0.75,0.5891,375,88,48,"[1, 2, 3]",0.4121,0.359391,0.055631,0.136552,0.165549,0.001426,0.02731,0.041387,0.007487,2496.127157757498,2976.374542928028,19.239700336499705,23.672777749428377,491.58009899551587,48,39,5,4,81.25,10.42,8.33,0,0.0,240,0,0,0.0,1,6.76,False,True,False,UNKNOWN
pr05,0.4,0.75,0.7316,486,88,52,"[1, 2, 3]",0.2419,0.208686,0.035033,0.027453,0.144917,0.000762,0.013726,0.036229,0.004013,2496.127157757498,2975.936028697652,19.2221325523821,73.4667016128665,413.48837131802514,52,46,2,4,88.46,3.85,7.69,0,0.0,240,0,2,1.39,0,0.0,False,True,False,UNKNOWN
pr06,0.05,0.25,0.3054,42,13,12,"[1, 2, 3]",0.1302,0.094036,0.00849,0.033123,0.052374,0.000849,0.033123,0.052374,0.007836,2863.759857464571,2996.884035754187,4.648580359928566,0.0,399.9428707889847,12,10,1,1,83.33,8.33,8.33,0,0.0,288,0,0,0.0,0,0.0,True,True,True,UNKNOWN
pr06,0.05,0.25,0.0903,153,13,8,"[1, 2, 3]",0.1235,0.091556,0.008829,0.035037,0.047477,0.001472,0.035037,0.047477,0.011444,2863.759857464571,2894.8153615702613,1.0844311552430752,0.0,399.788124577071,8,6,1,1,75.0,12.5,12.5,0,0.0,288,0,0,0.0,0,0.0,True,True,True,UNKNOWN
pr06,0.05,0.25,0.1325,264,13,12,"[1, 2, 3]",0.155,0.123452,0.016957,0.0,0.106448,0.001696,0.0,0.053224,0.010288,2863.759857464571,2951.886489273311,3.077305227916804,0.0,402.228667647679,12,10,0,2,83.33,0.0,16.67,0,0.0,288,0,0,0.0,0,0.0,True,True,True,UNKNOWN
pr06,0.05,0.25,0.2885,375,13,9,"[1, 2, 3]",0.1532,0.117227,0.009627,0.058183,0.049242,0.001375,0.058183,0.049242,0.013025,2863.759857464571,2936.495078886119,2.5398505825116247,0.0,409.08540239293234,9,7,1,1,77.78,11.11,11.11,0,0.0,288,0,0,0.0,0,0.0,True,True,True,UNKNOWN
pr06,0.05,0.25,0.4778,486,13,8,"[1, 2, 3]",0.0998,0.068195,0.006289,0.0,0.061695,0.000898,0.0,0.061695,0.008524,2863.759857464571,3028.5226299741985,5.7533725141150756,0.0,401.5249969242462,8,7,0,1,87.5,0.0,12.5,0,0.0,288,0,0,0.0,0,0.0,True,True,True,UNKNOWN
pr06,0.05,0.5,0.5501,42,13,12,"[1, 2, 3]",0.1951,0.159196,0.005867,0.062154,0.091128,0.000733,0.031077,0.045564,0.013266,2863.759857464571,3082.2744034086154,7.630337626755701,0.0,398.33327168395846,12,8,2,2,66.67,16.67,16.67,0,0.0,288,0,0,0.0,0,0.0,True,True,True,UNKNOWN
pr06,0.05,0.5,0.1854,153,13,8,"[1, 2, 3]",0.1975,0.164393,0.010121,0.057574,0.096464,0.002024,0.057574,0.048232,0.020549,2863.759857464571,2896.982610423607,1.1601095976130529,0.0,399.788124577071,8,5,1,2,62.5,12.5,25.0,0,0.0,288,0,0,0.0,0,0.0,True,True,True,UNKNOWN
pr06,0.05,0.5,0.4117,264,13,8,"[1, 2, 3]",0.1478,0.10699,0.018843,0.0,0.087786,0.002692,0.0,0.087786,0.013374,2863.759857464571,2926.74207465536,2.199284169258183,21.18004928939645,399.788124577071,8,7,0,1,87.5,0.0,12.5,0,0.0,288,0,0,0.0,0,0.0,True,True,True,UNKNOWN
pr06,0.05,0.5,0.3915,375,13,7,"[1, 2, 3]",0.302,0.268162,0.006704,0.067459,0.193639,0.002235,0.033729,0.09682,0.038309,2863.759857464571,3015.5506722680952,5.300403049085002,2.9488805340292146,399.788124577071,7,3,2,2,42.86,28.57,28.57,0,0.0,288,0,0,0.0,0,0.0,True,True,True,UNKNOWN
pr06,0.05,0.5,0.7269,486,13,8,"[1, 2, 3]",0.0946,0.060354,0.005256,0.0,0.054883,0.000751,0.0,0.054883,0.007544,2863.759857464571,3024.2510960148757,5.604214268594285,0.0,399.788124577071,8,7,0,1,87.5,0.0,12.5,0,0.0,288,0,0,0.0,0,0.0,True,True,True,UNKNOWN
pr06,0.05,0.75,0.4651,42,13,10,"[1, 2, 3]",0.2244,0.195181,0.008965,0.029623,0.156463,0.001494,0.029623,0.052154,0.019518,2863.759857464571,2979.0141702253486,4.02458021961444,0.0,399.14004162835056,10,6,1,3,60.0,10.0,30.0,0,0.0,288,0,0,0.0,0,0.0,True,True,True,UNKNOWN
pr06,0.05,0.75,0.3072,153,13,7,"[1, 2, 3]",0.1711,0.142807,0.009388,0.0,0.133164,0.001878,0.0,0.066582,0.020401,2863.759857464571,2969.0733853811957,3.677456670890842,0.0,399.788124577071,7,5,0,2,71.43,0.0,28.57,0,0.0,288,0,0,0.0,0,0.0,True,True,True,UNKNOWN
pr06,0.05,0.75,0.5242,264,13,10,"[1, 2, 3]",0.1618,0.132089,0.013454,0.068725,0.049761,0.001682,0.068725,0.049761,0.013209,2863.759857464571,3004.997836357413,4.931907210190696,16.05575365265568,399.788124577071,10,8,1,1,80.0,10.0,10.0,0,0.0,288,0,0,0.0,0,0.0,True,True,True,UNKNOWN
pr06,0.05,0.75,0.7175,375,13,7,"[1, 2, 3]",0.0923,0.056638,0.002547,0.0,0.053863,0.000424,0.0,0.053863,0.008091,2863.759857464571,2975.4066323428897,3.8986081387831626,43.48451973745827,409.91041107921194,7,6,0,1,85.71,0.0,14.29,0,0.0,288,0,0,0.0,1,2.48,False,True,False,UNKNOWN
pr06,0.05,0.75,0.9066,486,13,7,"[1, 2, 3]",0.157,0.126822,0.002758,0.038,0.085829,0.000689,0.038,0.042915,0.018117,2863.759857464571,3138.5814834118655,9.596531819208053,0.0,399.788124577071,7,4,1,2,57.14,14.29,28.57,0,0.0,288,0,0,0.0,0,0.0,True,True,True,UNKNOWN
pr06,0.1,0.25,0.3275,42,26,19,"[1, 2, 3]",0.1495,0.115864,0.013408,0.05675,0.045416,0.000838,0.028375,0.045416,0.006098,2863.759857464571,3020.0957079244195,5.459111735655816,0.0,399.9428707889847,19,16,2,1,84.21,10.53,5.26,0,0.0,288,0,0,0.0,0,0.0,True,True,True,UNKNOWN
pr06,0.1,0.25,0.0785,153,26,17,"[1, 2, 3]",0.2297,0.195032,0.029857,0.037758,0.126957,0.002133,0.037758,0.063478,0.011472,2863.759857464571,2964.696319017628,3.5246133257284087,0.0,399.788124577071,17,14,1,2,82.35,5.88,11.76,0,0.0,288,0,0,0.0,0,0.0,True,True,True,UNKNOWN
pr06,0.1,0.25,0.0858,264,26,22,"[1, 2, 3]",0.1785,0.144594,0.034179,0.0,0.110229,0.001709,0.0,0.055114,0.006572,2863.759857464571,2987.74847425485,4.329574509087938,0.0,402.228667647679,22,20,0,2,90.91,0.0,9.09,0,0.0,288,0,0,0.0,0,0.0,True,True,True,UNKNOWN
pr06,0.1,0.25,0.3722,375,26,20,"[1, 2, 3]",0.2514,0.217141,0.01875,0.088967,0.109112,0.001172,0.044483,0.054556,0.010857,2863.759857464571,3046.5512447083133,6.38291603841311,0.0,409.08540239293234,20,16,2,2,80.0,10.0,10.0,0,0.0,288,0,0,0.0,0,0.0,True,True,True,UNKNOWN
pr06,0.1,0.25,0.4694,486,26,18,"[1, 2, 3]",0.1845,0.148119,0.016222,0.0,0.131504,0.001014,0.0,0.065752,0.008229,2863.759857464571,3090.596926010126,7.920952867409259,0.0,401.5249969242462,18,16,0,2,88.89,0.0,11.11,0,0.0,288,0,0,0.0,0,0.0,True,True,True,UNKNOWN
pr06,0.1,0.5,0.5611,42,26,17,"[1, 2, 3]",0.2787,0.246512,0.011296,0.122021,0.112727,0.000941,0.040674,0.056363,0.014501,2863.759857464571,3092.7946678682165,7.9976960989467045,9.872673592815403,396.62849841801454,17,12,3,2,70.59,17.65,11.76,0,0.0,288,0,0,0.0,0,0.0,True,True,True,UNKNOWN
pr06,0.1,0.5,0.151,153,26,14,"[1, 2, 3]",0.3595,0.325879,0.01638,0.07905,0.22986,0.00182,0.07905,0.057465,0.023277,2863.759857464571,2946.873892643928,2.902269719394068,0.0,399.788124577071,14,9,1,4,64.29,7.14,28.57,0,0.0,288,0,0,0.0,0,0.0,True,True,True,UNKNOWN
pr06,0.1,0.5,0.4092,264,26,17,"[1, 2, 3]",0.2656,0.229807,0.026737,0.0,0.202266,0.00191,0.0,0.067422,0.013518,2863.759857464571,3011.5436723386647,5.160482101489273,21.18004928939645,399.788124577071,17,14,0,3,82.35,0.0,17.65,0,0.0,288,0,0,0.0,0,0.0,True,True,True,UNKNOWN
pr06,0.1,0.5,0.3091,375,26,17,"[1, 2, 3]",0.505,0.471297,0.013696,0.25646,0.200744,0.001245,0.12823,0.050186,0.027723,2863.759857464571,3192.7236183346217,11.48712801503192,3.8895955596880043,417.8401841362357,17,11,2,4,64.71,11.76,23.53,0,0.0,288,0,1,0.57,0,0.0,False,True,False,UNKNOWN
pr06,0.1,0.5,0.7472,486,26,17,"[1, 2, 3]",0.4211,0.384367,0.014624,0.055042,0.314113,0.001125,0.055042,0.104704,0.02261,2863.759857464571,3144.9808584271664,9.819992421137384,0.0,399.788124577071,17,13,1,3,76.47,5.88,17.65,0,0.0,288,0,0,0.0,0,0.0,True,True,True,UNKNOWN
pr06,0.1,0.75,0.7224,42,26,15,"[1, 2, 3]",0.469,0.438554,0.018396,0.051834,0.367778,0.00184,0.051834,0.091945,0.029237,2863.759857464571,3138.357420728395,9.588707745451083,0.0,399.14004162835056,15,10,1,4,66.67,6.67,26.67,0,0.0,288,0,0,0.0,0,0.0,True,True,True,UNKNOWN
pr06,0.1,0.75,0.3203,153,26,14,"[1, 2, 3]",0.2918,0.252681,0.024354,0.0,0.227615,0.002214,0.0,0.075872,0.018049,2863.759857464571,3030.5349464747233,5.82364085366455,5.148880534029217,418.80001904542337,14,11,0,3,78.57,0.0,21.43,0,0.0,288,0,0,0.0,0,0.0,True,True,True,UNKNOWN
pr06,0.1,0.75,0.4142,264,26,16,"[1, 2, 3]",0.1891,0.15476,0.014106,0.054675,0.08543,0.001085,0.054675,0.042715,0.009672,2863.759857464571,3038.0183434407195,6.084954557971505,16.05575365265568,399.788124577071,16,13,1,2,81.25,6.25,12.5,0,0.0,288,0,0,0.0,0,0.0,True,True,True,UNKNOWN
pr06,0.1,0.75,0.8325,375,26,16,"[1, 2, 3]",0.1419,0.107681,0.006075,0.01382,0.087401,0.000467,0.01382,0.043701,0.00673,2863.759857464571,3055.4042227991313,6.692054322747326,43.48451973745827,409.91041107921194,16,13,1,2,81.25,6.25,12.5,0,0.0,288,0,0,0.0,1,2.48,False,True,False,UNKNOWN
pr06,0.1,0.75,0.845,486,26,15,"[1, 2, 3]",0.2376,0.201596,0.005382,0.075946,0.119811,0.000598,0.025315,0.039937,0.01344,2863.759857464571,3142.169526459892,9.721823157400186,0.0,399.788124577071,15,9,3,3,60.0,20.0,20.0,0,0.0,288,0,1,0.57,0,0.0,False,True,False,UNKNOWN
pr06,0.2,0.25,0.2577,42,52,39,"[1, 2, 3]",0.4855,0.457712,0.050638,0.102326,0.303844,0.001534,0.034109,0.101281,0.011736,2863.759857464571,3192.317400610292,11.472943245898062,0.0,399.9428707889847,39,33,3,3,84.62,7.69,7.69,0,0.0,288,0,0,0.0,0,0.0,True,True,True,UNKNOWN
pr06,0.2,0.25,0.0772,153,52,34,"[1, 2, 3]",0.2896,0.260614,0.048581,0.102056,0.109051,0.001619,0.051028,0.054525,0.007665,2863.759857464571,3041.835903814387,6.218260441274428,0.0,399.87817841043113,34,30,2,2,88.24,5.88,5.88,0,0.0,288,0,0,0.0,0,0.0,True,True,True,UNKNOWN
pr06,0.2,0.25,0.0744,264,52,41,"[1, 2, 3]",0.4023,0.372237,0.062168,0.146811,0.162706,0.001727,0.073405,0.054235,0.009079,2863.759857464571,3043.4654792211827,6.275163795183379,0.0,404.980352882455,41,36,2,3,87.8,4.88,7.32,0,0.0,288,0,0,0.0,0,0.0,True,True,True,UNKNOWN
pr06,0.2,0.25,0.3743,375,52,36,"[1, 2, 3]",0.3722,0.336592,0.042134,0.203051,0.090704,0.001404,0.050763,0.045352,0.00935,2863.759857464571,3083.0566148463117,7.657651768884534,0.0,409.08540239293234,36,30,4,2,83.33,11.11,5.56,0,0.0,288,0,0,0.0,0,0.0,True,True,True,UNKNOWN
pr06,0.2,0.25,0.4539,486,52,36,"[1, 2, 3]",0.2492,0.213883,0.043905,0.0,0.16923,0.00133,0.0,0.05641,0.005941,2863.759857464571,3241.0794358701146,13.175671047348347,19.848097212211727,401.5249969242462,36,33,0,3,91.67,0.0,8.33,0,0.0,288,0,0,0.0,0,0.0,True,True,True,UNKNOWN
pr06,0.2,0.5,0.4726,42,52,35,"[1, 2, 3]",0.2613,0.227788,0.039042,0.096235,0.091729,0.001301,0.032078,0.045864,0.006508,2863.759857464571,3193.2132681214953,11.50422615912376,0.0,396.62849841801454,35,30,3,2,85.71,8.57,5.71,0,0.0,288,0,0,0.0,0,0.0,True,True,True,UNKNOWN
pr06,0.2,0.5,0.1367,153,52,29,"[1, 2, 3]",0.355,0.326451,0.030952,0.05694,0.237548,0.001346,0.05694,0.04751,0.011257,2863.759857464571,3032.061714750166,5.876954272087652,0.0,402.67294732036453,29,23,1,5,79.31,3.45,17.24,0,0.0,288,0,0,0.0,0,0.0,True,True,True,UNKNOWN
pr06,0.2,0.5,0.3997,264,52,39,"[1, 2, 3]",0.47,0.439188,0.049134,0.119408,0.269987,0.001535,0.059704,0.053997,0.011261,2863.759857464571,3160.4293561176255,10.359440505451841,21.18004928939645,407.9647133374484,39,32,2,5,82.05,5.13,12.82,0,0.0,288,0,0,0.0,0,0.0,True,True,True,UNKNOWN
pr06,0.2,0.5,0.2729,375,52,37,"[1, 2, 3]",0.679,0.645367,0.044725,0.255149,0.344736,0.001542,0.127574,0.057456,0.017442,2863.759857464571,3336.5171315059783,16.508272256458092,3.8895955596880043,417.8401841362357,37,29,2,6,78.38,5.41,16.22,0,0.0,288,0,1,0.57,0,0.0,False,True,False,UNKNOWN
pr06,0.2,0.5,0.749,486,52,32,"[1, 2, 3]",0.3141,0.283753,0.015929,0.091215,0.175837,0.000637,0.030405,0.043959,0.008867,2863.759857464571,3260.125140877762,13.840730478152356,0.0,399.788124577071,32,25,3,4,78.12,9.38,12.5,0,0.0,288,0,0,0.0,0,0.0,True,True,True,UNKNOWN
pr06,0.2,0.75,0.8558,42,52,28,"[1, 2, 3]",0.5753,0.531735,0.016155,0.058452,0.45567,0.000898,0.019484,0.065096,0.018991,2863.759857464571,3394.837425900121,18.54476614200954,0.0,399.14004162835056,28,18,3,7,64.29,10.71,25.0,0,0.0,288,0,1,0.57,0,0.0,False,True,False,UNKNOWN
pr06,0.2,0.75,0.3452,153,52,32,"[1, 2, 3]",0.7535,0.710997,0.046822,0.109302,0.553467,0.001873,0.109302,0.092245,0.022219,2863.759857464571,3114.926142527328,8.770507918395337,7.5289298234256705,421.70204675216405,32,25,1,6,78.12,3.12,18.75,0,0.0,288,0,0,0.0,0,0.0,True,True,True,UNKNOWN
pr06,0.2,0.75,0.493,264,52,32,"[1, 2, 3]",0.6528,0.604817,0.054227,0.289135,0.260202,0.002086,0.096378,0.086734,0.018901,2863.759857464571,3119.001289102283,8.912808487499719,16.05575365265568,399.788124577071,32,26,3,3,81.25,9.38,9.38,0,0.0,288,0,0,0.0,0,0.0,True,True,True,UNKNOWN
pr06,0.2,0.75,0.8425,375,52,30,"[1, 2, 3]",0.3954,0.353732,0.024058,0.041857,0.286947,0.001046,0.020929,0.057389,0.011791,2863.759857464571,3232.315908371958,12.869656299801902,50.575002511496066,409.91041107921194,30,23,2,5,76.67,6.67,16.67,0,0.0,288,0,0,0.0,1,2.48,False,True,False,UNKNOWN
pr06,0.2,0.75,0.7963,486,52,30,"[1, 2, 3]",0.3555,0.319604,0.012817,0.143682,0.162295,0.00061,0.028736,0.040574,0.010653,2863.759857464571,3257.3138089104873,13.742561214415142,0.0,399.788124577071,30,21,5,4,70.0,16.67,13.33,0,0.0,288,0,1,0.57,0,0.0,False,True,False,UNKNOWN
pr06,0.4,0.25,0.2913,42,105,81,"[1, 2, 3]",0.7017,0.664529,0.107349,0.113429,0.442438,0.001512,0.03781,0.063205,0.008204,2863.759857464571,3424.830670579165,19.59210412326047,1.563600921781429,399.9428707889847,81,71,3,7,87.65,3.7,8.64,0,0.0,288,0,0,0.0,0,0.0,True,True,True,UNKNOWN
pr06,0.4,0.25,0.3437,153,105,62,"[1, 2, 3]",0.7298,0.689929,0.085497,0.302836,0.298988,0.001745,0.037854,0.059798,0.011128,2863.759857464571,3369.279676359302,17.652311787842887,0.0,399.87817841043113,62,49,8,5,79.03,12.9,8.06,0,0.0,288,0,1,1.14,0,0.0,False,True,False,UNKNOWN
pr06,0.4,0.25,0.1075,264,105,82,"[1, 2, 3]",1.1508,1.103095,0.182411,0.480898,0.43793,0.002465,0.120225,0.109482,0.013452,2863.759857464571,3283.0162730249613,14.64006887545309,25.899594623287072,404.0166728847633,82,74,4,4,90.24,4.88,4.88,0,0.0,288,0,0,0.0,0,0.0,True,True,True,UNKNOWN
pr06,0.4,0.25,0.3664,375,105,68,"[1, 2, 3]",1.2022,1.164274,0.096072,0.402663,0.663388,0.001779,0.080533,0.07371,0.017122,2863.759857464571,3390.0639404860262,18.37808018886816,2.16349416116104,409.08540239293234,68,54,5,9,79.41,7.35,13.24,0,0.0,288,0,0,0.0,0,0.0,True,True,True,UNKNOWN
pr06,0.4,0.25,0.3988,486,105,73,"[1, 2, 3]",0.8278,0.783876,0.110269,0.1141,0.557625,0.00175,0.038033,0.079661,0.010738,2863.759857464571,3485.7383737370747,21.718948069310965,67.40726105900148,403.68976848627733,73,63,3,7,86.3,4.11,9.59,0,0.0,288,0,0,0.0,0,0.0,True,True,True,UNKNOWN
pr06,0.4,0.5,0.6001,42,105,70,"[1, 2, 3]",0.9043,0.856522,0.093477,0.342371,0.418019,0.001612,0.04891,0.083604,0.012236,2863.759857464571,3563.514214993421,24.43481270627131,28.766377057955737,396.62849841801454,70,58,7,5,82.86,10.0,7.14,0,0.0,288,0,1,6.29,0,0.0,False,True,False,UNKNOWN
pr06,0.4,0.5,0.341,153,105,66,"[1, 2, 3]",1.0474,1.01259,0.092007,0.311175,0.606888,0.001769,0.051863,0.075861,0.015342,2863.759857464571,3609.606887557306,26.044328687289813,11.732214062242832,402.67294732036453,66,52,6,8,78.79,9.09,12.12,0,0.0,288,0,1,0.57,0,0.0,False,True,False,UNKNOWN
pr06,0.4,0.5,0.4479,264,105,69,"[1, 2, 3]",0.731,0.694991,0.093851,0.042524,0.556542,0.001618,0.021262,0.061838,0.010072,2863.759857464571,3485.9030638142167,21.724698903366157,26.53133348068927,416.8672842078048,69,58,2,9,84.06,2.9,13.04,0,0.0,288,0,0,0.0,0,0.0,True,True,True,UNKNOWN
pr06,0.4,0.5,0.3279,375,105,70,"[1, 2, 3]",0.9638,0.926983,0.084403,0.441363,0.399222,0.001481,0.07356,0.057032,0.013243,2863.759857464571,3495.1490870219704,22.04756198085687,26.015040115657335,418.0985921077657,70,57,6,7,81.43,8.57,10.0,0,0.0,288,0,0,0.0,0,0.0,True,True,True,UNKNOWN
pr06,0.4,0.5,0.7507,486,105,59,"[1, 2, 3]",0.8932,0.848544,0.074438,0.298192,0.472733,0.001584,0.049699,0.078789,0.014382,2863.759857464571,3489.268900793333,21.842230999164734,58.64415735704412,399.788124577071,59,47,6,6,79.66,10.17,10.17,0,0.0,288,0,0,0.0,0,0.0,True,True,True,UNKNOWN
pr06,0.4,0.75,0.8566,42,105,52,"[1, 2, 3]",1.0391,0.996473,0.045679,0.195901,0.751894,0.001269,0.03265,0.075189,0.019163,2863.759857464571,3473.0718625479526,21.276644530621923,0.0,399.14004162835056,52,36,6,10,69.23,11.54,19.23,0,0.0,288,0,0,0.0,0,0.0,True,True,True,UNKNOWN
pr06,0.4,0.75,0.6654,153,105,56,"[1, 2, 3]",1.1691,1.12993,0.05959,0.172824,0.894522,0.00149,0.034565,0.08132,0.020177,2863.759857464571,3523.467213165639,23.03640628181512,12.16354544705598,421.70204675216405,56,40,5,11,71.43,8.93,19.64,0,0.0,288,0,0,0.0,0,0.0,True,True,True,UNKNOWN
pr06,0.4,0.75,0.6474,264,105,64,"[1, 2, 3]",0.9218,0.877244,0.064845,0.421801,0.388317,0.001297,0.060257,0.055474,0.013707,2863.759857464571,3500.3314275968332,22.22852480011543,25.833570783221234,440.351985698529,64,50,7,7,78.12,10.94,10.94,0,0.0,288,0,0,0.0,0,0.0,True,True,True,UNKNOWN
pr06,0.4,0.75,0.8481,375,105,55,"[1, 2, 3]",1.0535,1.007004,0.064795,0.163784,0.77527,0.00158,0.032757,0.086141,0.018309,2863.759857464571,3644.1432220708184,27.25030740870709,50.575002511496066,409.91041107921194,55,41,5,9,74.55,9.09,16.36,0,0.0,288,0,1,1.71,2,1.48,False,True,False,UNKNOWN
pr06,0.4,0.75,0.8407,486,105,53,"[1, 2, 3]",1.0253,0.981238,0.045897,0.468205,0.464024,0.001177,0.058526,0.077337,0.018514,2863.759857464571,3496.816365802976,22.10578190375508,24.663444719884552,399.788124577071,53,39,8,6,73.58,15.09,11.32,0,0.0,288,0,0,0.0,0,0.0,True,True,True,UNKNOWN
pr07,0.05,0.25,0.1586,42,3,2,"[1, 2, 3]",0.0319,0.012474,0.002431,0.0,0.010009,0.002431,0.0,0.010009,0.006237,1185.532006465081,1278.809739399808,7.86800629810533,0.0,475.5724314491046,2,1,0,1,50.0,0.0,50.0,0,0.0,72,0,0,0.0,0,0.0,True,True,True,UNKNOWN
pr07,0.05,0.25,0.0922,153,3,3,"[1, 2, 3]",0.027,0.00652,0.00652,0.0,0.0,0.002173,0.0,0.0,0.002173,1185.532006465081,1205.9816999488262,1.7249381182647623,0.0,496.0221249328498,3,3,0,0,100.0,0.0,0.0,0,0.0,72,0,0,0.0,0,0.0,True,True,True,UNKNOWN
pr07,0.05,0.25,0.1325,264,3,3,"[1, 2, 3]",0.0252,0.00185,0.00185,0.0,0.0,0.000617,0.0,0.0,0.000617,1185.532006465081,1212.1975055181574,2.2492432855174784,0.0,475.5724314491046,3,3,0,0,100.0,0.0,0.0,0,0.0,72,0,0,0.0,0,0.0,True,True,True,UNKNOWN
pr07,0.05,0.25,0.0933,375,3,3,"[1, 2, 3]",0.0309,0.009954,0.009954,0.0,0.0,0.003318,0.0,0.0,0.003318,1185.532006465081,1199.465228472252,1.17527168656677,0.0,475.5724314491046,3,3,0,0,100.0,0.0,0.0,0,0.0,72,0,0,0.0,0,0.0,True,True,True,UNKNOWN
pr07,0.05,0.25,0.2736,486,3,3,"[1, 2, 3]",0.0329,0.008315,0.008315,0.0,0.0,0.002772,0.0,0.0,0.002772,1185.532006465081,1210.6571641238882,2.1193150013489115,0.0,479.02700363847276,3,3,0,0,100.0,0.0,0.0,0,0.0,72,0,0,0.0,0,0.0,True,True,True,UNKNOWN
pr07,0.05,0.5,0.3347,42,3,2,"[1, 2, 3]",0.0363,0.010945,0.002111,0.0,0.008812,0.002111,0.0,0.008812,0.005472,1185.532006465081,1278.809739399808,7.86800629810533,0.0,475.5724314491046,2,1,0,1,50.0,0.0,50.0,0,0.0,72,0,0,0.0,0,0.0,True,True,True,UNKNOWN
pr07,0.05,0.5,0.1911,153,3,3,"[1, 2, 3]",0.024,0.00401,0.00401,0.0,0.0,0.001337,0.0,0.0,0.001337,1185.532006465081,1205.9816999488262,1.7249381182647623,0.0,496.0221249328498,3,3,0,0,100.0,0.0,0.0,0,0.0,72,0,0,0.0,0,0.0,True,True,True,UNKNOWN
pr07,0.05,0.5,0.4117,264,3,3,"[1, 2, 3]",0.0302,0.008472,0.000778,0.0,0.007695,0.000389,0.0,0.007695,0.002824,1185.532006465081,1257.4925172686364,6.069891863832616,0.0,475.5724314491046,3,2,0,1,66.67,0.0,33.33,0,0.0,72,0,0,0.0,0,0.0,True,True,True,UNKNOWN
pr07,0.05,0.5,0.3242,375,3,3,"[1, 2, 3]",0.0267,0.006503,0.006503,0.0,0.0,0.002168,0.0,0.0,0.002168,1185.532006465081,1198.2118556189,1.069549289658301,0.0,475.5724314491046,3,3,0,0,100.0,0.0,0.0,0,0.0,72,0,0,0.0,0,0.0,True,True,True,UNKNOWN
pr07,0.05,0.5,0.4769,486,3,3,"[1, 2, 3]",0.0235,0.00463,0.00463,0.0,0.0,0.001543,0.0,0.0,0.001543,1185.532006465081,1210.6571641238882,2.1193150013489115,0.0,479.02700363847276,3,3,0,0,100.0,0.0,0.0,0,0.0,72,0,0,0.0,0,0.0,True,True,True,UNKNOWN
pr07,0.05,0.75,0.3097,42,3,2,"[1, 2, 3]",0.0414,0.022191,0.0,0.0,0.022171,0.0,0.0,0.011085,0.011095,1185.532006465081,1292.4394420427093,9.017676030223418,0.0,465.2626450843464,2,0,0,2,0.0,0.0,100.0,0,0.0,72,0,0,0.0,0,0.0,True,True,True,UNKNOWN
pr07,0.05,0.75,0.5064,153,3,3,"[1, 2, 3]",0.0294,0.005988,0.005988,0.0,0.0,0.001996,0.0,0.0,0.001996,1185.532006465081,1193.55226021235,0.6765109422210428,0.0,478.35803651901057,3,3,0,0,100.0,0.0,0.0,0,0.0,72,0,0,0.0,0,0.0,True,True,True,UNKNOWN
pr07,0.05,0.75,0.5242,264,3,3,"[1, 2, 3]",0.0282,0.008057,0.000495,0.0,0.007563,0.000247,0.0,0.007563,0.002686,1185.532006465081,1262.8865017208263,6.524876159724653,0.0,475.5724314491046,3,2,0,1,66.67,0.0,33.33,0,0.0,72,0,0,0.0,0,0.0,True,True,True,UNKNOWN
pr07,0.05,0.75,0.4492,375,3,3,"[1, 2, 3]",0.0294,0.00684,0.00684,0.0,0.0,0.00228,0.0,0.0,0.00228,1185.532006465081,1198.2118556189,1.069549289658301,0.0,475.5724314491046,3,3,0,0,100.0,0.0,0.0,0,0.0,72,0,0,0.0,0,0.0,True,True,True,UNKNOWN
pr07,0.05,0.75,0.7664,486,3,3,"[1, 2, 3]",0.0242,0.004713,0.004713,0.0,0.0,0.001571,0.0,0.0,0.001571,1185.532006465081,1210.6571641238882,2.1193150013489115,0.0,479.02700363847276,3,3,0,0,100.0,0.0,0.0,0,0.0,72,0,0,0.0,0,0.0,True,True,True,UNKNOWN
pr07,0.1,0.25,0.2803,42,6,5,"[1, 2, 3]",0.0473,0.029259,0.004746,0.0,0.024491,0.002373,0.0,0.008164,0.005852,1185.532006465081,1342.7057918725739,13.257658549104923,0.0,459.56655260700825,5,2,0,3,40.0,0.0,60.0,0,0.0,72,0,0,0.0,0,0.0,True,True,True,UNKNOWN
pr07,0.1,0.25,0.0794,153,6,5,"[1, 2, 3]",0.0419,0.023971,0.008851,0.0,0.015099,0.002213,0.0,0.015099,0.004794,1185.532006465081,1183.8639069184248,-0.14070472476149273,0.0,453.90184597966555,5,4,0,1,80.0,0.0,20.0,0,0.0,72,0,0,0.0,0,0.0,True,True,True,UNKNOWN
pr07,0.1,0.25,0.1014,264,6,6,"[1, 2, 3]",0.0333,0.015982,0.015982,0.0,0.0,0.002664,0.0,0.0,0.002664,1185.532006465081,1221.7118481930795,3.0517811017077943,0.0,475.5724314491046,6,6,0,0,100.0,0.0,0.0,0,0.0,72,0,0,0.0,0,0.0,True,True,True,UNKNOWN
pr07,0.1,0.25,0.0933,375,6,5,"[1, 2, 3]",0.03,0.011704,0.011675,0.0,0.0,0.002335,0.0,0.0,0.002341,1185.532006465081,1204.7386491437012,1.6200863893914599,0.0,475.5724314491046,5,5,0,0,100.0,0.0,0.0,0,0.0,72,0,0,0.0,0,0.0,True,True,True,UNKNOWN
pr07,0.1,0.25,0.4051,486,6,4,"[1, 2, 3]",0.0279,0.007015,0.00699,0.0,0.0,0.001748,0.0,0.0,0.001754,1185.532006465081,1215.3574841173784,2.515788480585059,0.0,479.02700363847276,4,4,0,0,100.0,0.0,0.0,0,0.0,72,0,0,0.0,0,0.0,True,True,True,UNKNOWN
pr07,0.1,0.5,0.53,42,6,4,"[1, 2, 3]",0.0385,0.020578,0.003123,0.0,0.017411,0.001561,0.0,0.008705,0.005145,1185.532006465081,1301.8673036227194,9.812919138684178,0.0,465.2626450843464,4,2,0,2,50.0,0.0,50.0,0,0.0,72,0,0,0.0,0,0.0,True,True,True,UNKNOWN
pr07,0.1,0.5,0.1539,153,6,5,"[1, 2, 3]",0.037,0.02156,0.008201,0.0,0.013341,0.00205,0.0,0.013341,0.004312,1185.532006465081,1183.8639069184248,-0.14070472476149273,0.0,453.90184597966555,5,4,0,1,80.0,0.0,20.0,0,0.0,72,0,0,0.0,0,0.0,True,True,True,UNKNOWN
pr07,0.1,0.5,0.41,264,6,4,"[1, 2, 3]",0.0266,0.01043,0.002653,0.0,0.007737,0.000884,0.0,0.007737,0.002608,1185.532006465081,1266.0252128593017,6.7896274377465895,0.0,475.5724314491046,4,3,0,1,75.0,0.0,25.0,0,0.0,72,0,0,0.0,0,0.0,True,True,True,UNKNOWN
pr07,0.1,0.5,0.3242,375,6,5,"[1, 2, 3]",0.0347,0.016249,0.016232,0.0,0.0,0.003246,0.0,0.0,0.00325,1185.532006465081,1204.7386491437012,1.6200863893914599,0.0,475.5724314491046,5,5,0,0,100.0,0.0,0.0,0,0.0,72,0,0,0.0,0,0.0,True,True,True,UNKNOWN
pr07,0.1,0.5,0.65,486,6,4,"[1, 2, 3]",0.0247,0.007257,0.007196,0.0,0.0,0.001799,0.0,0.0,0.001814,1185.532006465081,1215.3574841173784,2.515788480585059,0.0,479.02700363847276,4,4,0,0,100.0,0.0,0.0,0,0.0,72,0,0,0.0,0,0.0,True,True,True,UNKNOWN
pr07,0.1,0.75,0.5347,42,6,5,"[1, 2, 3]",0.0461,0.028054,0.006281,0.0,0.02174,0.002094,0.0,0.01087,0.005611,1185.532006465081,1329.2837772181658,12.125507364555407,0.0,492.67911867979257,5,3,0,2,60.0,0.0,40.0,0,0.0,72,0,0,0.0,0,0.0,True,True,True,UNKNOWN
pr07,0.1,0.75,0.7219,153,6,5,"[1, 2, 3]",0.0301,0.00922,0.004558,0.0,0.004652,0.001139,0.0,0.004652,0.001844,1185.532006465081,1210.9330525142072,2.142586274398867,0.0,494.4231842070605,5,4,0,1,80.0,0.0,20.0,0,0.0,72,0,0,0.0,0,0.0,True,True,True,UNKNOWN
pr07,0.1,0.75,0.4508,264,6,6,"[1, 2, 3]",0.0328,0.010393,0.003737,0.0,0.006655,0.000747,0.0,0.006655,0.001732,1185.532006465081,1274.6045896937276,7.5133005893477085,1.5949620320656095,475.5724314491046,6,5,0,1,83.33,0.0,16.67,0,0.0,72,0,0,0.0,0,0.0,True,True,True,UNKNOWN
pr07,0.1,0.75,0.4492,375,6,5,"[1, 2, 3]",0.0374,0.015291,0.015276,0.0,0.0,0.003055,0.0,0.0,0.003058,1185.532006465081,1204.7386491437012,1.6200863893914599,0.0,475.5724314491046,5,5,0,0,100.0,0.0,0.0,0,0.0,72,0,0,0.0,0,0.0,True,True,True,UNKNOWN
pr07,0.1,0.75,0.8347,486,6,4,"[1, 2, 3]",0.0234,0.002971,0.00295,0.0,0.0,0.000737,0.0,0.0,0.000743,1185.532006465081,1215.3574841173784,2.515788480585059,0.0,479.02700363847276,4,4,0,0,100.0,0.0,0.0,0,0.0,72,0,0,0.0,0,0.0,True,True,True,UNKNOWN
pr07,0.2,0.25,0.2244,42,13,10,"[1, 2, 3]",0.0572,0.037169,0.010317,0.0,0.0268,0.001474,0.0,0.008933,0.003717,1185.532006465081,1426.4480149097667,20.321341569092574,0.0,477.16446692756296,10,7,0,3,70.0,0.0,30.0,0,0.0,72,0,0,0.0,0,0.0,True,True,True,UNKNOWN
pr07,0.2,0.25,0.2533,153,13,8,"[1, 2, 3]",0.045,0.02311,0.009391,0.0,0.01366,0.001565,0.0,0.00683,0.002889,1185.532006465081,1284.1944984355182,8.322212427197199,0.0,457.64710097784643,8,6,0,2,75.0,0.0,25.0,0,0.0,72,0,0,0.0,0,0.0,True,True,True,UNKNOWN
pr07,0.2,0.25,0.0774,264,13,12,"[1, 2, 3]",0.0549,0.034752,0.034713,0.0,0.0,0.002893,0.0,0.0,0.002896,1185.532006465081,1252.399658149552,5.640307585102764,0.0,475.5724314491046,12,12,0,0,100.0,0.0,0.0,0,0.0,72,0,0,0.0,0,0.0,True,True,True,UNKNOWN
pr07,0.2,0.25,0.1812,375,13,10,"[1, 2, 3]",0.0498,0.028146,0.028108,0.0,0.0,0.002811,0.0,0.0,0.002815,1185.532006465081,1237.345371832437,4.37047376914342,2.528978245416752,479.80841228966926,10,10,0,0,100.0,0.0,0.0,0,0.0,72,0,0,0.0,0,0.0,True,True,True,UNKNOWN
pr07,0.2,0.25,0.4197,486,13,9,"[1, 2, 3]",0.0312,0.009278,0.009212,0.0,0.0,0.001024,0.0,0.0,0.001031,1185.532006465081,1270.0492619474317,7.129057252056578,18.7909004992688,479.02700363847276,9,9,0,0,100.0,0.0,0.0,0,0.0,72,0,0,0.0,0,0.0,True,True,True,UNKNOWN
pr07,0.2,0.5,0.4094,42,13,9,"[1, 2, 3]",0.0328,0.017162,0.006226,0.0,0.010884,0.000889,0.0,0.005442,0.001907,1185.532006465081,1385.6095266599123,16.87660215867183,0.0,493.20363690683376,9,7,0,2,77.78,0.0,22.22,0,0.0,72,0,0,0.0,0,0.0,True,True,True,UNKNOWN
pr07,0.2,0.5,0.1903,153,13,11,"[1, 2, 3]",0.0477,0.025038,0.011131,0.0,0.013881,0.001113,0.0,0.013881,0.002276,1185.532006465081,1234.7432323890353,4.150982483441184,0.0,457.64710097784643,11,10,0,1,90.91,0.0,9.09,0,0.0,72,0,0,0.0,0,0.0,True,True,True,UNKNOWN
pr07,0.2,0.5,0.4036,264,13,10,"[1, 2, 3]",0.0446,0.022182,0.008376,0.0,0.013764,0.001047,0.0,0.006882,0.002218,1185.532006465081,1343.4285814456325,13.31862607837592,0.0,492.67911867979257,10,8,0,2,80.0,0.0,20.0,0,0.0,72,0,0,0.0,0,0.0,True,True,True,UNKNOWN
pr07,0.2,0.5,0.3819,375,13,9,"[1, 2, 3]",0.0419,0.020554,0.020489,0.0,0.0,0.002277,0.0,0.0,0.002284,1185.532006465081,1232.2954675340968,3.944512743139783,0.0,481.4586643700611,9,9,0,0,100.0,0.0,0.0,0,0.0,72,0,0,0.0,0,0.0,True,True,True,UNKNOWN
pr07,0.2,0.5,0.7183,486,13,6,"[1, 2, 3]",0.024,0.005536,0.005466,0.0,0.0,0.000911,0.0,0.0,0.000923,1185.532006465081,1256.9737713691195,6.026135483010499,0.0,479.02700363847276,6,6,0,0,100.0,0.0,0.0,0,0.0,72,0,0,0.0,0,0.0,True,True,True,UNKNOWN
pr07,0.2,0.75,0.7783,42,13,9,"[1, 2, 3]",0.0418,0.022181,0.006359,0.0,0.015763,0.000908,0.0,0.007882,0.002465,1185.532006465081,1377.437886497517,16.187321724416766,0.0,492.67911867979257,9,7,0,2,77.78,0.0,22.22,0,0.0,72,0,0,0.0,0,0.0,True,True,True,UNKNOWN
pr07,0.2,0.75,0.7367,153,13,10,"[1, 2, 3]",0.0371,0.017748,0.007259,0.0,0.010452,0.000907,0.0,0.005226,0.001775,1185.532006465081,1297.9513531701057,9.482607478496277,0.0,494.4231842070605,10,8,0,2,80.0,0.0,20.0,0,0.0,72,0,0,0.0,0,0.0,True,True,True,UNKNOWN
pr07,0.2,0.75,0.4789,264,13,9,"[1, 2, 3]",0.0359,0.015411,0.009478,0.0,0.005891,0.001185,0.0,0.005891,0.001712,1185.532006465081,1280.1203306679254,7.9785550864105215,1.5949620320656095,475.5724314491046,9,8,0,1,88.89,0.0,11.11,0,0.0,72,0,0,0.0,0,0.0,True,True,True,UNKNOWN
pr07,0.2,0.75,0.5842,375,13,8,"[1, 2, 3]",0.0363,0.013419,0.013353,0.0,0.0,0.001669,0.0,0.0,0.001677,1185.532006465081,1230.8571720892985,3.8231920671095425,17.03899619234039,480.02036892526274,8,8,0,0,100.0,0.0,0.0,0,0.0,72,0,0,0.0,0,0.0,True,True,True,UNKNOWN
pr07,0.2,0.75,0.7322,486,13,8,"[1, 2, 3]",0.0243,0.005886,0.005813,0.0,0.0,0.000727,0.0,0.0,0.000736,1185.532006465081,1266.3283268389755,6.815195197876285,0.0,479.02700363847276,8,8,0,0,100.0,0.0,0.0,0,0.0,72,0,0,0.0,0,0.0,True,True,True,UNKNOWN
pr07,0.4,0.25,0.2664,42,26,20,"[1, 2, 3]",0.0647,0.042524,0.016779,0.0,0.025669,0.001049,0.0,0.006417,0.002126,1185.532006465081,1478.0295511483,24.672260477839274,21.642330518392896,482.0929389047856,20,16,0,4,80.0,0.0,20.0,0,0.0,72,0,0,0.0,0,0.0,True,True,True,UNKNOWN
pr07,0.4,0.25,0.3095,153,26,18,"[1, 2, 3]",0.0531,0.032475,0.015281,0.001053,0.016022,0.001019,0.001053,0.008011,0.001804,1185.532006465081,1357.9590562359751,14.544276226250744,5.584628109427058,478.9734263361692,18,15,1,2,83.33,5.56,11.11,0,0.0,72,0,0,0.0,0,0.0,True,True,True,UNKNOWN
pr07,0.4,0.25,0.122,264,26,22,"[1, 2, 3]",0.0724,0.05068,0.050618,0.0,0.0,0.002301,0.0,0.0,0.002304,1185.532006465081,1346.6640295815682,13.591537152753652,0.0,485.9854597929174,22,22,0,0,100.0,0.0,0.0,0,0.0,72,0,0,0.0,0,0.0,True,True,True,UNKNOWN
pr07,0.4,0.25,0.3315,375,26,15,"[1, 2, 3]",0.0534,0.032397,0.032222,0.0,0.0,0.002148,0.0,0.0,0.00216,1185.532006465081,1300.826788901426,9.72515139259051,2.528978245416752,479.80841228966926,15,15,0,0,100.0,0.0,0.0,0,0.0,72,0,0,0.0,0,0.0,True,True,True,UNKNOWN
pr07,0.4,0.25,0.3117,486,26,20,"[1, 2, 3]",0.0552,0.031756,0.021105,0.002069,0.008512,0.001241,0.002069,0.004256,0.001588,1185.532006465081,1363.1988420206856,14.986253815732614,47.03323101766169,497.3864397222672,20,17,1,2,85.0,5.0,10.0,0,0.0,72,0,0,0.0,0,0.0,True,True,True,UNKNOWN
pr07,0.4,0.5,0.5467,42,26,18,"[1, 2, 3]",0.0468,0.025933,0.010788,0.0,0.015054,0.000719,0.0,0.005018,0.001441,1185.532006465081,1629.5899177847948,37.456425376803466,7.571519317288121,506.095897101365,18,15,0,3,83.33,0.0,16.67,0,0.0,72,0,0,0.0,1,1.06,False,True,False,UNKNOWN
pr07,0.4,0.5,0.3472,153,26,15,"[1, 2, 3]",0.0469,0.025075,0.015813,0.0,0.009124,0.001129,0.0,0.009124,0.001672,1185.532006465081,1275.5587339380745,7.593782958372221,0.0,482.0929389047856,15,14,0,1,93.33,0.0,6.67,0,0.0,72,0,0,0.0,0,0.0,True,True,True,UNKNOWN
pr07,0.4,0.5,0.3611,264,26,19,"[1, 2, 3]",0.0543,0.02977,0.017473,0.0,0.012152,0.001028,0.0,0.006076,0.001567,1185.532006465081,1407.2507832593574,18.702049002909565,13.242599786157754,492.67911867979257,19,17,0,2,89.47,0.0,10.53,0,0.0,72,0,0,0.0,0,0.0,True,True,True,UNKNOWN
pr07,0.4,0.5,0.3426,375,26,18,"[1, 2, 3]",0.0657,0.045419,0.031487,0.0,0.013818,0.001968,0.0,0.006909,0.002523,1185.532006465081,1442.8364708805277,21.70371301763969,12.499331572512062,490.786121639829,18,16,0,2,88.89,0.0,11.11,0,0.0,72,0,0,0.0,0,0.0,True,True,True,UNKNOWN
pr07,0.4,0.5,0.6218,486,26,15,"[1, 2, 3]",0.0467,0.024834,0.016472,0.002611,0.00562,0.001267,0.002611,0.00562,0.001656,1185.532006465081,1389.0779961830515,17.169168660818087,24.17151931728812,497.3864397222672,15,13,1,1,86.67,6.67,6.67,0,0.0,72,0,0,0.0,0,0.0,True,True,True,UNKNOWN
pr07,0.4,0.75,0.7812,42,26,18,"[1, 2, 3]",0.0626,0.040817,0.01073,0.0,0.029985,0.000894,0.0,0.004998,0.002268,1185.532006465081,1758.2947032930635,48.31271477315893,0.0,547.2966463947973,18,12,0,6,66.67,0.0,33.33,0,0.0,72,0,0,0.0,1,9.46,False,True,False,UNKNOWN
pr07,0.4,0.75,0.784,153,26,16,"[1, 2, 3]",0.0565,0.035416,0.010347,0.0,0.024946,0.000941,0.0,0.004989,0.002214,1185.532006465081,1540.4949452030155,29.941236238432147,57.844177107946535,511.49414380332183,16,11,0,5,68.75,0.0,31.25,0,0.0,72,0,1,0.5,1,2.3,False,True,False,UNKNOWN
pr07,0.4,0.75,0.4591,264,26,19,"[1, 2, 3]",0.0546,0.033371,0.02106,0.004676,0.007525,0.001404,0.002338,0.003762,0.001756,1185.532006465081,1372.2195472616488,15.747153158118184,63.2139824544942,475.5724314491046,19,15,2,2,78.95,10.53,10.53,0,0.0,72,0,0,0.0,0,0.0,True,True,True,UNKNOWN
pr07,0.4,0.75,0.7564,375,26,16,"[1, 2, 3]",0.0467,0.024859,0.017413,0.0,0.007327,0.001161,0.0,0.007327,0.001554,1185.532006465081,1344.1692483478282,13.381101566018314,17.03899619234039,491.7524882550943,16,15,0,1,93.75,0.0,6.25,0,0.0,72,0,0,0.0,0,0.0,True,True,True,UNKNOWN
pr07,0.4,0.75,0.8137,486,26,17,"[1, 2, 3]",0.0386,0.015014,0.010495,0.0,0.004427,0.000656,0.0,0.004427,0.000883,1185.532006465081,1392.5166246821602,17.45921806314184,13.33112842061692,493.20363690683376,17,16,0,1,94.12,0.0,5.88,0,0.0,72,0,0,0.0,0,0.0,True,True,True,UNKNOWN
pr08,0.05,0.25,0.2289,42,6,4,"[1, 2, 3]",0.0553,0.023354,0.001965,0.0,0.021342,0.000655,0.0,0.021342,0.005839,1869.1590659151987,1928.5614672070026,3.1780281504676893,14.90698726431566,463.0559435045913,4,3,0,1,75.0,0.0,25.0,0,0.0,144,0,0,0.0,0,0.0,True,True,True,UNKNOWN
pr08,0.05,0.25,0.0794,153,6,5,"[1, 2, 3]",0.052,0.023559,0.00377,0.0,0.019753,0.000942,0.0,0.019753,0.004712,1869.1590659151987,1923.246914900119,2.8936996305575127,0.0,467.65321241343554,5,4,0,1,80.0,0.0,20.0,0,0.0,144,0,0,0.0,0,0.0,True,True,True,UNKNOWN
pr08,0.05,0.25,0.1325,264,6,5,"[1, 2, 3]",0.072,0.045422,0.001845,0.0,0.043553,0.000922,0.0,0.014518,0.009084,1869.1590659151987,1958.5622890822237,4.783071959862896,0.0,467.65321241343554,5,2,0,3,40.0,0.0,60.0,0,0.0,144,0,0,0.0,0,0.0,True,True,True,UNKNOWN
pr08,0.05,0.25,0.0933,375,6,6,"[1, 2, 3]",0.0297,0.007358,0.007358,0.0,0.0,0.001226,0.0,0.0,0.001226,1869.1590659151987,1893.4714255583049,1.3007111104908629,0.0,467.65321241343554,6,6,0,0,100.0,0.0,0.0,0,0.0,144,0,0,0.0,0,0.0,True,True,True,UNKNOWN
pr08,0.05,0.25,0.1956,486,6,6,"[1, 2, 3]",0.0341,0.012688,0.004744,0.007944,0.0,0.000949,0.007944,0.0,0.002115,1869.1590659151987,1905.1694703842625,1.9265564459294424,0.0,467.65321241343554,6,5,1,0,83.33,16.67,0.0,0,0.0,144,0,0,0.0,0,0.0,True,True,True,UNKNOWN
pr08,0.05,0.5,0.5136,42,6,3,"[1, 2, 3]",0.0483,0.0219,0.001115,0.0,0.02067,0.000558,0.0,0.02067,0.0073,1869.1590659151987,1924.3130247351828,2.950736501014645,0.0,471.15594350459133,3,2,0,1,66.67,0.0,33.33,0,0.0,144,0,0,0.0,0,0.0,True,True,True,UNKNOWN
pr08,0.05,0.5,0.1539,153,6,5,"[1, 2, 3]",0.0254,0.004144,0.00412,0.0,0.0,0.000824,0.0,0.0,0.000829,1869.1590659151987,1928.218091043212,3.159657527546823,4.934374888508614,467.65321241343554,5,5,0,0,100.0,0.0,0.0,0,0.0,144,0,0,0.0,0,0.0,True,True,True,UNKNOWN
pr08,0.05,0.5,0.4117,264,6,4,"[1, 2, 3]",0.0559,0.030691,0.002503,0.0,0.028074,0.001251,0.0,0.014037,0.007673,1869.1590659151987,1970.00215444773,5.395104695552241,0.0,467.65321241343554,4,2,0,2,50.0,0.0,50.0,0,0.0,144,0,0,0.0,0,0.0,True,True,True,UNKNOWN
pr08,0.05,0.5,0.3242,375,6,6,"[1, 2, 3]",0.0245,0.003801,0.003801,0.0,0.0,0.000633,0.0,0.0,0.000633,1869.1590659151987,1889.7504948047892,1.1016413351374341,9.684061642937962,467.65321241343554,6,6,0,0,100.0,0.0,0.0,0,0.0,144,0,0,0.0,0,0.0,True,True,True,UNKNOWN
pr08,0.05,0.5,0.3814,486,6,6,"[1, 2, 3]",0.0372,0.012621,0.006326,0.006295,0.0,0.001265,0.006295,0.0,0.002104,1869.1590659151987,1912.4245616165122,2.314703787937351,0.0,467.65321241343554,6,5,1,0,83.33,16.67,0.0,0,0.0,144,0,0,0.0,0,0.0,True,True,True,UNKNOWN
pr08,0.05,0.75,0.4217,42,6,3,"[1, 2, 3]",0.0495,0.025179,0.000467,0.003262,0.021382,0.000467,0.003262,0.021382,0.008393,1869.1590659151987,1945.4896283658038,4.083684681658236,16.90698726431566,452.45594350459135,3,1,1,1,33.33,33.33,33.33,0,0.0,144,0,0,0.0,0,0.0,True,True,True,UNKNOWN
pr08,0.05,0.75,0.3987,153,6,5,"[1, 2, 3]",0.0279,0.00335,0.003331,0.0,0.0,0.000666,0.0,0.0,0.00067,1869.1590659151987,1964.4532944222283,5.09824071395286,0.0,467.65321241343554,5,5,0,0,100.0,0.0,0.0,0,0.0,144,0,0,0.0,0,0.0,True,True,True,UNKNOWN
pr08,0.05,0.75,0.5242,264,6,3,"[1, 2, 3]",0.0423,0.019398,0.00134,0.0,0.017989,0.00067,0.0,0.017989,0.006466,1869.1590659151987,1947.7570186805017,4.204990051331936,0.0,467.65321241343554,3,2,0,1,66.67,0.0,33.33,0,0.0,144,0,0,0.0,0,0.0,True,True,True,UNKNOWN
pr08,0.05,0.75,0.4492,375,6,4,"[1, 2, 3]",0.0243,0.002153,0.002117,0.0,0.0,0.000529,0.0,0.0,0.000538,1869.1590659151987,1896.4724141803404,1.461263985671987,6.176489041845571,467.65321241343554,4,4,0,0,100.0,0.0,0.0,0,0.0,144,0,0,0.0,0,0.0,True,True,True,UNKNOWN
pr08,0.05,0.75,0.7128,486,6,6,"[1, 2, 3]",0.0321,0.004053,0.004053,0.0,0.0,0.000675,0.0,0.0,0.000675,1869.1590659151987,1920.0161629426177,2.720854418161455,0.0,467.65321241343554,6,6,0,0,100.0,0.0,0.0,0,0.0,144,0,0,0.0,0,0.0,True,True,True,UNKNOWN
pr08,0.1,0.25,0.2568,42,13,9,"[1, 2, 3]",0.0579,0.032312,0.009806,0.0,0.022409,0.001226,0.0,0.022409,0.00359,1869.1590659151987,1947.5194204414213,4.192278546815649,14.90698726431566,471.52284115829394,9,8,0,1,88.89,0.0,11.11,0,0.0,144,0,0,0.0,0,0.0,True,True,True,UNKNOWN
pr08,0.1,0.25,0.0726,153,13,10,"[1, 2, 3]",0.0521,0.027807,0.011297,0.0,0.016444,0.001255,0.0,0.016444,0.002781,1869.1590659151987,1935.0069127302143,3.5228594513851306,0.0,467.65321241343554,10,9,0,1,90.0,0.0,10.0,0,0.0,144,0,0,0.0,0,0.0,True,True,True,UNKNOWN
pr08,0.1,0.25,0.1181,264,13,11,"[1, 2, 3]",0.1235,0.097233,0.006306,0.0,0.090882,0.001051,0.0,0.018176,0.008839,1869.1590659151987,2112.9263104464208,13.041546274814554,0.0,457.0444781565077,11,6,0,5,54.55,0.0,45.45,0,0.0,144,0,0,0.0,0,0.0,True,True,True,UNKNOWN
pr08,0.1,0.25,0.2606,375,13,10,"[1, 2, 3]",0.0492,0.023984,0.010416,0.0,0.013497,0.001157,0.0,0.013497,0.002398,1869.1590659151987,1915.3092727404523,2.4690358175941065,0.0,467.65321241343554,10,9,0,1,90.0,0.0,10.0,0,0.0,144,0,0,0.0,0,0.0,True,True,True,UNKNOWN
pr08,0.1,0.25,0.383,486,13,8,"[1, 2, 3]",0.0393,0.013259,0.005922,0.007239,0.0,0.000846,0.007239,0.0,0.001657,1869.1590659151987,1912.563849629563,2.32215569588841,0.0,467.65321241343554,8,7,1,0,87.5,12.5,0.0,0,0.0,144,0,0,0.0,0,0.0,True,True,True,UNKNOWN
pr08,0.1,0.5,0.5158,42,13,8,"[1, 2, 3]",0.0567,0.026767,0.005316,0.0,0.021346,0.000759,0.0,0.021346,0.003346,1869.1590659151987,1943.2709779696015,3.964986897362604,0.0,479.62284115829397,8,7,0,1,87.5,0.0,12.5,0,0.0,144,0,0,0.0,0,0.0,True,True,True,UNKNOWN
pr08,0.1,0.5,0.1338,153,13,10,"[1, 2, 3]",0.0367,0.009249,0.009183,0.0,0.0,0.000918,0.0,0.0,0.000925,1869.1590659151987,1942.012467502907,3.897656594145291,4.934374888508614,467.65321241343554,10,10,0,0,100.0,0.0,0.0,0,0.0,144,0,0,0.0,0,0.0,True,True,True,UNKNOWN
pr08,0.1,0.5,0.4109,264,13,9,"[1, 2, 3]",0.0708,0.0445,0.005309,0.0,0.039107,0.000758,0.0,0.019553,0.004944,1869.1590659151987,2009.1612165330705,7.490114307062595,14.176116401738753,467.65321241343554,9,7,0,2,77.78,0.0,22.22,0,0.0,144,0,0,0.0,0,0.0,True,True,True,UNKNOWN
pr08,0.1,0.5,0.3819,375,13,13,"[1, 2, 3]",0.0389,0.014761,0.008349,0.006412,0.0,0.000696,0.006412,0.0,0.001135,1869.1590659151987,1936.15770679948,3.584426927917803,9.684061642937962,467.65321241343554,13,12,1,0,92.31,7.69,0.0,0,0.0,144,0,0,0.0,0,0.0,True,True,True,UNKNOWN
pr08,0.1,0.5,0.622,486,13,9,"[1, 2, 3]",0.0389,0.012205,0.005712,0.006376,0.0,0.000714,0.006376,0.0,0.001356,1869.1590659151987,1926.7807879577188,3.0827618201828484,4.666169608567401,467.65321241343554,9,8,1,0,88.89,11.11,0.0,0,0.0,144,0,0,0.0,0,0.0,True,True,True,UNKNOWN
pr08,0.1,0.75,0.723,42,13,8,"[1, 2, 3]",0.0615,0.036994,0.001309,0.003055,0.032538,0.000262,0.003055,0.016269,0.004624,1869.1590659151987,1998.241563522637,6.905912929579143,16.90698726431566,452.45594350459135,8,5,1,2,62.5,12.5,25.0,0,0.0,144,0,0,0.0,0,0.0,True,True,True,UNKNOWN
pr08,0.1,0.75,0.6206,153,13,9,"[1, 2, 3]",0.0468,0.019426,0.00518,0.004021,0.01011,0.00074,0.004021,0.01011,0.002158,1869.1590659151987,1978.6800217381594,5.859370549040775,0.0,467.65321241343554,9,7,1,1,77.78,11.11,11.11,0,0.0,144,0,0,0.0,0,0.0,True,True,True,UNKNOWN
pr08,0.1,0.75,0.4903,264,13,8,"[1, 2, 3]",0.064,0.038826,0.007925,0.0,0.030793,0.001321,0.0,0.015396,0.004853,1869.1590659151987,1999.5113362965296,6.973845766171133,0.0,467.69073955040886,8,6,0,2,75.0,0.0,25.0,0,0.0,144,0,0,0.0,0,0.0,True,True,True,UNKNOWN
pr08,0.1,0.75,0.6792,375,13,6,"[1, 2, 3]",0.0289,0.005524,0.00531,0.0,0.0,0.000885,0.0,0.0,0.000921,1869.1590659151987,1912.5438361025997,2.321084972303227,9.546683308596442,467.65321241343554,6,6,0,0,100.0,0.0,0.0,0,0.0,144,0,0,0.0,0,0.0,True,True,True,UNKNOWN
pr08,0.1,0.75,0.8212,486,13,9,"[1, 2, 3]",0.0359,0.00682,0.006664,0.0,0.0,0.00074,0.0,0.0,0.000758,1869.1590659151987,1934.372389283824,3.4889124504069398,3.866169608567418,467.65321241343554,9,9,0,0,100.0,0.0,0.0,0,0.0,144,0,0,0.0,0,0.0,True,True,True,UNKNOWN
pr08,0.2,0.25,0.1301,42,26,21,"[1, 2, 3]",0.1179,0.086619,0.032828,0.017749,0.035789,0.001728,0.017749,0.035789,0.004125,1869.1590659151987,2041.363250660496,9.21292296014309,14.90698726431566,471.52284115829394,21,19,1,1,90.48,4.76,4.76,0,0.0,144,0,0,0.0,0,0.0,True,True,True,UNKNOWN
pr08,0.2,0.25,0.1071,153,26,21,"[1, 2, 3]",0.1389,0.109292,0.039691,0.0,0.069349,0.002089,0.0,0.034674,0.005204,1869.1590659151987,2022.8717503863554,8.223627794667879,6.284061642937971,467.65321241343554,21,19,0,2,90.48,0.0,9.52,0,0.0,144,0,0,0.0,0,0.0,True,True,True,UNKNOWN
pr08,0.2,0.25,0.0953,264,26,21,"[1, 2, 3]",0.2153,0.185958,0.035058,0.0,0.150725,0.002191,0.0,0.030145,0.008855,1869.1590659151987,2169.3885280087707,16.06227461152806,0.0,476.5306091863595,21,16,0,5,76.19,0.0,23.81,0,0.0,144,0,0,0.0,0,0.0,True,True,True,UNKNOWN
pr08,0.2,0.25,0.3184,375,26,19,"[1, 2, 3]",0.1268,0.097039,0.039066,0.0,0.05772,0.002298,0.0,0.02886,0.005107,1869.1590659151987,1972.1203601534119,5.508428689443836,9.860772155400383,467.65321241343554,19,17,0,2,89.47,0.0,10.53,0,0.0,144,0,0,0.0,0,0.0,True,True,True,UNKNOWN
pr08,0.2,0.25,0.4073,486,26,17,"[1, 2, 3]",0.0594,0.029979,0.019534,0.010181,0.0,0.001221,0.010181,0.0,0.001763,1869.1590659151987,1970.176241930296,5.404418374935697,0.0,472.5214063759329,17,16,1,0,94.12,5.88,0.0,0,0.0,144,0,0,0.0,0,0.0,True,True,True,UNKNOWN
pr08,0.2,0.5,0.2612,42,26,20,"[1, 2, 3]",0.1183,0.091592,0.031739,0.022939,0.036722,0.001763,0.022939,0.036722,0.00458,1869.1590659151987,2037.1148081886763,8.985631310690044,0.0,479.62284115829397,20,18,1,1,90.0,5.0,5.0,0,0.0,144,0,0,0.0,0,0.0,True,True,True,UNKNOWN
pr08,0.2,0.5,0.1478,153,26,21,"[1, 2, 3]",0.0634,0.038149,0.037917,0.0,0.0,0.001806,0.0,0.0,0.001817,1869.1590659151987,2026.3541592752597,8.409936651544069,15.885827291652273,467.65321241343554,21,21,0,0,100.0,0.0,0.0,0,0.0,144,0,0,0.0,0,0.0,True,True,True,UNKNOWN
pr08,0.2,0.5,0.4016,264,26,17,"[1, 2, 3]",0.1522,0.127676,0.012887,0.015915,0.09854,0.001074,0.015915,0.024635,0.00751,1869.1590659151987,2184.6693574626565,16.879798905342184,14.176116401738753,467.65321241343554,17,12,1,4,70.59,5.88,23.53,0,0.0,144,0,0,0.0,0,0.0,True,True,True,UNKNOWN
pr08,0.2,0.5,0.3835,375,26,21,"[1, 2, 3]",0.0982,0.067498,0.020577,0.026022,0.020678,0.001143,0.013011,0.020678,0.003214,1869.1590659151987,1989.1159414140034,6.4176921957185105,11.31815588084784,467.65321241343554,21,18,2,1,85.71,9.52,4.76,0,0.0,144,0,0,0.0,0,0.0,True,True,True,UNKNOWN
pr08,0.2,0.5,0.7004,486,26,17,"[1, 2, 3]",0.0574,0.029745,0.014583,0.014905,0.0,0.000911,0.014905,0.0,0.00175,1869.1590659151987,2007.1346601916212,7.381693553665822,4.666169608567401,467.65321241343554,17,16,1,0,94.12,5.88,0.0,0,0.0,144,0,0,0.0,0,0.0,True,True,True,UNKNOWN
pr08,0.2,0.75,0.8349,42,26,15,"[1, 2, 3]",0.1185,0.091566,0.003759,0.006239,0.081269,0.000418,0.006239,0.016254,0.006104,1869.1590659151987,2474.6084367229323,32.391538090488126,16.90698726431566,474.5568379774936,15,9,1,5,60.0,6.67,33.33,0,0.0,144,0,0,0.0,0,0.0,True,True,True,UNKNOWN
pr08,0.2,0.75,0.8027,153,26,18,"[1, 2, 3]",0.1036,0.074274,0.009137,0.026688,0.03822,0.000831,0.005338,0.01911,0.004126,1869.1590659151987,2074.498471338625,10.985657088680464,23.504059038875766,467.65321241343554,18,11,5,2,61.11,27.78,11.11,0,0.0,144,0,0,0.0,0,0.0,True,True,True,UNKNOWN
pr08,0.2,0.75,0.5846,264,26,17,"[1, 2, 3]",0.1399,0.112608,0.019848,0.0,0.092563,0.001527,0.0,0.023141,0.006624,1869.1590659151987,2131.9801470628786,14.060926431587273,0.0,472.9501045071839,17,13,0,4,76.47,0.0,23.53,0,0.0,144,0,0,0.0,0,0.0,True,True,True,UNKNOWN
pr08,0.2,0.75,0.7376,375,26,14,"[1, 2, 3]",0.0543,0.021941,0.016882,0.004717,0.0,0.001299,0.004717,0.0,0.001567,1869.1590659151987,1984.106171854678,6.149669551167794,9.546683308596442,467.65321241343554,14,13,1,0,92.86,7.14,0.0,0,0.0,144,0,0,0.0,0,0.0,True,True,True,UNKNOWN
pr08,0.2,0.75,0.7978,486,26,18,"[1, 2, 3]",0.068,0.03653,0.012981,0.0,0.02329,0.000764,0.0,0.02329,0.002029,1869.1590659151987,2082.3883151879822,11.407763692298701,6.438148985704288,453.6903530737794,18,17,0,1,94.44,0.0,5.56,0,0.0,144,0,0,0.0,0,0.0,True,True,True,UNKNOWN
pr08,0.4,0.25,0.19,42,52,42,"[1, 2, 3]",0.1751,0.148461,0.043194,0.039348,0.065498,0.0012,0.013116,0.021833,0.003535,1869.1590659151987,2353.625871174253,25.918971482603286,14.90698726431566,497.39117813084533,42,36,3,3,85.71,7.14,7.14,0,0.0,144,0,0,0.0,0,0.0,True,True,True,UNKNOWN
pr08,0.4,0.25,0.3545,153,52,35,"[1, 2, 3]",0.1108,0.081806,0.025048,0.010143,0.046258,0.000835,0.005072,0.015419,0.002337,1869.1590659151987,2134.2932895586337,14.184679542702108,18.3809178093381,467.65321241343554,35,30,2,3,85.71,5.71,8.57,0,0.0,144,0,0,0.0,0,0.0,True,True,True,UNKNOWN
pr08,0.4,0.25,0.1788,264,52,36,"[1, 2, 3]",0.1548,0.132148,0.038384,0.017688,0.075711,0.001279,0.008844,0.018928,0.003671,1869.1590659151987,2295.0216204566464,22.783644383573748,0.0,476.5306091863595,36,30,2,4,83.33,5.56,11.11,0,0.0,144,0,0,0.0,0,0.0,True,True,True,UNKNOWN
pr08,0.4,0.25,0.3456,375,52,36,"[1, 2, 3]",0.1343,0.106348,0.042407,0.0,0.063507,0.001325,0.0,0.015877,0.002954,1869.1590659151987,2108.1609172450826,12.78659776410528,21.649715848223025,446.05682284105103,36,32,0,4,88.89,0.0,11.11,0,0.0,144,0,0,0.0,0,0.0,True,True,True,UNKNOWN
pr08,0.4,0.25,0.3472,486,52,39,"[1, 2, 3]",0.1401,0.113559,0.033777,0.0,0.079412,0.000993,0.0,0.015882,0.002912,1869.1590659151987,2288.2191905306454,22.419714419022004,16.750868725778815,480.69730968490353,39,34,0,5,87.18,0.0,12.82,0,0.0,144,0,0,0.0,0,0.0,True,True,True,UNKNOWN
pr08,0.4,0.5,0.389,42,52,40,"[1, 2, 3]",0.139,0.113788,0.033532,0.021475,0.05846,0.000986,0.010737,0.014615,0.002845,1869.1590659151987,2472.543840934373,32.281082226875014,0.0,458.10728513309897,40,34,2,4,85.0,5.0,10.0,0,0.0,144,0,0,0.0,0,0.0,True,True,True,UNKNOWN
pr08,0.4,0.5,0.3309,153,52,37,"[1, 2, 3]",0.1122,0.08699,0.029894,0.009135,0.047498,0.000934,0.009135,0.011874,0.002351,1869.1590659151987,2460.0673575058395,31.613590430374295,37.8936425505529,447.6483732253688,37,32,1,4,86.49,2.7,10.81,0,0.0,144,0,0,0.0,0,0.0,True,True,True,UNKNOWN
pr08,0.4,0.5,0.3762,264,52,34,"[1, 2, 3]",0.1661,0.139042,0.031684,0.019834,0.087072,0.001267,0.006611,0.014512,0.004089,1869.1590659151987,2316.038802308448,23.908063499905662,27.601235909551228,464.84613772536636,34,25,3,6,73.53,8.82,17.65,0,0.0,144,0,0,0.0,0,0.0,True,True,True,UNKNOWN
pr08,0.4,0.5,0.3265,375,52,37,"[1, 2, 3]",0.129,0.102993,0.034687,0.026187,0.04175,0.001119,0.008729,0.013917,0.002784,1869.1590659151987,2206.651714329578,18.055854879805675,4.63534512923988,463.7392577716793,37,31,3,3,83.78,8.11,8.11,0,0.0,144,0,0,0.0,0,0.0,True,True,True,UNKNOWN
pr08,0.4,0.5,0.7003,486,52,36,"[1, 2, 3]",0.0732,0.047781,0.024174,0.008156,0.015166,0.000733,0.004078,0.015166,0.001327,1869.1590659151987,2340.4547563045394,25.214316907725543,9.179270212635828,500.89730968490346,36,33,2,1,91.67,5.56,2.78,0,0.0,144,0,0,0.0,0,0.0,True,True,True,UNKNOWN
pr08,0.4,0.75,0.7358,42,52,31,"[1, 2, 3]",0.1289,0.102073,0.014684,0.003102,0.083788,0.000612,0.003102,0.013965,0.003293,1869.1590659151987,2577.469723261877,37.89461636855755,19.86577017633752,475.9164858350709,31,24,1,6,77.42,3.23,19.35,0,0.0,144,0,1,0.53,0,0.0,False,True,False,UNKNOWN
pr08,0.4,0.75,0.9006,153,52,29,"[1, 2, 3]",0.1102,0.083059,0.007221,0.017643,0.05769,0.000401,0.00294,0.011538,0.002864,1869.1590659151987,2232.1649356142675,19.42081208167962,23.504059038875766,461.74515753759283,29,18,6,5,62.07,20.69,17.24,0,0.0,144,0,0,0.0,0,0.0,True,True,True,UNKNOWN
pr08,0.4,0.75,0.4718,264,52,35,"[1, 2, 3]",0.1386,0.110536,0.029789,0.031844,0.048523,0.001027,0.010615,0.016174,0.003158,1869.1590659151987,2162.2850310246786,15.682237560983408,4.500105477730344,449.5623308699223,35,29,3,3,82.86,8.57,8.57,0,0.0,144,0,0,0.0,0,0.0,True,True,True,UNKNOWN
pr08,0.4,0.75,0.7451,375,52,30,"[1, 2, 3]",0.0846,0.057866,0.020448,0.008234,0.028807,0.000786,0.004117,0.014403,0.001929,1869.1590659151987,2153.326941484318,15.20297981862672,26.048290797213753,447.76889276718805,30,26,2,2,86.67,6.67,6.67,0,0.0,144,0,0,0.0,0,0.0,True,True,True,UNKNOWN
pr08,0.4,0.75,0.8234,486,52,34,"[1, 2, 3]",0.087,0.061916,0.016372,0.0197,0.025523,0.000585,0.004925,0.012762,0.001821,1869.1590659151987,2342.969440429739,25.348852494934548,39.53500515210442,449.9389048869145,34,28,4,2,82.35,11.76,5.88,0,0.0,144,0,0,0.0,0,0.0,True,True,True,UNKNOWN
pr09,0.05,0.25,0.3372,42,9,9,"[1, 2, 3]",0.0617,0.032083,0.009099,0.0,0.022984,0.001137,0.0,0.022984,0.003565,2295.458850870944,2354.648717051598,2.5785635912487024,0.0,404.58279082119503,9,8,0,1,88.89,0.0,11.11,0,0.0,216,0,0,0.0,0,0.0,True,True,True,UNKNOWN
pr09,0.05,0.25,0.0965,153,9,7,"[1, 2, 3]",0.0939,0.063494,0.00449,0.0,0.058939,0.000898,0.0,0.02947,0.009071,2295.458850870944,2364.023384720001,2.9869641890135554,0.0,409.09284958650636,7,5,0,2,71.43,0.0,28.57,0,0.0,216,0,0,0.0,0,0.0,True,True,True,UNKNOWN
pr09,0.05,0.25,0.2317,264,9,8,"[1, 2, 3]",0.0351,0.00528,0.005251,0.0,0.0,0.000656,0.0,0.0,0.00066,2295.458850870944,2328.7340216341886,1.4496086806617936,3.7926144535476567,404.58279082119503,8,8,0,0,100.0,0.0,0.0,0,0.0,216,0,0,0.0,0,0.0,True,True,True,UNKNOWN
pr09,0.05,0.25,0.335,375,9,5,"[1, 2, 3]",0.0615,0.029174,0.004007,0.0,0.02506,0.001002,0.0,0.02506,0.005835,2295.458850870944,2360.4434313150336,2.8310061153757227,0.0,404.58279082119503,5,4,0,1,80.0,0.0,20.0,0,0.0,216,0,0,0.0,0,0.0,True,True,True,UNKNOWN
pr09,0.05,0.25,0.4133,486,9,5,"[1, 2, 3]",0.041,0.011735,0.004056,0.007581,0.0,0.001014,0.007581,0.0,0.002347,2295.458850870944,2314.954055572764,0.8492944534563615,15.008450942899955,404.77453567990693,5,4,1,0,80.0,20.0,0.0,0,0.0,216,0,0,0.0,0,0.0,True,True,True,UNKNOWN
pr09,0.05,0.5,0.6986,42,9,9,"[1, 2, 3]",0.0347,0.005175,0.005175,0.0,0.0,0.000575,0.0,0.0,0.000575,2295.458850870944,2327.7487481607227,1.4066859563841592,32.98528085721726,404.58279082119503,9,9,0,0,100.0,0.0,0.0,0,0.0,216,0,0,0.0,0,0.0,True,True,True,UNKNOWN
pr09,0.05,0.5,0.2035,153,9,7,"[1, 2, 3]",0.0903,0.061373,0.005422,0.0,0.055888,0.001084,0.0,0.027944,0.008768,2295.458850870944,2364.023384720001,2.9869641890135554,0.0,415.09284958650636,7,5,0,2,71.43,0.0,28.57,0,0.0,216,0,0,0.0,0,0.0,True,True,True,UNKNOWN
pr09,0.05,0.5,0.6492,264,9,5,"[1, 2, 3]",0.0598,0.028348,0.001712,0.0,0.026506,0.000428,0.0,0.026506,0.00567,2295.458850870944,2364.940655262625,3.0269244149298675,0.0,404.58279082119503,5,4,0,1,80.0,0.0,20.0,0,0.0,216,0,0,0.0,0,0.0,True,True,True,UNKNOWN
pr09,0.05,0.5,0.4075,375,9,6,"[1, 2, 3]",0.029,0.004056,0.003978,0.0,0.0,0.000663,0.0,0.0,0.000676,2295.458850870944,2357.1054618120793,2.6855898949242922,11.405094985833358,404.58279082119503,6,6,0,0,100.0,0.0,0.0,0,0.0,216,0,0,0.0,0,0.0,True,True,True,UNKNOWN
pr09,0.05,0.5,0.656,486,9,4,"[1, 2, 3]",0.0557,0.026464,0.003573,0.022774,0.0,0.001191,0.022774,0.0,0.006616,2295.458850870944,2340.7301809439955,1.9722126604828787,12.01889781753706,435.08042786036157,4,3,1,0,75.0,25.0,0.0,0,0.0,216,0,0,0.0,0,0.0,True,True,True,UNKNOWN
pr09,0.05,0.75,0.9285,42,9,5,"[1, 2, 3]",0.0594,0.027213,0.001059,0.0,0.025979,0.000265,0.0,0.025979,0.005443,2295.458850870944,2374.271197934052,3.433402739204192,0.0,404.58279082119503,5,4,0,1,80.0,0.0,20.0,0,0.0,216,0,0,0.0,0,0.0,True,True,True,UNKNOWN
pr09,0.05,0.75,0.4345,153,9,8,"[1, 2, 3]",0.042,0.015099,0.004076,0.010994,0.0,0.000679,0.005497,0.0,0.001887,2295.458850870944,2327.2688181221642,1.385778152335467,5.9006938731539265,404.58279082119503,8,6,2,0,75.0,25.0,0.0,0,0.0,216,0,0,0.0,0,0.0,True,True,True,UNKNOWN
pr09,0.05,0.75,0.9725,264,9,5,"[1, 2, 3]",0.0274,0.001218,0.001123,0.0,0.0,0.000225,0.0,0.0,0.000244,2295.458850870944,2354.089052257322,2.5541822003967685,1.5572933107577,404.58279082119503,5,5,0,0,100.0,0.0,0.0,0,0.0,216,0,0,0.0,0,0.0,True,True,True,UNKNOWN
pr09,0.05,0.75,0.7814,375,9,4,"[1, 2, 3]",0.0309,0.003442,0.003326,0.0,0.0,0.000832,0.0,0.0,0.00086,2295.458850870944,2378.1552537343814,3.6026088131381995,0.0,404.58279082119503,4,4,0,0,100.0,0.0,0.0,0,0.0,216,0,0,0.0,0,0.0,True,True,True,UNKNOWN
pr09,0.05,0.75,0.8477,486,9,1,"[1, 2, 3]",0.056,0.025189,0.0,0.024995,0.0,0.0,0.024995,0.0,0.025189,2295.458850870944,2325.9564879101104,1.3286074384472193,0.0,435.08042786036157,1,0,1,0,0.0,100.0,0.0,0,0.0,216,0,0,0.0,0,0.0,True,True,True,UNKNOWN
pr09,0.1,0.25,0.2207,42,19,17,"[1, 2, 3]",0.1225,0.093582,0.019497,0.019601,0.054418,0.001393,0.019601,0.027209,0.005505,2295.458850870944,2409.7338998364626,4.978309627382793,0.0,404.58279082119503,17,14,1,2,82.35,5.88,11.76,0,0.0,216,0,0,0.0,0,0.0,True,True,True,UNKNOWN
pr09,0.1,0.25,0.0808,153,19,15,"[1, 2, 3]",0.1326,0.104195,0.013947,0.0,0.090081,0.001162,0.0,0.030027,0.006946,2295.458850870944,2428.3402717995295,5.78888272722326,0.0,442.6893153401333,15,12,0,3,80.0,0.0,20.0,0,0.0,216,0,0,0.0,0,0.0,True,True,True,UNKNOWN
pr09,0.1,0.25,0.24,264,19,17,"[1, 2, 3]",0.0621,0.034034,0.018459,0.01545,0.0,0.001154,0.01545,0.0,0.002002,2295.458850870944,2384.75184178653,3.889984387291734,3.7926144535476567,421.1863692013337,17,16,1,0,94.12,5.88,0.0,0,0.0,216,0,0,0.0,0,0.0,True,True,True,UNKNOWN
pr09,0.1,0.25,0.3986,375,19,9,"[1, 2, 3]",0.0883,0.056484,0.006929,0.0,0.049284,0.00099,0.0,0.024642,0.006276,2295.458850870944,2407.347112637581,4.874330974139856,0.0,404.58279082119503,9,7,0,2,77.78,0.0,22.22,0,0.0,216,0,0,0.0,0,0.0,True,True,True,UNKNOWN
pr09,0.1,0.25,0.4265,486,19,12,"[1, 2, 3]",0.0887,0.056975,0.017153,0.039633,0.0,0.001715,0.019816,0.0,0.004748,2295.458850870944,2351.0926614340515,2.423646607387405,21.248867831728006,413.5582508163652,12,10,2,0,83.33,16.67,0.0,0,0.0,216,0,0,0.0,0,0.0,True,True,True,UNKNOWN
pr09,0.1,0.5,0.7384,42,19,14,"[1, 2, 3]",0.0382,0.005947,0.005829,0.0,0.0,0.000416,0.0,0.0,0.000425,2295.458850870944,2356.6416430832255,2.66538396839776,32.98528085721726,404.58279082119503,14,14,0,0,100.0,0.0,0.0,0,0.0,216,0,0,0.0,0,0.0,True,True,True,UNKNOWN
pr09,0.1,0.5,0.1578,153,19,16,"[1, 2, 3]",0.1516,0.120767,0.011039,0.025081,0.084544,0.001004,0.01254,0.028181,0.007548,2295.458850870944,2420.112295491646,5.430436906913226,5.954539134514544,416.96263523624793,16,11,2,3,68.75,12.5,18.75,0,0.0,216,0,0,0.0,0,0.0,True,True,True,UNKNOWN
pr09,0.1,0.5,0.5568,264,19,14,"[1, 2, 3]",0.0628,0.033943,0.008249,0.0,0.02556,0.000635,0.0,0.02556,0.002424,2295.458850870944,2412.900466904321,5.11625882506312,0.0,404.58279082119503,14,13,0,1,92.86,0.0,7.14,0,0.0,216,0,0,0.0,0,0.0,True,True,True,UNKNOWN
pr09,0.1,0.5,0.4294,375,19,15,"[1, 2, 3]",0.0678,0.037607,0.009502,0.0,0.027993,0.000679,0.0,0.027993,0.002507,2295.458850870944,2431.4554688671988,5.924594028102701,11.405094985833358,404.58279082119503,15,14,0,1,93.33,0.0,6.67,0,0.0,216,0,0,0.0,0,0.0,True,True,True,UNKNOWN
pr09,0.1,0.5,0.7059,486,19,9,"[1, 2, 3]",0.0969,0.06501,0.008006,0.026714,0.030049,0.001144,0.026714,0.030049,0.007223,2295.458850870944,2343.3954722056924,2.0883241412304265,12.01889781753706,384.6661546810662,9,7,1,1,77.78,11.11,11.11,0,0.0,216,0,0,0.0,0,0.0,True,True,True,UNKNOWN
pr09,0.1,0.75,0.9587,42,19,10,"[1, 2, 3]",0.0965,0.070875,0.002038,0.0,0.06862,0.000291,0.0,0.022873,0.007087,2295.458850870944,2407.969645335229,4.901451159605677,0.0,404.58279082119503,10,7,0,3,70.0,0.0,30.0,0,0.0,216,0,0,0.0,0,0.0,True,True,True,UNKNOWN
pr09,0.1,0.75,0.6993,153,19,9,"[1, 2, 3]",0.0456,0.022991,0.007618,0.015028,0.0,0.001088,0.007514,0.0,0.002555,2295.458850870944,2329.2414308393622,1.4717135946741324,5.9006938731539265,404.58279082119503,9,7,2,0,77.78,22.22,0.0,0,0.0,216,0,0,0.0,0,0.0,True,True,True,UNKNOWN
pr09,0.1,0.75,0.7821,264,19,14,"[1, 2, 3]",0.0432,0.013787,0.013565,0.0,0.0,0.000969,0.0,0.0,0.000985,2295.458850870944,2399.59811440563,4.536751486317147,1.5572933107577,404.58279082119503,14,14,0,0,100.0,0.0,0.0,0,0.0,216,0,0,0.0,0,0.0,True,True,True,UNKNOWN
pr09,0.1,0.75,0.8688,375,19,9,"[1, 2, 3]",0.0761,0.04343,0.007012,0.003503,0.032527,0.001002,0.003503,0.032527,0.004826,2295.458850870944,2462.0685356693175,7.258230080454653,6.46247379462821,404.58279082119503,9,7,1,1,77.78,11.11,11.11,0,0.0,216,0,0,0.0,0,0.0,True,True,True,UNKNOWN
pr09,0.1,0.75,0.795,486,19,6,"[1, 2, 3]",0.0927,0.06023,0.004734,0.026322,0.028666,0.001184,0.026322,0.028666,0.010038,2295.458850870944,2328.621779171807,1.444718919194747,0.0,384.6661546810662,6,4,1,1,66.67,16.67,16.67,0,0.0,216,0,0,0.0,0,0.0,True,True,True,UNKNOWN
pr09,0.2,0.25,0.2676,42,39,31,"[1, 2, 3]",0.1997,0.168238,0.034365,0.018992,0.1146,0.001322,0.018992,0.02865,0.005427,2295.458850870944,2505.031391908889,9.1298757526596,0.0,430.24880601838294,31,26,1,4,83.87,3.23,12.9,0,0.0,216,0,0,0.0,0,0.0,True,True,True,UNKNOWN
pr09,0.2,0.25,0.0735,153,39,27,"[1, 2, 3]",0.2131,0.183438,0.024942,0.018046,0.139918,0.001188,0.018046,0.027984,0.006794,2295.458850870944,2420.107050901692,5.430208430155662,0.0,404.58279082119503,27,21,1,5,77.78,3.7,18.52,0,0.0,216,0,0,0.0,0,0.0,True,True,True,UNKNOWN
pr09,0.2,0.25,0.2573,264,39,32,"[1, 2, 3]",0.1289,0.097948,0.033009,0.064745,0.0,0.001138,0.021582,0.0,0.003061,2295.458850870944,2489.255144630789,8.44259498210193,5.011835569126589,453.418618992301,32,29,3,0,90.62,9.38,0.0,0,0.0,216,0,0,0.0,0,0.0,True,True,True,UNKNOWN
pr09,0.2,0.25,0.3306,375,39,21,"[1, 2, 3]",0.1338,0.101654,0.01866,0.00968,0.072608,0.001166,0.00484,0.024203,0.004841,2295.458850870944,2491.6708686838956,8.547834248412025,12.461155355622637,406.59979754168654,21,16,2,3,76.19,9.52,14.29,0,0.0,216,0,0,0.0,0,0.0,True,True,True,UNKNOWN
pr09,0.2,0.25,0.4115,486,39,20,"[1, 2, 3]",0.1613,0.133603,0.020438,0.037764,0.074857,0.001363,0.018882,0.024952,0.00668,2295.458850870944,2410.9157938743047,5.029797983943559,21.248867831728006,413.5582508163652,20,15,2,3,75.0,10.0,15.0,0,0.0,216,0,0,0.0,0,0.0,True,True,True,UNKNOWN
pr09,0.2,0.5,0.6687,42,39,27,"[1, 2, 3]",0.0966,0.06499,0.015827,0.002252,0.046611,0.000659,0.002252,0.023305,0.002407,2295.458850870944,2510.8614913177776,9.383859804984326,51.18996508135824,441.3649491571859,27,24,1,2,88.89,3.7,7.41,0,0.0,216,0,0,0.0,0,0.0,True,True,True,UNKNOWN
pr09,0.2,0.5,0.1367,153,39,27,"[1, 2, 3]",0.2363,0.204246,0.023372,0.022382,0.158086,0.001169,0.011191,0.031617,0.007565,2295.458850870944,2453.7725494847773,6.896821459193918,5.954539134514544,416.96263523624793,27,20,2,5,74.07,7.41,18.52,0,0.0,216,0,0,0.0,0,0.0,True,True,True,UNKNOWN
pr09,0.2,0.5,0.5289,264,39,27,"[1, 2, 3]",0.1313,0.100883,0.022157,0.024758,0.053609,0.000923,0.024758,0.026804,0.003736,2295.458850870944,2545.5313966202016,10.894229084279816,0.0,425.61861899230104,27,24,1,2,88.89,3.7,7.41,0,0.0,216,0,0,0.0,0,0.0,True,True,True,UNKNOWN
pr09,0.2,0.5,0.5233,375,39,28,"[1, 2, 3]",0.1157,0.08508,0.033554,0.0,0.051082,0.001291,0.0,0.025541,0.003039,2295.458850870944,2523.437535243844,9.931726037537135,13.68074614613144,477.10448261019013,28,26,0,2,92.86,0.0,7.14,0,0.0,216,0,0,0.0,0,0.0,True,True,True,UNKNOWN
pr09,0.2,0.5,0.8175,486,39,14,"[1, 2, 3]",0.1302,0.099622,0.008463,0.023141,0.06738,0.000846,0.023141,0.02246,0.007116,2295.458850870944,2429.3988033744504,5.834996887558533,12.01889781753706,408.1482286828372,14,10,1,3,71.43,7.14,21.43,0,0.0,216,0,0,0.0,0,0.0,True,True,True,UNKNOWN
pr09,0.2,0.75,0.9013,42,39,20,"[1, 2, 3]",0.1594,0.126477,0.009211,0.015936,0.100859,0.000768,0.005312,0.020172,0.006324,2295.458850870944,2591.335145221254,12.88963617178538,0.0,448.63304464418235,20,12,3,5,60.0,15.0,25.0,0,0.0,216,0,0,0.0,0,0.0,True,True,True,UNKNOWN
pr09,0.2,0.75,0.8368,153,39,18,"[1, 2, 3]",0.0703,0.03997,0.008393,0.012398,0.018715,0.00056,0.006199,0.018715,0.002221,2295.458850870944,2411.150359518999,5.0400166661301355,6.801405920895633,404.58279082119503,18,15,2,1,83.33,11.11,5.56,0,0.0,216,0,0,0.0,0,0.0,True,True,True,UNKNOWN
pr09,0.2,0.75,0.5797,264,39,33,"[1, 2, 3]",0.0778,0.046708,0.040299,0.006259,0.0,0.001259,0.006259,0.0,0.001415,2295.458850870944,2565.338922882996,11.757129600021106,4.322706998971292,404.58279082119503,33,32,1,0,96.97,3.03,0.0,0,0.0,216,0,0,0.0,0,0.0,True,True,True,UNKNOWN
pr09,0.2,0.75,0.8177,375,39,17,"[1, 2, 3]",0.0708,0.037746,0.007882,0.002343,0.026974,0.000525,0.002343,0.026974,0.00222,2295.458850870944,2501.3999720493966,8.97167558025771,9.470924737528165,404.58279082119503,17,15,1,1,88.24,5.88,5.88,0,0.0,216,0,0,0.0,0,0.0,True,True,True,UNKNOWN
pr09,0.2,0.75,0.8002,486,39,14,"[1, 2, 3]",0.1264,0.094826,0.010808,0.035504,0.047522,0.000983,0.035504,0.023761,0.006773,2295.458850870944,2490.042474315982,8.476894428807078,13.801572640674578,420.60177889212184,14,11,1,2,78.57,7.14,14.29,0,0.0,216,0,0,0.0,0,0.0,True,True,True,UNKNOWN
pr09,0.4,0.25,0.2912,42,79,48,"[1, 2, 3]",0.295,0.263423,0.056,0.048337,0.158141,0.001436,0.016112,0.026357,0.005488,2295.458850870944,2667.3349692326683,16.200513384094293,0.0,436.84686466189265,48,39,3,6,81.25,6.25,12.5,0,0.0,216,0,0,0.0,0,0.0,True,True,True,UNKNOWN
pr09,0.4,0.25,0.167,153,79,53,"[1, 2, 3]",0.3909,0.362206,0.058355,0.016387,0.286573,0.001357,0.016387,0.031841,0.006834,2295.458850870944,2625.4039839979228,14.373820423824672,0.0,418.6092071518856,53,43,1,9,81.13,1.89,16.98,0,0.0,216,0,0,0.0,0,0.0,True,True,True,UNKNOWN
pr09,0.4,0.25,0.1936,264,79,56,"[1, 2, 3]",0.3351,0.305293,0.076532,0.110441,0.117446,0.001628,0.022088,0.029362,0.005452,2295.458850870944,2656.56178229025,15.731187308467595,5.011835569126589,453.418618992301,56,47,5,4,83.93,8.93,7.14,0,0.0,216,0,0,0.0,0,0.0,True,True,True,UNKNOWN
pr09,0.4,0.25,0.2927,375,79,49,"[1, 2, 3]",0.2107,0.178701,0.066662,0.009088,0.101963,0.00155,0.004544,0.025491,0.003647,2295.458850870944,2730.0640664785005,18.933261009782797,21.589131617797356,440.38668445131793,49,43,2,4,87.76,4.08,8.16,0,0.0,216,0,0,0.0,0,0.0,True,True,True,UNKNOWN
pr09,0.4,0.25,0.3245,486,79,48,"[1, 2, 3]",0.2552,0.225429,0.07236,0.052954,0.099129,0.001723,0.026477,0.024782,0.004696,2295.458850870944,2580.965591880566,12.437894101272827,9.926202376911718,413.5582508163652,48,42,2,4,87.5,4.17,8.33,0,0.0,216,0,0,0.0,0,0.0,True,True,True,UNKNOWN
pr09,0.4,0.5,0.5511,42,79,45,"[1, 2, 3]",0.201,0.168452,0.035739,0.055617,0.076217,0.000941,0.013904,0.025406,0.003743,2295.458850870944,2690.921637821482,17.22804949435235,24.496566975442768,441.3649491571859,45,38,4,3,84.44,8.89,6.67,0,0.0,216,0,0,0.0,0,0.0,True,True,True,UNKNOWN
pr09,0.4,0.5,0.2673,153,79,57,"[1, 2, 3]",0.338,0.307725,0.063814,0.047437,0.195661,0.001358,0.015812,0.027952,0.005399,2295.458850870944,2674.373640855421,16.507148008369178,5.954539134514544,430.2067353861723,57,47,3,7,82.46,5.26,12.28,0,0.0,216,0,0,0.0,0,0.0,True,True,True,UNKNOWN
pr09,0.4,0.5,0.4353,264,79,57,"[1, 2, 3]",0.4489,0.410998,0.095032,0.026103,0.288603,0.001863,0.026103,0.057721,0.00721,2295.458850870944,2806.3791572348055,22.25787258917789,0.0,439.85865655669187,57,51,1,5,89.47,1.75,8.77,0,0.0,216,0,0,0.0,0,0.0,True,True,True,UNKNOWN
pr09,0.4,0.5,0.4064,375,79,49,"[1, 2, 3]",0.2856,0.253741,0.064953,0.0,0.187742,0.001476,0.0,0.037548,0.005178,2295.458850870944,2719.8125114409672,18.486659449765995,21.93767040015392,477.26533944565034,49,44,0,5,89.8,0.0,10.2,0,0.0,216,0,0,0.0,0,0.0,True,True,True,UNKNOWN
pr09,0.4,0.5,0.7231,486,79,39,"[1, 2, 3]",0.3729,0.335571,0.055991,0.061263,0.216695,0.00175,0.020421,0.054174,0.008604,2295.458850870944,2663.1467820081416,16.018058045243954,7.8198989270902075,409.5483206793863,39,32,3,4,82.05,7.69,10.26,0,0.0,216,0,0,0.0,0,0.0,True,True,True,UNKNOWN
pr09,0.4,0.75,0.7958,42,79,42,"[1, 2, 3]",0.4454,0.408884,0.051503,0.052767,0.302987,0.001561,0.017589,0.050498,0.009735,2295.458850870944,2811.852512224663,22.49631532962521,0.0,446.36639456315936,42,33,3,6,78.57,7.14,14.29,0,0.0,216,0,0,0.0,0,0.0,True,True,True,UNKNOWN
pr09,0.4,0.75,0.896,153,79,32,"[1, 2, 3]",0.2146,0.180172,0.027604,0.033153,0.117667,0.001022,0.016576,0.039222,0.00563,2295.458850870944,2589.573715025803,12.812900742841272,4.964522887259392,434.6311683951001,32,27,2,3,84.38,6.25,9.38,0,0.0,216,0,0,0.0,0,0.0,True,True,True,UNKNOWN
pr09,0.4,0.75,0.7191,264,79,52,"[1, 2, 3]",0.1998,0.164763,0.074044,0.051118,0.038544,0.001575,0.012779,0.038544,0.003169,2295.458850870944,2727.003673349355,18.799937202737222,22.1196408365035,466.8997261026085,52,47,4,1,90.38,7.69,1.92,0,0.0,216,0,0,0.0,0,0.0,True,True,True,UNKNOWN
pr09,0.4,0.75,0.8028,375,79,37,"[1, 2, 3]",0.0901,0.056674,0.036685,0.018966,0.0,0.001079,0.006322,0.0,0.001532,2295.458850870944,2598.883490562511,13.218474361953444,11.230836002465665,417.1376153828569,37,34,3,0,91.89,8.11,0.0,0,0.0,216,0,0,0.0,0,0.0,True,True,True,UNKNOWN
pr09,0.4,0.75,0.8087,486,79,31,"[1, 2, 3]",0.1769,0.144053,0.023266,0.046712,0.072723,0.000895,0.023356,0.024241,0.004647,2295.458850870944,2723.6322469820584,18.653063458256145,19.36353481782018,420.60177889212184,31,26,2,3,83.87,6.45,9.68,0,0.0,216,0,0,0.0,0,0.0,True,True,True,UNKNOWN
pr10,0.05,0.25,0.3454,42,13,10,"[1, 2, 3]",0.1903,0.153916,0.006479,0.043018,0.104284,0.000926,0.043018,0.052142,0.015392,3190.2089841588418,3406.6047771393373,6.783122800262327,0.0,428.96066708087733,10,7,1,2,70.0,10.0,20.0,0,0.0,288,0,0,0.0,0,0.0,True,True,True,UNKNOWN
pr10,0.05,0.25,0.0726,153,13,8,"[1, 2, 3]",0.0814,0.045109,0.023337,0.021371,0.0,0.003334,0.021371,0.0,0.005639,3190.2089841588418,3241.054872168331,1.5938105704662955,0.0,416.36529843621014,8,7,1,0,87.5,12.5,0.0,0,0.0,288,0,0,0.0,0,0.0,True,True,True,UNKNOWN
pr10,0.05,0.25,0.0822,264,13,10,"[1, 2, 3]",0.0555,0.016561,0.016313,0.0,0.0,0.001631,0.0,0.0,0.001656,3190.2089841588418,3220.1225113535397,0.937666696546691,0.0,415.9830160225308,10,10,0,0,100.0,0.0,0.0,0,0.0,288,0,0,0.0,0,0.0,True,True,True,UNKNOWN
pr10,0.05,0.25,0.3443,375,13,7,"[1, 2, 3]",0.0767,0.032778,0.008697,0.023663,0.0,0.001739,0.011832,0.0,0.004683,3190.2089841588418,3273.139671070952,2.5995377520377816,44.71960330058222,418.51251620021924,7,5,2,0,71.43,28.57,0.0,0,0.0,288,0,0,0.0,0,0.0,True,True,True,UNKNOWN
pr10,0.05,0.25,0.4931,486,13,8,"[1, 2, 3]",0.1425,0.111284,0.004816,0.029921,0.076221,0.000963,0.029921,0.03811,0.013911,3190.2089841588418,3373.608749435255,5.748832323747282,0.0,415.9830160225308,8,5,1,2,62.5,12.5,25.0,0,0.0,288,0,0,0.0,0,0.0,True,True,True,UNKNOWN
pr10,0.05,0.5,0.5989,42,13,10,"[1, 2, 3]",0.1984,0.161163,0.003324,0.0198,0.137908,0.000554,0.0198,0.045969,0.016116,3190.2089841588418,3375.5575356948684,5.809918800190993,0.0,433.1694138034326,10,6,1,3,60.0,10.0,30.0,0,0.0,288,0,0,0.0,0,0.0,True,True,True,UNKNOWN
pr10,0.05,0.5,0.1338,153,13,10,"[1, 2, 3]",0.1327,0.096928,0.013138,0.038422,0.045225,0.001642,0.038422,0.045225,0.009693,3190.2089841588418,3387.5874383204473,6.187007031254037,0.0,412.95342855083805,10,8,1,1,80.0,10.0,10.0,0,0.0,288,0,0,0.0,0,0.0,True,True,True,UNKNOWN
pr10,0.05,0.5,0.4141,264,13,10,"[1, 2, 3]",0.0856,0.050244,0.008575,0.0,0.041548,0.000953,0.0,0.041548,0.005024,3190.2089841588418,3279.7888571152725,2.8079625316474432,0.0,438.258157002367,10,9,0,1,90.0,0.0,10.0,0,0.0,288,0,0,0.0,0,0.0,True,True,True,UNKNOWN
pr10,0.05,0.5,0.3894,375,13,8,"[1, 2, 3]",0.0848,0.048397,0.005394,0.0,0.042768,0.000771,0.0,0.042768,0.00605,3190.2089841588418,3429.1725435074845,7.490529947574892,0.0,434.6196950067841,8,7,0,1,87.5,0.0,12.5,0,0.0,288,0,0,0.0,0,0.0,True,True,True,UNKNOWN
pr10,0.05,0.5,0.7734,486,13,7,"[1, 2, 3]",0.0898,0.057978,0.003131,0.015088,0.039489,0.000626,0.015088,0.039489,0.008283,3190.2089841588418,3283.7568800576523,2.9323438170768057,0.0,415.9830160225308,7,5,1,1,71.43,14.29,14.29,0,0.0,288,0,0,0.0,0,0.0,True,True,True,UNKNOWN
pr10,0.05,0.75,0.6213,42,13,10,"[1, 2, 3]",0.1362,0.102852,0.00492,0.008217,0.089592,0.000703,0.008217,0.044796,0.010285,3190.2089841588418,3404.3127357982357,6.711276681325202,0.0,415.9830160225308,10,7,1,2,70.0,10.0,20.0,0,0.0,288,0,0,0.0,0,0.0,True,True,True,UNKNOWN
pr10,0.05,0.75,0.3268,153,13,9,"[1, 2, 3]",0.0785,0.04588,0.008604,0.037005,0.0,0.001075,0.037005,0.0,0.005098,3190.2089841588418,3267.4089217247883,2.4199022054444432,41.24884550008473,415.9830160225308,9,8,1,0,88.89,11.11,0.0,0,0.0,288,0,0,0.0,0,0.0,True,True,True,UNKNOWN
pr10,0.05,0.75,0.4057,264,13,10,"[1, 2, 3]",0.0489,0.011011,0.010854,0.0,0.0,0.001085,0.0,0.0,0.001101,3190.2089841588418,3220.358421537439,0.9450615156657731,7.257449622328679,415.9830160225308,10,10,0,0,100.0,0.0,0.0,0,0.0,288,0,0,0.0,0,0.0,True,True,True,UNKNOWN
pr10,0.05,0.75,0.7942,375,13,5,"[1, 2, 3]",0.0494,0.00955,0.009107,0.0,0.0,0.001821,0.0,0.0,0.00191,3190.2089841588418,3244.9869244982146,1.7170643243554191,0.0,418.51251620021924,5,5,0,0,100.0,0.0,0.0,0,0.0,288,0,0,0.0,0,0.0,True,True,True,UNKNOWN
pr10,0.05,0.75,0.8663,486,13,7,"[1, 2, 3]",0.1067,0.065818,0.0033,0.004096,0.058157,0.00066,0.004096,0.058157,0.009403,3190.2089841588418,3263.470372000682,2.2964447848283163,0.0,415.9830160225308,7,5,1,1,71.43,14.29,14.29,0,0.0,288,0,0,0.0,0,0.0,True,True,True,UNKNOWN
pr10,0.1,0.25,0.3994,42,26,16,"[1, 2, 3]",0.3161,0.278846,0.011598,0.131109,0.135553,0.001054,0.043703,0.067776,0.017428,3190.2089841588418,3402.0462673538923,6.64023216807865,0.0,415.9830160225308,16,11,3,2,68.75,18.75,12.5,0,0.0,288,0,0,0.0,0,0.0,True,True,True,UNKNOWN
pr10,0.1,0.25,0.0696,153,26,18,"[1, 2, 3]",0.2072,0.166196,0.04851,0.037894,0.079209,0.003032,0.037894,0.079209,0.009233,3190.2089841588418,3384.362535520038,6.085919522052515,0.0,423.8543522874025,18,16,1,1,88.89,5.56,5.56,0,0.0,288,0,0,0.0,0,0.0,True,True,True,UNKNOWN
pr10,0.1,0.25,0.1262,264,26,18,"[1, 2, 3]",0.1929,0.149564,0.045225,0.0,0.103797,0.00266,0.0,0.103797,0.008309,3190.2089841588418,3409.8660459564867,6.885350235309478,0.0,423.5759482412281,18,17,0,1,94.44,0.0,5.56,0,0.0,288,0,0,0.0,0,0.0,True,True,True,UNKNOWN
pr10,0.1,0.25,0.4001,375,26,17,"[1, 2, 3]",0.3042,0.272191,0.023103,0.096392,0.152157,0.001925,0.032131,0.076079,0.016011,3190.2089841588418,3364.113779555731,5.451203863459201,44.71960330058222,412.95342855083805,17,12,3,2,70.59,17.65,11.76,0,0.0,288,0,0,0.0,0,0.0,True,True,True,UNKNOWN
pr10,0.1,0.25,0.4657,486,26,14,"[1, 2, 3]",0.4307,0.386656,0.008971,0.162295,0.214635,0.001121,0.054098,0.071545,0.027618,3190.2089841588418,3342.702827035113,4.780058097556861,0.0,422.80704505197104,14,8,3,3,57.14,21.43,21.43,0,0.0,288,0,0,0.0,0,0.0,True,True,True,UNKNOWN
pr10,0.1,0.5,0.6703,42,26,13,"[1, 2, 3]",0.4387,0.3981,0.007086,0.036574,0.353694,0.001012,0.036574,0.070739,0.030623,3190.2089841588418,3408.814203560814,6.85237927946001,0.0,433.1694138034326,13,7,1,5,53.85,7.69,38.46,0,0.0,288,0,0,0.0,0,0.0,True,True,True,UNKNOWN
pr10,0.1,0.5,0.1253,153,26,19,"[1, 2, 3]",0.2346,0.190913,0.038768,0.071348,0.080296,0.00228,0.071348,0.080296,0.010048,3190.2089841588418,3435.2155075906912,7.679952148854287,3.1040402428967795,419.90666809021894,19,17,1,1,89.47,5.26,5.26,0,0.0,288,0,0,0.0,0,0.0,True,True,True,UNKNOWN
pr10,0.1,0.5,0.3809,264,26,21,"[1, 2, 3]",0.2215,0.179072,0.036232,0.0,0.142477,0.001907,0.0,0.071239,0.008527,3190.2089841588418,3446.275190386568,8.02662795758011,6.995455486361408,438.258157002367,21,19,0,2,90.48,0.0,9.52,0,0.0,288,0,0,0.0,0,0.0,True,True,True,UNKNOWN
pr10,0.1,0.5,0.3215,375,26,16,"[1, 2, 3]",0.1296,0.09234,0.02175,0.0,0.069969,0.00145,0.0,0.069969,0.005771,3190.2089841588418,3499.772281513974,9.703542899298634,0.0,473.18175778484306,16,15,0,1,93.75,0.0,6.25,0,0.0,288,0,0,0.0,0,0.0,True,True,True,UNKNOWN
pr10,0.1,0.5,0.7621,486,26,13,"[1, 2, 3]",0.3999,0.366519,0.00545,0.049485,0.310774,0.000908,0.024742,0.062155,0.028194,3190.2089841588418,3352.5286008967564,5.088055909312576,0.0,415.9830160225308,13,6,2,5,46.15,15.38,38.46,0,0.0,288,0,0,0.0,0,0.0,True,True,True,UNKNOWN
pr10,0.1,0.75,0.8019,42,26,20,"[1, 2, 3]",0.2295,0.190077,0.016509,0.013824,0.159412,0.000971,0.013824,0.079706,0.009504,3190.2089841588418,3468.5068678881908,8.723500093920256,0.0,415.9830160225308,20,17,1,2,85.0,5.0,10.0,0,0.0,288,0,0,0.0,0,0.0,True,True,True,UNKNOWN
pr10,0.1,0.75,0.3852,153,26,18,"[1, 2, 3]",0.1278,0.083892,0.027473,0.055918,0.0,0.001616,0.055918,0.0,0.004661,3190.2089841588418,3301.641196660611,3.492943974990105,41.24884550008473,415.9830160225308,18,17,1,0,94.44,5.56,0.0,0,0.0,288,0,0,0.0,0,0.0,True,True,True,UNKNOWN
pr10,0.1,0.75,0.4322,264,26,22,"[1, 2, 3]",0.4267,0.388417,0.028727,0.218067,0.141386,0.00169,0.072689,0.070693,0.017655,3190.2089841588418,3502.4847936977217,9.788569058939482,7.257449622328679,412.95342855083805,22,17,3,2,77.27,13.64,9.09,0,0.0,288,0,0,0.0,0,0.0,True,True,True,UNKNOWN
pr10,0.1,0.75,0.8708,375,26,10,"[1, 2, 3]",0.0826,0.041829,0.013693,0.027136,0.0,0.001521,0.027136,0.0,0.004183,3190.2089841588418,3296.8714157141367,3.3434308562521475,13.517621122315973,412.95342855083805,10,9,1,0,90.0,10.0,0.0,0,0.0,288,0,0,0.0,0,0.0,True,True,True,UNKNOWN
pr10,0.1,0.75,0.8069,486,26,13,"[1, 2, 3]",0.4064,0.361121,0.005085,0.030931,0.324221,0.000848,0.015466,0.064844,0.027779,3190.2089841588418,3332.242092839786,4.452156877064087,0.0,415.9830160225308,13,6,2,5,46.15,15.38,38.46,0,0.0,288,0,0,0.0,0,0.0,True,True,True,UNKNOWN
pr10,0.2,0.25,0.2013,42,52,36,"[1, 2, 3]",0.5352,0.493152,0.088713,0.195095,0.208036,0.002957,0.048774,0.104018,0.013699,3190.2089841588418,3487.4814057771664,9.318274228881156,0.0,418.32360335990484,36,30,4,2,83.33,11.11,5.56,0,0.0,288,0,0,0.0,0,0.0,True,True,True,UNKNOWN
pr10,0.2,0.25,0.1201,153,52,36,"[1, 2, 3]",0.4944,0.452428,0.087958,0.093382,0.269116,0.002837,0.046691,0.089705,0.012567,3190.2089841588418,3489.721022504987,9.388477050669373,0.0,425.3995356342046,36,31,2,3,86.11,5.56,8.33,0,0.0,288,0,0,0.0,0,0.0,True,True,True,UNKNOWN
pr10,0.2,0.25,0.1921,264,52,36,"[1, 2, 3]",0.4014,0.365111,0.080697,0.102182,0.181095,0.002522,0.051091,0.090547,0.010142,3190.2089841588418,3496.9249646692915,9.614291165044824,0.0,423.5759482412281,36,32,2,2,88.89,5.56,5.56,0,0.0,288,0,0,0.0,0,0.0,True,True,True,UNKNOWN
pr10,0.2,0.25,0.3485,375,52,35,"[1, 2, 3]",0.3359,0.288364,0.057206,0.099005,0.131137,0.001907,0.033002,0.065568,0.008239,3190.2089841588418,3533.132170055535,10.749238924455957,72.58415618577399,431.217292955801,35,30,3,2,85.71,8.57,5.71,0,0.0,288,0,0,0.0,0,0.0,True,True,True,UNKNOWN
pr10,0.2,0.25,0.452,486,52,30,"[1, 2, 3]",0.5913,0.547511,0.023651,0.227513,0.29478,0.001183,0.037919,0.073695,0.01825,3190.2089841588418,3528.604232011883,10.60730659130363,3.458557700325713,415.9830160225308,30,20,6,4,66.67,20.0,13.33,0,0.0,288,0,0,0.0,0,0.0,True,True,True,UNKNOWN
pr10,0.2,0.5,0.3385,42,52,33,"[1, 2, 3]",0.427,0.385653,0.065354,0.086945,0.232161,0.002421,0.028982,0.077387,0.011686,3190.2089841588418,3486.531512386123,9.288498957237186,2.909614435641629,433.1694138034326,33,27,3,3,81.82,9.09,9.09,0,0.0,288,0,0,0.0,0,0.0,True,True,True,UNKNOWN
pr10,0.2,0.5,0.215,153,52,38,"[1, 2, 3]",0.3899,0.352126,0.074779,0.117598,0.158535,0.002199,0.058799,0.079267,0.009266,3190.2089841588418,3537.472313532877,10.885284666251966,3.1040402428967795,438.56825417008577,38,34,2,2,89.47,5.26,5.26,0,0.0,288,0,0,0.0,0,0.0,True,True,True,UNKNOWN
pr10,0.2,0.5,0.35,264,52,39,"[1, 2, 3]",0.1953,0.156493,0.04154,0.023508,0.090869,0.001187,0.011754,0.045434,0.004013,3190.2089841588418,3509.784767326123,10.01739336683435,24.422469421294664,438.258157002367,39,35,2,2,89.74,5.13,5.13,0,0.0,288,0,0,0.0,0,0.0,True,True,True,UNKNOWN
pr10,0.2,0.5,0.4299,375,52,33,"[1, 2, 3]",0.1519,0.114886,0.029464,0.0,0.084542,0.00095,0.0,0.042271,0.003481,3190.2089841588418,3705.494291253715,16.152086263111624,19.29452192512008,473.18175778484306,33,31,0,2,93.94,0.0,6.06,0,0.0,288,0,0,0.0,0,0.0,True,True,True,UNKNOWN
pr10,0.2,0.5,0.7565,486,52,28,"[1, 2, 3]",0.3022,0.266379,0.010919,0.037902,0.216682,0.000575,0.012634,0.036114,0.009514,3190.2089841588418,3459.8900921537966,8.453399427249787,13.806200604565333,415.9830160225308,28,19,3,6,67.86,10.71,21.43,0,0.0,288,0,0,0.0,0,0.0,True,True,True,UNKNOWN
pr10,0.2,0.75,0.8953,42,52,30,"[1, 2, 3]",0.2069,0.169822,0.013958,0.027202,0.127899,0.000558,0.013601,0.042633,0.005661,3190.2089841588418,3497.5058441270603,9.632499359575439,0.0,424.2018397652202,30,25,2,3,83.33,6.67,10.0,0,0.0,288,0,0,0.0,0,0.0,True,True,True,UNKNOWN
pr10,0.2,0.75,0.6415,153,52,30,"[1, 2, 3]",0.2005,0.165071,0.022288,0.032965,0.108954,0.000857,0.032965,0.036318,0.005502,3190.2089841588418,3626.9461085069615,13.689922087134793,69.90364595406452,415.9830160225308,30,26,1,3,86.67,3.33,10.0,0,0.0,288,0,0,0.0,0,0.0,True,True,True,UNKNOWN
pr10,0.2,0.75,0.4517,264,52,34,"[1, 2, 3]",0.4281,0.390286,0.034769,0.093593,0.260864,0.001288,0.031198,0.065216,0.011479,3190.2089841588418,3771.512683002793,18.221492752683186,17.090965292749402,418.5762059847952,34,27,3,4,79.41,8.82,11.76,0,0.0,288,0,0,0.0,0,0.0,True,True,True,UNKNOWN
pr10,0.2,0.75,0.8142,375,52,26,"[1, 2, 3]",0.1439,0.108691,0.016277,0.057265,0.034242,0.00074,0.019088,0.034242,0.00418,3190.2089841588418,3482.5437425660825,9.163498687980791,49.53097861550863,418.2231688886543,26,22,3,1,84.62,11.54,3.85,0,0.0,288,0,0,0.0,0,0.0,True,True,True,UNKNOWN
pr10,0.2,0.75,0.7772,486,52,28,"[1, 2, 3]",0.2813,0.255495,0.012417,0.017235,0.224854,0.000621,0.008617,0.037476,0.009125,3190.2089841588418,3455.5937221220483,8.318725803888997,12.206200604565367,415.9830160225308,28,20,2,6,71.43,7.14,21.43,0,0.0,288,0,0,0.0,0,0.0,True,True,True,UNKNOWN
pr10,0.4,0.25,0.2489,42,105,78,"[1, 2, 3]",0.3958,0.356994,0.103565,0.108768,0.143253,0.001501,0.018128,0.047751,0.004577,3190.2089841588418,3994.985052307325,25.226437269302522,14.909943683961856,447.6850635101474,78,69,6,3,88.46,7.69,3.85,0,0.0,288,0,0,0.0,0,0.0,True,True,True,UNKNOWN
pr10,0.4,0.25,0.3171,153,105,69,"[1, 2, 3]",0.4622,0.424078,0.083918,0.11082,0.227647,0.001399,0.027705,0.045529,0.006146,3190.2089841588418,3879.168422218225,21.59605974030068,4.564108905012574,425.3995356342046,69,60,4,5,86.96,5.8,7.25,0,0.0,288,0,0,0.0,0,0.0,True,True,True,UNKNOWN
pr10,0.4,0.25,0.2374,264,105,73,"[1, 2, 3]",0.3836,0.3506,0.098458,0.052362,0.198215,0.00147,0.026181,0.049554,0.004803,3190.2089841588418,4003.666010374384,25.498549789521867,0.0,435.18175778484306,73,67,2,4,91.78,2.74,5.48,0,0.0,288,0,0,0.0,0,0.0,True,True,True,UNKNOWN
pr10,0.4,0.25,0.3784,375,105,68,"[1, 2, 3]",0.4191,0.380431,0.069085,0.073745,0.235919,0.001171,0.018436,0.047184,0.005595,3190.2089841588418,3919.235946453657,22.852012702454257,75.00417987870662,419.53363886461625,68,59,4,5,86.76,5.88,7.35,0,0.0,288,0,0,0.0,0,0.0,True,True,True,UNKNOWN
pr10,0.4,0.25,0.4017,486,105,65,"[1, 2, 3]",0.5329,0.496958,0.047056,0.143635,0.304586,0.000923,0.020519,0.043512,0.007646,3190.2089841588418,3847.4341876056033,20.601321315006302,25.756691182720644,468.37232443406015,65,51,7,7,78.46,10.77,10.77,0,0.0,288,0,0,0.0,0,0.0,True,True,True,UNKNOWN
pr10,0.4,0.5,0.5023,42,105,58,"[1, 2, 3]",0.3942,0.358092,0.062804,0.085963,0.207359,0.001308,0.017193,0.041472,0.006174,3190.2089841588418,3716.9479965795854,16.51111306614379,52.02029779521672,433.1694138034326,58,48,5,5,82.76,8.62,8.62,0,0.0,288,0,0,0.0,0,0.0,True,True,True,UNKNOWN
pr10,0.4,0.5,0.4235,153,105,75,"[1, 2, 3]",0.3903,0.35196,0.078715,0.107009,0.165018,0.001175,0.026752,0.041254,0.004693,3190.2089841588418,4117.4985737252955,29.06673494341472,8.068149147909331,465.79757749882197,75,67,4,4,89.33,5.33,5.33,0,0.0,288,0,0,0.0,0,0.0,True,True,True,UNKNOWN
pr10,0.4,0.5,0.3541,264,105,70,"[1, 2, 3]",0.3747,0.340979,0.070921,0.03745,0.23112,0.001163,0.012483,0.03852,0.004871,3190.2089841588418,3806.1516488252087,19.307282617686305,32.56573363188845,438.258157002367,70,61,3,6,87.14,4.29,8.57,0,0.0,288,0,0,0.0,0,0.0,True,True,True,UNKNOWN
pr10,0.4,0.5,0.5257,375,105,58,"[1, 2, 3]",0.3356,0.298737,0.049556,0.036778,0.210332,0.000972,0.018389,0.042066,0.005151,3190.2089841588418,4043.410482193295,26.744376380076428,55.3199571233325,476.3760834415541,58,51,2,5,87.93,3.45,8.62,0,0.0,288,0,0,0.0,0,0.0,True,True,True,UNKNOWN
pr10,0.4,0.5,0.7254,486,105,58,"[1, 2, 3]",0.4536,0.41795,0.038448,0.083222,0.29438,0.000894,0.011889,0.036798,0.007206,3190.2089841588418,3676.966588213162,15.257859484169911,69.01862665287078,428.82918440947304,58,43,7,8,74.14,12.07,13.79,0,0.0,288,0,0,0.0,0,0.0,True,True,True,UNKNOWN
pr10,0.4,0.75,0.7905,42,105,58,"[1, 2, 3]",0.2982,0.261013,0.036353,0.062638,0.160148,0.000742,0.012528,0.040037,0.0045,3190.2089841588418,3775.385544570318,18.3428911183312,0.0,424.2018397652202,58,49,5,4,84.48,8.62,6.9,0,0.0,288,0,0,0.0,0,0.0,True,True,True,UNKNOWN
pr10,0.4,0.75,0.7365,153,105,58,"[1, 2, 3]",0.3735,0.336037,0.033082,0.116184,0.184995,0.000719,0.016598,0.036999,0.005794,3190.2089841588418,3987.8904624512616,25.004050902412693,206.61890925158957,417.29805595822825,58,46,7,5,79.31,12.07,8.62,0,0.0,288,0,0,0.0,1,3.78,False,True,False,UNKNOWN
pr10,0.4,0.75,0.5203,264,105,56,"[1, 2, 3]",0.335,0.297489,0.045673,0.12413,0.125838,0.000972,0.020688,0.041946,0.005312,3190.2089841588418,3734.479576046774,17.06065635795454,52.08191279784432,415.6724603604758,56,47,6,3,83.93,10.71,5.36,0,0.0,288,0,0,0.0,0,0.0,True,True,True,UNKNOWN
pr10,0.4,0.75,0.8342,375,105,53,"[1, 2, 3]",0.2852,0.247391,0.030199,0.086991,0.128192,0.000737,0.010874,0.032048,0.004668,3190.2089841588418,3637.100030622503,14.0082060041434,76.03649882573991,421.8502819441522,53,41,8,4,77.36,15.09,7.55,0,0.0,288,0,0,0.0,0,0.0,True,True,True,UNKNOWN
pr10,0.4,0.75,0.8495,486,105,50,"[1, 2, 3]",0.5282,0.49348,0.031955,0.042472,0.41601,0.000841,0.010618,0.052001,0.00987,3190.2089841588418,3725.804486975644,16.788727806746557,12.206200604565367,415.9830160225308,50,38,4,8,76.0,8.0,16.0,0,0.0,288,0,0,0.0,0,0.0,True,True,True,UNKNOWN
