iteration,archive_index,f1,f2
0,0,0.40714951860099335,3.3040988159909292
0,1,0.0067300712970082,4.609445020832536
0,2,0.4583117135974025,2.963992308197409
0,3,0.9364989378420537,2.657384705967826
0,4,0.7442017991450989,2.8237090028333016
0,5,0.017629842355424974,4.371211229814598
0,6,0.05740298835427515,3.882501479752837
0,7,0.1770062294982372,3.7727378443733035
0,8,0.2516840441425452,3.397168126076366
0,9,0.6997520193310768,2.837899399239116
0,10,0.9438692359832478,2.518111238975094
0,11,0.918402772845275,2.708839152729286
1,0,0.05740298835427515,3.882501479752837
1,1,0.2516840441425452,3.397168126076366
1,2,0.0,4.362877494076464
1,3,0.9583117135974025,2.03227308868594
1,4,0.2894833989299984,3.3190012067246237
1,5,0.09266484511309894,3.7590315315991156
1,6,0.3355860114939594,2.821880488097171
1,7,0.4850017695653386,2.7108598032385536
1,8,0.9571419765870097,2.166336428928441
1,9,0.012616333862806278,4.264175373448237
1,10,0.7516840441425452,2.480208241689008
1,11,0.3165179760704139,3.215348125706179
1,12,0.9434856914249606,2.187271118749097
1,13,0.16772783859929802,3.5396216586554563
1,14,0.62827316351644,2.623173792263374
2,0,0.053116852319356034,2.816578595249528
2,1,0.0,2.9189029373268003
2,2,0.9016992354748844,1.4955980690313049
2,3,0.1448692948708003,2.2300895905248725
2,4,0.18448260545062423,1.5916944125887091
2,5,0.07742177745964968,2.5041256055004553
3,0,0.08692048657664014,1.4629086170122831
3,1,0.8433639787491208,1.0536265556028157
3,2,0.7179444459465715,1.23576576450644
3,3,0.28993129501571036,1.3266215797415055
3,4,1.0,0.8739881429231291
3,5,0.7285827340133346,1.0952934910808025
3,6,0.6432484266204975,1.2758244377026284
3,7,0.0,1.8465442306156223
4,0,0.030926265114723683,1.4403011431074206
4,1,0.47424705481123436,0.6999013039228846
4,2,0.1056971950757902,0.9929551669453579
4,3,0.7688158472787744,0.4656874288534215
4,4,0.6753856918901474,0.5553383286380484
4,5,0.0,1.7139378737144018
4,6,0.9404387102915117,0.3342857201617856
4,7,0.3352373352829203,0.843439966701667
4,8,0.7515442676560558,0.5379373418876559
5,0,0.7789437739876232,0.360717084129537
5,1,0.058758409764488984,1.0810287558439633
5,2,0.17525190705104882,0.8470417459405417
5,3,0.06482818144306848,1.066015671594451
5,4,0.14289810588842744,0.8642864535363264
5,5,0.1056502894596088,0.9905121688645049
5,6,1.0,0.09850456224003108
5,7,0.4939539999368513,0.38331532794122525
5,8,0.3152158381630614,0.5441289603945396
5,9,0.2633216508846625,0.5758202186581034
5,10,0.22464894288083542,0.7068388516482048
5,11,0.88333073939752,0.21325374503555194
5,12,0.0,1.2114417795943715
6,0,0.3152158381630614,0.5441289603945396
6,1,0.2633216508846625,0.5758202186581034
6,2,0.0,1.0888947371020934
6,3,0.3830973265642717,0.4418495060581768
6,4,0.8948912255700587,0.09507442666628788
6,5,0.8262920338143709,0.1631916449711548
6,6,0.005793927290062284,0.9675230579419036
6,7,0.8254041094290244,0.16678317967203468
6,8,0.03933714182163808,0.8704259734939528
6,9,0.7842253126134092,0.19749178483600133
6,10,0.5,0.32823559713404604
6,11,0.49139074854064596,0.3754928748067938
6,12,0.1333509054801168,0.6354474243397824
6,13,0.6718838556778612,0.22946397236721852
6,14,0.8881443835434881,0.11386667841416682
6,15,0.15985144597332687,0.6046081929541339
6,16,0.6215504018649758,0.2904279371586494
6,17,1.0,0.07533053556744836
7,0,0.3152158381630614,0.5441289603945396
7,1,0.2633216508846625,0.5758202186581034
7,2,0.3830973265642717,0.4418495060581768
7,3,0.005793927290062284,0.9675230579419036
7,4,0.03933714182163808,0.8704259734939528
7,5,0.1333509054801168,0.6354474243397824
7,6,0.6718838556778612,0.22946397236721852
7,7,0.15985144597332687,0.6046081929541339
7,8,0.31904271000812345,0.5276967164010989
7,9,0.0,1.0
7,10,0.39489122557005873,0.3715962877496197
7,11,0.6984400113893035,0.22915687810029325
7,12,0.7778693610896507,0.1485610571932937
7,13,0.011535392316271376,0.8925970562960616
7,14,0.7420412968147463,0.19628275356392352
7,15,0.5,0.3019843115461618
7,16,0.5934117510775524,0.24914257680625282
7,17,0.3676042044027955,0.5253944371827498
7,18,0.008553052443329774,0.9226344664276989
7,19,0.06716856805499301,0.8376299200751727
7,20,0.0,1.0
7,21,0.22735354939389865,0.5942862206244208
7,22,1.0,0.015363265157351381
7,23,0.9913907485406459,0.03180755966598511
7,24,0.8740452295981174,0.06509613884735865
7,25,0.0,1.0
7,26,0.6213179832726226,0.24287053796953367
7,27,0.08590511135008627,0.7302010998037919
7,28,0.0,1.0
7,29,0.11455790446436531,0.6641449757179625
7,30,0.0,1.0
8,0,0.005793927290062284,0.9675230579419036
8,1,0.03933714182163808,0.8704259734939528
8,2,0.1333509054801168,0.6354474243397824
8,3,0.15985144597332687,0.6046081929541339
8,4,0.0,1.0
8,5,0.39489122557005873,0.3715962877496197
8,6,0.011535392316271376,0.8925970562960616
8,7,0.5934117510775524,0.24914257680625282
8,8,0.008553052443329774,0.9226344664276989
8,9,0.0,1.0
8,10,0.22735354939389865,0.5942862206244208
8,11,0.9913907485406459,0.03180755966598511
8,12,0.8740452295981174,0.06509613884735865
8,13,0.0,1.0
8,14,0.6213179832726226,0.24287053796953367
8,15,0.08590511135008627,0.7302010998037919
8,16,0.0,1.0
8,17,0.11455790446436531,0.6641449757179625
8,18,0.0,1.0
8,19,0.0,1.0
8,20,0.0,1.0
8,21,0.5,0.2928932188134524
8,22,0.04786306634882259,0.8150870734833805
8,23,0.5,0.2928932188134524
8,24,0.8190427100081235,0.12903532292528713
8,25,0.05226308091750065,0.7891562785834474
8,26,0.39865680389167896,0.36860725068173383
8,27,0.11232016525216126,0.6648579924089473
8,28,0.6524507871952138,0.19451076524981334
8,29,0.3101972668285633,0.47338989563574513
8,30,0.7351375545655958,0.1425983703271868
8,31,0.727051950637961,0.14732658617852934
8,32,0.13816239747285008,0.6292622413873593
8,33,0.5089098205744204,0.2866208437482769
8,34,0.3305149890129686,0.44911363937805854
8,35,0.5,0.2928932188134524
8,36,0.923899096260353,0.042227138237473934
8,37,0.5,0.2928932188134524
8,38,0.5085530524433298,0.28744448912845694
8,39,0.0624257526128469,0.7513401176278812
8,40,0.5749493051219614,0.2647424768786851
8,41,0.1230595834502117,0.6492015059179819
8,42,1.0,0.0
8,43,0.37404522959811737,0.41633565965260055
8,44,0.5,0.2928932188134524
8,45,0.2931696901073156,0.47810956959331063
8,46,0.5719357893128941,0.27375551175150703
8,47,0.5,0.2928932188134524
8,48,0.016656619967820335,0.8762023375993315
8,49,0.0,1.0
8,50,0.22947225026071727,0.5557323177407691
9,0,0.005793927290062284,0.9675230579419036
9,1,0.03933714182163808,0.8704259734939528
9,2,0.1333509054801168,0.6354474243397824
9,3,0.15985144597332687,0.6046081929541339
9,4,0.0,1.0
9,5,0.39489122557005873,0.3715962877496197
9,6,0.011535392316271376,0.8925970562960616
9,7,0.5934117510775524,0.24914257680625282
9,8,0.008553052443329774,0.9226344664276989
9,9,0.0,1.0
9,10,0.8740452295981174,0.06509613884735865
9,11,0.0,1.0
9,12,0.08590511135008627,0.7302010998037919
9,13,0.0,1.0
9,14,0.11455790446436531,0.6641449757179625
9,15,0.0,1.0
9,16,0.0,1.0
9,17,0.0,1.0
9,18,0.5,0.2928932188134524
9,19,0.04786306634882259,0.8150870734833805
9,20,0.5,0.2928932188134524
9,21,0.05226308091750065,0.7891562785834474
9,22,0.39865680389167896,0.36860725068173383
9,23,0.11232016525216126,0.6648579924089473
9,24,0.6524507871952138,0.19451076524981334
9,25,0.7351375545655958,0.1425983703271868
9,26,0.727051950637961,0.14732658617852934
9,27,0.13816239747285008,0.6292622413873593
9,28,0.5089098205744204,0.2866208437482769
9,29,0.3305149890129686,0.44911363937805854
9,30,0.5,0.2928932188134524
9,31,0.923899096260353,0.042227138237473934
9,32,0.5,0.2928932188134524
9,33,0.5085530524433298,0.28744448912845694
9,34,0.0624257526128469,0.7513401176278812
9,35,0.5749493051219614,0.2647424768786851
9,36,0.1230595834502117,0.6492015059179819
9,37,1.0,0.0
9,38,0.5,0.2928932188134524
9,39,0.5719357893128941,0.27375551175150703
9,40,0.5,0.2928932188134524
9,41,0.016656619967820335,0.8762023375993315
9,42,0.0,1.0
9,43,0.0,1.0
9,44,0.3428899507190637,0.41443194185554855
9,45,0.1705989801668797,0.5869637059931904
9,46,1.0,0.0
9,47,1.0,0.0
9,48,0.8986568038916789,0.05202489278901479
9,49,0.06057451451425813,0.756378216629349
9,50,0.43820659134883927,0.33973245710047206
9,51,0.3570389325010931,0.413029305956434
9,52,1.0,0.0
9,53,0.40699967979627244,0.36536810972131123
9,54,0.8625328770275819,0.11587160655122823
9,55,0.5030962260221732,0.29070723532368303
9,56,0.7712712987822853,0.12996099085102125
9,57,0.12162348609259759,0.6604852719798261
9,58,0.2544944847829391,0.49965986924021555
9,59,0.4981530791426903,0.2974548366490976
9,60,0.17494929012635407,0.5817306010160986
9,61,1.0,0.0
9,62,0.42389909626035305,0.34892466160946245
9,63,0.5258850185450663,0.27482069903708206
9,64,0.6136698576655037,0.22502237844121556
9,65,0.7047270822174821,0.1605573570321009
9,66,0.28713389577507076,0.4658076428403212
9,67,0.24307568571916605,0.506972936118953
9,68,0.9425720722851636,0.029970947747236514
9,69,0.6230595834502117,0.21065876615356538
9,70,0.5087126720708144,0.28675903646045797
9,71,0.12812190179195693,0.6420588012089739
9,72,0.20323932616373552,0.5509717832723959
9,73,0.6184032885981374,0.2240602973187266
9,74,0.11065528646497119,0.66735110632234
9,75,0.5,0.2928932188134524
9,76,0.7318305610444054,0.1445290413787237
9,77,0.46606098734240786,0.33077331877100274
9,78,0.7748765794886134,0.1197292578481246
9,79,0.22123371872335476,0.5296451140645451
9,80,0.5,0.2928932188134524
9,81,0.0,1.0
10,0,0.005793927290062284,0.9675230579419036
10,1,0.1333509054801168,0.6354474243397824
10,2,0.15985144597332687,0.6046081929541339
10,3,0.011535392316271376,0.8925970562960616
10,4,0.5934117510775524,0.24914257680625282
10,5,0.008553052443329774,0.9226344664276989
10,6,0.0,1.0
10,7,0.8740452295981174,0.06509613884735865
10,8,0.0,1.0
10,9,0.11455790446436531,0.6641449757179625
10,10,0.0,1.0
10,11,0.0,1.0
10,12,0.04786306634882259,0.8150870734833805
10,13,0.5,0.2928932188134524
10,14,0.05226308091750065,0.7891562785834474
10,15,0.11232016525216126,0.6648579924089473
10,16,0.6524507871952138,0.19451076524981334
10,17,0.7351375545655958,0.1425983703271868
10,18,0.727051950637961,0.14732658617852934
10,19,0.5089098205744204,0.2866208437482769
10,20,0.3305149890129686,0.44911363937805854
10,21,0.5,0.2928932188134524
10,22,0.923899096260353,0.042227138237473934
10,23,0.5085530524433298,0.28744448912845694
10,24,0.0624257526128469,0.7513401176278812
10,25,0.1230595834502117,0.6492015059179819
10,26,1.0,0.0
10,27,0.5,0.2928932188134524
10,28,0.016656619967820335,0.8762023375993315
10,29,0.0,1.0
10,30,0.0,1.0
10,31,0.3428899507190637,0.41443194185554855
10,32,0.1705989801668797,0.5869637059931904
10,33,1.0,0.0
10,34,1.0,0.0
10,35,0.8986568038916789,0.05202489278901479
10,36,0.06057451451425813,0.756378216629349
10,37,1.0,0.0
10,38,0.40699967979627244,0.36536810972131123
10,39,0.5030962260221732,0.29070723532368303
10,40,0.7712712987822853,0.12996099085102125
10,41,0.2544944847829391,0.49965986924021555
10,42,0.17494929012635407,0.5817306010160986
10,43,1.0,0.0
10,44,0.5258850185450663,0.27482069903708206
10,45,0.6136698576655037,0.22502237844121556
10,46,0.7047270822174821,0.1605573570321009
10,47,0.28713389577507076,0.4658076428403212
10,48,0.24307568571916605,0.506972936118953
10,49,0.9425720722851636,0.029970947747236514
10,50,0.6230595834502117,0.21065876615356538
10,51,0.5087126720708144,0.28675903646045797
10,52,0.12812190179195693,0.6420588012089739
10,53,0.20323932616373552,0.5509717832723959
10,54,0.6184032885981374,0.2240602973187266
10,55,0.11065528646497119,0.66735110632234
10,56,0.5,0.2928932188134524
10,57,0.7318305610444054,0.1445290413787237
10,58,0.46606098734240786,0.33077331877100274
10,59,0.7748765794886134,0.1197292578481246
10,60,0.22123371872335476,0.5296451140645451
10,61,0.5,0.2928932188134524
10,62,0.3529354947652777,0.4059162561008106
10,63,0.531394596981345,0.2710318271821842
10,64,0.2027783943987601,0.569058939487613
10,65,0.5,0.2928932188134524
10,66,0.7165416767888778,0.15351215201346347
10,67,0.7796279877741231,0.11703454893516752
10,68,1.0,0.0
10,69,0.6870502030975084,0.1908069236359356
10,70,0.5623083956793775,0.2501277470932949
10,71,0.42577751347812465,0.3483061704719335
10,72,0.1800128619209654,0.5757207736396166
10,73,0.0,1.0
10,74,0.9931248663474738,0.0034434956574345144
10,75,0.3100495049393974,0.45006410474825925
10,76,0.49531004583296867,0.2977511915766386
10,77,0.24569213796564138,0.5043265813404543
10,78,0.8296814980265967,0.0986026216225266
10,79,0.5285855168299423,0.27296113114225984
10,80,0.34029147350434913,0.416654927590582
10,81,0.03553052858575717,0.8171045012212754
10,82,0.9661196123668745,0.01708616228741877
10,83,0.7871338957750708,0.11323042083778467
10,84,0.9570623466210382,0.0217043664510006
10,85,1.0,0.0
10,86,0.1425844197076731,0.6223964781577467
10,87,0.0,1.0
10,88,0.5,0.2928932188134524
10,89,0.12694059989350148,0.6443673101128462
10,90,0.0,1.0
10,91,0.6915446236041201,0.16840837930861763
10,92,0.07481008256578768,0.7264856812417535
10,93,0.12077799144859702,0.6555636985618453
10,94,0.09916155964563661,0.7105482325881717
10,95,0.27487657948861344,0.47571326596163677
10,96,0.022541826164837936,0.8498606441840184
10,97,0.5120501254627245,0.28442322182541124
10,98,0.839576925163406,0.09232501018015213
10,99,0.0,1.0
11,0,0.005793927290062284,0.9675230579419036
11,1,0.1333509054801168,0.6354474243397824
11,2,0.15985144597332687,0.6046081929541339
11,3,0.011535392316271376,0.8925970562960616
11,4,0.008553052443329774,0.9226344664276989
11,5,0.8740452295981174,0.06509613884735865
11,6,0.11455790446436531,0.6641449757179625
11,7,0.04786306634882259,0.8150870734833805
11,8,0.05226308091750065,0.7891562785834474
11,9,0.6524507871952138,0.19451076524981334
11,10,0.727051950637961,0.14732658617852934
11,11,0.5089098205744204,0.2866208437482769
11,12,0.5,0.2928932188134524
11,13,0.5085530524433298,0.28744448912845694
11,14,0.0624257526128469,0.7513401176278812
11,15,0.1230595834502117,0.6492015059179819
11,16,0.016656619967820335,0.8762023375993315
11,17,0.0,1.0
11,18,0.3428899507190637,0.41443194185554855
11,19,0.1705989801668797,0.5869637059931904
11,20,1.0,0.0
11,21,1.0,0.0
11,22,0.8986568038916789,0.05202489278901479
11,23,0.06057451451425813,0.756378216629349
11,24,1.0,0.0
11,25,0.40699967979627244,0.36536810972131123
11,26,0.5030962260221732,0.29070723532368303
11,27,0.7712712987822853,0.12996099085102125
11,28,0.2544944847829391,0.49965986924021555
11,29,0.17494929012635407,0.5817306010160986
11,30,1.0,0.0
11,31,0.6136698576655037,0.22502237844121556
11,32,0.28713389577507076,0.4658076428403212
11,33,0.9425720722851636,0.029970947747236514
11,34,0.6230595834502117,0.21065876615356538
11,35,0.5087126720708144,0.28675903646045797
11,36,0.20323932616373552,0.5509717832723959
11,37,0.6184032885981374,0.2240602973187266
11,38,0.11065528646497119,0.66735110632234
11,39,0.7748765794886134,0.1197292578481246
11,40,0.22123371872335476,0.5296451140645451
11,41,0.3529354947652777,0.4059162561008106
11,42,0.2027783943987601,0.569058939487613
11,43,0.7165416767888778,0.15351215201346347
11,44,0.5623083956793775,0.2501277470932949
11,45,0.1800128619209654,0.5757207736396166
11,46,0.9931248663474738,0.0034434956574345144
11,47,0.3100495049393974,0.45006410474825925
11,48,0.49531004583296867,0.2977511915766386
11,49,0.8296814980265967,0.0986026216225266
11,50,0.5285855168299423,0.27296113114225984
11,51,0.34029147350434913,0.416654927590582
11,52,0.03553052858575717,0.8171045012212754
11,53,0.9661196123668745,0.01708616228741877
11,54,0.7871338957750708,0.11323042083778467
11,55,0.9570623466210382,0.0217043664510006
11,56,1.0,0.0
11,57,0.1425844197076731,0.6223964781577467
11,58,0.0,1.0
11,59,0.07481008256578768,0.7264856812417535
11,60,0.12077799144859702,0.6555636985618453
11,61,0.09916155964563661,0.7105482325881717
11,62,0.022541826164837936,0.8498606441840184
11,63,0.5120501254627245,0.28442322182541124
11,64,0.839576925163406,0.09232501018015213
11,65,0.0,1.0
11,66,0.7816201492297018,0.1159071602881846
11,67,0.6991732857276514,0.16758033626943813
11,68,0.0,1.0
11,69,0.9174262405782936,0.04217629984516802
11,70,0.5,0.2928932188134524
11,71,0.15427285202238336,0.6220711131046929
11,72,0.32461554304974705,0.43070538794114566
11,73,0.9789745562274333,0.013595403905215584
11,74,0.3534911603606606,0.40544877398102985
11,75,0.5446353895448632,0.2620058336647483
11,76,0.0,1.0
11,77,1.0,0.0
11,78,0.9953100458329687,0.0023477330086556503
11,79,0.41298852056869484,0.35735817085355015
11,80,0.7531360257629729,0.1321658996311721
11,81,0.9122385977484336,0.04966868419217175
11,82,0.0,1.0
11,83,0.8546768156745386,0.07551267414066809
11,84,0.5,0.2928932188134524
11,85,0.5,0.2928932188134524
11,86,0.7054768267097489,0.16007332063462298
11,87,0.6269405998935015,0.20820419305637805
11,88,0.7520608512310712,0.1330502262726773
11,89,0.554117386301747,0.25560938593924565
11,90,0.0,1.0
11,91,0.2362610943924287,0.5139330350739431
11,92,0.5748100825657877,0.2418376937846437
11,93,0.0,1.0
11,94,0.5991615596456366,0.22729930841008694
11,95,0.5225418261648379,0.27712945407573986
11,96,0.2753273245561514,0.4752835770093037
11,97,0.713478506038563,0.15532343110598656
11,98,0.46108929874213544,0.3231405528690892
11,99,0.10948057879470824,0.6691215044843376
12,0,0.011535392316271376,0.8925970562960616
12,1,0.008553052443329774,0.9226344664276989
12,2,0.8740452295981174,0.06509613884735865
12,3,0.11455790446436531,0.6641449757179625
12,4,0.04786306634882259,0.8150870734833805
12,5,0.05226308091750065,0.7891562785834474
12,6,0.6524507871952138,0.19451076524981334
12,7,0.5089098205744204,0.2866208437482769
12,8,0.5085530524433298,0.28744448912845694
12,9,0.0624257526128469,0.7513401176278812
12,10,0.1230595834502117,0.6492015059179819
12,11,0.016656619967820335,0.8762023375993315
12,12,0.0,1.0
12,13,1.0,0.0
12,14,1.0,0.0
12,15,0.8986568038916789,0.05202489278901479
12,16,0.06057451451425813,0.756378216629349
12,17,1.0,0.0
12,18,0.5030962260221732,0.29070723532368303
12,19,0.7712712987822853,0.12996099085102125
12,20,0.2544944847829391,0.49965986924021555
12,21,0.6136698576655037,0.22502237844121556
12,22,0.28713389577507076,0.4658076428403212
12,23,0.9425720722851636,0.029970947747236514
12,24,0.6230595834502117,0.21065876615356538
12,25,0.6184032885981374,0.2240602973187266
12,26,0.7748765794886134,0.1197292578481246
12,27,0.22123371872335476,0.5296451140645451
12,28,0.2027783943987601,0.569058939487613
12,29,0.7165416767888778,0.15351215201346347
12,30,0.5623083956793775,0.2501277470932949
12,31,0.1800128619209654,0.5757207736396166
12,32,0.9931248663474738,0.0034434956574345144
12,33,0.5285855168299423,0.27296113114225984
12,34,0.34029147350434913,0.416654927590582
12,35,0.03553052858575717,0.8171045012212754
12,36,0.9661196123668745,0.01708616228741877
12,37,0.7871338957750708,0.11323042083778467
12,38,0.9570623466210382,0.0217043664510006
12,39,0.1425844197076731,0.6223964781577467
12,40,0.0,1.0
12,41,0.022541826164837936,0.8498606441840184
12,42,0.5120501254627245,0.28442322182541124
12,43,0.0,1.0
12,44,0.15427285202238336,0.6220711131046929
12,45,0.32461554304974705,0.43070538794114566
12,46,0.9789745562274333,0.013595403905215584
12,47,0.3534911603606606,0.40544877398102985
12,48,0.5446353895448632,0.2620058336647483
12,49,1.0,0.0
12,50,0.9953100458329687,0.0023477330086556503
12,51,0.7531360257629729,0.1321658996311721
12,52,0.0,1.0
12,53,0.8546768156745386,0.07551267414066809
12,54,0.5,0.2928932188134524
12,55,0.7520608512310712,0.1330502262726773
12,56,0.554117386301747,0.25560938593924565
12,57,0.0,1.0
12,58,0.2362610943924287,0.5139330350739431
12,59,0.5748100825657877,0.2418376937846437
12,60,0.5991615596456366,0.22729930841008694
12,61,0.5225418261648379,0.27712945407573986
12,62,0.2753273245561514,0.4752835770093037
12,63,0.713478506038563,0.15532343110598656
12,64,0.10948057879470824,0.6691215044843376
12,65,0.4174262405782936,0.3539146801092803
12,66,0.11827927695166218,0.662417571741806
12,67,0.1187913380850833,0.6553388068188075
12,68,0.309640020374893,0.4435469288656113
12,69,0.863782441637955,0.07060103204385093
12,70,0.9606588352244239,0.019867950108545918
12,71,0.5,0.2928932188134524
12,72,0.6394611177677872,0.20033687232198383
12,73,0.5,0.2928932188134524
12,74,0.5,0.2928932188134524
12,75,1.0,0.0
12,76,0.8562057019351577,0.07468616030280961
12,77,0.02785938717991294,0.8330886846858101
12,78,0.009832931119375776,0.9008388628575903
12,79,0.873006864287251,0.06565163654702588
12,80,0.5978971496877493,0.23667384309020478
12,81,0.23438011004431572,0.5158718041217639
12,82,0.0,1.0
12,83,0.5700516435264824,0.24498235548665326
12,84,0.910900560187115,0.04558889351227946
12,85,0.3496601073249829,0.4086793532059083
12,86,0.12694059989350148,0.6437127564822149
12,87,0.4346976245959413,0.3406839721378364
12,88,0.13244726878150526,0.636066944642967
12,89,0.7362610943924287,0.14194342005178429
12,90,0.0017756369873179745,0.9578616921635672
12,91,0.4759948256600407,0.31007621749932357
12,92,0.3115304163701731,0.4418509013084648
12,93,0.970542541105454,0.016055349398887354
12,94,0.0,1.0
12,95,0.011506171228391343,0.8927331774107606
12,96,0.6987451325638124,0.16409023659020916
12,97,0.213478506038563,0.5379626573115945
12,98,0.15747240462699363,0.6046206313366381
12,99,0.4742539297987863,0.31133903130873875
13,0,0.011535392316271376,0.8925970562960616
13,1,0.008553052443329774,0.9226344664276989
13,2,0.8740452295981174,0.06509613884735865
13,3,0.05226308091750065,0.7891562785834474
13,4,0.5089098205744204,0.2866208437482769
13,5,0.0624257526128469,0.7513401176278812
13,6,0.1230595834502117,0.6492015059179819
13,7,0.016656619967820335,0.8762023375993315
13,8,1.0,0.0
13,9,1.0,0.0
13,10,1.0,0.0
13,11,0.2544944847829391,0.49965986924021555
13,12,0.6136698576655037,0.22502237844121556
13,13,0.6230595834502117,0.21065876615356538
13,14,0.6184032885981374,0.2240602973187266
13,15,0.7748765794886134,0.1197292578481246
13,16,0.2027783943987601,0.569058939487613
13,17,0.5623083956793775,0.2501277470932949
13,18,0.5285855168299423,0.27296113114225984
13,19,0.34029147350434913,0.416654927590582
13,20,0.03553052858575717,0.8171045012212754
13,21,0.9661196123668745,0.01708616228741877
13,22,0.7871338957750708,0.11323042083778467
13,23,0.9570623466210382,0.0217043664510006
13,24,0.1425844197076731,0.6223964781577467
13,25,0.0,1.0
13,26,0.022541826164837936,0.8498606441840184
13,27,0.5120501254627245,0.28442322182541124
13,28,0.15427285202238336,0.6220711131046929
13,29,0.9789745562274333,0.013595403905215584
13,30,0.3534911603606606,0.40544877398102985
13,31,0.5446353895448632,0.2620058336647483
13,32,1.0,0.0
13,33,0.9953100458329687,0.0023477330086556503
13,34,0.0,1.0
13,35,0.0,1.0
13,36,0.2362610943924287,0.5139330350739431
13,37,0.5748100825657877,0.2418376937846437
13,38,0.5991615596456366,0.22729930841008694
13,39,0.5225418261648379,0.27712945407573986
13,40,0.2753273245561514,0.4752835770093037
13,41,0.713478506038563,0.15532343110598656
13,42,0.309640020374893,0.4435469288656113
13,43,0.863782441637955,0.07060103204385093
13,44,0.9606588352244239,0.019867950108545918
13,45,0.5,0.2928932188134524
13,46,1.0,0.0
13,47,0.02785938717991294,0.8330886846858101
13,48,0.009832931119375776,0.9008388628575903
13,49,0.873006864287251,0.06565163654702588
13,50,0.5700516435264824,0.24498235548665326
13,51,0.0017756369873179745,0.9578616921635672
13,52,0.4759948256600407,0.31007621749932357
13,53,0.970542541105454,0.016055349398887354
13,54,0.0,1.0
13,55,0.011506171228391343,0.8927331774107606
13,56,0.213478506038563,0.5379626573115945
13,57,0.04061742671322638,0.7984623441804823
13,58,0.7736846262510929,0.12040655627097074
13,59,0.8013217147726182,0.10483425290473825
13,60,0.799358573756528,0.10597487877308953
13,61,0.0,1.0
13,62,0.6604036721527781,0.18734775447748986
13,63,0.49374167221110066,0.3008900123845705
13,64,0.24582951499473377,0.5064536133079689
13,65,0.08546492883185419,0.7076561462389637
13,66,0.6187913380850834,0.213367088099485
13,67,0.0,1.0
13,68,0.5,0.2928932188134524
13,69,0.5474523425074731,0.260099775302458
13,70,0.44394647482504884,0.3337069152204498
13,71,0.7879088951608288,0.11235767611000613
13,72,0.8806629824065502,0.06318525966742009
13,73,0.9183111223073028,0.04171448810529188
13,74,0.6588983832018245,0.18827444095813728
13,75,0.4152741914450405,0.35558228496957
13,76,0.09789714968774932,0.6911896026078748
13,77,0.09029893885255064,0.6995021816176519
13,78,0.6387772198322835,0.20076460299090637
13,79,0.41502612216151646,0.3885264985052883
13,80,0.08912842415698968,0.7068043966609983
13,81,0.08185125774367141,0.7139034118629315
13,82,0.7343801100443157,0.1430401934487734
13,83,0.5,0.2928932188134524
13,84,0.0,1.0
13,85,0.2282450569657598,0.5246803316587868
13,86,0.20552595731793422,0.5466502924695614
13,87,1.0,0.0
13,88,0.8559770941473754,0.0764371735669538
13,89,0.6324472687815053,0.20473446649467753
13,90,0.8631225733065427,0.07095609721254681
13,91,0.4695468220388219,0.31476513366669534
13,92,0.31811695535734585,0.4359814228614931
13,93,0.36260300090883785,0.3978347395366968
13,94,0.10658218281713189,0.6735307322011276
13,95,0.2979822620758362,0.45412248436500313
13,96,0.1756502245112641,0.5808935403608481
13,97,0.5405393679122553,0.27205354099638596
13,98,0.026229331102512216,0.8459001847924369
13,99,0.0,1.0
14,0,0.011535392316271376,0.8925970562960616
14,1,0.008553052443329774,0.9226344664276989
14,2,0.8740452295981174,0.06509613884735865
14,3,0.5089098205744204,0.2866208437482769
14,4,0.0624257526128469,0.7513401176278812
14,5,0.1230595834502117,0.6492015059179819
14,6,0.016656619967820335,0.8762023375993315
14,7,1.0,0.0
14,8,1.0,0.0
14,9,1.0,0.0
14,10,0.2544944847829391,0.49965986924021555
14,11,0.6184032885981374,0.2240602973187266
14,12,0.7748765794886134,0.1197292578481246
14,13,0.5623083956793775,0.2501277470932949
14,14,0.5285855168299423,0.27296113114225984
14,15,0.03553052858575717,0.8171045012212754
14,16,0.9661196123668745,0.01708616228741877
14,17,0.1425844197076731,0.6223964781577467
14,18,0.022541826164837936,0.8498606441840184
14,19,0.5120501254627245,0.28442322182541124
14,20,0.9789745562274333,0.013595403905215584
14,21,0.3534911603606606,0.40544877398102985
14,22,0.5446353895448632,0.2620058336647483
14,23,1.0,0.0
14,24,0.9953100458329687,0.0023477330086556503
14,25,0.0,1.0
14,26,0.2362610943924287,0.5139330350739431
14,27,0.5748100825657877,0.2418376937846437
14,28,0.5225418261648379,0.27712945407573986
14,29,0.863782441637955,0.07060103204385093
14,30,0.9606588352244239,0.019867950108545918
14,31,0.5,0.2928932188134524
14,32,1.0,0.0
14,33,0.02785938717991294,0.8330886846858101
14,34,0.009832931119375776,0.9008388628575903
14,35,0.873006864287251,0.06565163654702588
14,36,0.5700516435264824,0.24498235548665326
14,37,0.0017756369873179745,0.9578616921635672
14,38,0.011506171228391343,0.8927331774107606
14,39,0.213478506038563,0.5379626573115945
14,40,0.04061742671322638,0.7984623441804823
14,41,0.7736846262510929,0.12040655627097074
14,42,0.0,1.0
14,43,0.6604036721527781,0.18734775447748986
14,44,0.49374167221110066,0.3008900123845705
14,45,0.08546492883185419,0.7076561462389637
14,46,0.6187913380850834,0.213367088099485
14,47,0.5474523425074731,0.260099775302458
14,48,0.8806629824065502,0.06318525966742009
14,49,0.6588983832018245,0.18827444095813728
14,50,0.09789714968774932,0.6911896026078748
14,51,0.09029893885255064,0.6995021816176519
14,52,0.08185125774367141,0.7139034118629315
14,53,0.7343801100443157,0.1430401934487734
14,54,0.5,0.2928932188134524
14,55,0.0,1.0
14,56,0.2282450569657598,0.5246803316587868
14,57,0.20552595731793422,0.5466502924695614
14,58,0.8559770941473754,0.0764371735669538
14,59,0.8631225733065427,0.07095609721254681
14,60,0.4695468220388219,0.31476513366669534
14,61,0.1756502245112641,0.5808935403608481
14,62,0.5405393679122553,0.27205354099638596
14,63,0.026229331102512216,0.8459001847924369
14,64,0.1453116022336696,0.6188024105091041
14,65,0.763481267211213,0.1275693697710735
14,66,0.7458295149947338,0.13638578346883734
14,67,0.5854649288318542,0.23484319983950075
14,68,0.7833877395214159,0.11490806154308697
14,69,0.044573845951263624,0.7888748097661873
14,70,0.9098746639924276,0.048924058189246125
14,71,0.18815842228383545,0.5662276838203764
14,72,0.6832198312629263,0.17342887102020899
14,73,0.9439464748250488,0.028430921228424055
14,74,0.37793055736021514,0.38523943086741885
14,75,0.0,1.0
14,76,0.0,1.0
14,77,0.7086605795951082,0.15818019766988833
14,78,0.8337472488051074,0.08690238812868023
14,79,0.37163240407445747,0.3903833958343511
14,80,0.6456279808487203,0.19649021110585074
14,81,0.30676062468567117,0.446140248180398
14,82,0.5670798581265151,0.24745764879092338
14,83,0.9686661102347485,0.015791632714520887
14,84,0.5,0.2928932188134524
14,85,0.5,0.2928932188134524
14,86,0.41595499314494433,0.3550542711631123
14,87,0.11607388370762076,0.6655219169771875
14,88,0.6608139914056252,0.18709533682871193
14,89,0.36312257330654274,0.3974034738678436
14,90,0.3124494224966731,0.44102824534984497
14,91,0.014576346486049552,0.8792674588768647
14,92,0.0,1.0
14,93,0.3511949647736152,0.4073829526805568
14,94,0.24827518398912396,0.5017278013082368
14,95,0.6373544535641962,0.20186245276391968
14,96,0.5,0.2928932188134524
14,97,0.07036663137094273,0.7347329056008968
14,98,0.9893916230857815,0.006627854157492534
14,99,0.0,1.0
15,0,0.011535392316271376,0.8925970562960616
15,1,0.008553052443329774,0.9226344664276989
15,2,0.5089098205744204,0.2866208437482769
15,3,0.0624257526128469,0.7513401176278812
15,4,0.1230595834502117,0.6492015059179819
15,5,0.016656619967820335,0.8762023375993315
15,6,1.0,0.0
15,7,0.2544944847829391,0.49965986924021555
15,8,0.7748765794886134,0.1197292578481246
15,9,0.5623083956793775,0.2501277470932949
15,10,0.5285855168299423,0.27296113114225984
15,11,0.9661196123668745,0.01708616228741877
15,12,0.1425844197076731,0.6223964781577467
15,13,0.022541826164837936,0.8498606441840184
15,14,0.5120501254627245,0.28442322182541124
15,15,0.9789745562274333,0.013595403905215584
15,16,0.3534911603606606,0.40544877398102985
15,17,1.0,0.0
15,18,0.9953100458329687,0.0023477330086556503
15,19,0.2362610943924287,0.5139330350739431
15,20,0.9606588352244239,0.019867950108545918
15,21,0.5,0.2928932188134524
15,22,0.009832931119375776,0.9008388628575903
15,23,0.873006864287251,0.06565163654702588
15,24,0.0017756369873179745,0.9578616921635672
15,25,0.011506171228391343,0.8927331774107606
15,26,0.04061742671322638,0.7984623441804823
15,27,0.0,1.0
15,28,0.6604036721527781,0.18734775447748986
15,29,0.08546492883185419,0.7076561462389637
15,30,0.5474523425074731,0.260099775302458
15,31,0.8806629824065502,0.06318525966742009
15,32,0.5,0.2928932188134524
15,33,0.2282450569657598,0.5246803316587868
15,34,0.20552595731793422,0.5466502924695614
15,35,0.8559770941473754,0.0764371735669538
15,36,0.8631225733065427,0.07095609721254681
15,37,0.4695468220388219,0.31476513366669534
15,38,0.1756502245112641,0.5808935403608481
15,39,0.5405393679122553,0.27205354099638596
15,40,0.1453116022336696,0.6188024105091041
15,41,0.763481267211213,0.1275693697710735
15,42,0.7458295149947338,0.13638578346883734
15,43,0.5854649288318542,0.23484319983950075
15,44,0.044573845951263624,0.7888748097661873
15,45,0.9098746639924276,0.048924058189246125
15,46,0.9439464748250488,0.028430921228424055
15,47,0.8337472488051074,0.08690238812868023
15,48,0.37163240407445747,0.3903833958343511
15,49,0.6456279808487203,0.19649021110585074
15,50,0.9686661102347485,0.015791632714520887
15,51,0.41595499314494433,0.3550542711631123
15,52,0.11607388370762076,0.6655219169771875
15,53,0.6608139914056252,0.18709533682871193
15,54,0.3124494224966731,0.44102824534984497
15,55,0.014576346486049552,0.8792674588768647
15,56,0.5,0.2928932188134524
15,57,0.07036663137094273,0.7347329056008968
15,58,0.9893916230857815,0.006627854157492534
15,59,0.6351498649983325,0.2030370993588645
15,60,0.799358573756528,0.1065235215529291
15,61,0.07008149923649643,0.7404608857116046
15,62,0.5617077865109782,0.2505283284132894
15,63,1.0,0.0
15,64,0.0,1.0
15,65,0.29323137866160937,0.460287585679449
15,66,0.5445738459512637,0.262047531373962
15,67,0.8606403293558571,0.07553324032235866
15,68,0.5691235292525916,0.24559723671463696
15,69,0.1832198312629263,0.5719581430947129
15,70,1.0,0.0
15,71,0.0,1.0
15,72,0.12245842863465259,0.6500593927040581
15,73,0.06567371139476574,0.7437311735798406
15,74,0.9387473418584185,0.0311102529913847
15,75,0.0,1.0
15,76,0.6494824831302546,0.19409523941705453
15,77,0.8873498747379276,0.05800749751501333
15,78,0.5415303977370122,0.27107969537680826
15,79,0.8067606246856711,0.10277094444563753
15,80,0.06707985812651507,0.7410022043983481
15,81,0.6371068745122198,0.20241384918943375
15,82,0.3609376479273606,0.40024427305301774
15,83,0.11848821619827951,0.6557788266270079
15,84,1.0,0.0
15,85,0.0,1.0
15,86,0.39536910011985366,0.3712161737768268
15,87,0.0,1.0
15,88,0.16284689095379956,0.5964570766897286
15,89,0.0,1.0
15,90,0.3612731867518263,0.3989399474662899
15,91,0.2626142242548142,0.4875410023672
15,92,0.7030013544887566,0.16154823961735487
15,93,0.5594727869126062,0.2520208646542297
15,94,0.5703666313709428,0.24477378794764892
15,95,0.6156225630695393,0.2183231794274733
15,96,0.6841496926488699,0.17868222709121284
15,97,0.48939162308578155,0.30587999563368207
15,98,0.07506243382167299,0.7306485704284147
15,99,0.0,1.0
16,0,0.011535392316271376,0.8925970562960616
16,1,0.008553052443329774,0.9226344664276989
16,2,0.5089098205744204,0.2866208437482769
16,3,0.1230595834502117,0.6492015059179819
16,4,0.016656619967820335,0.8762023375993315
16,5,1.0,0.0
16,6,0.2544944847829391,0.49965986924021555
16,7,0.7748765794886134,0.1197292578481246
16,8,0.5623083956793775,0.2501277470932949
16,9,0.5285855168299423,0.27296113114225984
16,10,0.9661196123668745,0.01708616228741877
16,11,0.1425844197076731,0.6223964781577467
16,12,0.022541826164837936,0.8498606441840184
16,13,0.5120501254627245,0.28442322182541124
16,14,0.9789745562274333,0.013595403905215584
16,15,0.3534911603606606,0.40544877398102985
16,16,0.9953100458329687,0.0023477330086556503
16,17,0.2362610943924287,0.5139330350739431
16,18,0.9606588352244239,0.019867950108545918
16,19,0.009832931119375776,0.9008388628575903
16,20,0.873006864287251,0.06565163654702588
16,21,0.0017756369873179745,0.9578616921635672
16,22,0.011506171228391343,0.8927331774107606
16,23,0.04061742671322638,0.7984623441804823
16,24,0.6604036721527781,0.18734775447748986
16,25,0.08546492883185419,0.7076561462389637
16,26,0.5474523425074731,0.260099775302458
16,27,0.8806629824065502,0.06318525966742009
16,28,0.7458295149947338,0.13638578346883734
16,29,0.5854649288318542,0.23484319983950075
16,30,0.9098746639924276,0.048924058189246125
16,31,0.9439464748250488,0.028430921228424055
16,32,0.37163240407445747,0.3903833958343511
16,33,0.6456279808487203,0.19649021110585074
16,34,0.9686661102347485,0.015791632714520887
16,35,0.3124494224966731,0.44102824534984497
16,36,0.014576346486049552,0.8792674588768647
16,37,0.07036663137094273,0.7347329056008968
16,38,0.799358573756528,0.1065235215529291
16,39,0.07008149923649643,0.7404608857116046
16,40,0.5617077865109782,0.2505283284132894
16,41,0.5445738459512637,0.262047531373962
16,42,0.8606403293558571,0.07553324032235866
16,43,0.5691235292525916,0.24559723671463696
16,44,0.0,1.0
16,45,0.6494824831302546,0.19409523941705453
16,46,0.8873498747379276,0.05800749751501333
16,47,0.5415303977370122,0.27107969537680826
16,48,0.6371068745122198,0.20241384918943375
16,49,0.3609376479273606,0.40024427305301774
16,50,0.11848821619827951,0.6557788266270079
16,51,1.0,0.0
16,52,0.3612731867518263,0.3989399474662899
16,53,0.7030013544887566,0.16154823961735487
16,54,0.5594727869126062,0.2520208646542297
16,55,0.5703666313709428,0.24477378794764892
16,56,0.6841496926488699,0.17868222709121284
16,57,0.04326350379583414,0.7940118682717099
16,58,0.166629939807768,0.5917966930465066
16,59,0.7457675229023853,0.13642167529378935
16,60,0.0,1.0
16,61,0.06170778651097819,0.7515894798705615
16,62,1.0,0.0
16,63,0.7932313786616094,0.10945849300533295
16,64,1.0,0.0
16,65,0.5,0.2928932188134524
16,66,0.0,1.0
16,67,0.14948248313025458,0.6133703540463373
16,68,0.027526854479886398,0.8340878109363679
16,69,0.4568878745709958,0.32850056564924707
16,70,0.4243055377932097,0.34861260543881445
16,71,0.6885856316392053,0.17018940014048667
16,72,0.4875341522767248,0.3017635412865318
16,73,0.12100294131164929,0.6521452295689345
16,74,0.19759551416580973,0.5554828302913264
16,75,0.1083301236336699,0.671783260484325
16,76,1.0,0.0
16,77,0.9222236005915817,0.041485446722659074
16,78,0.22160193775194315,0.5292538499871262
16,79,0.5,0.2928932188134524
16,80,0.5265705654018711,0.2743481789440124
16,81,0.3210227669136868,0.4334141253937394
16,82,0.0,1.0
16,83,0.0,1.0
16,84,0.0335286078325058,0.8168918138572013
16,85,0.5728819914828057,0.24311031749481105
16,86,0.0,1.0
16,87,0.22619785808436169,0.5243973737621273
16,88,0.4187559858957358,0.35298418135690135
16,89,0.0,1.0
16,90,0.7626142242548142,0.12672213800256327
16,91,0.7204391010329392,0.1512131592484841
16,92,0.7882240836796368,0.11218015133720016
16,93,1.0,0.0
16,94,0.11562256306953933,0.6599668206343103
16,95,0.18414969264886993,0.5708733372897112
16,96,0.48379854634048475,0.30717362467051973
16,97,0.0,1.0
16,98,0.33126983458681736,0.42575546536651354
16,99,0.5,0.2928932188134524
17,0,0.011535392316271376,0.8925970562960616
17,1,0.008553052443329774,0.9226344664276989
17,2,0.5089098205744204,0.2866208437482769
17,3,0.1230595834502117,0.6492015059179819
17,4,0.016656619967820335,0.8762023375993315
17,5,1.0,0.0
17,6,0.2544944847829391,0.49965986924021555
17,7,0.9661196123668745,0.01708616228741877
17,8,0.1425844197076731,0.6223964781577467
17,9,0.5120501254627245,0.28442322182541124
17,10,0.9789745562274333,0.013595403905215584
17,11,0.9606588352244239,0.019867950108545918
17,12,0.009832931119375776,0.9008388628575903
17,13,0.873006864287251,0.06565163654702588
17,14,0.0017756369873179745,0.9578616921635672
17,15,0.011506171228391343,0.8927331774107606
17,16,0.04061742671322638,0.7984623441804823
17,17,0.6604036721527781,0.18734775447748986
17,18,0.08546492883185419,0.7076561462389637
17,19,0.8806629824065502,0.06318525966742009
17,20,0.7458295149947338,0.13638578346883734
17,21,0.5854649288318542,0.23484319983950075
17,22,0.9098746639924276,0.048924058189246125
17,23,0.9439464748250488,0.028430921228424055
17,24,0.9686661102347485,0.015791632714520887
17,25,0.014576346486049552,0.8792674588768647
17,26,0.07036663137094273,0.7347329056008968
17,27,0.799358573756528,0.1065235215529291
17,28,0.07008149923649643,0.7404608857116046
17,29,0.5617077865109782,0.2505283284132894
17,30,0.5691235292525916,0.24559723671463696
17,31,0.8873498747379276,0.05800749751501333
17,32,0.5415303977370122,0.27107969537680826
17,33,1.0,0.0
17,34,0.5594727869126062,0.2520208646542297
17,35,0.04326350379583414,0.7940118682717099
17,36,0.7457675229023853,0.13642167529378935
17,37,0.0,1.0
17,38,0.14948248313025458,0.6133703540463373
17,39,0.4875341522767248,0.3017635412865318
17,40,0.19759551416580973,0.5554828302913264
17,41,1.0,0.0
17,42,0.22160193775194315,0.5292538499871262
17,43,0.3210227669136868,0.4334141253937394
17,44,0.0,1.0
17,45,0.22619785808436169,0.5243973737621273
17,46,0.7626142242548142,0.12672213800256327
17,47,0.7882240836796368,0.11218015133720016
17,48,0.2234667329530141,0.5272773191891317
17,49,0.9246136714695165,0.03843166053081981
17,50,0.11497027749175455,0.6613393936144842
17,51,0.28033841219598926,0.4826433067821632
17,52,1.0,0.0
17,53,0.21093973751135794,0.5407182373407824
17,54,0.06537320158701554,0.7443181633611501
17,55,0.32012350270413353,0.4358154746880862
17,56,0.5220510450865309,0.277469000605143
17,57,0.5,0.2928932188134524
17,58,0.03478743604277179,0.8155423682165919
17,59,0.87,0.06726209469111855
17,60,0.6205251627969305,0.2122658044765795
17,61,0.04013530193438869,0.7996620307221103
17,62,0.5,0.2928932188134524
17,63,0.6766855367901414,0.17908869200373806
17,64,0.39242702362926773,0.3735600398846928
17,65,0.31127935266846724,0.4420758540191443
17,66,0.0,1.0
17,67,0.13729787525934942,0.6294627208237349
17,68,0.6494824831302546,0.19644516928048567
17,69,0.29370006705151974,0.46500246285591806
17,70,0.8496434380006606,0.08206846250005322
17,71,0.6847553159766998,0.17470425845435833
17,72,0.4398761028736835,0.336768439477068
17,73,1.0,0.0
17,74,0.5108418814330506,0.2865236631242882
17,75,0.18128496218904916,0.5912310615601567
17,76,0.33189683644905216,0.42389511679811964
17,77,0.3226574976293082,0.4319705134156254
17,78,0.6210029413116493,0.21196260157804103
17,79,1.0,0.0
17,80,0.10400129338983208,0.677507684758486
17,81,0.0,1.0
17,82,0.600990860168874,0.22476399711515327
17,83,0.026570565401871082,0.8541862072334309
17,84,0.5454620339002777,0.26144598443967704
17,85,0.40950289285142505,0.36007586945683545
17,86,0.5,0.2928932188134524
17,87,0.0,1.0
17,88,0.5,0.2928932188134524
17,89,0.5071562086299851,0.2911324799436324
17,90,0.18711835744789704,0.5674282054411117
17,91,0.08561535960249733,0.7073989753905545
17,92,0.0,1.0
17,93,0.5962506475583267,0.22782732011659035
17,94,0.7022590564982301,0.1622036366772869
17,95,0.5980247557582324,0.22667939652545632
17,96,1.0,0.0
17,97,0.31602459764331603,0.4418295818529962
17,98,0.0,1.0
17,99,0.8312698345868174,0.08825999616841573
18,0,0.011535392316271376,0.8925970562960616
18,1,0.5089098205744204,0.2866208437482769
18,2,0.016656619967820335,0.8762023375993315
18,3,1.0,0.0
18,4,0.9661196123668745,0.01708616228741877
18,5,0.1425844197076731,0.6223964781577467
18,6,0.5120501254627245,0.28442322182541124
18,7,0.9789745562274333,0.013595403905215584
18,8,0.9606588352244239,0.019867950108545918
18,9,0.009832931119375776,0.9008388628575903
18,10,0.0017756369873179745,0.9578616921635672
18,11,0.011506171228391343,0.8927331774107606
18,12,0.6604036721527781,0.18734775447748986
18,13,0.8806629824065502,0.06318525966742009
18,14,0.7458295149947338,0.13638578346883734
18,15,0.5854649288318542,0.23484319983950075
18,16,0.9439464748250488,0.028430921228424055
18,17,0.9686661102347485,0.015791632714520887
18,18,0.07036663137094273,0.7347329056008968
18,19,0.799358573756528,0.1065235215529291
18,20,0.5691235292525916,0.24559723671463696
18,21,0.8873498747379276,0.05800749751501333
18,22,0.5415303977370122,0.27107969537680826
18,23,0.04326350379583414,0.7940118682717099
18,24,1.0,0.0
18,25,0.22619785808436169,0.5243973737621273
18,26,0.7626142242548142,0.12672213800256327
18,27,0.7882240836796368,0.11218015133720016
18,28,0.2234667329530141,0.5272773191891317
18,29,0.11497027749175455,0.6613393936144842
18,30,0.21093973751135794,0.5407182373407824
18,31,0.03478743604277179,0.8155423682165919
18,32,0.87,0.06726209469111855
18,33,0.04013530193438869,0.7996620307221103
18,34,0.6766855367901414,0.17908869200373806
18,35,0.31127935266846724,0.4420758540191443
18,36,0.6847553159766998,0.17470425845435833
18,37,1.0,0.0
18,38,0.5108418814330506,0.2865236631242882
18,39,0.3226574976293082,0.4319705134156254
18,40,1.0,0.0
18,41,0.600990860168874,0.22476399711515327
18,42,0.5454620339002777,0.26144598443967704
18,43,0.5,0.2928932188134524
18,44,0.0,1.0
18,45,0.5,0.2928932188134524
18,46,0.5071562086299851,0.2911324799436324
18,47,0.0,1.0
18,48,0.5309701231305879,0.271323032386375
18,49,0.8752554385091695,0.06444912564352245
18,50,0.6491449066701389,0.19430470606429695
18,51,0.8720547553670748,0.06616127978805952
18,52,0.04377258106882713,0.7907810212508742
18,53,0.7803384121959893,0.11663234596460947
18,54,0.5653732015870155,0.24808697205925767
18,55,0.0,1.0
18,56,0.8208382751994046,0.09730030819399613
18,57,0.4904269526268784,0.29969510024070345
18,58,0.028864325729070717,0.8331667791918973
18,59,0.0,1.0
18,60,0.0,1.0
18,61,0.0,1.0
18,62,0.37,0.3917237469701781
18,63,0.08346726786480149,0.7110929771279322
18,64,1.0,0.0
18,65,0.0,1.0
18,66,0.28406127909510004,0.4670260052356212
18,67,0.14994073776407624,0.6127781801549966
18,68,0.1848217323352856,0.5700910185454535
18,69,0.023356927789865478,0.8471702653608746
18,70,0.5,0.2928932188134524
18,71,0.07442589849819187,0.7337046604399768
18,72,0.8100293321653238,0.09998370450012195
18,73,0.0,1.0
18,74,0.09771330458906785,0.6874632104260298
18,75,0.4367082567179214,0.35940735669195856
18,76,0.3406499189404608,0.4168195586788468
18,77,0.06842407762333697,0.7402530211632143
18,78,0.6172750160806812,0.214331484606465
18,79,0.5,0.2928932188134524
18,80,0.018499011448227465,0.863988928949782
18,81,0.3626459816811533,0.40107543373344845
18,82,0.14146772370187005,0.6288752931938589
18,83,0.07685082544242644,0.7227801856965732
18,84,0.2342164854658052,0.5160408225213564
18,85,0.2000479200040245,0.5527328315156315
18,86,0.29479111906892247,0.46044227778130215
18,87,1.0,0.0
18,88,0.007156208629985117,0.9180976973081281
18,89,0.7366860694374872,0.14398449757909004
18,90,0.252726876777107,0.4972805188008853
18,91,0.12589700596264533,0.6451803190877861
18,92,0.7317504332416817,0.1445758752281523
18,93,0.4378618335024614,0.3382887083459575
18,94,0.8677948475329543,0.06963425855783807
18,95,0.4042807595425092,0.36416923671270107
18,96,0.5593498398672352,0.2521030553162854
18,97,0.7298236077136486,0.1457028574824515
18,98,1.0,0.0
18,99,0.5902851961886426,0.23169980073629903
19,0,0.5089098205744204,0.2866208437482769
19,1,0.016656619967820335,0.8762023375993315
19,2,0.9661196123668745,0.01708616228741877
19,3,0.1425844197076731,0.6223964781577467
19,4,0.9789745562274333,0.013595403905215584
19,5,0.9606588352244239,0.019867950108545918
19,6,0.009832931119375776,0.9008388628575903
19,7,0.0017756369873179745,0.9578616921635672
19,8,0.011506171228391343,0.8927331774107606
19,9,0.6604036721527781,0.18734775447748986
19,10,0.8806629824065502,0.06318525966742009
19,11,0.5854649288318542,0.23484319983950075
19,12,0.9439464748250488,0.028430921228424055
19,13,0.9686661102347485,0.015791632714520887
19,14,0.799358573756528,0.1065235215529291
19,15,0.5691235292525916,0.24559723671463696
19,16,0.8873498747379276,0.05800749751501333
19,17,0.04326350379583414,0.7940118682717099
19,18,1.0,0.0
19,19,0.03478743604277179,0.8155423682165919
19,20,0.87,0.06726209469111855
19,21,0.6766855367901414,0.17908869200373806
19,22,0.6847553159766998,0.17470425845435833
19,23,1.0,0.0
19,24,0.5108418814330506,0.2865236631242882
19,25,0.3226574976293082,0.4319705134156254
19,26,1.0,0.0
19,27,0.5,0.2928932188134524
19,28,0.5,0.2928932188134524
19,29,0.5071562086299851,0.2911324799436324
19,30,0.04377258106882713,0.7907810212508742
19,31,0.7803384121959893,0.11663234596460947
19,32,0.5653732015870155,0.24808697205925767
19,33,0.8208382751994046,0.09730030819399613
19,34,0.028864325729070717,0.8331667791918973
19,35,0.0,1.0
19,36,0.37,0.3917237469701781
19,37,0.08346726786480149,0.7110929771279322
19,38,0.0,1.0
19,39,0.14994073776407624,0.6127781801549966
19,40,0.023356927789865478,0.8471702653608746
19,41,0.8100293321653238,0.09998370450012195
19,42,0.06842407762333697,0.7402530211632143
19,43,0.6172750160806812,0.214331484606465
19,44,0.018499011448227465,0.863988928949782
19,45,0.14146772370187005,0.6288752931938589
19,46,0.07685082544242644,0.7227801856965732
19,47,0.2000479200040245,0.5527328315156315
19,48,0.007156208629985117,0.9180976973081281
19,49,0.252726876777107,0.4972805188008853
19,50,0.12589700596264533,0.6451803190877861
19,51,0.8677948475329543,0.06963425855783807
19,52,0.5902851961886426,0.23169980073629903
19,53,0.09054685930105716,0.702251298780265
19,54,0.5923718970758687,0.2310259508007877
19,55,0.8385474257508817,0.0842776481100389
19,56,0.4809006656948518,0.3065299821226214
19,57,0.002378138687385012,0.9558847433216221
19,58,0.53778747473809,0.26666005513262137
19,59,0.15602215776413997,0.6050035977832964
19,60,0.9822836175673826,0.009059664102195377
19,61,0.7616819576519247,0.1272560755571399
19,62,0.0,1.0
19,63,0.657702802812614,0.18901121905872587
19,64,0.9053107877643647,0.0504070537276316
19,65,1.0,0.0
19,66,0.18614027286318158,0.5685602326359083
19,67,1.0,0.0
19,68,0.5,0.2928932188134524
19,69,0.0,1.0
19,70,0.32624372415752234,0.4288225108098864
19,71,0.39554767541834746,0.37107418925731195
19,72,0.0,1.0
19,73,0.07205193217329764,0.731575090251859
19,74,0.7604104610560718,0.12798482750810358
19,75,0.08061811833269265,0.7160667009090116
19,76,0.5,0.2928932188134524
19,77,0.7205423103540542,0.15454565266673614
19,78,0.26051116465024027,0.4901492720164757
19,79,0.5172099383129696,0.28173912321316846
19,80,0.6199468427473533,0.2128434332149102
19,81,0.07389669447988612,0.7281605354627734
19,82,0.3497822124367906,0.4085761144181015
19,83,0.414785727032483,0.3559613932127337
19,84,0.7342164854658052,0.14313566682595247
19,85,0.0,1.0
19,86,0.05606603177546818,0.7656336868347605
19,87,1.0,0.0
19,88,0.7292691066127032,0.14602745558612762
19,89,0.1515414573189664,0.6107167389689528
19,90,0.27483802390837986,0.47575003680650596
19,91,0.5243694059902794,0.2758664446455479
19,92,0.3677948475329543,0.39353907996231585
19,93,0.0,1.0
19,94,0.24689413558966988,0.5031155711941961
19,95,0.5299936482978745,0.2719933734519482
19,96,0.21619040781420462,0.5350371973864956
19,97,0.10586048895479916,0.6746379110056011
19,98,0.9367642523269284,0.03764873003247623
19,99,0.23309037038966063,0.5172056645012697
20,0,0.5089098205744204,0.2866208437482769
20,1,0.9661196123668745,0.01708616228741877
20,2,0.1425844197076731,0.6223964781577467
20,3,0.9789745562274333,0.013595403905215584
20,4,0.9606588352244239,0.019867950108545918
20,5,0.009832931119375776,0.9008388628575903
20,6,0.0017756369873179745,0.9578616921635672
20,7,0.011506171228391343,0.8927331774107606
20,8,0.6604036721527781,0.18734775447748986
20,9,0.8806629824065502,0.06318525966742009
20,10,0.9686661102347485,0.015791632714520887
20,11,0.799358573756528,0.1065235215529291
20,12,0.5691235292525916,0.24559723671463696
20,13,0.04326350379583414,0.7940118682717099
20,14,0.87,0.06726209469111855
20,15,0.5108418814330506,0.2865236631242882
20,16,0.3226574976293082,0.4319705134156254
20,17,0.5653732015870155,0.24808697205925767
20,18,0.8208382751994046,0.09730030819399613
20,19,0.0,1.0
20,20,0.08346726786480149,0.7110929771279322
20,21,0.8100293321653238,0.09998370450012195
20,22,0.6172750160806812,0.214331484606465
20,23,0.07685082544242644,0.7227801856965732
20,24,0.2000479200040245,0.5527328315156315
20,25,0.252726876777107,0.4972805188008853
20,26,0.8677948475329543,0.06963425855783807
20,27,0.5902851961886426,0.23169980073629903
20,28,0.5923718970758687,0.2310259508007877
20,29,0.002378138687385012,0.9558847433216221
20,30,0.53778747473809,0.26666005513262137
20,31,0.15602215776413997,0.6050035977832964
20,32,0.9822836175673826,0.009059664102195377
20,33,0.7616819576519247,0.1272560755571399
20,34,0.657702802812614,0.18901121905872587
20,35,0.9053107877643647,0.0504070537276316
20,36,1.0,0.0
20,37,0.0,1.0
20,38,0.7604104610560718,0.12798482750810358
20,39,0.7205423103540542,0.15454565266673614
20,40,0.5172099383129696,0.28173912321316846
20,41,0.3497822124367906,0.4085761144181015
20,42,0.05606603177546818,0.7656336868347605
20,43,0.1515414573189664,0.6107167389689528
20,44,0.0,1.0
20,45,0.5299936482978745,0.2719933734519482
20,46,1.0,0.0
20,47,0.03921836008964641,0.8019637404674427
20,48,0.9650177931369333,0.01764680835407617
20,49,1.0,0.0
20,50,0.6819880873424123,0.17597836932124644
20,51,0.8230122966582918,0.09279974831446847
20,52,0.7803384121959893,0.12330126186736545
20,53,0.3138328254602723,0.43979215869440713
20,54,0.5793172665319017,0.2388710578805312
20,55,0.2832099340656531,0.4678252786296092
20,56,0.09874056210172111,0.6905269471707065
20,57,0.4149941857960426,0.3557995763770079
20,58,0.1812747235737524,0.5742363054771433
20,59,0.5,0.2928932188134524
20,60,1.0,0.0
20,61,0.021762830671966056,0.8524776943239902
20,62,0.5072050939853566,0.28781667108436426
20,63,0.014294269967056565,0.8850387364347417
20,64,0.056849954020372406,0.7615677160693787
20,65,0.0305408233940635,0.8256900316323924
20,66,0.5883683233426467,0.2329482916108936
20,67,0.0,1.0
20,68,0.14058182338051212,0.6250575732455553
20,69,0.13753459852970595,0.6291434259316603
20,70,0.2604104610560718,0.48979043309193576
20,71,0.2879310817349321,0.46341187510920356
20,72,0.7046311632413529,0.16072313339020272
20,73,0.45032070924927947,0.3289406067647369
20,74,0.025865557600825095,0.8391722735321266
20,75,0.0725592267931022,0.7306318007018977
20,76,0.48977570559785844,0.30059424481830255
20,77,0.18245426865910924,0.5728533405736278
20,78,0.5,0.2928932188134524
20,79,0.15061224115655097,0.6119120703287063
20,80,0.9147857270324831,0.04380972581201549
20,81,0.41782052965734817,0.3536096151261622
20,82,1.0,0.0
20,83,0.5,0.2928932188134524
20,84,1.0,0.0
20,85,0.5,0.2928932188134524
20,86,0.9298001820323077,0.035738530256285816
20,87,0.0,1.0
20,88,0.20978799639764897,0.541973803808506
20,89,0.6515414573189664,0.1928188200168649
20,90,0.0,1.0
20,91,1.0,0.0
20,92,0.08601362305053262,0.706719207839087
20,93,0.01968121722250027,0.8619358999695074
20,94,0.10009373491157503,0.6836240607891064
20,95,0.0,1.0
20,96,0.2610845507402203,0.48903566588242164
20,97,0.018483699682525,0.8640452292763325
20,98,0.5451581050249429,0.26165177251858807
20,99,0.6589149208236897,0.1882642543144415
21,0,0.5089098205744204,0.2866208437482769
21,1,0.9661196123668745,0.01708616228741877
21,2,0.1425844197076731,0.6223964781577467
21,3,0.9606588352244239,0.019867950108545918
21,4,0.009832931119375776,0.9008388628575903
21,5,0.011506171228391343,0.8927331774107606
21,6,0.8806629824065502,0.06318525966742009
21,7,0.9686661102347485,0.015791632714520887
21,8,0.799358573756528,0.1065235215529291
21,9,0.5691235292525916,0.24559723671463696
21,10,0.87,0.06726209469111855
21,11,0.5653732015870155,0.24808697205925767
21,12,0.8208382751994046,0.09730030819399613
21,13,0.252726876777107,0.4972805188008853
21,14,0.8677948475329543,0.06963425855783807
21,15,0.5902851961886426,0.23169980073629903
21,16,0.5923718970758687,0.2310259508007877
21,17,0.002378138687385012,0.9558847433216221
21,18,0.7616819576519247,0.1272560755571399
21,19,0.657702802812614,0.18901121905872587
21,20,0.9053107877643647,0.0504070537276316
21,21,1.0,0.0
21,22,0.7604104610560718,0.12798482750810358
21,23,0.7205423103540542,0.15454565266673614
21,24,0.5172099383129696,0.28173912321316846
21,25,0.3497822124367906,0.4085761144181015
21,26,0.1515414573189664,0.6107167389689528
21,27,0.5299936482978745,0.2719933734519482
21,28,1.0,0.0
21,29,0.9650177931369333,0.01764680835407617
21,30,1.0,0.0
21,31,0.8230122966582918,0.09279974831446847
21,32,0.1812747235737524,0.5742363054771433
21,33,0.021762830671966056,0.8524776943239902
21,34,0.014294269967056565,0.8850387364347417
21,35,0.056849954020372406,0.7615677160693787
21,36,0.14058182338051212,0.6250575732455553
21,37,0.7046311632413529,0.16072313339020272
21,38,0.0725592267931022,0.7306318007018977
21,39,0.18245426865910924,0.5728533405736278
21,40,0.9147857270324831,0.04380972581201549
21,41,0.9298001820323077,0.035738530256285816
21,42,0.6515414573189664,0.1928188200168649
21,43,0.0,1.0
21,44,0.01968121722250027,0.8619358999695074
21,45,0.0,1.0
21,46,0.018483699682525,0.8640452292763325
21,47,1.0,0.0
21,48,0.18198808734241234,0.5733993819244839
21,49,0.53778747473809,0.26666005513262137
21,50,0.8038283054287366,0.10404764669723568
21,51,1.0,0.0
21,52,0.0,1.0
21,53,0.4009081835479038,0.36682689290534154
21,54,0.25207030776953077,0.5203831130694142
21,55,0.31325967025707346,0.44586084360288714
21,56,0.04703978988161597,0.7831134170087601
21,57,0.5987405621017211,0.2280607955219382
21,58,0.022955027664494088,0.8484908330677841
21,59,0.6812747235737524,0.17460632206579607
21,60,1.0,0.0
21,61,0.13217935268719633,0.6364352152817928
21,62,0.5454245305310012,0.26147137460285186
21,63,0.05674095350492703,0.7617964032493905
21,64,0.0,1.0
21,65,0.4504101941451534,0.3288739357280531
21,66,0.129869558989132,0.6396258069878866
21,67,0.6094909796816612,0.21930096728530446
21,68,1.0,0.0
21,69,0.132316943548627,0.6362460398172591
21,70,0.3286827540212943,0.4269412573604879
21,71,0.05672085484410272,0.761838594973697
21,72,0.5,0.2928932188134524
21,73,0.2695573959408929,0.48161812833571793
21,74,0.1229531135314603,0.649353292427463
21,75,0.5058846902324224,0.2887442863270465
21,76,0.12113433458675948,0.6519564185525619
21,77,0.25284309006115213,0.49716494746174256
21,78,0.5130659453245168,0.283713782539049
21,79,0.4316397278394666,0.34300705647665697
21,80,0.9586596643128874,0.020979153504883247
21,81,0.4427276848287579,0.3427496292006368
21,82,0.17956615913417764,0.5770918873230103
21,83,0.5681746289362146,0.24680732475964653
21,84,0.973143710966569,0.013519533408507312
21,85,0.7259036285020144,0.1489911165330745
21,86,0.5,0.2928932188134524
21,87,0.055224299576503766,0.7650014902674833
21,88,0.7690393530886881,0.1237427650991194
21,89,0.3301495216590432,0.42560696607350657
21,90,0.0,1.0
21,91,0.33500002951418706,0.421208129364115
21,92,0.12442395532730266,0.6472622003140256
21,93,0.0,1.0
21,94,0.0087783758041311,0.9063070130472344
21,95,0.22750714341698153,0.5251358565238764
21,96,0.0,1.0
21,97,0.5,0.2928932188134524
21,98,0.2624906414972836,0.48766159474690596
21,99,0.6458622913530659,0.19634441994529406
22,0,0.5089098205744204,0.2866208437482769
22,1,0.9661196123668745,0.01708616228741877
22,2,0.1425844197076731,0.6223964781577467
22,3,0.009832931119375776,0.9008388628575903
22,4,0.8806629824065502,0.06318525966742009
22,5,0.9686661102347485,0.015791632714520887
22,6,0.8208382751994046,0.09730030819399613
22,7,0.252726876777107,0.4972805188008853
22,8,0.5902851961886426,0.23169980073629903
22,9,0.5923718970758687,0.2310259508007877
22,10,0.002378138687385012,0.9558847433216221
22,11,0.7616819576519247,0.1272560755571399
22,12,0.657702802812614,0.18901121905872587
22,13,0.9053107877643647,0.0504070537276316
22,14,1.0,0.0
22,15,0.5172099383129696,0.28173912321316846
22,16,0.5299936482978745,0.2719933734519482
22,17,0.9650177931369333,0.01764680835407617
22,18,0.014294269967056565,0.8850387364347417
22,19,0.056849954020372406,0.7615677160693787
22,20,0.14058182338051212,0.6250575732455553
22,21,0.7046311632413529,0.16072313339020272
22,22,0.0725592267931022,0.7306318007018977
22,23,0.6515414573189664,0.1928188200168649
22,24,0.01968121722250027,0.8619358999695074
22,25,0.018483699682525,0.8640452292763325
22,26,1.0,0.0
22,27,0.18198808734241234,0.5733993819244839
22,28,0.53778747473809,0.26666005513262137
22,29,0.8038283054287366,0.10404764669723568
22,30,1.0,0.0
22,31,0.04703978988161597,0.7831134170087601
22,32,0.13217935268719633,0.6364352152817928
22,33,0.5454245305310012,0.26147137460285186
22,34,0.6094909796816612,0.21930096728530446
22,35,0.5,0.2928932188134524
22,36,0.25284309006115213,0.49716494746174256
22,37,0.5681746289362146,0.24680732475964653
22,38,0.973143710966569,0.013519533408507312
22,39,0.7259036285020144,0.1489911165330745
22,40,0.055224299576503766,0.7650014902674833
22,41,0.33500002951418706,0.421208129364115
22,42,0.12442395532730266,0.6472622003140256
22,43,0.0,1.0
22,44,0.0087783758041311,0.9063070130472344
22,45,0.2624906414972836,0.48766159474690596
22,46,0.5,0.2928932188134524
22,47,0.7112040332037585,0.15667086306486577
22,48,0.0,1.0
22,49,1.0,0.0
22,50,0.39684943529086164,0.37004013199977437
22,51,0.9795730920497716,0.01026615090228844
22,52,0.2515989442002913,0.49840360427900676
22,53,0.4086232611598273,0.3607635326736848
22,54,0.8858618723961684,0.05879764535134724
22,55,0.5229550276644941,0.2768437045392649
22,56,0.8617901084337987,0.07761409373522847
22,57,0.8242530604035669,0.09211616359604302
22,58,1.0,0.0
22,59,0.5549772058759637,0.2556659423015897
22,60,0.336332023420874,0.42005860345990653
22,61,0.9386940463302426,0.03113775678363717
22,62,0.11918100344470887,0.6547739820860703
22,63,0.8763210672850744,0.06387977947003276
22,64,0.12154562582479245,0.6529885081808997
22,65,0.26921710547324706,0.4811386452304941
22,66,0.5,0.2928932188134524
22,67,0.227077541831553,0.5234734615663541
22,68,0.2977090137959224,0.4543728252772573
22,69,0.17924931779147008,0.5766215430711311
22,70,0.03225363757229038,0.8206535461730041
22,71,0.5577248645004167,0.25439913588250174
22,72,0.041731089494636844,0.7957181126613599
22,73,0.9713501982868662,0.014428998860626874
22,74,0.15748181452102128,0.6032249551942989
22,75,0.36174926326255996,0.39926619665711854
22,76,0.5,0.2928932188134524
22,77,0.11774208827186328,0.6568643296422488
22,78,0.062367084229756675,0.7502659730237854
22,79,0.7528430900611521,0.13233469006698662
22,80,0.0,1.0
22,81,1.0,0.0
22,82,0.4591812445144016,0.32245999557464006
22,83,0.2330179359198784,0.5174184127730351
22,84,0.06817462893621462,0.7399478932844247
22,85,0.9952980125555467,0.0023537638242969727
22,86,0.2259036285020144,0.5247067973324104
22,87,0.7428147045105697,0.1381330122863681
22,88,0.06537505905446206,0.7443145310064296
22,89,0.8861864575460703,0.05862523002468867
22,90,0.0,1.0
22,91,0.6424289762872257,0.1984833275051443
22,92,0.8350000295141871,0.08670869063430658
22,93,0.6244239553273027,0.2097949915830053
22,94,0.0,1.0
22,95,0.0,1.0
22,96,0.27950118918922484,0.4713212798029177
22,97,0.2284886187499982,0.5219951686959658
22,98,0.0,1.0
22,99,0.6169541360966602,0.21453571940115557
23,0,0.5089098205744204,0.2866208437482769
23,1,0.9661196123668745,0.01708616228741877
23,2,0.1425844197076731,0.6223964781577467
23,3,0.009832931119375776,0.9008388628575903
23,4,0.8806629824065502,0.06318525966742009
23,5,0.9686661102347485,0.015791632714520887
23,6,0.8208382751994046,0.09730030819399613
23,7,0.252726876777107,0.4972805188008853
23,8,0.5923718970758687,0.2310259508007877
23,9,0.002378138687385012,0.9558847433216221
23,10,0.7616819576519247,0.1272560755571399
23,11,1.0,0.0
23,12,0.5172099383129696,0.28173912321316846
23,13,0.5299936482978745,0.2719933734519482
23,14,0.9650177931369333,0.01764680835407617
23,15,0.14058182338051212,0.6250575732455553
23,16,0.7046311632413529,0.16072313339020272
23,17,0.6515414573189664,0.1928188200168649
23,18,0.01968121722250027,0.8619358999695074
23,19,0.018483699682525,0.8640452292763325
23,20,1.0,0.0
23,21,0.53778747473809,0.26666005513262137
23,22,0.8038283054287366,0.10404764669723568
23,23,1.0,0.0
23,24,0.5454245305310012,0.26147137460285186
23,25,0.5,0.2928932188134524
23,26,0.25284309006115213,0.49716494746174256
23,27,0.5681746289362146,0.24680732475964653
23,28,0.973143710966569,0.013519533408507312
23,29,0.33500002951418706,0.421208129364115
23,30,0.0,1.0
23,31,0.0087783758041311,0.9063070130472344
23,32,0.0,1.0
23,33,1.0,0.0
23,34,0.2515989442002913,0.49840360427900676
23,35,0.8858618723961684,0.05879764535134724
23,36,0.5229550276644941,0.2768437045392649
23,37,0.8617901084337987,0.07761409373522847
23,38,0.8242530604035669,0.09211616359604302
23,39,1.0,0.0
23,40,0.9386940463302426,0.03113775678363717
23,41,0.11918100344470887,0.6547739820860703
23,42,0.12154562582479245,0.6529885081808997
23,43,0.5577248645004167,0.25439913588250174
23,44,0.041731089494636844,0.7957181126613599
23,45,0.9713501982868662,0.014428998860626874
23,46,0.15748181452102128,0.6032249551942989
23,47,0.062367084229756675,0.7502659730237854
23,48,1.0,0.0
23,49,0.06817462893621462,0.7399478932844247
23,50,0.2259036285020144,0.5247067973324104
23,51,0.8861864575460703,0.05862523002468867
23,52,0.0,1.0
23,53,0.6424289762872257,0.1984833275051443
23,54,0.8350000295141871,0.08670869063430658
23,55,0.6244239553273027,0.2097949915830053
23,56,0.0,1.0
23,57,1.0,0.0
23,58,0.35471351002089424,0.4044217011837199
23,59,0.1375990532998706,0.629056536248621
23,60,0.17637628173939096,0.580268250793075
23,61,0.3090557224507049,0.44407219672811393
23,62,0.17529961857485177,0.5813120271910694
23,63,0.3766890101562209,0.38625004264259133
23,64,0.0,1.0
23,65,0.0,1.0
23,66,0.7844909812224283,0.11428504516270677
23,67,0.32425306040356694,0.4305677736520641
23,68,0.06270721443002909,0.7495859140742496
23,69,0.3763210672850744,0.38654986568990435
23,70,0.14473012281917572,0.6209384262141011
23,71,0.9695215215040918,0.015357160436287098
23,72,0.19725354508406762,0.5565072423352464
23,73,0.13529406277279257,0.6321765875140728
23,74,0.4358865737296939,0.33978293438468743
23,75,0.6913667492103699,0.16851533435043442
23,76,0.67924931779147,0.17583416851250744
23,77,0.057724864500416695,0.7609717914999748
23,78,0.46439683789984304,0.3204692875799982
23,79,0.05055761852493029,0.7751497864690133
23,80,0.1434056663886462,0.6213105937728833
23,81,0.6024542508386712,0.22382073537186575
23,82,0.49529801255554673,0.29622587959236046
23,83,0.13519854906479337,0.6323064468000651
23,84,0.0,1.0
23,85,0.3305151010254469,0.4250955722683579
23,86,0.5653750590544621,0.24808573689917146
23,87,0.3861864575460703,0.37856097841697267
23,88,0.5,0.2928932188134524
23,89,0.19528295488237413,0.5580916895074566
23,90,0.9223697744109305,0.039599159511545134
23,91,0.2532323949524786,0.49677798641903725
23,92,0.15332904057983124,0.6104684493326871
23,93,0.01283036881509586,0.8867287820534454
23,94,0.4988239866291829,0.29372527538557425
23,95,0.11638691042037125,0.6588447414733707
23,96,0.03341950280462716,0.8171899816623083
23,97,0.055078370726686865,0.7669587798756882
23,98,0.5775160715459227,0.24005521809415475
23,99,0.6647618985947231,0.18931331356393483
24,0,0.5089098205744204,0.2866208437482769
24,1,0.9661196123668745,0.01708616228741877
24,2,0.1425844197076731,0.6223964781577467
24,3,0.8806629824065502,0.06318525966742009
24,4,0.9686661102347485,0.015791632714520887
24,5,0.8208382751994046,0.09730030819399613
24,6,0.252726876777107,0.4972805188008853
24,7,0.002378138687385012,0.9558847433216221
24,8,1.0,0.0
24,9,0.5172099383129696,0.28173912321316846
24,10,0.5299936482978745,0.2719933734519482
24,11,0.9650177931369333,0.01764680835407617
24,12,0.14058182338051212,0.6250575732455553
24,13,0.018483699682525,0.8640452292763325
24,14,1.0,0.0
24,15,0.25284309006115213,0.49716494746174256
24,16,0.973143710966569,0.013519533408507312
24,17,0.0087783758041311,0.9063070130472344
24,18,1.0,0.0
24,19,0.2515989442002913,0.49840360427900676
24,20,0.8858618723961684,0.05879764535134724
24,21,0.5229550276644941,0.2768437045392649
24,22,0.8617901084337987,0.07761409373522847
24,23,0.8242530604035669,0.09211616359604302
24,24,0.9713501982868662,0.014428998860626874
24,25,0.8861864575460703,0.05862523002468867
24,26,1.0,0.0
24,27,0.35471351002089424,0.4044217011837199
24,28,0.17637628173939096,0.580268250793075
24,29,0.17529961857485177,0.5813120271910694
24,30,0.7844909812224283,0.11428504516270677
24,31,0.06270721443002909,0.7495859140742496
24,32,0.14473012281917572,0.6209384262141011
24,33,0.057724864500416695,0.7609717914999748
24,34,0.46439683789984304,0.3204692875799982
24,35,0.05055761852493029,0.7751497864690133
24,36,0.1434056663886462,0.6213105937728833
24,37,0.6024542508386712,0.22382073537186575
24,38,0.49529801255554673,0.29622587959236046
24,39,0.13519854906479337,0.6323064468000651
24,40,0.0,1.0
24,41,0.3861864575460703,0.37856097841697267
24,42,0.5,0.2928932188134524
24,43,0.2532323949524786,0.49677798641903725
24,44,0.01283036881509586,0.8867287820534454
24,45,0.11638691042037125,0.6588447414733707
24,46,0.03341950280462716,0.8171899816623083
24,47,0.5775160715459227,0.24005521809415475
24,48,0.23871548719613275,0.511414810707352
24,49,0.08159589709246917,0.714350044473189
24,50,0.09336755551822351,0.6957083147527301
24,51,0.651421958442751,0.19304415614894058
24,52,0.0,1.0
24,53,0.0,1.0
24,54,0.5,0.2928932188134524
24,55,0.15785333418320818,0.6026923934994346
24,56,0.5665252037287748,0.2475827577891192
24,57,0.6774986781968527,0.17724212738523581
24,58,0.010866471260428723,0.8957576321238397
24,59,0.5765074399099134,0.24071912976164522
24,60,0.8411497543874904,0.08285783305558869
24,61,0.03221410204438632,0.8205171260415459
24,62,0.5380260873846627,0.2664973842005315
24,63,0.12301234088371596,0.6496665195269818
24,64,0.0,1.0
24,65,0.6249230400303993,0.20947926021488894
24,66,0.11918100344470883,0.654941443155532
24,67,0.8287024537540847,0.08966904163700729
24,68,0.935886573729694,0.03258769196908917
24,69,1.0,0.0
24,70,0.5653828859185411,0.2480805322918277
24,71,0.2529187952319689,0.4970896747610277
24,72,0.24099247697903417,0.5090959631325643
24,73,0.5577248645004167,0.25319020862041675
24,74,0.27910067690305584,0.4717002016817953
24,75,0.0,1.0
24,76,0.6837711598123093,0.17319714503040148
24,77,0.0007517859459879872,0.9754024268028862
24,78,0.3846550606904577,0.38263531972445985
24,79,0.25252950617400116,0.49759533347710316
24,80,0.3001493858782637,0.4521410894415756
24,81,0.7216261372681887,0.1505141924268607
24,82,0.6434056663886463,0.1978742826784281
24,83,0.5222367440801067,0.27734050613023375
24,84,0.0,1.0
24,85,0.2600619403029068,0.49178565460097123
24,86,0.14723185363790448,0.6169308600198588
24,87,0.0,1.0
24,88,0.8305151010254469,0.08867398751849132
24,89,1.0,0.0
24,90,0.971108289958449,0.014551731465091589
24,91,0.06537505905446206,0.7443145310064296
24,92,0.8861864575460703,0.05862523002468867
24,93,0.33989355923149167,0.41699608986603554
24,94,0.6365921268420722,0.2021327636491944
24,95,0.5,0.2928932188134524
24,96,0.4223697744109305,0.3501001812502711
24,97,0.11263021821158206,0.6643957416664948
24,98,0.3188860408712535,0.43530004349986573
24,99,0.18246453065217644,0.574808316683033
25,0,0.5089098205744204,0.2866208437482769
25,1,0.9661196123668745,0.01708616228741877
25,2,0.1425844197076731,0.6223964781577467
25,3,0.8806629824065502,0.06318525966742009
25,4,0.9686661102347485,0.015791632714520887
25,5,0.252726876777107,0.4972805188008853
25,6,0.002378138687385012,0.9558847433216221
25,7,1.0,0.0
25,8,0.5299936482978745,0.2719933734519482
25,9,0.9650177931369333,0.01764680835407617
25,10,0.14058182338051212,0.6250575732455553
25,11,0.018483699682525,0.8640452292763325
25,12,0.25284309006115213,0.49716494746174256
25,13,0.973143710966569,0.013519533408507312
25,14,0.0087783758041311,0.9063070130472344
25,15,1.0,0.0
25,16,0.2515989442002913,0.49840360427900676
25,17,0.5229550276644941,0.2768437045392649
25,18,0.9713501982868662,0.014428998860626874
25,19,1.0,0.0
25,20,0.7844909812224283,0.11428504516270677
25,21,0.14473012281917572,0.6209384262141011
25,22,0.05055761852493029,0.7751497864690133
25,23,0.1434056663886462,0.6213105937728833
25,24,0.2532323949524786,0.49677798641903725
25,25,0.01283036881509586,0.8867287820534454
25,26,0.11638691042037125,0.6588447414733707
25,27,0.03341950280462716,0.8171899816623083
25,28,0.08159589709246917,0.714350044473189
25,29,0.09336755551822351,0.6957083147527301
25,30,0.0,1.0
25,31,0.010866471260428723,0.8957576321238397
25,32,0.8411497543874904,0.08285783305558869
25,33,0.03221410204438632,0.8205171260415459
25,34,0.5380260873846627,0.2664973842005315
25,35,0.5653828859185411,0.2480805322918277
25,36,0.2529187952319689,0.4970896747610277
25,37,0.24099247697903417,0.5090959631325643
25,38,0.5577248645004167,0.25319020862041675
25,39,0.0,1.0
25,40,0.0007517859459879872,0.9754024268028862
25,41,0.3846550606904577,0.38263531972445985
25,42,0.25252950617400116,0.49759533347710316
25,43,0.3001493858782637,0.4521410894415756
25,44,0.7216261372681887,0.1505141924268607
25,45,0.8305151010254469,0.08867398751849132
25,46,0.971108289958449,0.014551731465091589
25,47,0.06537505905446206,0.7443145310064296
25,48,0.8861864575460703,0.05862523002468867
25,49,0.6365921268420722,0.2021327636491944
25,50,0.09490047420243553,0.6919407943228517
25,51,0.5,0.2928932188134524
25,52,0.0,1.0
25,53,0.0,1.0
25,54,0.238293706103542,0.512303573137737
25,55,0.943899687229996,0.028455637022561257
25,56,0.31409229239094894,0.4416833268863204
25,57,0.7641885333505538,0.1258212234613827
25,58,0.14216864417683384,0.6232837929051068
25,59,0.3411497543874904,0.4164349613437263
25,60,0.5322141020443864,0.2704699443858489
25,61,0.2081677607970196,0.5437459470897605
25,62,1.0,0.0
25,63,1.0,0.0
25,64,0.5,0.2928932188134524
25,65,0.12492304003039933,0.646555463996967
25,66,0.6429966523745045,0.19812927951289772
25,67,0.6191810034447088,0.21319402145329913
25,68,0.20736096707783827,0.5482695117694024
25,69,0.45751902808520184,0.3235984712574921
25,70,0.07231453587307352,0.7315003772543296
25,71,0.5746709710498044,0.24207777630019092
25,72,1.0,0.0
25,73,0.34596290561290727,0.41241756932523344
25,74,0.39591834932143943,0.37077957016524055
25,75,0.1837711598123093,0.5716466687505442
25,76,0.14200144814919025,0.6239543544269078
25,77,0.500751785945988,0.292361825545012
25,78,0.6410213634371604,0.19939184346096175
25,79,0.7917788651583404,0.11018043112193787
25,80,0.722645998162348,0.14991412306617635
25,81,0.37811141171176327,0.3857823179224228
25,82,0.9099556331329923,0.04608405342347255
25,83,0.0,1.0
25,84,0.022236744080106674,0.8508801016627671
25,85,0.5,0.2928932188134524
25,86,0.5,0.2928932188134524
25,87,0.3305151010254469,0.4250955722683579
25,88,0.7180102263492302,0.15264515912798948
25,89,0.471108289958449,0.31362671237988216
25,90,0.0,1.0
25,91,0.6244512841885692,0.20977769951198588
25,92,0.8785110165077524,0.06499943618918089
25,93,0.05338920649442336,0.7744868241338917
25,94,0.2747553349565697,0.4758289067903785
25,95,0.6132951683151886,0.2221802169903547
25,96,0.8063675223487996,0.10202031072590534
25,97,0.21606149170411554,0.5351758486221746
25,98,0.5650997249196374,0.24852703816869326
25,99,0.9132187850526036,0.044375186041821335
26,0,0.5089098205744204,0.2866208437482769
26,1,0.9661196123668745,0.01708616228741877
26,2,0.1425844197076731,0.6223964781577467
26,3,0.9686661102347485,0.015791632714520887
26,4,0.9650177931369333,0.01764680835407617
26,5,0.14058182338051212,0.6250575732455553
26,6,0.018483699682525,0.8640452292763325
26,7,0.25284309006115213,0.49716494746174256
26,8,0.973143710966569,0.013519533408507312
26,9,0.0087783758041311,0.9063070130472344
26,10,0.2515989442002913,0.49840360427900676
26,11,0.5229550276644941,0.2768437045392649
26,12,0.9713501982868662,0.014428998860626874
26,13,1.0,0.0
26,14,0.14473012281917572,0.6209384262141011
26,15,0.05055761852493029,0.7751497864690133
26,16,0.1434056663886462,0.6213105937728833
26,17,0.2532323949524786,0.49677798641903725
26,18,0.11638691042037125,0.6588447414733707
26,19,0.03221410204438632,0.8205171260415459
26,20,0.2529187952319689,0.4970896747610277
26,21,0.5577248645004167,0.25319020862041675
26,22,0.0,1.0
26,23,0.971108289958449,0.014551731465091589
26,24,0.8861864575460703,0.05862523002468867
26,25,0.5,0.2928932188134524
26,26,0.238293706103542,0.512303573137737
26,27,0.943899687229996,0.028455637022561257
26,28,0.7641885333505538,0.1258212234613827
26,29,0.14216864417683384,0.6232837929051068
26,30,0.5322141020443864,0.2704699443858489
26,31,1.0,0.0
26,32,0.07231453587307352,0.7315003772543296
26,33,0.5746709710498044,0.24207777630019092
26,34,1.0,0.0
26,35,0.1837711598123093,0.5716466687505442
26,36,0.14200144814919025,0.6239543544269078
26,37,0.500751785945988,0.292361825545012
26,38,0.722645998162348,0.14991412306617635
26,39,0.37811141171176327,0.3857823179224228
26,40,0.9099556331329923,0.04608405342347255
26,41,0.0,1.0
26,42,0.022236744080106674,0.8508801016627671
26,43,0.6244512841885692,0.20977769951198588
26,44,0.05338920649442336,0.7744868241338917
26,45,0.5650997249196374,0.24852703816869326
26,46,0.3260808401562204,0.4289651147642375
26,47,0.023489428785262723,0.8467373862115659
26,48,0.7619591704624666,0.12709727319565178
26,49,0.0,1.0
26,50,0.001414819313602142,0.9623859160206959
26,51,0.538295137848921,0.2663140059610508
26,52,0.5949004742024355,0.22870208466349684
26,53,0.0,1.0
26,54,0.42905048551273883,0.3483514484510917
26,55,0.6264266567691736,0.20852880231231807
26,56,0.004831866334982671,0.9337736655745839
26,57,0.35679514781556587,0.40267668066986884
26,58,0.3355024446205082,0.4207742714446222
26,59,0.2641885333505538,0.48600726332899036
26,60,0.0164565599458818,0.871883027082239
26,61,0.8654468082002007,0.06970606354754694
26,62,0.721173810516609,0.15078046977438808
26,63,0.7909501503129481,0.11098999202236498
26,64,0.9906071336013722,0.005439729920359887
26,65,0.9044606730577334,0.0489686266701117
26,66,0.8892533038075117,0.057870352639128014
26,67,0.20718682634464267,0.5448222035900228
26,68,0.2574500562423349,0.49260463517850805
26,69,0.00913393508255339,0.9044283772108405
26,70,0.19214625465593604,0.5616550962359251
26,71,0.07482299736443437,0.7264717810590917
26,72,0.07467097104980436,0.7268542510894402
26,73,0.08540428779962805,0.7077598798938995
26,74,0.1925288188214314,0.5612189397644523
26,75,0.05343240765244742,0.7709460593323781
26,76,0.8127513566338289,0.10032639222140935
26,77,0.5366008209815005,0.2674695767536337
26,78,0.2917788651583404,0.4647625942934197
26,79,0.7137239871409976,0.15517813289368654
26,80,0.7569831125505033,0.13070275134428694
26,81,0.38232132583703193,0.3816786225294876
26,82,0.6421522859355735,0.19865595033370753
26,83,0.0,1.0
26,84,0.7721857264723218,0.12125901058826116
26,85,0.2952183035952831,0.45666004785651637
26,86,0.6121319115019785,0.21774550927204273
26,87,0.18901722722272515,0.5713207707756971
26,88,0.2538108608847044,0.4962035521317122
26,89,0.09647267400151194,0.6893994945247
26,90,0.5774463007241443,0.24010112467240463
26,91,0.0,1.0
26,92,0.5,0.2928932188134524
26,93,0.5,0.2928932188134524
26,94,0.7342420939655759,0.14667751516131097
26,95,1.0,0.0
26,96,0.4916881764808294,0.3057881620479645
26,97,1.0,0.0
26,98,0.8442759633113146,0.08115509289580614
26,99,0.41321878505260357,0.3571790412155158
27,0,0.5089098205744204,0.2866208437482769
27,1,0.1425844197076731,0.6223964781577467
27,2,0.9686661102347485,0.015791632714520887
27,3,0.9650177931369333,0.01764680835407617
27,4,0.14058182338051212,0.6250575732455553
27,5,0.018483699682525,0.8640452292763325
27,6,0.25284309006115213,0.49716494746174256
27,7,0.973143710966569,0.013519533408507312
27,8,0.0087783758041311,0.9063070130472344
27,9,0.2515989442002913,0.49840360427900676
27,10,0.9713501982868662,0.014428998860626874
27,11,1.0,0.0
27,12,0.05055761852493029,0.7751497864690133
27,13,0.1434056663886462,0.6213105937728833
27,14,0.2532323949524786,0.49677798641903725
27,15,0.971108289958449,0.014551731465091589
27,16,0.8861864575460703,0.05862523002468867
27,17,0.238293706103542,0.512303573137737
27,18,0.943899687229996,0.028455637022561257
27,19,0.14216864417683384,0.6232837929051068
27,20,0.5322141020443864,0.2704699443858489
27,21,1.0,0.0
27,22,0.07231453587307352,0.7315003772543296
27,23,0.05338920649442336,0.7744868241338917
27,24,0.5650997249196374,0.24852703816869326
27,25,0.023489428785262723,0.8467373862115659
27,26,0.7619591704624666,0.12709727319565178
27,27,0.5949004742024355,0.22870208466349684
27,28,0.0164565599458818,0.871883027082239
27,29,0.8654468082002007,0.06970606354754694
27,30,0.9906071336013722,0.005439729920359887
27,31,0.8892533038075117,0.057870352639128014
27,32,0.2574500562423349,0.49260463517850805
27,33,0.00913393508255339,0.9044283772108405
27,34,0.08540428779962805,0.7077598798938995
27,35,0.1925288188214314,0.5612189397644523
27,36,0.5366008209815005,0.2674695767536337
27,37,0.7569831125505033,0.13070275134428694
27,38,0.38232132583703193,0.3816786225294876
27,39,0.6121319115019785,0.21774550927204273
27,40,0.18901722722272515,0.5713207707756971
27,41,0.2538108608847044,0.4962035521317122
27,42,0.5,0.2928932188134524
27,43,0.7056430749591669,0.15997436053465197
27,44,0.4020281369072645,0.36594311224680753
27,45,0.5,0.2928932188134524
27,46,0.37060532298366083,0.391226377884471
27,47,0.09490047420243553,0.6919407943228517
27,48,0.0,1.0
27,49,0.21343129083659074,0.5380137547106074
27,50,0.42766988463283195,0.3460352573472848
27,51,0.9755397709597473,0.01245485768064437
27,52,0.8312582344866337,0.08831398555456627
27,53,0.6522844931836773,0.19235868531650924
27,54,0.023676161207371538,0.8461294010950385
27,55,0.5991342289613308,0.22596238530590074
27,56,0.16643590773817624,0.5920344282440291
27,57,0.8777142344959009,0.06313595730442245
27,58,0.29095015031294813,0.4606020482862878
27,59,1.0,0.0
27,60,0.5263624191000804,0.2746398235710783
27,61,0.8161064698546375,0.09661388661622794
27,62,0.32694291962575184,0.42821077342629843
27,63,0.20809344188881024,0.5438273990156683
27,64,0.5784369434710991,0.23944957861355498
27,65,0.10973199129280285,0.6692622987503537
27,66,0.5091339350825534,0.2864637815201295
27,67,1.0,0.0
27,68,0.13379165585451402,0.6390006075356158
27,69,0.014042002811329626,0.8815010429947604
27,70,0.0,1.0
27,71,0.5281942787261085,0.2732302436630233
27,72,0.6581691427757095,0.18965934070553453
27,73,0.007841258729294753,0.9131906313864255
27,74,0.029269201329956918,0.8289175598433407
27,75,0.6486244133456497,0.19462777962879196
27,76,0.7917788651583404,0.11437049405019349
27,77,0.2569831125505033,0.49370059290496954
27,78,0.0,1.0
27,79,0.1421522859355735,0.6237735964370102
27,80,0.0,1.0
27,81,0.27218572647232175,0.4782857808413482
27,82,0.33782723079337557,0.41877093087718376
27,83,0.0,1.0
27,84,0.32996232138131165,0.4255765313104698
27,85,0.9500778510128083,0.025280629610343497
27,86,0.5964726740015119,0.22777517603553224
27,87,0.7834528955385339,0.11487125482304328
27,88,0.0,1.0
27,89,0.0,1.0
27,90,0.14348114867464806,0.6212109443573534
27,91,0.3910209668641595,0.3746833067443669
27,92,0.13719406174585586,0.6296028324273311
27,93,0.4459775894257565,0.33218446452200856
27,94,0.6270713402747724,0.20960942938042246
27,95,1.0,0.0
27,96,0.7360753410344719,0.14205166761950527
27,97,0.2731306190935829,0.47738100006449935
27,98,0.6348920758340421,0.20346206191565575
27,99,0.03469969987897048,0.8137214454668211
28,0,0.1425844197076731,0.6223964781577467
28,1,0.9686661102347485,0.015791632714520887
28,2,0.9650177931369333,0.01764680835407617
28,3,0.14058182338051212,0.6250575732455553
28,4,0.018483699682525,0.8640452292763325
28,5,0.25284309006115213,0.49716494746174256
28,6,0.0087783758041311,0.9063070130472344
28,7,0.2515989442002913,0.49840360427900676
28,8,0.9713501982868662,0.014428998860626874
28,9,1.0,0.0
28,10,0.1434056663886462,0.6213105937728833
28,11,0.2532323949524786,0.49677798641903725
28,12,0.971108289958449,0.014551731465091589
28,13,0.8861864575460703,0.05862523002468867
28,14,0.943899687229996,0.028455637022561257
28,15,0.14216864417683384,0.6232837929051068
28,16,0.5322141020443864,0.2704699443858489
28,17,0.07231453587307352,0.7315003772543296
28,18,0.05338920649442336,0.7744868241338917
28,19,0.023489428785262723,0.8467373862115659
28,20,0.7619591704624666,0.12709727319565178
28,21,0.0164565599458818,0.871883027082239
28,22,0.8654468082002007,0.06970606354754694
28,23,0.8892533038075117,0.057870352639128014
28,24,0.2574500562423349,0.49260463517850805
28,25,0.00913393508255339,0.9044283772108405
28,26,0.08540428779962805,0.7077598798938995
28,27,0.38232132583703193,0.3816786225294876
28,28,0.6121319115019785,0.21774550927204273
28,29,0.18901722722272515,0.5713207707756971
28,30,0.2538108608847044,0.4962035521317122
28,31,0.37060532298366083,0.391226377884471
28,32,0.9755397709597473,0.01245485768064437
28,33,1.0,0.0
28,34,0.5784369434710991,0.23944957861355498
28,35,0.5091339350825534,0.2864637815201295
28,36,1.0,0.0
28,37,0.0,1.0
28,38,0.6581691427757095,0.18965934070553453
28,39,0.007841258729294753,0.9131906313864255
28,40,0.029269201329956918,0.8289175598433407
28,41,0.6486244133456497,0.19462777962879196
28,42,0.7917788651583404,0.11437049405019349
28,43,0.2569831125505033,0.49370059290496954
28,44,0.1421522859355735,0.6237735964370102
28,45,0.33782723079337557,0.41877093087718376
28,46,0.5964726740015119,0.22777517603553224
28,47,0.7834528955385339,0.11487125482304328
28,48,0.0,1.0
28,49,0.14348114867464806,0.6212109443573534
28,50,0.13719406174585586,0.6296028324273311
28,51,0.6270713402747724,0.20960942938042246
28,52,0.03469969987897048,0.8137214454668211
28,53,0.3756488948179536,0.38709797290435266
28,54,0.0,1.0
28,55,0.0930154908162053,0.6950155892242929
28,56,0.523194022596696,0.27667847910027177
28,57,0.15995589171404495,0.6008822672419813
28,58,0.23515218714828262,0.5150750706054775
28,59,0.6172286516357276,0.2143609915261796
28,60,0.3452506886984064,0.41241963213666977
28,61,0.4476589832894419,0.3309267728496066
28,62,0.9718560396511772,0.014172408759433597
28,63,0.15596289409633715,0.6050786228926862
28,64,0.6955159691513499,0.16659643348082803
28,65,0.4636464803118895,0.3190840871943956
28,66,0.6148039310860547,0.21590566187093618
28,67,0.7190691548275374,0.15202054575152746
28,68,0.9409257180583883,0.029986743359458834
28,69,0.4382426485572916,0.33800102072790805
28,70,0.4377833889546078,0.3387559421456205
28,71,0.009133935082553446,0.9044283772108402
28,72,0.057476345057737965,0.7602577528725111
28,73,1.0,0.0
28,74,0.0,1.0
28,75,1.0,0.0
28,76,0.06760194937820488,0.7419440318524868
28,77,0.38376460306871085,0.3805126288061145
28,78,0.49330045620366914,0.2976464877259678
28,79,0.6701320001865254,0.18190871980310278
28,80,0.939553514844844,0.030694313002939233
28,81,0.5207198144356513,0.2786833723677902
28,82,0.0,1.0
28,83,0.7721857264723218,0.12125901058826116
28,84,0.5458161911120732,0.26120625942549214
28,85,0.7136582839428924,0.15521701961811962
28,86,1.0,0.0
28,87,0.5,0.2928932188134524
28,88,0.08592565725429213,0.7068692147619221
28,89,0.17546640679471698,0.5811128949290549
28,90,0.7542390591442139,0.13153062279420935
28,91,0.3430183357370898,0.4143223277799556
28,92,0.0,1.0
28,93,0.4675970527775352,0.3161893151042935
28,94,0.6011210550146969,0.22500588031784627
28,95,0.23607534103447192,0.5141241505955745
28,96,0.7731306190935829,0.12072153495403803
28,97,0.13489207583404206,0.6327234341343815
28,98,0.3251474929130279,0.4297829422816011
28,99,0.5346996998789705,0.2687683678348082
29,0,0.1425844197076731,0.6223964781577467
29,1,0.9686661102347485,0.015791632714520887
29,2,0.9650177931369333,0.01764680835407617
29,3,0.14058182338051212,0.6250575732455553
29,4,0.018483699682525,0.8640452292763325
29,5,0.25284309006115213,0.49716494746174256
29,6,0.2515989442002913,0.49840360427900676
29,7,0.9713501982868662,0.014428998860626874
29,8,1.0,0.0
29,9,0.1434056663886462,0.6213105937728833
29,10,0.2532323949524786,0.49677798641903725
29,11,0.971108289958449,0.014551731465091589
29,12,0.943899687229996,0.028455637022561257
29,13,0.14216864417683384,0.6232837929051068
29,14,0.07231453587307352,0.7315003772543296
29,15,0.023489428785262723,0.8467373862115659
29,16,0.7619591704624666,0.12709727319565178
29,17,0.2574500562423349,0.49260463517850805
29,18,0.00913393508255339,0.9044283772108405
29,19,0.08540428779962805,0.7077598798938995
29,20,0.38232132583703193,0.3816786225294876
29,21,0.6121319115019785,0.21774550927204273
29,22,0.2538108608847044,0.4962035521317122
29,23,0.9755397709597473,0.01245485768064437
29,24,0.5091339350825534,0.2864637815201295
29,25,1.0,0.0
29,26,0.007841258729294753,0.9131906313864255
29,27,0.029269201329956918,0.8289175598433407
29,28,0.7917788651583404,0.11437049405019349
29,29,0.2569831125505033,0.49370059290496954
29,30,0.1421522859355735,0.6237735964370102
29,31,0.7834528955385339,0.11487125482304328
29,32,0.14348114867464806,0.6212109443573534
29,33,0.6270713402747724,0.20960942938042246
29,34,0.03469969987897048,0.8137214454668211
29,35,0.23515218714828262,0.5150750706054775
29,36,0.3452506886984064,0.41241963213666977
29,37,0.9718560396511772,0.014172408759433597
29,38,0.6148039310860547,0.21590566187093618
29,39,0.009133935082553446,0.9044283772108402
29,40,0.057476345057737965,0.7602577528725111
29,41,1.0,0.0
29,42,0.0,1.0
29,43,1.0,0.0
29,44,0.38376460306871085,0.3805126288061145
29,45,0.49330045620366914,0.2976464877259678
29,46,0.939553514844844,0.030694313002939233
29,47,0.5207198144356513,0.2786833723677902
29,48,0.7721857264723218,0.12125901058826116
29,49,0.5458161911120732,0.26120625942549214
29,50,0.7542390591442139,0.13153062279420935
29,51,0.3251474929130279,0.4297829422816011
29,52,0.5346996998789705,0.2687683678348082
29,53,0.8756488948179536,0.0642388687181148
29,54,0.4537542853318926,0.32638713987046486
29,55,0.23821148313298834,0.5119308623432657
29,56,0.014074001358043584,0.8813661036716589
29,57,0.5150132710787112,0.2823557489405275
29,58,0.5153886095366607,0.2820942892435939
29,59,0.6392313963681674,0.20048052158301521
29,60,0.006534093364580829,0.9191662609761194
29,61,0.1172286516357276,0.6576133010239334
29,62,0.170268241137507,0.588977456900678
29,63,0.0,1.0
29,64,0.865980316896674,0.0694193657201575
29,65,0.026996407744806272,0.8356941639965084
29,66,0.35558039424306664,0.403694378491141
29,67,0.8593599444699426,0.07298330949764309
29,68,0.0,1.0
29,69,0.9382426485572917,0.03137073730075046
29,70,0.4544043099786692,0.325904821276202
29,71,0.1498074649012048,0.6129503069356536
29,72,0.0,1.0
29,73,0.12377013362772815,0.6481902024847401
29,74,0.027797584562319927,0.8332739235682675
29,75,0.5676019493782049,0.2466063781938389
29,76,0.34391837320970325,0.4135544584450289
29,77,0.10356608031946912,0.6781831571849151
29,78,0.2801812646482265,0.47067848650538824
29,79,0.5867884197992952,0.23417830509100862
29,80,0.5,0.2928932188134524
29,81,0.488902605897464,0.30078429229781745
29,82,0.8633258528053585,0.07084670112765656
29,83,0.6555366316230309,0.19034783294118773
29,84,1.0,0.0
29,85,0.4811572521641669,0.30634500494542183
29,86,0.6544898549394886,0.19123271360144906
29,87,0.3048958108653048,0.44782628560813875
29,88,0.5776973341314448,0.23993596708471676
29,89,0.15682411276983438,0.6039897567362249
29,90,0.3511979236721605,0.4073804562181901
29,91,0.48374945549443615,0.3045794675265645
29,92,0.6754664067947169,0.17813236662177956
29,93,0.0,1.0
29,94,0.16296214493876926,0.5963142993134767
29,95,0.5821826719565327,0.23699104071018096
29,96,0.10112105501469693,0.6820046305137496
29,97,0.7360753410344719,0.14205166761950527
29,98,1.0,0.0
29,99,0.0,1.0
30,0,0.1425844197076731,0.6223964781577467
30,1,0.9686661102347485,0.015791632714520887
30,2,0.9650177931369333,0.01764680835407617
30,3,0.14058182338051212,0.6250575732455553
30,4,0.018483699682525,0.8640452292763325
30,5,0.25284309006115213,0.49716494746174256
30,6,0.2515989442002913,0.49840360427900676
30,7,0.9713501982868662,0.014428998860626874
30,8,0.1434056663886462,0.6213105937728833
30,9,0.2532323949524786,0.49677798641903725
30,10,0.971108289958449,0.014551731465091589
30,11,0.943899687229996,0.028455637022561257
30,12,0.14216864417683384,0.6232837929051068
30,13,0.07231453587307352,0.7315003772543296
30,14,0.023489428785262723,0.8467373862115659
30,15,0.7619591704624666,0.12709727319565178
30,16,0.2574500562423349,0.49260463517850805
30,17,0.00913393508255339,0.9044283772108405
30,18,0.08540428779962805,0.7077598798938995
30,19,0.38232132583703193,0.3816786225294876
30,20,0.2538108608847044,0.4962035521317122
30,21,0.9755397709597473,0.01245485768064437
30,22,0.1421522859355735,0.6237735964370102
30,23,0.7834528955385339,0.11487125482304328
30,24,0.14348114867464806,0.6212109443573534
30,25,0.6270713402747724,0.20960942938042246
30,26,0.03469969987897048,0.8137214454668211
30,27,0.6148039310860547,0.21590566187093618
30,28,0.009133935082553446,0.9044283772108402
30,29,1.0,0.0
30,30,0.0,1.0
30,31,1.0,0.0
30,32,0.38376460306871085,0.3805126288061145
30,33,0.49330045620366914,0.2976464877259678
30,34,0.5207198144356513,0.2786833723677902
30,35,0.8756488948179536,0.0642388687181148
30,36,0.014074001358043584,0.8813661036716589
30,37,0.006534093364580829,0.9191662609761194
30,38,0.1172286516357276,0.6576133010239334
30,39,0.0,1.0
30,40,0.026996407744806272,0.8356941639965084
30,41,0.8593599444699426,0.07298330949764309
30,42,0.0,1.0
30,43,0.1498074649012048,0.6129503069356536
30,44,0.12377013362772815,0.6481902024847401
30,45,0.027797584562319927,0.8332739235682675
30,46,0.5676019493782049,0.2466063781938389
30,47,0.10356608031946912,0.6781831571849151
30,48,0.2801812646482265,0.47067848650538824
30,49,1.0,0.0
30,50,0.6544898549394886,0.19123271360144906
30,51,0.3048958108653048,0.44782628560813875
30,52,0.3511979236721605,0.4073804562181901
30,53,0.5821826719565327,0.23699104071018096
30,54,0.10112105501469693,0.6820046305137496
30,55,0.9537542853318925,0.023396556768361276
30,56,0.5140740013580436,0.28301045938030334
30,57,0.015388609536660658,0.8759491655140497
30,58,0.525297855518777,0.2761374478900761
30,59,0.6665427570062702,0.1835793014589413
30,60,0.31203304249240343,0.4414008212569558
30,61,0.47949961545165953,0.30754089257800965
30,62,0.026151595464334654,0.8387710899228762
30,63,0.16476077973919523,0.594092646359794
30,64,1.0,0.0
30,65,0.1724039509770516,0.5847844523900247
30,66,0.7134487386698699,0.15534105186183578
30,67,0.9544043099786692,0.023063814786928316
30,68,0.04122651294311688,0.7969568692540502
30,69,0.0,1.0
30,70,0.15059732148705254,0.6120944476177138
30,71,0.2264035028956053,0.5241812289373134
30,72,0.0,1.0
30,73,1.0,0.0
30,74,0.5056647765055436,0.2888988985344323
30,75,0.42679318815812944,0.3467120776455958
30,76,0.6404621590940247,0.1999820680031506
30,77,0.25254876129393333,0.4977037515298628
30,78,0.8600368781894849,0.07261826727636855
30,79,0.9708801734297994,0.014667480781335729
30,80,0.5337709987095856,0.26940366911023594
30,81,0.0,1.0
30,82,0.7879110233176736,0.11235647734145349
30,83,0.7904207223495183,0.11094391495838785
30,84,0.6369037198682383,0.201937521325405
30,85,0.160860320397477,0.5989260412374333
30,86,0.3696179073532798,0.3922664505647132
30,87,0.5223463639648709,0.2772646653408518
30,88,0.5831063717795628,0.23638597984350573
30,89,0.9409557978360584,0.02997123865523532
30,90,0.566058166823734,0.24763162824070417
30,91,0.5,0.2928932188134524
30,92,0.5,0.2928932188134524
30,93,0.33093097019029755,0.42473400049168775
30,94,0.16110370744188313,0.5986227367651686
30,95,1.0,0.0
30,96,0.5617223303674042,0.2505186257368338
30,97,0.7760708005576002,0.11905119299836708
30,98,0.4658775151253458,0.31832036621215665
30,99,0.35159988726793795,0.4070414118440159
31,0,0.1425844197076731,0.6223964781577467
31,1,0.9686661102347485,0.015791632714520887
31,2,0.9650177931369333,0.01764680835407617
31,3,0.14058182338051212,0.6250575732455553
31,4,0.018483699682525,0.8640452292763325
31,5,0.25284309006115213,0.49716494746174256
31,6,0.9713501982868662,0.014428998860626874
31,7,0.2532323949524786,0.49677798641903725
31,8,0.14216864417683384,0.6232837929051068
31,9,0.023489428785262723,0.8467373862115659
31,10,0.2574500562423349,0.49260463517850805
31,11,0.00913393508255339,0.9044283772108405
31,12,0.38232132583703193,0.3816786225294876
31,13,0.2538108608847044,0.4962035521317122
31,14,0.9755397709597473,0.01245485768064437
31,15,0.1421522859355735,0.6237735964370102
31,16,0.7834528955385339,0.11487125482304328
31,17,0.14348114867464806,0.6212109443573534
31,18,0.6270713402747724,0.20960942938042246
31,19,0.6148039310860547,0.21590566187093618
31,20,0.009133935082553446,0.9044283772108402
31,21,1.0,0.0
31,22,0.38376460306871085,0.3805126288061145
31,23,0.014074001358043584,0.8813661036716589
31,24,0.006534093364580829,0.9191662609761194
31,25,0.0,1.0
31,26,0.8593599444699426,0.07298330949764309
31,27,0.0,1.0
31,28,0.1498074649012048,0.6129503069356536
31,29,0.027797584562319927,0.8332739235682675
31,30,1.0,0.0
31,31,0.6544898549394886,0.19123271360144906
31,32,0.9537542853318925,0.023396556768361276
31,33,0.015388609536660658,0.8759491655140497
31,34,0.525297855518777,0.2761374478900761
31,35,1.0,0.0
31,36,0.7134487386698699,0.15534105186183578
31,37,0.9544043099786692,0.023063814786928316
31,38,0.15059732148705254,0.6120944476177138
31,39,0.0,1.0
31,40,1.0,0.0
31,41,0.25254876129393333,0.4977037515298628
31,42,0.9708801734297994,0.014667480781335729
31,43,0.5337709987095856,0.26940366911023594
31,44,0.7904207223495183,0.11094391495838785
31,45,0.3696179073532798,0.3922664505647132
31,46,0.5223463639648709,0.2772646653408518
31,47,0.5831063717795628,0.23638597984350573
31,48,0.566058166823734,0.24763162824070417
31,49,0.16110370744188313,0.5986227367651686
31,50,0.5617223303674042,0.2505186257368338
31,51,0.043159790269930165,0.7922506551877235
31,52,0.9686492945858098,0.016470695135702384
31,53,0.10606733762685738,0.6743201915579393
31,54,0.4071838246594462,0.36257230149402825
31,55,0.35924751508366337,0.4006273987879798
31,56,0.25450708743605066,0.4955130453261941
31,57,0.1172286516357276,0.6576133010239334
31,58,0.7051578200391344,0.1602632436059891
31,59,0.0,1.0
31,60,0.36330131233577045,0.3972774807243691
31,61,0.143696211430399,0.6209271686992076
31,62,0.6724039509770516,0.17999759087119038
31,63,0.0,1.0
31,64,0.5415179818717918,0.26412094616588533
31,65,0.5412265129431169,0.26431901414871617
31,66,0.14967222975686376,0.613125046356237
31,67,0.11990020218208272,0.6539646402041764
31,68,0.03639135948888883,0.8092348053525256
31,69,0.5,0.2928932188134524
31,70,0.5,0.2928932188134524
31,71,0.8741181109380012,0.06522659324435244
31,72,0.07204661928322231,0.7315849868520348
31,73,0.7171012404964702,0.1536928740763855
31,74,0.12185148351953534,0.6511035737184279
31,75,0.28018126464822646,0.47067848650538824
31,76,0.8279181956882503,0.0907550769041901
31,77,0.33083262434542493,0.4248194854261621
31,78,0.5038603202232179,0.2901794300095807
31,79,0.2904207223495183,0.46109302996758494
31,80,0.5,0.2928932188134524
31,81,0.8677665277691891,0.06846013087512515
31,82,0.0,1.0
31,83,0.491694107163128,0.29912090525094753
31,84,0.02948293918281164,0.8282940327687718
31,85,0.16366823743277006,0.5956511846329475
31,86,0.8994713294903455,0.051595376703410745
31,87,0.46086086723524294,0.321132658588408
31,88,0.597531544765154,0.22699835396995816
31,89,0.5673466369693482,0.24677583883059873
31,90,1.0,0.0
31,91,0.37345067352393096,0.39150185987834285
31,92,0.745143524038224,0.1367830376792727
31,93,0.8967166429365715,0.05304876422459248
31,94,0.1677156896097815,0.5904689393833704
31,95,0.40480476943272536,0.3639186230463703
31,96,1.0,0.0
31,97,0.029796850817668974,0.8275443680583324
31,98,0.07526665001222631,0.7256523191054345
31,99,0.851599887267938,0.07753100509598959
32,0,0.1425844197076731,0.6223964781577467
32,1,0.9686661102347485,0.015791632714520887
32,2,0.9650177931369333,0.01764680835407617
32,3,0.14058182338051212,0.6250575732455553
32,4,0.018483699682525,0.8640452292763325
32,5,0.25284309006115213,0.49716494746174256
32,6,0.9713501982868662,0.014428998860626874
32,7,0.2532323949524786,0.49677798641903725
32,8,0.14216864417683384,0.6232837929051068
32,9,0.2574500562423349,0.49260463517850805
32,10,0.38232132583703193,0.3816786225294876
32,11,0.2538108608847044,0.4962035521317122
32,12,0.9755397709597473,0.01245485768064437
32,13,0.1421522859355735,0.6237735964370102
32,14,0.14348114867464806,0.6212109443573534
32,15,0.009133935082553446,0.9044283772108402
32,16,1.0,0.0
32,17,0.38376460306871085,0.3805126288061145
32,18,0.014074001358043584,0.8813661036716589
32,19,0.006534093364580829,0.9191662609761194
32,20,0.027797584562319927,0.8332739235682675
32,21,1.0,0.0
32,22,0.525297855518777,0.2761374478900761
32,23,1.0,0.0
32,24,0.9544043099786692,0.023063814786928316
32,25,0.0,1.0
32,26,1.0,0.0
32,27,0.25254876129393333,0.4977037515298628
32,28,0.9708801734297994,0.014667480781335729
32,29,0.5831063717795628,0.23638597984350573
32,30,0.566058166823734,0.24763162824070417
32,31,0.5617223303674042,0.2505186257368338
32,32,0.9686492945858098,0.016470695135702384
32,33,0.25450708743605066,0.4955130453261941
32,34,0.1172286516357276,0.6576133010239334
32,35,0.143696211430399,0.6209271686992076
32,36,0.14967222975686376,0.613125046356237
32,37,0.11990020218208272,0.6539646402041764
32,38,0.03639135948888883,0.8092348053525256
32,39,0.8741181109380012,0.06522659324435244
32,40,0.07204661928322231,0.7315849868520348
32,41,0.12185148351953534,0.6511035737184279
32,42,0.5038603202232179,0.2901794300095807
32,43,0.2904207223495183,0.46109302996758494
32,44,0.8677665277691891,0.06846013087512515
32,45,0.02948293918281164,0.8282940327687718
32,46,1.0,0.0
32,47,0.029796850817668974,0.8275443680583324
32,48,0.07526665001222631,0.7256523191054345
32,49,0.6106054534976723,0.21859300095643242
32,50,0.9193342394128919,0.04118080984322603
32,51,0.14601063214881949,0.618692290392999
32,52,0.5302462061350065,0.2718199356374781
32,53,0.247894824235544,0.5021096262875291
32,54,0.0,1.0
32,55,0.8592475150836634,0.07304395191375801
32,56,0.0,1.0
32,57,0.8845794159594698,0.059479178348788575
32,58,0.17700696130157936,0.5792780475164394
32,59,0.7304451888284618,0.14533913812058663
32,60,0.024938650567703252,0.8422312981236726
32,61,0.47720217363035794,0.31262406691991773
32,62,0.8000103525978411,0.10556702174067778
32,63,0.021809105832420128,0.8523209363774942
32,64,0.8977238546538968,0.05251709532366933
32,65,0.6666934113408033,0.1853324513274031
32,66,0.8377262953165119,0.08474035146542576
32,67,0.6216573010436517,0.21257422782196958
32,68,0.7811360458310956,0.11618098808008459
32,69,0.0,1.0
32,70,0.8162774554568117,0.09669565545800175
32,71,0.0,1.0
32,72,0.0,1.0
32,73,0.5008769795368051,0.29240897418211975
32,74,0.5,0.2928932188134524
32,75,0.014528030241426682,0.8794677211638862
32,76,0.3438880706058336,0.4139743986450749
32,77,0.22636227212276236,0.5242641469864562
32,78,0.08818658202452603,0.703037743097669
32,79,0.37211163096412414,0.38999046649734714
32,80,0.43202449877234744,0.34271429441045387
32,81,0.5519334291162012,0.2570777772093493
32,82,0.5606519725914607,0.2512437254007411
32,83,0.7052325091870417,0.16021877302059095
32,84,0.7309399568850481,0.14504973426225076
32,85,0.3651836566574149,0.39569572510413686
32,86,0.5,0.2928932188134524
32,87,0.15670001156568011,0.6041969036840079
32,88,0.016620946387670477,0.8715907808105876
32,89,0.7026557486472149,0.16716859118387412
32,90,0.2635640312476891,0.4883765646837207
32,91,0.5429323058751548,0.26338631403520146
32,92,0.7953486527199467,0.10817678168823908
32,93,0.41554042532153623,0.3598715836848325
32,94,0.5,0.2928932188134524
32,95,1.0,0.0
32,96,0.5297968508176689,0.2722791446269272
32,97,0.647513140646904,0.20496056130440937
32,98,0.4185952146064374,0.3530106534057632
32,99,0.351599887267938,0.4070587713767897
33,0,0.1425844197076731,0.6223964781577467
33,1,0.9686661102347485,0.015791632714520887
33,2,0.9650177931369333,0.01764680835407617
33,3,0.14058182338051212,0.6250575732455553
33,4,0.018483699682525,0.8640452292763325
33,5,0.25284309006115213,0.49716494746174256
33,6,0.9713501982868662,0.014428998860626874
33,7,0.2532323949524786,0.49677798641903725
33,8,0.14216864417683384,0.6232837929051068
33,9,0.38232132583703193,0.3816786225294876
33,10,0.2538108608847044,0.4962035521317122
33,11,0.9755397709597473,0.01245485768064437
33,12,0.1421522859355735,0.6237735964370102
33,13,0.14348114867464806,0.6212109443573534
33,14,1.0,0.0
33,15,0.38376460306871085,0.3805126288061145
33,16,0.014074001358043584,0.8813661036716589
33,17,0.006534093364580829,0.9191662609761194
33,18,0.9544043099786692,0.023063814786928316
33,19,0.0,1.0
33,20,1.0,0.0
33,21,0.25254876129393333,0.4977037515298628
33,22,0.9708801734297994,0.014667480781335729
33,23,0.9686492945858098,0.016470695135702384
33,24,0.25450708743605066,0.4955130453261941
33,25,0.1172286516357276,0.6576133010239334
33,26,0.143696211430399,0.6209271686992076
33,27,0.03639135948888883,0.8092348053525256
33,28,0.8741181109380012,0.06522659324435244
33,29,0.07204661928322231,0.7315849868520348
33,30,0.5038603202232179,0.2901794300095807
33,31,0.9193342394128919,0.04118080984322603
33,32,0.8592475150836634,0.07304395191375801
33,33,0.7304451888284618,0.14533913812058663
33,34,0.024938650567703252,0.8422312981236726
33,35,0.8977238546538968,0.05251709532366933
33,36,0.8377262953165119,0.08474035146542576
33,37,0.6216573010436517,0.21257422782196958
33,38,0.0,1.0
33,39,0.8162774554568117,0.09669565545800175
33,40,0.0,1.0
33,41,0.0,1.0
33,42,0.5008769795368051,0.29240897418211975
33,43,0.014528030241426682,0.8794677211638862
33,44,0.22636227212276236,0.5242641469864562
33,45,0.7309399568850481,0.14504973426225076
33,46,0.016620946387670477,0.8715907808105876
33,47,0.7953486527199467,0.10817678168823908
33,48,0.06732935050570465,0.7407963508957031
33,49,1.0,0.0
33,50,0.1889613847859909,0.5668296984026809
33,51,0.9245086969002879,0.03853407923522665
33,52,0.38457941595946976,0.3798553265894564
33,53,0.0,1.0
33,54,1.0,0.0
33,55,0.5294504226834452,0.27236656022180705
33,56,0.7571046145795017,0.1298824133604115
33,57,0.20453648752948794,0.5477428966511549
33,58,0.16007616345354647,0.5999048070101985
33,59,0.5974487112110557,0.2274109245459518
33,60,0.749163834512357,0.134465639035555
33,61,0.6027154428799348,0.2236524986322589
33,62,1.0,0.0
33,63,0.5196187744735097,0.27925981563031343
33,64,0.46364892296981464,0.32075869908038984
33,65,0.3353595795519766,0.4209027581960062
33,66,0.7277758912060452,0.14690217957959517
33,67,0.6990270625450594,0.1663712688416956
33,68,0.04139522024291198,0.7965418464575283
33,69,0.31627745545681174,0.437678922292013
33,70,0.06494690229793493,0.7451531787564638
33,71,0.07211555171515181,0.7314566111125582
33,72,0.0,1.0
33,73,0.6146115278102955,0.2160283628789269
33,74,0.09978307218218063,0.6841154131930767
33,75,0.1809479166274645,0.5747252008724727
33,76,0.0008769795368051003,0.9703861597085907
33,77,0.3580220844466918,0.40178472053449793
33,78,0.06180076719517699,0.7514192957383851
33,79,0.588186582024526,0.23306676820956185
33,80,0.3690118747549551,0.39254601435899006
33,81,0.5232763898376404,0.27662154453036114
33,82,0.5,0.2928932188134524
33,83,0.9316175433357927,0.03479663110006048
33,84,0.9867100977951146,0.006962278738206362
33,85,0.5996541107051183,0.2256266335254561
33,86,0.09039068373010195,0.7042131962657928
33,87,0.48248676420618963,0.3053873279257068
33,88,0.34360171363067304,0.4138245027036075
33,89,0.5476537319267577,0.259972793571794
33,90,0.5166209463876705,0.2812365156828913
33,91,0.10130679168118178,0.6817127214587712
33,92,0.20265574864721492,0.5498269792099766
33,93,0.36268561217992,0.3977669791054347
33,94,0.2953486527199467,0.456540109373335
33,95,0.4936516914549183,0.2973964905760018
33,96,0.5,0.2928932188134524
33,97,0.6437368939537267,0.1978172667955793
33,98,0.46578759427741556,0.31751366733287945
33,99,0.2514669831441997,0.4985351626043959
34,0,0.1425844197076731,0.6223964781577467
34,1,0.9686661102347485,0.015791632714520887
34,2,0.9650177931369333,0.01764680835407617
34,3,0.14058182338051212,0.6250575732455553
34,4,0.018483699682525,0.8640452292763325
34,5,0.25284309006115213,0.49716494746174256
34,6,0.9713501982868662,0.014428998860626874
34,7,0.2532323949524786,0.49677798641903725
34,8,0.38232132583703193,0.3816786225294876
34,9,0.2538108608847044,0.4962035521317122
34,10,0.9755397709597473,0.01245485768064437
34,11,0.1421522859355735,0.6237735964370102
34,12,0.14348114867464806,0.6212109443573534
34,13,0.38376460306871085,0.3805126288061145
34,14,0.014074001358043584,0.8813661036716589
34,15,0.9544043099786692,0.023063814786928316
34,16,0.0,1.0
34,17,1.0,0.0
34,18,0.25254876129393333,0.4977037515298628
34,19,0.9708801734297994,0.014667480781335729
34,20,0.9686492945858098,0.016470695135702384
34,21,0.25450708743605066,0.4955130453261941
34,22,0.1172286516357276,0.6576133010239334
34,23,0.143696211430399,0.6209271686992076
34,24,0.03639135948888883,0.8092348053525256
34,25,0.8592475150836634,0.07304395191375801
34,26,0.024938650567703252,0.8422312981236726
34,27,0.8377262953165119,0.08474035146542576
34,28,0.5008769795368051,0.29240897418211975
34,29,0.06732935050570465,0.7407963508957031
34,30,1.0,0.0
34,31,0.9245086969002879,0.03853407923522665
34,32,0.20453648752948794,0.5477428966511549
34,33,0.749163834512357,0.134465639035555
34,34,1.0,0.0
34,35,0.5196187744735097,0.27925981563031343
34,36,0.6990270625450594,0.1663712688416956
34,37,0.04139522024291198,0.7965418464575283
34,38,0.06494690229793493,0.7451531787564638
34,39,0.07211555171515181,0.7314566111125582
34,40,0.6146115278102955,0.2160283628789269
34,41,0.09978307218218063,0.6841154131930767
34,42,0.0008769795368051003,0.9703861597085907
34,43,0.06180076719517699,0.7514192957383851
34,44,0.9316175433357927,0.03479663110006048
34,45,0.9867100977951146,0.006962278738206362
34,46,0.5996541107051183,0.2256266335254561
34,47,0.2953486527199467,0.456540109373335
34,48,0.6437368939537267,0.1978172667955793
34,49,0.2514669831441997,0.4985351626043959
34,50,0.2930300921251179,0.45867746017266386
34,51,0.08004868757345579,0.7173332947239994
34,52,0.536070451299575,0.26783167830096954
34,53,0.1919614586679685,0.5618659352801149
34,54,0.019068574617311485,0.8619109902370522
34,55,0.31870556600074296,0.43548128208410847
34,56,0.5963143383842191,0.22778607990776345
34,57,0.6646946650033269,0.18482749923227562
34,58,0.7679182014331721,0.12379020046680729
34,59,1.0,0.0
34,60,0.6117677405005204,0.21784417121616972
34,61,0.40303618115772266,0.36514869366305736
34,62,0.5060430038079534,0.2886330034307514
34,63,0.658920898474165,0.1882605723052717
34,64,0.4645983862304688,0.3183854562654427
34,65,0.17296463109159324,0.5841630913072119
34,66,0.5,0.2928932188134524
34,67,0.0940016827390181,0.6947457860004286
34,68,0.2081715838068439,0.5438758591453994
34,69,0.0,1.0
34,70,0.6455420288110432,0.19654533831876567
34,71,0.34795147054860964,0.4101258858463023
34,72,0.36725265053406486,0.39398626209130794
34,73,0.1669988899935626,0.5913450232854582
34,74,0.541395220242912,0.2642043624463978
34,75,0.5654365524842425,0.24817582052832712
34,76,0.7843070902855453,0.11947848030843726
34,77,0.008671105749730429,0.9068812277264652
34,78,0.38291145032454077,0.3812016076907271
34,79,0.08909278474334914,0.7015158551223379
34,80,0.006345194232558249,0.9212193453059755
34,81,0.0,1.0
34,82,0.48473730323832265,0.30376921697017545
34,83,0.8663506586342795,0.06926530626903175
34,84,0.8830408486212362,0.06079537358664466
34,85,0.7969354439235881,0.10728759170515167
34,86,0.5106293041332111,0.285416691957326
34,87,0.4443347458532807,0.3334156123540841
34,88,0.30112683473650437,0.4512497519485714
34,89,0.4712108690327252,0.31355199101991327
34,90,0.997581455743874,0.0012338506790682494
34,91,0.6013067916811818,0.22456025915537325
34,92,0.9480292493941552,0.02633206410288147
34,93,0.20432309376480678,0.5483265353711221
34,94,0.44244988397110885,0.3383356464669133
34,95,0.6458240283488207,0.1963682258964491
34,96,0.14373689395372669,0.620873511933383
34,97,0.0,1.0
34,98,0.0,1.0
34,99,0.0,1.0
35,0,0.1425844197076731,0.6223964781577467
35,1,0.9686661102347485,0.015791632714520887
35,2,0.9650177931369333,0.01764680835407617
35,3,0.14058182338051212,0.6250575732455553
35,4,0.018483699682525,0.8640452292763325
35,5,0.9713501982868662,0.014428998860626874
35,6,0.2532323949524786,0.49677798641903725
35,7,0.38232132583703193,0.3816786225294876
35,8,0.2538108608847044,0.4962035521317122
35,9,0.9755397709597473,0.01245485768064437
35,10,0.1421522859355735,0.6237735964370102
35,11,0.14348114867464806,0.6212109443573534
35,12,0.38376460306871085,0.3805126288061145
35,13,0.014074001358043584,0.8813661036716589
35,14,0.9544043099786692,0.023063814786928316
35,15,0.25254876129393333,0.4977037515298628
35,16,0.9708801734297994,0.014667480781335729
35,17,0.9686492945858098,0.016470695135702384
35,18,0.25450708743605066,0.4955130453261941
35,19,0.1172286516357276,0.6576133010239334
35,20,0.143696211430399,0.6209271686992076
35,21,0.03639135948888883,0.8092348053525256
35,22,0.024938650567703252,0.8422312981236726
35,23,0.5008769795368051,0.29240897418211975
35,24,0.06732935050570465,0.7407963508957031
35,25,1.0,0.0
35,26,0.9245086969002879,0.03853407923522665
35,27,0.5196187744735097,0.27925981563031343
35,28,0.04139522024291198,0.7965418464575283
35,29,0.6146115278102955,0.2160283628789269
35,30,0.09978307218218063,0.6841154131930767
35,31,0.0008769795368051003,0.9703861597085907
35,32,0.9316175433357927,0.03479663110006048
35,33,0.9867100977951146,0.006962278738206362
35,34,0.2953486527199467,0.456540109373335
35,35,0.2514669831441997,0.4985351626043959
35,36,0.1919614586679685,0.5618659352801149
35,37,0.7679182014331721,0.12379020046680729
35,38,1.0,0.0
35,39,0.6117677405005204,0.21784417121616972
35,40,0.40303618115772266,0.36514869366305736
35,41,0.658920898474165,0.1882605723052717
35,42,0.5,0.2928932188134524
35,43,0.2081715838068439,0.5438758591453994
35,44,0.0,1.0
35,45,0.6455420288110432,0.19654533831876567
35,46,0.008671105749730429,0.9068812277264652
35,47,0.38291145032454077,0.3812016076907271
35,48,0.8830408486212362,0.06079537358664466
35,49,0.7969354439235881,0.10728759170515167
35,50,0.5106293041332111,0.285416691957326
35,51,0.9480292493941552,0.02633206410288147
35,52,0.14373689395372669,0.620873511933383
35,53,0.588818681311784,0.23265478348282898
35,54,0.26972865587635986,0.48067932664343493
35,55,0.08205213225369165,0.7135525663342546
35,56,0.5068513290874337,0.2880650808624192
35,57,0.8642750661578145,0.07033604665028859
35,58,0.0,1.0
35,59,0.8028666679415656,0.10397253124923293
35,60,0.2516549519643933,0.49834777787356177
35,61,0.0,1.0
35,62,0.32520090865035506,0.4297361061312447
35,63,0.26648084807934636,0.48378216993274403
35,64,0.006043003807953418,0.922263240304516
35,65,0.2027718304773376,0.5496980674288221
35,66,0.6058344956699104,0.22164629141378767
35,67,0.13308630491441226,0.6352000986239459
35,68,0.8196992274160909,0.09462757529506627
35,69,0.0,1.0
35,70,0.667057161128099,0.1832643260343656
35,71,0.18313904501398195,0.572052520729492
35,72,0.35087289552873996,0.407714330170178
35,73,0.7112122007665065,0.1567660748710271
35,74,0.015039621106584529,0.8773638670432546
35,75,1.0,0.0
35,76,0.0,1.0
35,77,0.5,0.2928932188134524
35,78,0.0,1.0
35,79,0.44362261417458804,0.33394999123595226
35,80,0.5063451942325583,0.2886183939700062
35,81,0.681441927284818,0.17450504103003872
35,82,0.8361081988704242,0.0856787814470198
35,83,1.0,0.0
35,84,0.05494316646279018,0.7656004128357088
35,85,0.032686355445953996,0.819206318014279
35,86,0.19743076233581974,0.5556828157712992
35,87,1.0,0.0
35,88,0.6016132972995165,0.2243626509124793
35,89,0.40322507791291246,0.364999938651253
35,90,0.10292391379123494,0.6791824291108186
35,91,0.5253683299067886,0.27650876886927644
35,92,0.8330929408599566,0.08734984408411765
35,93,0.7249470356343674,0.14856178401814302
35,94,0.1370351833858905,0.6300776445862052
35,95,0.26547963074703124,0.4853460829479699
35,96,0.5944050733526914,0.2290232990857043
35,97,0.5,0.2928932188134524
35,98,0.0,1.0
35,99,0.19296376882099286,0.5607235849479364
36,0,0.1425844197076731,0.6223964781577467
36,1,0.9686661102347485,0.015791632714520887
36,2,0.9650177931369333,0.01764680835407617
36,3,0.14058182338051212,0.6250575732455553
36,4,0.9713501982868662,0.014428998860626874
36,5,0.2532323949524786,0.49677798641903725
36,6,0.38232132583703193,0.3816786225294876
36,7,0.9755397709597473,0.01245485768064437
36,8,0.1421522859355735,0.6237735964370102
36,9,0.14348114867464806,0.6212109443573534
36,10,0.38376460306871085,0.3805126288061145
36,11,0.9544043099786692,0.023063814786928316
36,12,0.25254876129393333,0.4977037515298628
36,13,0.9708801734297994,0.014667480781335729
36,14,0.25450708743605066,0.4955130453261941
36,15,0.1172286516357276,0.6576133010239334
36,16,0.143696211430399,0.6209271686992076
36,17,0.03639135948888883,0.8092348053525256
36,18,0.024938650567703252,0.8422312981236726
36,19,0.5008769795368051,0.29240897418211975
36,20,1.0,0.0
36,21,0.9245086969002879,0.03853407923522665
36,22,0.04139522024291198,0.7965418464575283
36,23,0.0008769795368051003,0.9703861597085907
36,24,0.9316175433357927,0.03479663110006048
36,25,0.9867100977951146,0.006962278738206362
36,26,0.7679182014331721,0.12379020046680729
36,27,0.008671105749730429,0.9068812277264652
36,28,0.38291145032454077,0.3812016076907271
36,29,0.7969354439235881,0.10728759170515167
36,30,0.14373689395372669,0.620873511933383
36,31,0.26972865587635986,0.48067932664343493
36,32,0.0,1.0
36,33,0.2516549519643933,0.49834777787356177
36,34,0.006043003807953418,0.922263240304516
36,35,0.2027718304773376,0.5496980674288221
36,36,0.13308630491441226,0.6352000986239459
36,37,0.7112122007665065,0.1567660748710271
36,38,0.015039621106584529,0.8773638670432546
36,39,1.0,0.0
36,40,0.0,1.0
36,41,0.44362261417458804,0.33394999123595226
36,42,0.5063451942325583,0.2886183939700062
36,43,0.681441927284818,0.17450504103003872
36,44,0.8361081988704242,0.0856787814470198
36,45,0.05494316646279018,0.7656004128357088
36,46,0.032686355445953996,0.819206318014279
36,47,0.19743076233581974,0.5556828157712992
36,48,1.0,0.0
36,49,0.6016132972995165,0.2243626509124793
36,50,0.10292391379123494,0.6791824291108186
36,51,0.5253683299067886,0.27650876886927644
36,52,0.1370351833858905,0.6300776445862052
36,53,0.19296376882099286,0.5607235849479364
36,54,0.25479386758137695,0.4952288958534008
36,55,0.5044500111525299,0.289753556043728
36,56,0.5485230452953627,0.2593765833465953
36,57,0.0,1.0
36,58,0.2448605903807522,0.5051749226859985
36,59,0.018598410766008655,0.863624009569101
36,60,0.5593532638567488,0.2526674064505375
36,61,0.12679544271061371,0.6439165228340218
36,62,0.06210512789892442,0.7507948049447112
36,63,0.99503674544463,0.002510098184234583
36,64,0.2570228477099726,0.4930257918690808
36,65,0.0,1.0
36,66,0.5605620512237348,0.25129308055572586
36,67,0.664141967203464,0.1850509419580485
36,68,0.7259669932835401,0.14815585803530726
36,69,0.8257158710519359,0.09131090517606855
36,70,0.5946415633320992,0.2290834805178116
36,71,0.2713618748584852,0.47911172219871506
36,72,0.0017497302297738715,0.9581702231684908
36,73,0.21121220076650649,0.5404880090666637
36,74,0.7211991058872375,0.15076557660017254
36,75,0.5183841906364404,0.28002386232407145
36,76,0.6093357214269088,0.21940040902719604
36,77,0.0,1.0
36,78,0.0,1.0
36,79,0.9773444350734726,0.011469005778950393
36,80,0.9329556249613735,0.03450876971839745
36,81,0.8990723701106412,0.051815624478238106
36,82,0.3693444960328442,0.3922628067718381
36,83,0.7736849430416979,0.1204063761931321
36,84,0.2675264652897157,0.4831797054911926
36,85,0.21276012202075253,0.5387407214800417
36,86,1.0,0.0
36,87,0.4260694628622486,0.3477846464293926
36,88,0.5662661158055253,0.24750222678086742
36,89,0.8961191592249891,0.05349627701667876
36,90,0.6600151075934342,0.1875868615086077
36,91,0.0996657333113849,0.6844704677624399
36,92,0.757126071871209,0.1298803604555817
36,93,0.30762828216394406,0.44935185186367865
36,94,0.4212090443469363,0.35099380253580303
36,95,0.5311242215094072,0.2712173015847541
36,96,0.49513593810974227,0.2966403295507292
36,97,0.30028265262034987,0.452019477882334
36,98,0.411605786226553,0.35941362126069687
36,99,0.4668525447244432,0.316733913673126
37,0,0.1425844197076731,0.6223964781577467
37,1,0.9686661102347485,0.015791632714520887
37,2,0.14058182338051212,0.6250575732455553
37,3,0.9713501982868662,0.014428998860626874
37,4,0.2532323949524786,0.49677798641903725
37,5,0.38232132583703193,0.3816786225294876
37,6,0.1421522859355735,0.6237735964370102
37,7,0.14348114867464806,0.6212109443573534
37,8,0.38376460306871085,0.3805126288061145
37,9,0.25254876129393333,0.4977037515298628
37,10,0.25450708743605066,0.4955130453261941
37,11,0.024938650567703252,0.8422312981236726
37,12,0.5008769795368051,0.29240897418211975
37,13,1.0,0.0
37,14,0.04139522024291198,0.7965418464575283
37,15,0.9316175433357927,0.03479663110006048
37,16,0.008671105749730429,0.9068812277264652
37,17,0.38291145032454077,0.3812016076907271
37,18,0.7969354439235881,0.10728759170515167
37,19,0.0,1.0
37,20,0.2516549519643933,0.49834777787356177
37,21,0.006043003807953418,0.922263240304516
37,22,0.7112122007665065,0.1567660748710271
37,23,0.5063451942325583,0.2886183939700062
37,24,0.05494316646279018,0.7656004128357088
37,25,0.032686355445953996,0.819206318014279
37,26,1.0,0.0
37,27,0.10292391379123494,0.6791824291108186
37,28,0.5253683299067886,0.27650876886927644
37,29,0.5044500111525299,0.289753556043728
37,30,0.5485230452953627,0.2593765833465953
37,31,0.2448605903807522,0.5051749226859985
37,32,0.018598410766008655,0.863624009569101
37,33,0.06210512789892442,0.7507948049447112
37,34,0.99503674544463,0.002510098184234583
37,35,0.2570228477099726,0.4930257918690808
37,36,0.0,1.0
37,37,0.7259669932835401,0.14815585803530726
37,38,0.8257158710519359,0.09131090517606855
37,39,0.5946415633320992,0.2290834805178116
37,40,0.0017497302297738715,0.9581702231684908
37,41,0.5183841906364404,0.28002386232407145
37,42,0.6093357214269088,0.21940040902719604
37,43,0.0,1.0
37,44,0.0,1.0
37,45,0.9773444350734726,0.011469005778950393
37,46,0.9329556249613735,0.03450876971839745
37,47,0.7736849430416979,0.1204063761931321
37,48,0.21276012202075253,0.5387407214800417
37,49,1.0,0.0
37,50,0.8961191592249891,0.05349627701667876
37,51,0.0996657333113849,0.6844704677624399
37,52,0.5311242215094072,0.2712173015847541
37,53,0.9667735202795191,0.016840732481334685
37,54,0.14124140854378614,0.624179020617813
37,55,0.7099664730240552,0.1574049175172838
37,56,0.14011183886171857,0.6256848401924943
37,57,0.3387141228146857,0.41801732614169024
37,58,0.29863771073422496,0.45352245175650174
37,59,0.05935326385674877,0.7563747470873581
37,60,0.6267954427106137,0.20829586163099179
37,61,0.8119967056389414,0.09889140186160617
37,62,0.18354283283111594,0.571581007854325
37,63,0.0039015794373340462,0.9375373756768574
37,64,0.0,1.0
37,65,0.12268158085361329,0.6497406948365065
37,66,0.5547318956579158,0.2551967403012284
37,67,0.15521052555098913,0.6062527586399455
37,68,1.0,0.0
37,69,0.3257158710519359,0.42928477236721996
37,70,0.2174657168715305,0.5336841709345683
37,71,0.26249067723476244,0.48778300389244417
37,72,0.9140132667207497,0.043959589389261366
37,73,0.676384692669376,0.17757389835355053
37,74,0.41584206134764345,0.355141828502078
37,75,0.0,1.0
37,76,0.7540069654029408,0.1316649579022447
37,77,0.8410505253358951,0.08303420874335823
37,78,0.557498445272199,0.25334181497006336
37,79,0.10933572142690884,0.6693404750700369
37,80,0.13348310585390158,0.6347082818635701
37,81,0.5,0.2928932188134524
37,82,0.01673824803153362,0.8707429529742726
37,83,0.6543485438810235,0.19108186824560336
37,84,0.4329556249613735,0.3420063640418902
37,85,1.0,0.0
37,86,0.5818756111645851,0.23954013827674595
37,87,0.11709108349467573,0.6579720073491296
37,88,0.490554627175168,0.29960483025206075
37,89,0.3969567077372696,0.37050435681658883
37,90,0.33443465718324616,0.4217376483210149
37,91,0.21510356580425308,0.5362074107920082
37,92,0.9645569706116874,0.01800071930162508
37,93,0.9260694628622486,0.037674970260957785
37,94,0.9764528555928609,0.01184370892410902
37,95,0.3961191592249891,0.37062001999985006
37,96,0.25712607187120895,0.49292399793402863
37,97,0.3622774799944703,0.39878998066293303
37,98,0.4959050320030738,0.29579475150843004
37,99,0.911605786226553,0.04544486968274766
38,0,0.1425844197076731,0.6223964781577467
38,1,0.9686661102347485,0.015791632714520887
38,2,0.14058182338051212,0.6250575732455553
38,3,0.9713501982868662,0.014428998860626874
38,4,0.38232132583703193,0.3816786225294876
38,5,0.1421522859355735,0.6237735964370102
38,6,0.14348114867464806,0.6212109443573534
38,7,0.38376460306871085,0.3805126288061145
38,8,0.25254876129393333,0.4977037515298628
38,9,0.25450708743605066,0.4955130453261941
38,10,0.5008769795368051,0.29240897418211975
38,11,0.9316175433357927,0.03479663110006048
38,12,0.008671105749730429,0.9068812277264652
38,13,0.38291145032454077,0.3812016076907271
38,14,0.7969354439235881,0.10728759170515167
38,15,0.2516549519643933,0.49834777787356177
38,16,0.006043003807953418,0.922263240304516
38,17,0.5063451942325583,0.2886183939700062
38,18,0.05494316646279018,0.7656004128357088
38,19,0.032686355445953996,0.819206318014279
38,20,0.10292391379123494,0.6791824291108186
38,21,0.018598410766008655,0.863624009569101
38,22,0.06210512789892442,0.7507948049447112
38,23,0.99503674544463,0.002510098184234583
38,24,0.2570228477099726,0.4930257918690808
38,25,0.0017497302297738715,0.9581702231684908
38,26,0.5183841906364404,0.28002386232407145
38,27,0.0,1.0
38,28,0.0,1.0
38,29,0.9773444350734726,0.011469005778950393
38,30,0.21276012202075253,0.5387407214800417
38,31,1.0,0.0
38,32,0.0996657333113849,0.6844704677624399
38,33,0.5311242215094072,0.2712173015847541
38,34,0.9667735202795191,0.016840732481334685
38,35,0.14011183886171857,0.6256848401924943
38,36,0.3387141228146857,0.41801732614169024
38,37,0.05935326385674877,0.7563747470873581
38,38,0.0039015794373340462,0.9375373756768574
38,39,0.12268158085361329,0.6497406948365065
38,40,0.676384692669376,0.17757389835355053
38,41,0.41584206134764345,0.355141828502078
38,42,0.557498445272199,0.25334181497006336
38,43,0.10933572142690884,0.6693404750700369
38,44,0.13348310585390158,0.6347082818635701
38,45,0.01673824803153362,0.8707429529742726
38,46,1.0,0.0
38,47,0.5818756111645851,0.23954013827674595
38,48,0.33443465718324616,0.4217376483210149
38,49,0.9645569706116874,0.01800071930162508
38,50,0.9260694628622486,0.037674970260957785
38,51,0.9764528555928609,0.01184370892410902
38,52,0.25712607187120895,0.49292399793402863
38,53,0.0,1.0
38,54,0.5768052418514957,0.24066722193145057
38,55,0.2399351112421418,0.5101682827315672
38,56,0.3138227990068101,0.43985710993084387
38,57,0.14857739464106828,0.6148572995115864
38,58,0.5877933366879947,0.2333459211369202
38,59,0.3801750711583479,0.38341661459430487
38,60,0.0,1.0
38,61,0.8676026129271505,0.06993993784174278
38,62,0.8676577510599953,0.06851851813361565
38,63,0.5092637048297941,0.28658792488390955
38,64,0.8257158710519359,0.09131090517606855
38,65,0.6159940035160092,0.2153953603664645
38,66,0.7610264692746387,0.12782284865672464
38,67,1.0,0.0
38,68,0.9158420613476435,0.04300362521708401
38,69,0.5951255681840704,0.2285561795023111
38,70,0.7961230234536338,0.10782633335092073
38,71,0.25400696540294077,0.496189268800078
38,72,0.8460601876329582,0.08036660857319057
38,73,0.0,1.0
38,74,0.04222010436097358,0.7945246867359157
38,75,0.38979888005779934,0.3756612457505146
38,76,0.17588021638775342,0.5806196981946485
38,77,0.14671513790412938,0.616965878929658
38,78,0.15434854388102348,0.6071278275558022
38,79,0.325964573445219,0.4290669273503075
38,80,0.6333412836595063,0.20417257922366971
38,81,0.5404456877485988,0.2665505369496223
38,82,1.0,0.0
38,83,0.730897843035429,0.14511976801434656
38,84,0.0,1.0
38,85,0.7727454876998627,0.12094056645761275
38,86,0.4382690312671659,0.3379810944790429
38,87,0.715103565804253,0.15448795064190607
38,88,0.12164087246066313,0.6512294845307833
38,89,0.46455697061168744,0.31861769074611146
38,90,0.42606946286224856,0.3473884994641609
38,91,1.0,0.0
38,92,0.7291525859864298,0.14609568101195913
38,93,0.7130450442842459,0.15558005454380353
38,94,0.041432741371371096,0.7964496588768
38,95,0.40718406271670604,0.3618902424216457
38,96,0.2800160644140706,0.4708345585603019
38,97,0.7405252856804533,0.1400989940120134
38,98,0.30875605982710397,0.4443417778642127
38,99,0.8607393543388523,0.07239105929310939
39,0,0.1425844197076731,0.6223964781577467
39,1,0.9686661102347485,0.015791632714520887
39,2,0.14058182338051212,0.6250575732455553
39,3,0.9713501982868662,0.014428998860626874
39,4,0.38232132583703193,0.3816786225294876
39,5,0.1421522859355735,0.6237735964370102
39,6,0.14348114867464806,0.6212109443573534
39,7,0.38376460306871085,0.3805126288061145
39,8,0.25254876129393333,0.4977037515298628
39,9,0.008671105749730429,0.9068812277264652
39,10,0.38291145032454077,0.3812016076907271
39,11,0.2516549519643933,0.49834777787356177
39,12,0.006043003807953418,0.922263240304516
39,13,0.032686355445953996,0.819206318014279
39,14,0.10292391379123494,0.6791824291108186
39,15,0.018598410766008655,0.863624009569101
39,16,0.06210512789892442,0.7507948049447112
39,17,0.2570228477099726,0.4930257918690808
39,18,0.0017497302297738715,0.9581702231684908
39,19,0.5183841906364404,0.28002386232407145
39,20,0.0,1.0
39,21,0.9773444350734726,0.011469005778950393
39,22,1.0,0.0
39,23,0.9667735202795191,0.016840732481334685
39,24,0.14011183886171857,0.6256848401924943
39,25,0.3387141228146857,0.41801732614169024
39,26,0.0039015794373340462,0.9375373756768574
39,27,0.01673824803153362,0.8707429529742726
39,28,0.9645569706116874,0.01800071930162508
39,29,0.9260694628622486,0.037674970260957785
39,30,0.9764528555928609,0.01184370892410902
39,31,0.25712607187120895,0.49292399793402863
39,32,0.5768052418514957,0.24066722193145057
39,33,0.3801750711583479,0.38341661459430487
39,34,0.8676026129271505,0.06993993784174278
39,35,0.8676577510599953,0.06851851813361565
39,36,1.0,0.0
39,37,0.9158420613476435,0.04300362521708401
39,38,0.5951255681840704,0.2285561795023111
39,39,0.7961230234536338,0.10782633335092073
39,40,0.25400696540294077,0.496189268800078
39,41,0.0,1.0
39,42,0.04222010436097358,0.7945246867359157
39,43,0.14671513790412938,0.616965878929658
39,44,0.12164087246066313,0.6512294845307833
39,45,1.0,0.0
39,46,0.7291525859864298,0.14609568101195913
39,47,0.40718406271670604,0.3618902424216457
39,48,0.7405252856804533,0.1400989940120134
39,49,0.30289363650870615,0.4503135159308951
39,50,0.0,1.0
39,51,0.0,1.0
39,52,0.6580457657258016,0.18884355621968885
39,53,0.3896445214205272,0.37579591662981593
39,54,0.20501381717577158,0.5472237293193413
39,55,0.4467392809895593,0.33170854281271167
39,56,0.3116838692201761,0.4420231984284262
39,57,0.09755320664579105,0.6888290414001218
39,58,0.02646448745607083,0.8373209065181674
39,59,0.9005196012140695,0.05107084480785664
39,60,0.08779333668799472,0.7039524299330043
39,61,0.503952053960852,0.2901041949970038
39,62,0.31698647696028476,0.4369903877980957
39,63,0.1875787450573193,0.5672474131707815
39,64,0.5446268405022873,0.26215881159046334
39,65,0.8526148905298925,0.07662851975497287
39,66,0.21681068549508997,0.5343706565355981
39,67,0.5963496491603593,0.2277632169079491
39,68,0.9902659815178683,0.0052747121644437156
39,69,1.0,0.0
39,70,0.043113094194279555,0.7924074997742094
39,71,0.5106534196936064,0.2854013872545251
39,72,0.4343845342695955,0.34223240504177044
39,73,0.5,0.2928932188134524
39,74,0.09512556818407036,0.6915756686250737
39,75,0.5004798934292697,0.29269994547106387
39,76,0.8877611830574732,0.05814731552983641
39,77,0.2576247131604278,0.4924325530922735
39,78,0.5988447842427617,0.2261493785989691
39,79,0.7540069654029408,0.13173177703838992
39,80,0.0,1.0
39,81,0.03208899085859234,0.8208659974806783
39,82,0.5974448622097984,0.22758472602660915
39,83,0.6433627473605685,0.19790671338788068
39,84,0.12841346880799262,0.6416517492605934
39,85,0.5223685322334513,0.2773954431560567
39,86,0.8485043651356132,0.07969776790950231
39,87,0.2378656708045011,0.5126277870715659
39,88,0.26371116848355125,0.48647184256016573
39,89,1.0,0.0
39,90,0.8520928215475692,0.07691762210806256
39,91,0.0,1.0
39,92,0.5796944030967245,0.23862335004498303
39,93,0.7245914770351116,0.14893110193186976
39,94,0.7333496197636048,0.14366392880638174
39,95,0.6366775548080821,0.20207923024395336
39,96,0.4976837490001124,0.294764978637598
39,97,0.24052528568045328,0.5098706940748834
39,98,0.808756059827104,0.10069134340477748
39,99,0.3607393543388523,0.3993841874052496
40,0,0.9686661102347485,0.015791632714520887
40,1,0.14058182338051212,0.6250575732455553
40,2,0.9713501982868662,0.014428998860626874
40,3,0.38232132583703193,0.3816786225294876
40,4,0.1421522859355735,0.6237735964370102
40,5,0.14348114867464806,0.6212109443573534
40,6,0.38376460306871085,0.3805126288061145
40,7,0.25254876129393333,0.4977037515298628
40,8,0.008671105749730429,0.9068812277264652
40,9,0.38291145032454077,0.3812016076907271
40,10,0.2516549519643933,0.49834777787356177
40,11,0.006043003807953418,0.922263240304516
40,12,0.10292391379123494,0.6791824291108186
40,13,0.018598410766008655,0.863624009569101
40,14,0.2570228477099726,0.4930257918690808
40,15,0.0017497302297738715,0.9581702231684908
40,16,0.5183841906364404,0.28002386232407145
40,17,0.9773444350734726,0.011469005778950393
40,18,1.0,0.0
40,19,0.9667735202795191,0.016840732481334685
40,20,0.14011183886171857,0.6256848401924943
40,21,0.0039015794373340462,0.9375373756768574
40,22,0.01673824803153362,0.8707429529742726
40,23,0.9645569706116874,0.01800071930162508
40,24,0.9764528555928609,0.01184370892410902
40,25,0.25712607187120895,0.49292399793402863
40,26,0.3801750711583479,0.38341661459430487
40,27,0.8676026129271505,0.06993993784174278
40,28,0.8676577510599953,0.06851851813361565
40,29,1.0,0.0
40,30,0.25400696540294077,0.496189268800078
40,31,0.0,1.0
40,32,0.04222010436097358,0.7945246867359157
40,33,0.14671513790412938,0.616965878929658
40,34,0.12164087246066313,0.6512294845307833
40,35,0.40718406271670604,0.3618902424216457
40,36,0.7405252856804533,0.1400989940120134
40,37,0.3896445214205272,0.37579591662981593
40,38,0.02646448745607083,0.8373209065181674
40,39,0.08779333668799472,0.7039524299330043
40,40,0.1875787450573193,0.5672474131707815
40,41,0.5446268405022873,0.26215881159046334
40,42,0.5963496491603593,0.2277632169079491
40,43,0.9902659815178683,0.0052747121644437156
40,44,1.0,0.0
40,45,0.09512556818407036,0.6915756686250737
40,46,0.5004798934292697,0.29269994547106387
40,47,0.8877611830574732,0.05814731552983641
40,48,0.2576247131604278,0.4924325530922735
40,49,0.7540069654029408,0.13173177703838992
40,50,0.0,1.0
40,51,0.6433627473605685,0.19790671338788068
40,52,0.8485043651356132,0.07969776790950231
40,53,0.2378656708045011,0.5126277870715659
40,54,0.0,1.0
40,55,0.5796944030967245,0.23862335004498303
40,56,0.24052528568045328,0.5098706940748834
40,57,0.808756059827104,0.10069134340477748
40,58,0.3607393543388523,0.3993841874052496
40,59,0.6807048983191999,0.17596457724353232
40,60,0.9286363470242944,0.03685944221196565
40,61,0.7938720550197581,0.10969234859464018
40,62,0.5877933366879947,0.23348305231942393
40,63,0.0,1.0
40,64,0.5999864265285528,0.22558128647706907
40,65,0.573647901392089,0.24955211594183632
40,66,0.0,1.0
40,67,0.06050910874741547,0.7560076863988963
40,68,0.8925355894006659,0.056431097039879745
40,69,1.0,0.0
40,70,0.4919823124670515,0.303645490250572
40,71,0.71387531545578,0.15575652853493308
40,72,0.8234207285892802,0.09263357943908432
40,73,0.06449133254085196,0.7461047070801001
40,74,0.5395449693076317,0.26558663287140144
40,75,0.40775071042495875,0.3615396000494094
40,76,0.023019434866184213,0.8488163374531442
40,77,0.11268330399462301,0.6645232462833334
40,78,0.37321096005779963,0.38923599690164784
40,79,0.4234284060904425,0.34928623336336084
40,80,0.5320889908585923,0.2739484057946557
40,81,0.14336274736056853,0.6213715212063955
40,82,0.15434854388102348,0.6071278275558022
40,83,0.7577861881795868,0.13007681949933972
40,84,0.6333412836595063,0.20417257922366971
40,85,0.13033046899436712,0.6389883889199865
40,86,0.26144159668033223,0.4886864008454965
40,87,0.35209282154756916,0.40662862395937494
40,88,0.538620649067886,0.2661163983679024
40,89,0.5,0.2935913932766643
40,90,0.9928020210930142,0.0036054892297859853
40,91,0.0,1.0
40,92,0.8899720379704836,0.056629090287871164
40,93,0.6590198870801514,0.18819960145356462
40,94,0.7364010733525596,0.14189786195159954
40,95,0.30759551325891565,0.4462568865209333
40,96,0.027222920930267958,0.8351423334747717
40,97,0.6066363245369369,0.22506088014831754
40,98,0.29205055632959415,0.46539498366853327
40,99,0.20393692708615266,0.5493340458533738
41,0,0.9686661102347485,0.015791632714520887
41,1,0.14058182338051212,0.6250575732455553
41,2,0.9713501982868662,0.014428998860626874
41,3,0.38232132583703193,0.3816786225294876
41,4,0.1421522859355735,0.6237735964370102
41,5,0.14348114867464806,0.6212109443573534
41,6,0.38376460306871085,0.3805126288061145
41,7,0.25254876129393333,0.4977037515298628
41,8,0.38291145032454077,0.3812016076907271
41,9,0.2516549519643933,0.49834777787356177
41,10,0.006043003807953418,0.922263240304516
41,11,0.10292391379123494,0.6791824291108186
41,12,0.018598410766008655,0.863624009569101
41,13,0.2570228477099726,0.4930257918690808
41,14,0.0017497302297738715,0.9581702231684908
41,15,0.5183841906364404,0.28002386232407145
41,16,1.0,0.0
41,17,0.9667735202795191,0.016840732481334685
41,18,0.14011183886171857,0.6256848401924943
41,19,0.0039015794373340462,0.9375373756768574
41,20,0.01673824803153362,0.8707429529742726
41,21,0.9645569706116874,0.01800071930162508
41,22,0.9764528555928609,0.01184370892410902
41,23,0.25712607187120895,0.49292399793402863
41,24,0.3801750711583479,0.38341661459430487
41,25,0.8676026129271505,0.06993993784174278
41,26,0.8676577510599953,0.06851851813361565
41,27,1.0,0.0
41,28,0.25400696540294077,0.496189268800078
41,29,0.04222010436097358,0.7945246867359157
41,30,0.12164087246066313,0.6512294845307833
41,31,0.7405252856804533,0.1400989940120134
41,32,0.02646448745607083,0.8373209065181674
41,33,1.0,0.0
41,34,0.09512556818407036,0.6915756686250737
41,35,0.2576247131604278,0.4924325530922735
41,36,0.7540069654029408,0.13173177703838992
41,37,0.6433627473605685,0.19790671338788068
41,38,0.8485043651356132,0.07969776790950231
41,39,0.24052528568045328,0.5098706940748834
41,40,0.9286363470242944,0.03685944221196565
41,41,0.7938720550197581,0.10969234859464018
41,42,0.5877933366879947,0.23348305231942393
41,43,0.0,1.0
41,44,0.5999864265285528,0.22558128647706907
41,45,0.0,1.0
41,46,0.06050910874741547,0.7560076863988963
41,47,1.0,0.0
41,48,0.06449133254085196,0.7461047070801001
41,49,0.023019434866184213,0.8488163374531442
41,50,0.11268330399462301,0.6645232462833334
41,51,0.14336274736056853,0.6213715212063955
41,52,0.7577861881795868,0.13007681949933972
41,53,0.26144159668033223,0.4886864008454965
41,54,0.538620649067886,0.2661163983679024
41,55,0.9928020210930142,0.0036054892297859853
41,56,0.0,1.0
41,57,0.7364010733525596,0.14189786195159954
41,58,0.20494492139038267,0.5472915713283188
41,59,0.40509856439386693,0.36352646214169526
41,60,0.10388281280740314,0.6777891593882344
41,61,0.007853910259098706,0.9116364964017308
41,62,0.3048370327786858,0.4484688974750582
41,63,0.26845871671178745,0.48199931246691163
41,64,0.5248568675922936,0.2755299401684749
41,65,0.5702385669274912,0.24534248773443068
41,66,0.6643273858918168,0.18624222201253596
41,67,0.0,1.0
41,68,0.08722805224648202,0.7049494390843143
41,69,0.5278993549742313,0.2740603966782471
41,70,0.28717850333568345,0.46410961630601777
41,71,1.0,0.0
41,72,0.3555633235296345,0.4037086923913493
41,73,0.02387921874439012,0.845470977663126
41,74,0.8158039796800565,0.09757635135947881
41,75,0.5153532166488686,0.2827674306354513
41,76,0.5567384923469584,0.25404928650133934
41,77,0.7763954874984571,0.11991773325009399
41,78,0.16914722265873985,0.5892860304208977
41,79,0.19561946590635382,0.5580567244555159
41,80,0.4605470041984339,0.32145908628194375
41,81,0.46025350212085603,0.32158014318502137
41,82,0.6194906009985908,0.213000630913336
41,83,0.5358433109768235,0.2679868095609045
41,84,0.0,1.0
41,85,0.9576547266995226,0.02140165946927732
41,86,0.0,1.0
41,87,0.7012379052962777,0.16260051033196965
41,88,0.9273523083405738,0.038008710845985935
41,89,0.3254698820946219,0.42992448027105845
41,90,0.7296242492775854,0.1458492796893618
41,91,0.239809358719917,0.5102966625395361
41,92,0.8771836086575986,0.06385053763018621
41,93,0.9665776289035625,0.016885507509722064
41,94,0.6044548321165338,0.22369076147326308
41,95,0.4577647929249358,0.32341934251926796
41,96,0.20378123786447838,0.5485786470884675
41,97,0.42531082991917285,0.34802081031241855
41,98,0.6514827870816375,0.1928890145427794
41,99,0.4567372063520252,0.3246854654196022
42,0,0.9686661102347485,0.015791632714520887
42,1,0.14058182338051212,0.6250575732455553
42,2,0.38232132583703193,0.3816786225294876
42,3,0.1421522859355735,0.6237735964370102
42,4,0.14348114867464806,0.6212109443573534
42,5,0.38376460306871085,0.3805126288061145
42,6,0.25254876129393333,0.4977037515298628
42,7,0.38291145032454077,0.3812016076907271
42,8,0.2516549519643933,0.49834777787356177
42,9,0.006043003807953418,0.922263240304516
42,10,0.10292391379123494,0.6791824291108186
42,11,0.018598410766008655,0.863624009569101
42,12,0.2570228477099726,0.4930257918690808
42,13,0.0017497302297738715,0.9581702231684908
42,14,0.5183841906364404,0.28002386232407145
42,15,1.0,0.0
42,16,0.9667735202795191,0.016840732481334685
42,17,0.14011183886171857,0.6256848401924943
42,18,0.0039015794373340462,0.9375373756768574
42,19,0.01673824803153362,0.8707429529742726
42,20,0.9645569706116874,0.01800071930162508
42,21,0.25712607187120895,0.49292399793402863
42,22,0.3801750711583479,0.38341661459430487
42,23,1.0,0.0
42,24,0.25400696540294077,0.496189268800078
42,25,0.04222010436097358,0.7945246867359157
42,26,0.7405252856804533,0.1400989940120134
42,27,0.09512556818407036,0.6915756686250737
42,28,0.2576247131604278,0.4924325530922735
42,29,0.7540069654029408,0.13173177703838992
42,30,0.6433627473605685,0.19790671338788068
42,31,0.9286363470242944,0.03685944221196565
42,32,0.7938720550197581,0.10969234859464018
42,33,0.5877933366879947,0.23348305231942393
42,34,0.0,1.0
42,35,0.06050910874741547,0.7560076863988963
42,36,1.0,0.0
42,37,0.11268330399462301,0.6645232462833334
42,38,0.14336274736056853,0.6213715212063955
42,39,0.9928020210930142,0.0036054892297859853
42,40,0.0,1.0
42,41,0.007853910259098706,0.9116364964017308
42,42,0.0,1.0
42,43,1.0,0.0
42,44,0.3555633235296345,0.4037086923913493
42,45,0.02387921874439012,0.845470977663126
42,46,0.5153532166488686,0.2827674306354513
42,47,0.19561946590635382,0.5580567244555159
42,48,0.6194906009985908,0.213000630913336
42,49,0.9576547266995226,0.02140165946927732
42,50,0.9273523083405738,0.038008710845985935
42,51,0.7296242492775854,0.1458492796893618
42,52,0.9665776289035625,0.016885507509722064
42,53,0.20378123786447838,0.5485786470884675
42,54,0.04317612576746582,0.7922809757514813
42,55,0.9753286038602921,0.013435599921701149
42,56,0.26424731801441576,0.487097504985004
42,57,0.780944007821458,0.11630789384918604
42,58,0.5854284547103127,0.23486704624979812
42,59,0.7961089643946118,0.10808777558133062
42,60,0.7793690393691396,0.11824482149204169
42,61,0.0702385669274912,0.7356331182637549
42,62,0.7036508757078728,0.1622948618247879
42,63,0.23774621908015064,0.5128534279385545
42,64,0.587228052246482,0.23371645153915896
42,65,0.4353092551612383,0.34081103363747123
42,66,0.488345287540201,0.30185178409906877
42,67,0.06074570299545279,0.7535335661891203
42,68,0.5020560701852453,0.2915190133101668
42,69,0.7149496280451958,0.15446882696114453
42,70,0.5109727217956749,0.2851764400947078
42,71,0.05673849234695838,0.7618194087250432
42,72,0.5617455014631478,0.25053811744077836
42,73,0.6084989044025467,0.21993660231840984
42,74,0.8982556618294436,0.05446127000291748
42,75,0.923979084299565,0.03899776832849608
42,76,0.4619249865254669,0.32034936436028627
42,77,0.5215892039333767,0.27778867086331527
42,78,0.2336201635857318,0.5171711493453964
42,79,0.0,1.0
42,80,0.10320545708137427,0.6787439384519347
42,81,0.48995824458829484,0.30002984127663335
42,82,0.34752041214982543,0.4111240149844762
42,83,0.1967598315548734,0.5564238153880741
42,84,0.2795852606397447,0.47129238241182325
42,85,0.8254698820946219,0.09147212063706128
42,86,0.019792392600221087,0.8597816168199921
42,87,0.6354386895249604,0.20285603398385343
42,88,0.0,1.0
42,89,0.4177788250949865,0.35397189678383684
42,90,0.7380576621761072,0.14089718531030168
42,91,0.5355339419685382,0.2687312756785987
42,92,0.9476778503347033,0.026522405717622776
42,93,0.3452460873476193,0.4124235476573118
42,94,1.0,0.0
42,95,0.3509464693604196,0.4078376238677923
42,96,0.14476506373971476,0.6195199561872992
42,97,0.4582120558672157,0.32308687445815343
42,98,0.0,1.0
42,99,0.1335501782948702,0.6346323203795364
43,0,0.9686661102347485,0.015791632714520887
43,1,0.14058182338051212,0.6250575732455553
43,2,0.38232132583703193,0.3816786225294876
43,3,0.1421522859355735,0.6237735964370102
43,4,0.14348114867464806,0.6212109443573534
43,5,0.38376460306871085,0.3805126288061145
43,6,0.38291145032454077,0.3812016076907271
43,7,0.2516549519643933,0.49834777787356177
43,8,0.006043003807953418,0.922263240304516
43,9,0.10292391379123494,0.6791824291108186
43,10,0.018598410766008655,0.863624009569101
43,11,0.2570228477099726,0.4930257918690808
43,12,0.0017497302297738715,0.9581702231684908
43,13,1.0,0.0
43,14,0.9667735202795191,0.016840732481334685
43,15,0.14011183886171857,0.6256848401924943
43,16,0.0039015794373340462,0.9375373756768574
43,17,0.9645569706116874,0.01800071930162508
43,18,0.25712607187120895,0.49292399793402863
43,19,0.3801750711583479,0.38341661459430487
43,20,1.0,0.0
43,21,0.25400696540294077,0.496189268800078
43,22,0.04222010436097358,0.7945246867359157
43,23,0.7405252856804533,0.1400989940120134
43,24,0.2576247131604278,0.4924325530922735
43,25,0.5877933366879947,0.23348305231942393
43,26,0.0,1.0
43,27,0.06050910874741547,0.7560076863988963
43,28,1.0,0.0
43,29,0.11268330399462301,0.6645232462833334
43,30,0.14336274736056853,0.6213715212063955
43,31,0.9928020210930142,0.0036054892297859853
43,32,0.007853910259098706,0.9116364964017308
43,33,1.0,0.0
43,34,0.3555633235296345,0.4037086923913493
43,35,0.9576547266995226,0.02140165946927732
43,36,0.9665776289035625,0.016885507509722064
43,37,0.04317612576746582,0.7922809757514813
43,38,0.9753286038602921,0.013435599921701149
43,39,0.780944007821458,0.11630789384918604
43,40,0.5854284547103127,0.23486704624979812
43,41,0.7961089643946118,0.10808777558133062
43,42,0.7036508757078728,0.1622948618247879
43,43,0.587228052246482,0.23371645153915896
43,44,0.06074570299545279,0.7535335661891203
43,45,0.5020560701852453,0.2915190133101668
43,46,0.05673849234695838,0.7618194087250432
43,47,0.5617455014631478,0.25053811744077836
43,48,0.8982556618294436,0.05446127000291748
43,49,0.5215892039333767,0.27778867086331527
43,50,0.019792392600221087,0.8597816168199921
43,51,0.5355339419685382,0.2687312756785987
43,52,1.0,0.0
43,53,0.14476506373971476,0.6195199561872992
43,54,0.4582120558672157,0.32308687445815343
43,55,0.0,1.0
43,56,0.1335501782948702,0.6346323203795364
43,57,0.7459520441860165,0.1372823827408416
43,58,0.0,1.0
43,59,0.9108755199857272,0.04627410557236543
43,60,0.5898110464361609,0.23242448406496188
43,61,0.36145463515714016,0.39878902608390443
43,62,0.2387674095500753,0.5113779250179771
43,63,0.7492193008105354,0.1344796914045437
43,64,0.517460833047144,0.2807860182874101
43,65,0.9295188543445813,0.03626483641802974
43,66,0.6890971471410767,0.17099344701034216
43,67,0.86102840683316,0.07208383631215909
43,68,0.3148054870684872,0.43892470463538746
43,69,0.08697561201559095,0.7051033025423048
43,70,0.39307298556531994,0.3730446701994472
43,71,0.04175801264240825,0.7956522262357423
43,72,0.16523302463572093,0.593511347469919
43,73,0.19356038028424447,0.5600535668851844
43,74,0.7345932927247233,0.14385024816104972
43,75,0.09160198992865942,0.6973417935547437
43,76,0.3352616673307394,0.42098531950513257
43,77,0.6062294151184655,0.22333336220222774
43,78,0.423979084299565,0.3492081507340972
43,79,0.4708488138443727,0.3138724151075976
43,80,0.0,1.0
43,81,0.0,1.0
43,82,0.2531534072482031,0.49685736779527717
43,83,0.34485404917197593,0.4129243961345165
43,84,0.7244100579367402,0.149325466496708
43,85,0.922539150592306,0.0395835249643721
43,86,0.7795852606397446,0.11705874451368814
43,87,0.01332211744573275,0.8853936128427591
43,88,0.519792392600221,0.2794432564022725
43,89,0.24005557717466197,0.510045553162446
43,90,0.44840243481118947,0.3303714202550869
43,91,0.8412004163227877,0.08373869432336385
43,92,0.24749201374946328,0.503734022694057
43,93,0.1163132626571482,0.6589587957146196
43,94,0.5246310096092576,0.27568589525285736
43,95,0.0,1.0
43,96,0.7254476878058205,0.14853429347547595
43,97,0.6447650637397148,0.1971268355465358
43,98,0.4147302533386415,0.35603568640759237
43,99,0.27973606991544864,0.4711672660041451
44,0,0.9686661102347485,0.015791632714520887
44,1,0.14058182338051212,0.6250575732455553
44,2,0.38232132583703193,0.3816786225294876
44,3,0.1421522859355735,0.6237735964370102
44,4,0.14348114867464806,0.6212109443573534
44,5,0.38291145032454077,0.3812016076907271
44,6,0.2516549519643933,0.49834777787356177
44,7,0.006043003807953418,0.922263240304516
44,8,0.018598410766008655,0.863624009569101
44,9,0.0017497302297738715,0.9581702231684908
44,10,1.0,0.0
44,11,0.9667735202795191,0.016840732481334685
44,12,0.14011183886171857,0.6256848401924943
44,13,0.0039015794373340462,0.9375373756768574
44,14,0.9645569706116874,0.01800071930162508
44,15,0.25712607187120895,0.49292399793402863
44,16,0.3801750711583479,0.38341661459430487
44,17,1.0,0.0
44,18,0.25400696540294077,0.496189268800078
44,19,0.04222010436097358,0.7945246867359157
44,20,0.7405252856804533,0.1400989940120134
44,21,0.2576247131604278,0.4924325530922735
44,22,0.06050910874741547,0.7560076863988963
44,23,1.0,0.0
44,24,0.14336274736056853,0.6213715212063955
44,25,0.007853910259098706,0.9116364964017308
44,26,1.0,0.0
44,27,0.3555633235296345,0.4037086923913493
44,28,0.9576547266995226,0.02140165946927732
44,29,0.9665776289035625,0.016885507509722064
44,30,0.04317612576746582,0.7922809757514813
44,31,0.9753286038602921,0.013435599921701149
44,32,0.780944007821458,0.11630789384918604
44,33,0.7961089643946118,0.10808777558133062
44,34,0.7036508757078728,0.1622948618247879
44,35,0.06074570299545279,0.7535335661891203
44,36,0.05673849234695838,0.7618194087250432
44,37,0.5617455014631478,0.25053811744077836
44,38,0.8982556618294436,0.05446127000291748
44,39,0.019792392600221087,0.8597816168199921
44,40,1.0,0.0
44,41,0.0,1.0
44,42,0.1335501782948702,0.6346323203795364
44,43,0.5898110464361609,0.23242448406496188
44,44,0.2387674095500753,0.5113779250179771
44,45,0.517460833047144,0.2807860182874101
44,46,0.9295188543445813,0.03626483641802974
44,47,0.3148054870684872,0.43892470463538746
44,48,0.7345932927247233,0.14385024816104972
44,49,0.0,1.0
44,50,0.2531534072482031,0.49685736779527717
44,51,0.7795852606397446,0.11705874451368814
44,52,0.01332211744573275,0.8853936128427591
44,53,0.24005557717466197,0.510045553162446
44,54,0.1163132626571482,0.6589587957146196
44,55,0.0,1.0
44,56,0.583030601890696,0.23702822530196255
44,57,0.0,1.0
44,58,0.5005199665037046,0.2925257868979255
44,59,0.29795396445866495,0.4541484043637273
44,60,0.6774169538779873,0.177627188124969
44,61,0.38025897576834655,0.38335321371819236
44,62,0.24921930081053545,0.5007813106136205
44,63,0.1262752553521888,0.644648215279103
44,64,0.9284163310786087,0.03776302925254989
44,65,0.1304440010312068,0.6388296786401092
44,66,0.0,1.0
44,67,0.41007819652315364,0.3596267741468646
44,68,0.5149877814927964,0.282373508367482
44,69,0.4267034683347595,0.3467746181211091
44,70,0.534872987585908,0.2686651335922327
44,71,0.5,0.2928932188134524
44,72,0.42285655319687926,0.3499169278696823
44,73,0.3538628093660966,0.40515107733947575
44,74,0.5783713761077964,0.24063979329893628
44,75,1.0,0.0
44,76,0.5686915393393915,0.24589034735489368
44,77,0.0,1.0
44,78,0.6561024464916129,0.19183437312747526
44,79,0.3979799449088284,0.36914348310504996
44,80,0.7052218408541463,0.16058239095139712
44,81,0.5222956522697735,0.27729974936369817
44,82,0.23268165161701979,0.5187518312155307
44,83,0.1032054570813743,0.6787439384519347
44,84,0.828552249912845,0.08997473646767859
44,85,0.12510762471572495,0.6465379626026153
44,86,0.8152458251377168,0.0995415076568517
44,87,0.5133221174457328,0.28384863969501467
44,88,0.6097831140267183,0.21942393360696427
44,89,0.8883122351222378,0.0575183066996344
44,90,0.27223330715341126,0.478240182504046
44,91,0.03734604080253545,0.8067487624812315
44,92,0.15303663137763357,0.6099838929698812
44,93,0.7474920137494633,0.1354583055342847
44,94,0.3021821546717939,0.45028905936056307
44,95,0.6974855323001949,0.16689549451859007
44,96,0.5,0.2928932188134524
44,97,0.8831502478214501,0.06069808017258048
44,98,0.3846767340039605,0.3803597936565494
44,99,0.20511987503126541,0.5477463074863114
45,0,0.9686661102347485,0.015791632714520887
45,1,0.14058182338051212,0.6250575732455553
45,2,0.38232132583703193,0.3816786225294876
45,3,0.1421522859355735,0.6237735964370102
45,4,0.14348114867464806,0.6212109443573534
45,5,0.38291145032454077,0.3812016076907271
45,6,0.2516549519643933,0.49834777787356177
45,7,0.006043003807953418,0.922263240304516
45,8,0.0017497302297738715,0.9581702231684908
45,9,0.9667735202795191,0.016840732481334685
45,10,0.14011183886171857,0.6256848401924943
45,11,0.0039015794373340462,0.9375373756768574
45,12,0.25712607187120895,0.49292399793402863
45,13,0.3801750711583479,0.38341661459430487
45,14,1.0,0.0
45,15,0.25400696540294077,0.496189268800078
45,16,0.04222010436097358,0.7945246867359157
45,17,0.7405252856804533,0.1400989940120134
45,18,0.2576247131604278,0.4924325530922735
45,19,0.06050910874741547,0.7560076863988963
45,20,1.0,0.0
45,21,0.14336274736056853,0.6213715212063955
45,22,0.007853910259098706,0.9116364964017308
45,23,1.0,0.0
45,24,0.9576547266995226,0.02140165946927732
45,25,0.9665776289035625,0.016885507509722064
45,26,0.04317612576746582,0.7922809757514813
45,27,0.9753286038602921,0.013435599921701149
45,28,0.06074570299545279,0.7535335661891203
45,29,0.5617455014631478,0.25053811744077836
45,30,0.019792392600221087,0.8597816168199921
45,31,1.0,0.0
45,32,0.0,1.0
45,33,0.1335501782948702,0.6346323203795364
45,34,0.3148054870684872,0.43892470463538746
45,35,0.0,1.0
45,36,0.2531534072482031,0.49685736779527717
45,37,0.01332211744573275,0.8853936128427591
45,38,0.0,1.0
45,39,0.583030601890696,0.23702822530196255
45,40,0.6774169538779873,0.177627188124969
45,41,0.38025897576834655,0.38335321371819236
45,42,0.24921930081053545,0.5007813106136205
45,43,0.1262752553521888,0.644648215279103
45,44,0.1304440010312068,0.6388296786401092
45,45,0.0,1.0
45,46,0.5149877814927964,0.282373508367482
45,47,0.534872987585908,0.2686651335922327
45,48,0.5783713761077964,0.24063979329893628
45,49,1.0,0.0
45,50,0.5686915393393915,0.24589034735489368
45,51,0.0,1.0
45,52,0.5222956522697735,0.27729974936369817
45,53,0.12510762471572495,0.6465379626026153
45,54,0.6097831140267183,0.21942393360696427
45,55,0.8883122351222378,0.0575183066996344
45,56,0.15303663137763357,0.6099838929698812
45,57,0.7474920137494633,0.1354583055342847
45,58,0.3846767340039605,0.3803597936565494
45,59,0.0016621745349689999,0.9592302252278848
45,60,0.7108623097728018,0.15791440054442304
45,61,0.8334173379757999,0.08764172443334013
45,62,0.6587302626788075,0.1883780050548115
45,63,0.22255694161922232,0.5282405892626811
45,64,0.19648931561361327,0.5567288464002951
45,65,0.07534787011718573,0.7264020820440641
45,66,0.42841633107860866,0.3454647976780709
45,67,0.3616659739510835,0.3986132908426696
45,68,0.4072146760716651,0.3621670412005855
45,69,0.9627312922819639,0.018873871947208923
45,70,0.9267034683347595,0.037345624562846805
45,71,0.5161240734798931,0.2820879842386102
45,72,0.766459584075618,0.12494906907139192
45,73,0.37256063798026756,0.3896225446657884
45,74,0.9482841162789816,0.026608876754172048
45,75,0.44803776280100843,0.3320364483029617
45,76,0.0,1.0
45,77,0.6624414199336928,0.18723697831953864
45,78,0.2800050665686856,0.4708449503513308
45,79,0.5360644783074124,0.26841226800476536
45,80,0.8643517097696239,0.07029483604578955
45,81,1.0,0.0
45,82,0.5968095458865768,0.22746550505069563
45,83,0.625107624715725,0.21024309072081096
45,84,0.27380378645331793,0.47673736379011544
45,85,0.24179512167127448,0.509325853842772
45,86,0.02872585839353259,0.8317802957336223
45,87,0.929458052363225,0.035915953902658164
45,88,0.8293001638243298,0.08935542174001057
45,89,0.10978311402671825,0.6686650311609558
45,90,0.3883122351222378,0.37685295866686663
45,91,0.7722333071534113,0.12123193779393004
45,92,0.5373460408025355,0.26696109189038575
45,93,0.03937371864120537,0.8016411163201007
45,94,0.6530366313776336,0.19216901233540307
45,95,0.5,0.2928976150317071
45,96,0.24749201374946328,0.5025284741644384
45,97,0.8021821546717939,0.1044393730963494
45,98,0.4857904758600895,0.3041710003662628
45,99,0.27521860757450467,0.4761171344934331
46,0,0.14058182338051212,0.6250575732455553
46,1,0.38232132583703193,0.3816786225294876
46,2,0.1421522859355735,0.6237735964370102
46,3,0.14348114867464806,0.6212109443573534
46,4,0.38291145032454077,0.3812016076907271
46,5,0.2516549519643933,0.49834777787356177
46,6,0.006043003807953418,0.922263240304516
46,7,0.9667735202795191,0.016840732481334685
46,8,0.14011183886171857,0.6256848401924943
46,9,0.0039015794373340462,0.9375373756768574
46,10,0.25712607187120895,0.49292399793402863
46,11,0.3801750711583479,0.38341661459430487
46,12,0.25400696540294077,0.496189268800078
46,13,0.04222010436097358,0.7945246867359157
46,14,0.7405252856804533,0.1400989940120134
46,15,0.2576247131604278,0.4924325530922735
46,16,0.06050910874741547,0.7560076863988963
46,17,1.0,0.0
46,18,0.14336274736056853,0.6213715212063955
46,19,0.007853910259098706,0.9116364964017308
46,20,1.0,0.0
46,21,0.9576547266995226,0.02140165946927732
46,22,0.9665776289035625,0.016885507509722064
46,23,0.9753286038602921,0.013435599921701149
46,24,0.019792392600221087,0.8597816168199921
46,25,0.1335501782948702,0.6346323203795364
46,26,0.2531534072482031,0.49685736779527717
46,27,0.01332211744573275,0.8853936128427591
46,28,0.38025897576834655,0.38335321371819236
46,29,0.24921930081053545,0.5007813106136205
46,30,0.1304440010312068,0.6388296786401092
46,31,0.5149877814927964,0.282373508367482
46,32,0.534872987585908,0.2686651335922327
46,33,1.0,0.0
46,34,0.5686915393393915,0.24589034735489368
46,35,0.0,1.0
46,36,0.5222956522697735,0.27729974936369817
46,37,0.3846767340039605,0.3803597936565494
46,38,0.0016621745349689999,0.9592302252278848
46,39,0.6587302626788075,0.1883780050548115
46,40,0.07534787011718573,0.7264020820440641
46,41,0.9627312922819639,0.018873871947208923
46,42,0.9267034683347595,0.037345624562846805
46,43,0.44803776280100843,0.3320364483029617
46,44,0.0,1.0
46,45,0.8643517097696239,0.07029483604578955
46,46,1.0,0.0
46,47,0.02872585839353259,0.8317802957336223
46,48,0.929458052363225,0.035915953902658164
46,49,0.7722333071534113,0.12123193779393004
46,50,0.5373460408025355,0.26696109189038575
46,51,0.03937371864120537,0.8016411163201007
46,52,0.24749201374946328,0.5025284741644384
46,53,0.8021821546717939,0.1044393730963494
46,54,0.7162763012684368,0.15368733632893156
46,55,0.02599562639832863,0.8389356280881904
46,56,0.10134605837869982,0.6816510430695589
46,57,0.744311126359356,0.13797877016915436
46,58,0.33341733797579987,0.42360700090193737
46,59,0.6184549217324306,0.21468368650097575
46,60,0.08476575241969334,0.7092022494497474
46,61,0.8123844918330674,0.09928790540831965
46,62,0.0,1.0
46,63,0.6964893156136133,0.16655415343695498
46,64,0.5695045212768174,0.24552580675362323
46,65,0.0902161059686203,0.6996400393384292
46,66,0.1487308638649748,0.6143435935123406
46,67,0.6797542881376684,0.1759431954547374
46,68,0.4236273862971608,0.3491333575169482
46,69,0.5283995805561021,0.273925876285803
46,70,0.0,1.0
46,71,0.7818775654855563,0.11577940195771935
46,72,0.5926376934901072,0.23033056523138726
46,73,0.5716580415835354,0.24486897982727696
46,74,1.0,0.0
46,75,0.16445382912745388,0.5954160909003682
46,76,0.15216431146146708,0.6099175581220464
46,77,0.5,0.2928932188134524
46,78,0.8313124503937727,0.08968506969878454
46,79,0.0,1.0
46,80,0.9145451380705507,0.04373897039940198
46,81,0.4355749100537532,0.3406868477847483
46,82,0.3153486287994066,0.4384408946518571
46,83,0.9396697854444118,0.0307813963810242
46,84,0.5287258583935326,0.2728723781491159
46,85,0.6585548951065905,0.18864523453766394
46,86,0.6097831140267183,0.21935754631109494
46,87,0.026756133863609366,0.8369193578812135
46,88,0.9794278520003271,0.010339526908178964
46,89,0.6238410260535755,0.2110687236496969
46,90,0.15303663137763357,0.609874061433957
46,91,0.3212191579584924,0.4332380058979851
46,92,0.3075212091070682,0.44545405140144767
46,93,1.0,0.0
46,94,0.3510552446795261,0.40750084837231526
46,95,0.01911913741599025,0.862954284493772
46,96,0.0,1.0
46,97,0.4817581348903659,0.30607468201297666
46,98,0.2638510106676363,0.4863357023622955
46,99,0.3874271914252627,0.3777975064872835
47,0,0.14058182338051212,0.6250575732455553
47,1,0.38232132583703193,0.3816786225294876
47,2,0.1421522859355735,0.6237735964370102
47,3,0.14348114867464806,0.6212109443573534
47,4,0.38291145032454077,0.3812016076907271
47,5,0.2516549519643933,0.49834777787356177
47,6,0.9667735202795191,0.016840732481334685
47,7,0.14011183886171857,0.6256848401924943
47,8,0.0039015794373340462,0.9375373756768574
47,9,0.25712607187120895,0.49292399793402863
47,10,0.3801750711583479,0.38341661459430487
47,11,0.25400696540294077,0.496189268800078
47,12,0.04222010436097358,0.7945246867359157
47,13,0.7405252856804533,0.1400989940120134
47,14,0.2576247131604278,0.4924325530922735
47,15,0.06050910874741547,0.7560076863988963
47,16,1.0,0.0
47,17,0.14336274736056853,0.6213715212063955
47,18,0.007853910259098706,0.9116364964017308
47,19,1.0,0.0
47,20,0.9576547266995226,0.02140165946927732
47,21,0.9665776289035625,0.016885507509722064
47,22,0.9753286038602921,0.013435599921701149
47,23,0.019792392600221087,0.8597816168199921
47,24,0.1335501782948702,0.6346323203795364
47,25,0.2531534072482031,0.49685736779527717
47,26,0.01332211744573275,0.8853936128427591
47,27,0.38025897576834655,0.38335321371819236
47,28,0.5149877814927964,0.282373508367482
47,29,0.534872987585908,0.2686651335922327
47,30,1.0,0.0
47,31,0.5686915393393915,0.24589034735489368
47,32,0.0,1.0
47,33,0.5222956522697735,0.27729974936369817
47,34,0.3846767340039605,0.3803597936565494
47,35,0.0016621745349689999,0.9592302252278848
47,36,0.6587302626788075,0.1883780050548115
47,37,0.07534787011718573,0.7264020820440641
47,38,0.9627312922819639,0.018873871947208923
47,39,0.9267034683347595,0.037345624562846805
47,40,0.0,1.0
47,41,0.8643517097696239,0.07029483604578955
47,42,1.0,0.0
47,43,0.02872585839353259,0.8317802957336223
47,44,0.24749201374946328,0.5025284741644384
47,45,0.7162763012684368,0.15368733632893156
47,46,0.744311126359356,0.13797877016915436
47,47,0.0,1.0
47,48,0.6964893156136133,0.16655415343695498
47,49,0.1487308638649748,0.6143435935123406
47,50,0.7818775654855563,0.11577940195771935
47,51,0.0,1.0
47,52,0.9145451380705507,0.04373897039940198
47,53,0.6097831140267183,0.21935754631109494
47,54,0.9794278520003271,0.010339526908178964
47,55,1.0,0.0
47,56,0.01911913741599025,0.862954284493772
47,57,0.0,1.0
47,58,0.302799181741974,0.45011074533953355
47,59,0.17942840378827796,0.5767100877285836
47,60,0.4163117852116528,0.3548293380935204
47,61,0.11845492173243055,0.6571478236335725
47,62,0.42710936929066873,0.3464639556036489
47,63,0.0,1.0
47,64,0.09867508866040677,0.6858740878876645
47,65,0.048523986244102355,0.781026543310381
47,66,0.5442408688036988,0.2624735824260158
47,67,0.011921326602259752,0.8909396301353582
47,68,0.2818775654855563,0.46907856938567993
47,69,0.5732177051341747,0.24292172849271138
47,70,0.13628944945258545,0.6308417231652973
47,71,0.03290837395378754,0.8185933464456512
47,72,0.5254524994419506,0.27516347076852243
47,73,0.8434400758638645,0.08238516213504439
47,74,0.6692385806904841,0.1822654722918221
47,75,0.24240321581946744,0.507697402781234
47,76,0.800606107055444,0.10678615798025917
47,77,0.3725606379802675,0.3905990703459515
47,78,0.5410223842724797,0.26445777076534466
47,79,0.04032085193617507,0.7991998751104241
47,80,0.23297002886953927,0.517330310802989
47,81,0.6588056993860183,0.188331533576659
47,82,0.5,0.2928932188134524
47,83,0.32236056273228963,0.43313404596125754
47,84,0.4145451380705507,0.35614820178044804
47,85,0.22238335364987705,0.5284246044905682
47,86,0.5867946288350836,0.23429763187042912
47,87,0.8814450595427736,0.06114694464853887
47,88,0.7731184858032303,0.12085202287723353
47,89,1.0,0.0
47,90,0.6023585525559035,0.22430467748168256
47,91,0.13448812391504777,0.6335299693409097
47,92,0.5,0.2928932188134524
47,93,0.8075212091070683,0.10171560497697335
47,94,0.5,0.2928932188134524
47,95,0.6838264848575285,0.17372125277255507
47,96,0.3347555013255412,0.4217003961254715
47,97,0.6133342243562263,0.21725325314910124
47,98,0.8717145712692872,0.0664438611756151
47,99,0.31872536248574956,0.43603031025587907
48,0,0.14058182338051212,0.6250575732455553
48,1,0.38232132583703193,0.3816786225294876
48,2,0.1421522859355735,0.6237735964370102
48,3,0.14348114867464806,0.6212109443573534
48,4,0.38291145032454077,0.3812016076907271
48,5,0.2516549519643933,0.49834777787356177
48,6,0.9667735202795191,0.016840732481334685
48,7,0.0039015794373340462,0.9375373756768574
48,8,0.25712607187120895,0.49292399793402863
48,9,0.3801750711583479,0.38341661459430487
48,10,0.25400696540294077,0.496189268800078
48,11,0.04222010436097358,0.7945246867359157
48,12,0.7405252856804533,0.1400989940120134
48,13,0.2576247131604278,0.4924325530922735
48,14,0.06050910874741547,0.7560076863988963
48,15,1.0,0.0
48,16,0.14336274736056853,0.6213715212063955
48,17,0.007853910259098706,0.9116364964017308
48,18,1.0,0.0
48,19,0.9576547266995226,0.02140165946927732
48,20,0.9665776289035625,0.016885507509722064
48,21,0.9753286038602921,0.013435599921701149
48,22,0.019792392600221087,0.8597816168199921
48,23,0.2531534072482031,0.49685736779527717
48,24,0.38025897576834655,0.38335321371819236
48,25,0.534872987585908,0.2686651335922327
48,26,0.5686915393393915,0.24589034735489368
48,27,0.0,1.0
48,28,0.3846767340039605,0.3803597936565494
48,29,0.0016621745349689999,0.9592302252278848
48,30,0.9627312922819639,0.018873871947208923
48,31,0.9267034683347595,0.037345624562846805
48,32,0.8643517097696239,0.07029483604578955
48,33,1.0,0.0
48,34,0.02872585839353259,0.8317802957336223
48,35,0.24749201374946328,0.5025284741644384
48,36,0.0,1.0
48,37,0.1487308638649748,0.6143435935123406
48,38,0.0,1.0
48,39,0.9145451380705507,0.04373897039940198
48,40,0.9794278520003271,0.010339526908178964
48,41,1.0,0.0
48,42,0.01911913741599025,0.862954284493772
48,43,0.302799181741974,0.45011074533953355
48,44,0.42710936929066873,0.3464639556036489
48,45,0.0,1.0
48,46,0.011921326602259752,0.8909396301353582
48,47,0.03290837395378754,0.8185933464456512
48,48,0.6692385806904841,0.1822654722918221
48,49,0.24240321581946744,0.507697402781234
48,50,0.800606107055444,0.10678615798025917
48,51,0.5410223842724797,0.26445777076534466
48,52,0.23297002886953927,0.517330310802989
48,53,0.6588056993860183,0.188331533576659
48,54,0.4145451380705507,0.35614820178044804
48,55,1.0,0.0
48,56,0.6838264848575285,0.17372125277255507
48,57,0.6133342243562263,0.21725325314910124
48,58,0.8717145712692872,0.0664438611756151
48,59,0.1457012090286191,0.620285780190838
48,60,0.690154439798681,0.1692446570748516
48,61,0.05053165320533881,0.7753914349274376
48,62,0.10311977814154971,0.6788775099673878
48,63,0.5490510992542936,0.2591749084439578
48,64,0.5755520790673192,0.24172235004349457
48,65,0.09654351622125971,0.6895527143928695
48,66,0.27942719165928775,0.4718697255991532
48,67,0.4221135458112837,0.35077521385387606
48,68,0.982978035091274,0.008547512438808802
48,69,0.5329083739537875,0.27089586071589894
48,70,0.5551472952112346,0.255072258240029
48,71,0.5392261688928679,0.2656797913084048
48,72,0.0,1.0
48,73,0.49308515339982273,0.29779977684436565
48,74,0.043360054130256565,0.7928583382394307
48,75,0.9307851616479985,0.03546004106064362
48,76,0.37465999408238126,0.3879170581931462
48,77,0.11085002602878351,0.6670585246191405
48,78,0.5403208519361751,0.26493512984301476
48,79,0.07689080655427089,0.7233515047368503
48,80,0.5946754631844582,0.22884845164733622
48,81,0.7700499226026913,0.1224751231367994
48,82,0.8223605627322896,0.09315902015166433
48,83,0.7611849853826038,0.12754084027812296
48,84,0.2067400071314792,0.5462378227955537
48,85,0.2731184858032303,0.47773860963655135
48,86,0.47723082040516385,0.3099137994759399
48,87,0.017463869151551598,0.8692286285021893
48,88,0.7876508706402523,0.11278857773411786
48,89,0.5333807001565649,0.2696711888249545
48,90,0.0,1.0
48,91,0.07432365009952335,0.7273763581427257
48,92,0.5,0.2928932188134524
48,93,0.30752120910706826,0.449850218877724
48,94,0.6520587753968082,0.19250224644950178
48,95,0.8298834055320284,0.09057183786872537
48,96,0.24164357365390846,0.5095782969967674
48,97,0.11333422435622631,0.6638687181389208
48,98,0.3717145712692872,0.39031626632343325
48,99,0.6293087551375118,0.20688156663356627
49,0,0.14058182338051212,0.6250575732455553
49,1,0.38232132583703193,0.3816786225294876
49,2,0.1421522859355735,0.6237735964370102
49,3,0.14348114867464806,0.6212109443573534
49,4,0.38291145032454077,0.3812016076907271
49,5,0.2516549519643933,0.49834777787356177
49,6,0.9667735202795191,0.016840732481334685
49,7,0.0039015794373340462,0.9375373756768574
49,8,0.25712607187120895,0.49292399793402863
49,9,0.3801750711583479,0.38341661459430487
49,10,0.25400696540294077,0.496189268800078
49,11,0.7405252856804533,0.1400989940120134
49,12,0.2576247131604278,0.4924325530922735
49,13,0.06050910874741547,0.7560076863988963
49,14,0.14336274736056853,0.6213715212063955
49,15,0.007853910259098706,0.9116364964017308
49,16,1.0,0.0
49,17,0.9665776289035625,0.016885507509722064
49,18,0.9753286038602921,0.013435599921701149
49,19,0.019792392600221087,0.8597816168199921
49,20,0.2531534072482031,0.49685736779527717
49,21,0.38025897576834655,0.38335321371819236
49,22,0.534872987585908,0.2686651335922327
49,23,0.3846767340039605,0.3803597936565494
49,24,0.0016621745349689999,0.9592302252278848
49,25,0.9627312922819639,0.018873871947208923
49,26,0.8643517097696239,0.07029483604578955
49,27,1.0,0.0
49,28,0.02872585839353259,0.8317802957336223
49,29,0.24749201374946328,0.5025284741644384
49,30,0.1487308638649748,0.6143435935123406
49,31,0.0,1.0
49,32,0.9794278520003271,0.010339526908178964
49,33,1.0,0.0
49,34,0.01911913741599025,0.862954284493772
49,35,0.0,1.0
49,36,0.011921326602259752,0.8909396301353582
49,37,0.03290837395378754,0.8185933464456512
49,38,0.5410223842724797,0.26445777076534466
49,39,1.0,0.0
49,40,0.8717145712692872,0.0664438611756151
49,41,0.1457012090286191,0.620285780190838
49,42,0.05053165320533881,0.7753914349274376
49,43,0.5490510992542936,0.2591749084439578
49,44,0.09654351622125971,0.6895527143928695
49,45,0.982978035091274,0.008547512438808802
49,46,0.5329083739537875,0.27089586071589894
49,47,0.5551472952112346,0.255072258240029
49,48,0.5392261688928679,0.2656797913084048
49,49,0.0,1.0
49,50,0.11085002602878351,0.6670585246191405
49,51,0.5403208519361751,0.26493512984301476
49,52,0.07689080655427089,0.7233515047368503
49,53,0.2067400071314792,0.5462378227955537
49,54,0.017463869151551598,0.8692286285021893
49,55,0.5333807001565649,0.2696711888249545
49,56,0.0,1.0
49,57,0.8298834055320284,0.09057183786872537
49,58,0.24164357365390846,0.5095782969967674
49,59,0.11333422435622631,0.6638687181389208
49,60,0.6293087551375118,0.20688156663356627
49,61,0.6329150418027223,0.20507367615352656
49,62,0.6457012090286192,0.19740913298071605
49,63,0.0,1.0
49,64,0.12208334084491962,0.6505957343635891
49,65,0.051591967271702954,0.7741396922708609
49,66,0.6588051587650963,0.18857107626279962
49,67,0.5,0.2928932188134524
49,68,0.6232582682337389,0.21142899612690363
49,69,0.2756039488979986,0.47819425750757816
49,70,0.945853722863453,0.02806523588093295
49,71,1.0,0.0
49,72,0.0,1.0
49,73,0.32612814384265043,0.42953234515720445
49,74,0.08212980907204948,0.7134170118935015
49,75,0.2644653289942664,0.48573939968328034
49,76,0.43975317130480385,0.33720071176138416
49,77,0.3668101400328806,0.3943595898211103
49,78,0.8931047137740791,0.05746467895755401
49,79,0.47352303729383016,0.31194351431410555
49,80,0.8588806895484232,0.07325338738573597
49,81,0.6111429003581781,0.21824370782309777
49,82,0.2611849853826038,0.4889373958284525
49,83,0.7869707153426997,0.11291226343772492
49,84,0.17541393201733602,0.581832081303447
49,85,0.5,0.2928932188134524
49,86,0.5,0.2928932188134524
49,87,0.28746590732555694,0.4644294165047039
49,88,0.9625806164450682,0.020553949551174507
49,89,0.5738067255776759,0.24339648593806543
49,90,0.042913309255126875,0.7928826168297124
49,91,0.862899641433221,0.07129579429281682
49,92,0.8118401804200092,0.09965246561372966
49,93,0.7416435736539084,0.13905650039023745
49,94,0.7904135035032738,0.11214458250868464
49,95,0.6133342243562263,0.2180021485061925
49,96,0.5916741290365115,0.23079643215050977
49,97,0.21493153309069038,0.5363929108709722
49,98,0.6655669460599647,0.18445024977169483
49,99,0.4120972344254426,0.3580520002169626
50,0,0.14058182338051212,0.6250575732455553
50,1,0.38232132583703193,0.3816786225294876
50,2,0.1421522859355735,0.6237735964370102
50,3,0.38291145032454077,0.3812016076907271
50,4,0.2516549519643933,0.49834777787356177
50,5,0.9667735202795191,0.016840732481334685
50,6,0.0039015794373340462,0.9375373756768574
50,7,0.25712607187120895,0.49292399793402863
50,8,0.3801750711583479,0.38341661459430487
50,9,0.25400696540294077,0.496189268800078
50,10,0.7405252856804533,0.1400989940120134
50,11,0.2576247131604278,0.4924325530922735
50,12,0.06050910874741547,0.7560076863988963
50,13,0.14336274736056853,0.6213715212063955
50,14,0.007853910259098706,0.9116364964017308
50,15,1.0,0.0
50,16,0.9665776289035625,0.016885507509722064
50,17,0.9753286038602921,0.013435599921701149
50,18,0.019792392600221087,0.8597816168199921
50,19,0.2531534072482031,0.49685736779527717
50,20,0.38025897576834655,0.38335321371819236
50,21,0.3846767340039605,0.3803597936565494
50,22,0.0016621745349689999,0.9592302252278848
50,23,0.9627312922819639,0.018873871947208923
50,24,0.8643517097696239,0.07029483604578955
50,25,1.0,0.0
50,26,0.0,1.0
50,27,0.9794278520003271,0.010339526908178964
50,28,1.0,0.0
50,29,0.01911913741599025,0.862954284493772
50,30,0.0,1.0
50,31,0.011921326602259752,0.8909396301353582
50,32,0.5410223842724797,0.26445777076534466
50,33,1.0,0.0
50,34,0.8717145712692872,0.0664438611756151
50,35,0.1457012090286191,0.620285780190838
50,36,0.05053165320533881,0.7753914349274376
50,37,0.5490510992542936,0.2591749084439578
50,38,0.09654351622125971,0.6895527143928695
50,39,0.982978035091274,0.008547512438808802
50,40,0.5551472952112346,0.255072258240029
50,41,0.0,1.0
50,42,0.11085002602878351,0.6670585246191405
50,43,0.017463869151551598,0.8692286285021893
50,44,0.5333807001565649,0.2696711888249545
50,45,0.0,1.0
50,46,0.12208334084491962,0.6505957343635891
50,47,0.051591967271702954,0.7741396922708609
50,48,0.945853722863453,0.02806523588093295
50,49,1.0,0.0
50,50,0.0,1.0
50,51,0.32612814384265043,0.42953234515720445
50,52,0.08212980907204948,0.7134170118935015
50,53,0.8931047137740791,0.05746467895755401
50,54,0.8588806895484232,0.07325338738573597
50,55,0.6111429003581781,0.21824370782309777
50,56,0.7869707153426997,0.11291226343772492
50,57,0.9625806164450682,0.020553949551174507
50,58,0.5738067255776759,0.24339648593806543
50,59,0.042913309255126875,0.7928826168297124
50,60,0.7416435736539084,0.13905650039023745
50,61,0.7904135035032738,0.11214458250868464
50,62,0.6133342243562263,0.2180021485061925
50,63,0.21493153309069038,0.5363929108709722
50,64,0.6464446192740383,0.19649632883869966
50,65,0.4991968471233055,0.29417121036309063
50,66,0.0,1.0
50,67,0.14570120902861916,0.619526114101779
50,68,0.5371796705304427,0.2672665153125289
50,69,0.14394081008530435,0.6207297602051127
50,70,0.21128862255983089,0.5407917620311307
50,71,0.6370735734542065,0.20302197831541746
50,72,0.7867357926248539,0.11464609144762307
50,73,0.5515919672717029,0.25915298299617434
50,74,0.15880515876509627,0.601936866063147
50,75,0.9108525899775027,0.04610319397380786
50,76,0.4888911604580239,0.30079247682964405
50,77,0.051914514470264794,0.7721524315024082
50,78,0.6796676234713923,0.17576714300988133
50,79,0.11879230413782069,0.6553374053689309
50,80,0.3580908887688375,0.4019887906263432
50,81,0.35024200248091475,0.40977343765117547
50,82,0.3878820449407776,0.3771982298188471
50,83,0.5380687951001447,0.2670943012362696
50,84,0.3588806895484232,0.40093349380576015
50,85,0.4217445343101844,0.35084387385365284
50,86,0.2869707153426997,0.4643045666854054
50,87,0.05504183160333476,0.7655329631118919
50,88,0.4737834256817402,0.31283352572003126
50,89,0.5052832661440877,0.28928371516307616
50,90,0.5108606077453497,0.28624639976137284
50,91,0.07380672557767587,0.7283302372067668
50,92,0.4838154466781197,0.30455211866256876
50,93,0.6301596812379454,0.20628440397126782
50,94,0.6432320213915939,0.1984349661237536
50,95,0.6705075636307931,0.18128518982648914
50,96,0.2904135035032738,0.4612542474127161
50,97,0.17962512814527193,0.5769471059200012
50,98,0.7493230648365797,0.13490717941965297
50,99,0.19751544099721885,0.5583371981470988
