iteration,particle_index,f1,f2
0,0,0.6732274617115548,3.5970329070819362
0,1,0.3789989846695504,3.8624617198090925
0,2,0.35381981652013184,4.425927083162502
0,3,0.5989307523343922,3.8007041329895705
0,4,0.40714951860099335,3.3040988159909292
0,5,0.0067300712970082,4.609445020832536
0,6,0.5046336736183221,3.838465770920084
0,7,0.9357211204368284,3.746670831671329
0,8,0.5506740307982652,3.882728717883927
0,9,0.8089635386798397,2.843096246440613
0,10,0.9179705273811158,3.219096279614447
0,11,0.19338643848819115,3.947432541148419
0,12,0.06149558604473404,4.803681253851378
0,13,0.443186148879004,4.423147679465896
0,14,0.05996708398278816,5.638132616236842
0,15,0.966494439906318,3.135182164958672
0,16,0.7001420324612192,3.162851577966435
0,17,0.4583117135974025,2.963992308197409
0,18,0.6809381318647827,3.913254725110762
0,19,0.9364989378420537,2.657384705967826
0,20,0.13295291470562254,5.069798606849003
0,21,0.23770527097209482,4.921595373868722
0,22,0.5463569462430944,3.8507219558133556
0,23,0.5261006308817411,3.6818810209256405
0,24,0.4199841982560827,4.22746956075763
0,25,0.5764157798700018,3.5925305902391833
0,26,0.4310708779164446,4.15053150342486
0,27,0.6346287363831123,3.714237647668757
0,28,0.5469633216975311,3.6496003991625288
0,29,0.9651556533544617,3.784810895255328
0,30,0.2869736418907285,4.778088433732621
0,31,0.917762578048444,3.767157848496289
0,32,0.32506167514445106,3.725813325261182
0,33,0.727579028615683,4.001072620785839
0,34,0.8300547192785381,2.956023235742695
0,35,0.8220572922617123,3.793377826613217
0,36,0.4935544570727052,3.2799133715827873
0,37,0.9993044261853415,4.001908710423124
0,38,0.3849826029579506,3.676063793585431
0,39,0.5303131135024882,3.2439068380184235
0,40,0.7223395707118067,3.743678951787196
0,41,0.2727966663843602,4.094420876132041
0,42,0.6447853022524997,3.9329516092606385
0,43,0.5845462598081885,4.298000519491526
0,44,0.7264657271834638,3.3971293408230347
0,45,0.3581598227790317,4.240962258558945
0,46,0.8307769875828112,4.001496802402489
0,47,0.1545592774126363,4.839572544146492
0,48,0.6427357548793634,3.6233544457179736
0,49,0.7442017991450989,2.8237090028333016
0,50,0.017629842355424974,4.371211229814598
0,51,0.6906840053475064,4.017930450943828
0,52,0.9850017695653386,2.6089489902317227
0,53,0.7111809699202003,3.2772814838229056
0,54,0.7201969443935325,3.3860295125368673
0,55,0.884438161253684,3.087942435718685
0,56,0.658499989237417,3.2742088025850395
0,57,0.2750938400235736,3.849862045475394
0,58,0.12499023024811007,5.127691183640354
0,59,0.1704955805596715,5.220761650133208
0,60,0.9435628832039793,3.042857099163415
0,61,0.9295832492565336,2.7119950278564837
0,62,0.1894730009636969,3.9827163188002057
0,63,0.5647366419145903,4.158768997856005
0,64,0.05740298835427515,3.882501479752837
0,65,0.7675214009041171,2.9147727006228705
0,66,0.1770062294982372,3.7727378443733035
0,67,0.6798199521699692,3.335577097960697
0,68,0.3095373825266067,3.906937325825572
0,69,0.3018902705550337,4.667586779225087
0,70,0.9958404781619526,3.2559582082220717
0,71,0.8059850871192629,3.6427296398615345
0,72,0.27533748051287243,4.237483761234282
0,73,0.17353045989873406,3.896914718109956
0,74,0.9376915948737373,3.089502175279487
0,75,0.2516840441425452,3.397168126076366
0,76,0.6309072460219107,3.1201485864255996
0,77,0.5176478107107806,3.552693549992076
0,78,0.4397110868592262,3.50724134375308
0,79,0.6997520193310768,2.837899399239116
0,80,0.2060245938024179,4.045068664364458
0,81,0.040375073130409334,6.1114108212609075
0,82,0.5727397986619012,4.98287371349108
0,83,0.04565783592536987,5.283490856916949
0,84,0.1737712465134451,4.370339732622511
0,85,0.06573912207988808,4.884800919576189
0,86,0.9438692359832478,2.518111238975094
0,87,0.40207999366652913,4.5434767996142496
0,88,0.9513616367520372,3.3829004492921735
0,89,0.47048213703595687,4.183104030178978
0,90,0.1363189134257703,3.964993019775742
0,91,0.20149401780536502,4.943809096210348
0,92,0.678212428467285,3.8772901923622203
0,93,0.8427875309615006,2.9628437219910397
0,94,0.905000323480563,3.597056932073591
0,95,0.918402772845275,2.708839152729286
0,96,0.865086631864736,3.133550126213966
0,97,0.8155642140180343,3.799561689958005
0,98,0.41509223635648196,3.695378842528523
0,99,0.97083863018673,3.641163977546923
1,0,0.576386852735222,3.186385568814215
1,1,0.28482343566056306,3.6034148453278227
1,2,0.08585802856776326,4.118560403604653
1,3,0.761637768040723,2.6994963692758724
1,4,0.3632204778798597,3.348513823226628
1,5,0.0,4.362877494076464
1,6,0.8160225356390204,2.497920810051935
1,7,0.9040685827927789,2.9492429686944015
1,8,0.05067403079826516,4.342864955905384
1,9,0.3089635386798397,3.3546689905028018
1,10,0.6249595399905672,3.2707636887786555
1,11,0.12907370348474878,3.909129820903123
1,12,0.0,4.932163274893787
1,13,0.6399506571742797,3.2304844149276692
1,14,0.5599670839827882,3.3866028941883526
1,15,0.466494439906318,3.100614330010601
1,16,0.2001420324612192,4.168038085861647
1,17,0.9583117135974025,2.03227308868594
1,18,0.5989194894471745,3.293921675891277
1,19,0.45381189681503914,3.2481467465770644
1,20,0.0,4.875660932707952
1,21,0.09842245031730834,4.247726422817121
1,22,0.30864495509673473,3.437846197515007
1,23,0.44654819592945827,3.407045573041495
1,24,0.49571864413297717,3.5862712302302944
1,25,1.0,2.401401651377775
1,26,0.0,4.989357430215788
1,27,0.2894833989299984,3.3190012067246237
1,28,0.3998018138650978,3.4320723851282957
1,29,1.0,2.2625922127906577
1,30,0.21658991330198987,4.066837703810504
1,31,0.468886082529445,3.6728772703758934
1,32,0.8250616751444511,2.5762018707263312
1,33,0.9157913936778552,2.626208819206835
1,34,0.8641759442636562,2.861700658281468
1,35,0.3220572922617123,3.618297122900576
1,36,0.16916167275850913,3.9454985934423834
1,37,0.6610666360555986,3.7401076044382906
1,38,0.3936957657993388,2.997720219732127
1,39,0.4941926698579332,3.3132840210757757
1,40,0.7436246243756301,3.0177766310419845
1,41,0.09266484511309894,3.7590315315991156
1,42,0.18323040662868195,3.662657146045432
1,43,0.3001119792264315,3.7672851306053095
1,44,0.3331683435931163,3.743463563515248
1,45,0.5872959445841688,3.0950180159881047
1,46,0.5588442999973162,3.465956830397227
1,47,0.3216686270012855,3.530827873397464
1,48,0.6910291223892668,3.195610861141298
1,49,0.8607022204327647,2.493307398657558
1,50,0.3355860114939594,2.821880488097171
1,51,0.1906840053475064,3.9413922464033124
1,52,0.4850017695653386,2.7108598032385536
1,53,0.5255234155027939,2.9626794672407524
1,54,0.8563081871942597,2.6937474264256998
1,55,0.7881751448574086,2.7617894489281154
1,56,0.9571419765870097,2.166336428928441
1,57,0.7750938400235736,2.8050452840880196
1,58,0.6249902302481101,3.109002249866503
1,59,0.06729693706568918,3.9497429874412013
1,60,0.4435628832039793,3.442116582037636
1,61,0.6066388023869362,3.2137531291394934
1,62,0.6894730009636969,3.049072321389758
1,63,0.46350259055672827,3.221153461860231
1,64,0.03939832210173545,4.549379489196862
1,65,0.26752140090411713,3.826749728509451
1,66,0.0,5.170973202001032
1,67,0.17981995216996915,4.044700825495953
1,68,0.45715394436825496,3.0444281036706244
1,69,0.8018902705550337,2.9920803790847885
1,70,0.49584047816195265,3.3407542112072472
1,71,0.5766615556686947,3.263177214332989
1,72,0.7753374805128724,2.7985644430527
1,73,0.012616333862806278,4.264175373448237
1,74,0.713469491186204,3.03466671361763
1,75,0.7516840441425452,2.480208241689008
1,76,0.13090724602191073,3.781337332895801
1,77,0.3165179760704139,3.215348125706179
1,78,0.5089679373523175,3.1872853149784044
1,79,1.0,2.3262753255696955
1,80,0.7060245938024179,2.8042918686937166
1,81,0.02515039074080471,4.871735155972276
1,82,0.14542786597487778,4.068260649199453
1,83,0.339487097279232,3.7284740158102214
1,84,0.013473453455631224,4.605773026909888
1,85,0.33917020241209717,3.2764082003069315
1,86,0.9434856914249606,2.187271118749097
1,87,0.5985743832616937,3.5304571427453015
1,88,0.8075565424971034,2.929978292334343
1,89,0.5306792188569088,3.061954070316764
1,90,0.16772783859929802,3.5396216586554563
1,91,0.24986824572592103,3.6282469154231416
1,92,0.17821242846728502,4.174452734719676
1,93,0.3866291021230036,3.284325699340486
1,94,0.40500032348056303,3.0882651166847017
1,95,0.62827316351644,2.623173792263374
1,96,0.8002343841455338,2.573953013292066
1,97,0.6844826054506242,2.629306715787452
1,98,0.46678080720603726,3.1209248931907507
1,99,1.0,2.667551042635723
2,0,0.07638685273522205,3.9063397537547755
2,1,0.25314096170163836,3.0550602530295756
2,2,0.1546200918363004,3.3292285893495883
2,3,0.9868711618904784,2.1366431908362293
2,4,0.5261328965961072,2.7237347024853666
2,5,0.5,2.5502477735614364
2,6,0.3160225356390204,3.586599612125122
2,7,0.8574457452054107,2.26897969702014
2,8,0.5506740307982652,2.9265954608269
2,9,0.2906372994047503,3.014413935829553
2,10,0.12495953999056719,4.075826765492718
2,11,0.10858878703924357,3.793784280564583
2,12,0.20256542338957195,3.2111001032095015
2,13,1.0,2.133381080123151
2,14,0.997352524829327,2.136032960912748
2,15,0.0,3.775049581140623
2,16,0.033342866740428856,4.21494411750785
2,17,0.6944247011735447,2.558461795572971
2,18,0.8367229296769015,2.2652593874422804
2,19,0.0,4.4936906649156345
2,20,0.0,3.628717353890806
2,21,0.2840269848023149,3.0044534158696505
2,22,0.0,3.6982573548449857
2,23,0.4820650673842095,2.859622768188983
2,24,0.0,3.339516864969439
2,25,1.0,2.2272768131695817
2,26,0.0,3.8651821293441295
2,27,0.0,4.070985694008863
2,28,0.8998018138650978,2.5015672145198447
2,29,0.9776429037772523,1.4974387237369278
2,30,0.7165899133019898,1.7295184360264726
2,31,0.5527760339987998,2.4334433176737957
2,32,0.32506167514445106,2.74114287499086
2,33,0.4157913936778552,3.7456842985131855
2,34,0.94416481160819,2.162595774255455
2,35,0.0,3.6254732473614166
2,36,0.01574119036314836,4.066033993767724
2,37,0.45506003612078416,2.2040263954320043
2,38,0.0,3.708778663917649
2,39,0.6939639309646226,2.2131049552449555
2,40,0.24362462437563015,3.083377890733975
2,41,0.5926648451130989,2.09831183471604
2,42,0.0,3.6143773424653434
2,43,0.053116852319356034,2.816578595249528
2,44,0.7028852591315145,2.158050856089383
2,45,1.0,1.7220196920264783
2,46,0.05884429999731622,3.1291865423096534
2,47,0.8216686270012855,1.795647946998357
2,48,1.0,1.738959581237145
2,49,0.7666767298109697,2.064176187346187
2,50,0.3324285746702982,2.6484101044346002
2,51,0.0,3.638026736577096
2,52,0.2530082837731902,2.9676687361894114
2,53,0.02552341550279391,3.6641818322814244
2,54,0.8653349479286448,1.765735872019637
2,55,0.3315906530897307,2.2844473487903967
2,56,0.8785969490847869,1.8815154952917104
2,57,1.0,1.8298934946868421
2,58,0.12499023024811007,3.1657503006814505
2,59,0.0,2.9189029373268003
2,60,0.6701641097498774,1.9886458097943647
2,61,0.8204763199351324,2.1293806595033677
2,62,0.8566599535447574,1.9473842478623293
2,63,0.4511817148029694,1.8240455472039006
2,64,0.5393983221017354,2.9544338832574586
2,65,0.0,3.512822667929902
2,66,0.5,2.253135685089033
2,67,0.0,3.590807612743893
2,68,0.3373108381657256,2.2221129188988185
2,69,0.3018902705550337,3.0463921095593207
2,70,0.9958404781619526,1.8754462196015913
2,71,0.0766615556686947,2.850496127575515
2,72,0.5008506118517082,2.6133610234592264
2,73,0.5126163338628063,2.5799509414075033
2,74,0.21346949118620395,3.1186881853236303
2,75,0.9440265254505441,1.975490887622354
2,76,0.0,3.7040086493405897
2,77,0.30087917179607765,2.1654063074655414
2,78,0.4773495904654953,3.0956939568729904
2,79,1.0,1.731430245395062
2,80,0.9016992354748844,1.4955980690313049
2,81,0.27532944174897683,2.590420013276624
2,82,0.6454278659748778,1.684604907567202
2,83,0.240060265898132,2.6755803204561324
2,84,0.16464889233036464,3.200694845299053
2,85,0.5281445273810362,1.8979514893306655
2,86,0.44348569142496064,2.419088366811209
2,87,0.09857438326169365,3.3216572640835547
2,88,0.6183353136918935,2.456380808411447
2,89,1.0,1.6088360868972071
2,90,0.667727838599298,2.149833102181527
2,91,0.08465068914857612,2.5789852055083404
2,92,0.5252596556374737,2.60345436103113
2,93,0.0,3.956415496291212
2,94,0.1448692948708003,2.2300895905248725
2,95,0.12827316351644003,2.6773756791120147
2,96,0.7049989922224158,1.782695486466308
2,97,0.18448260545062423,1.5916944125887091
2,98,0.07742177745964968,2.5041256055004553
2,99,0.5,2.2577527701884654
3,0,0.0,3.5315128097416784
3,1,0.0,3.1060389767131653
3,2,0.6546200918363004,1.913709595744658
3,3,0.4868711618904784,2.1782226316678654
3,4,0.1754925198552772,2.565408654401108
3,5,0.660546557273629,1.3692654450404627
3,6,0.0,4.321633676215007
3,7,0.3574457452054107,1.9725440512417816
3,8,0.7110794480599216,1.9930477128690571
3,9,0.10530968455989356,2.3353356494270647
3,10,0.5830323753311073,2.616938031845809
3,11,0.08513682896682111,3.0730582141946363
3,12,0.702565423389572,1.6578902925068004
3,13,0.5,1.969269698043906
3,14,0.497352524829327,2.198399353166887
3,15,0.0,3.36037390928628
3,16,0.5333428667404289,2.5960960527840427
3,17,0.1944247011735447,3.2885443934678453
3,18,0.7702994753028938,1.5257044446840158
3,19,0.0,3.949872578207401
3,20,0.0,3.2666439001224146
3,21,0.0,3.5416454935913655
3,22,0.0,2.818490462566842
3,23,0.0,3.4293422376520875
3,24,0.0,2.801584435936669
3,25,0.7690044838522736,1.7948685632626256
3,26,0.0,3.4425583439019256
3,27,0.20542424183652228,2.191066784308617
3,28,0.8909252571130462,1.7262124455503491
3,29,0.47764290377725227,1.5836118396807064
3,30,0.21658991330198984,2.1917037851522823
3,31,0.2899749670886242,2.2381439834494614
3,32,0.0,3.2083723403489652
3,33,0.0,3.56434529991096
3,34,0.44416481160819,2.046680814153803
3,35,0.5,1.363803628556348
3,36,0.0,3.0959788654587292
3,37,0.20169951103417416,2.1354028448871527
3,38,0.1875266670809032,2.033981017879644
3,39,0.5837611349806738,1.6648446586183059
3,40,0.0,2.8619207045040396
3,41,0.9652371988840748,1.2830083166097734
3,42,0.041053432124733835,2.1894195974231545
3,43,0.33980070999165746,1.3415982092191558
3,44,0.3389033805949038,1.6824598173071819
3,45,0.5,1.7366747820712602
3,46,0.0,2.529853239730238
3,47,0.642736283530071,1.3401820289743134
3,48,0.8275919986912054,1.7495635807852947
3,49,0.5472878713687275,1.4284366791492866
3,50,0.2186346498363726,2.6092732988666483
3,51,0.0,2.319584957296086
3,52,0.3696822454982751,1.9240472488180091
3,53,0.0,3.0896590999572004
3,54,0.5251120603990629,1.5035290774390673
3,55,0.0,2.1903619105111423
3,56,0.3785969490847869,2.060407468519245
3,57,0.5,1.3809629892839181
3,58,0.0,2.4724671997049477
3,59,0.08692048657664014,1.4629086170122831
3,60,0.8433639787491208,1.0536265556028157
3,61,0.7179444459465715,1.23576576450644
3,62,0.40845265557396915,1.8248328235587294
3,63,0.28993129501571036,1.3266215797415055
3,64,0.03939832210173544,2.5529033270234844
3,65,0.0,2.551629756653806
3,66,0.0,2.7772836050003473
3,67,0.0,2.572225839740738
3,68,0.17538569189014744,1.5048708035715372
3,69,0.0,2.6497723183292514
3,70,1.0,0.8739881429231291
3,71,0.18457114779791745,1.8781227263278877
3,72,0.7876651519100649,1.6000978781331532
3,73,1.0,1.2656076249629256
3,74,0.0,2.849210594829683
3,75,0.5907547629317361,1.994675379310161
3,76,0.09404910492882795,2.470011220887337
3,77,0.5656122789167248,1.5613237977782093
3,78,0.26681857214526317,2.492082777086796
3,79,0.5,2.2784572549279147
3,80,0.4016992354748844,1.6734082872260512
3,81,0.7753294417489769,1.4880840395188768
3,82,0.7285827340133346,1.0952934910808025
3,83,0.40834720187381357,1.3985225438851365
3,84,0.6646488923303646,1.4487891171508023
3,85,0.25154426765605575,1.5532756596713477
3,86,0.0,2.5546279026769376
3,87,0.0,2.8879108460163794
3,88,0.11833531369189354,2.537484323279459
3,89,1.0,0.9833886086751832
3,90,1.0,1.2821609863073837
3,91,0.0,2.3527142694444905
3,92,0.8339274150540987,1.5085418602755105
3,93,0.0,2.9191854681176053
3,94,0.17822936334654488,1.4873213579670406
3,95,0.62827316351644,1.3315554473338627
3,96,0.6432484266204975,1.2758244377026284
3,97,0.0,1.8465442306156223
3,98,0.37514851018327044,1.774625042919258
3,99,0.0,2.5256795814119517
4,0,0.0,2.4321225272363023
4,1,0.5,1.860982644137812
4,2,0.7236258655780532,1.9761554015496168
4,3,0.0,2.850579389736244
4,4,0.0,2.1187316800365235
4,5,0.160546557273629,1.1616293398287525
4,6,0.0,2.90048631154346
4,7,0.0,2.027453156117308
4,8,0.9011379927328605,0.9925491301867003
4,9,0.6053096845598935,0.9303920085101353
4,10,0.3774894907845776,1.865939943815565
4,11,0.16581784358068552,1.9296247660174852
4,12,1.0,0.906962432938031
4,13,0.9678808812306181,0.8524797335808235
4,14,0.0,2.375895691057448
4,15,0.0,2.1960690128508524
4,16,0.786190902979471,1.3001064558335975
4,17,0.1757432320947665,2.6111414287603973
4,18,0.558758409764489,1.0688508109620385
4,19,0.3559885655270237,1.4528751809742597
4,20,0.1394059089462282,1.6905828077195784
4,21,0.0888027650703842,2.02764958220589
4,22,0.4583753083250995,1.540945683627784
4,23,0.0,1.9234943868070542
4,24,0.0,2.2210093817944996
4,25,0.7754590975582422,1.1979167917704925
4,26,0.4456551881607134,1.4616208889479816
4,27,0.7054242418365223,0.9578041010996284
4,28,0.39092525711304615,1.4538733674012683
4,29,0.2090893125908564,1.8082096223817234
4,30,0.0,2.8492476830848226
4,31,0.015315129873532174,2.065762780253531
4,32,0.0,2.109224845541979
4,33,0.5,1.207582834147322
4,34,0.017791503696318378,2.0517008612606684
4,35,0.9842796861950456,0.6855242007770087
4,36,0.12019105828025349,1.408836556929334
4,37,0.1318401587256653,1.8337605984116396
4,38,0.6875266670809033,1.2659317681765476
4,39,0.4619489218467713,1.22900848046727
4,40,0.0,2.2629596930442792
4,41,0.4652371988840748,1.031153539874632
4,42,0.5410534321247338,1.0491517159553485
4,43,0.0,2.2375534277329727
4,44,0.21125427735201,1.198190130350958
4,45,0.0,2.489354063917416
4,46,0.22280442757019142,1.5000214816096582
4,47,0.3197231446532119,2.2092434406099923
4,48,0.32759199869120537,1.5280621361739246
4,49,1.0,0.4040157636315364
4,50,0.0,3.083797416062162
4,51,0.030926265114723683,1.4403011431074206
4,52,0.2818492267081145,1.2785742751756954
4,53,0.0,2.0116801240449935
4,54,0.025112060399062885,1.7964244368264455
4,55,0.0,1.7495359023022776
4,56,0.8785969490847869,1.133890198875158
4,57,0.47424705481123436,0.6999013039228846
4,58,0.22895975463070292,1.185395012859519
4,59,0.1056971950757902,0.9929551669453579
4,60,0.43881807080686785,1.1623262442526174
4,61,0.37346363791670534,0.8493079268820536
4,62,0.9084526555739691,0.6600812180723054
4,63,0.7688158472787744,0.4656874288534215
4,64,0.0,2.0204815196603763
4,65,0.0,1.979113952470232
4,66,0.5,0.7514788524466005
4,67,0.42502283621377074,0.9471804918205815
4,68,0.6753856918901474,0.5553383286380484
4,69,0.0,1.7139378737144018
4,70,0.9404387102915117,0.3342857201617856
4,71,0.4278211624590459,1.2500108339682103
4,72,0.2876651519100649,1.6347413465058724
4,73,0.8152158381630614,0.6542291834985462
4,74,0.5,1.0034490615749114
4,75,0.14057352005192159,2.2860292534203137
4,76,0.5940491049288279,0.8351820963474188
4,77,0.9220512179347935,0.7928331292036787
4,78,0.0,2.3305271538639305
4,79,0.06729027897618972,2.1445049429048213
4,80,0.0,1.962024095646394
4,81,0.662410376431968,1.7879683477864454
4,82,0.22858273401333462,1.1267037182476594
4,83,0.3352373352829203,0.843439966701667
4,84,1.0,0.3833328486266231
4,85,0.7515442676560558,0.5379373418876559
4,86,0.5,1.6817387838783773
4,87,0.0,1.7756882237393334
4,88,0.6040103610234986,1.0419331783490435
4,89,1.0,0.4110952439654901
4,90,1.0,0.4282021900043123
4,91,0.0,1.8163486218487246
4,92,1.0,0.7876819246743234
4,93,0.28858315540436585,1.3672165848066407
4,94,0.6782293633465448,0.6845201170032144
4,95,0.9103753390599321,0.8404019330398858
4,96,0.14324842662049753,1.185930268976414
4,97,0.1977857969552743,1.1440504087724186
4,98,0.5771223692646391,0.831456981463029
4,99,0.0,1.8481821703533954
5,0,0.0,1.5706100031369215
5,1,0.8883176484001718,0.7283892948843868
5,2,0.2236258655780532,2.243963120993986
5,3,0.5,0.9362331132783744
5,4,0.5,0.7018491684536925
5,5,0.0,1.331656066287029
5,6,0.0,1.7670175083979305
5,7,0.0,1.853330542465088
5,8,0.9564365758027673,0.9667599190994761
5,9,0.7789437739876232,0.360717084129537
5,10,0.29361446248791045,1.3115470424351225
5,11,0.0,2.156813754149827
5,12,0.8610847636227028,0.6454053549897585
5,13,0.6071891402929666,1.012340840438401
5,14,0.5,0.6509572619521174
5,15,0.0,1.6573678277409913
5,16,0.5373083006910169,1.253250701644453
5,17,0.11288577278549805,1.8473753599232032
5,18,0.058758409764488984,1.0810287558439633
5,19,0.3028503366610006,1.3929570855393048
5,20,0.18327664656016152,0.8847859672344595
5,21,0.5888027650703842,0.9439366265680069
5,22,0.753255202428596,0.8588626120511021
5,23,0.5,0.9461368209575746
5,24,0.0,1.5108713366578699
5,25,0.6481434269269463,0.6945750857292624
5,26,0.9456551881607134,0.5668582927530227
5,27,0.2054242418365223,1.1028178823067802
5,28,0.37989875951825064,1.1065882085492067
5,29,0.3966668489788659,1.2134417800731212
5,30,0.1577070969065854,1.7610732544012127
5,31,0.0,1.6865086046233428
5,32,0.0,1.763237853752638
5,33,0.403789532223767,0.9948055926777781
5,34,0.0,1.6938498877659032
5,35,0.6575985837760614,0.5910053801074899
5,36,0.6201910582802534,0.47837915233510586
5,37,0.33995018811735717,0.7067007909946484
5,38,1.0,0.7789489444654322
5,39,0.0,1.835100530061697
5,40,0.12790061082022508,1.3596926500596411
5,41,0.0,1.6549503383821058
5,42,1.0,0.6602924563491666
5,43,0.0,1.7955415294006793
5,44,0.6620828648723309,0.4932931889193347
5,45,0.5,0.8435939407497722
5,46,0.0,2.0055307896955252
5,47,0.06559654349345118,2.028977078894969
5,48,0.0,1.863151794347073
5,49,0.5,0.9001693629170062
5,50,0.0,2.3076312919740367
5,51,0.17525190705104882,0.8470417459405417
5,52,0.11007786469940908,1.0558490462384185
5,53,0.5,0.571477061760996
5,54,0.0,1.5214013163103455
5,55,0.0,1.811506672688214
5,56,0.9733618700910691,0.4236846691924909
5,57,0.042710215905035376,1.2208620382191515
5,58,0.06482818144306848,1.066015671594451
5,59,0.6056971950757902,0.5915836214552681
5,60,0.0,1.7955572609674568
5,61,0.14289810588842744,0.8642864535363264
5,62,0.40845265557396915,0.8864514524077628
5,63,0.3931968811562067,0.7823394634663808
5,64,0.1056502894596088,0.9905121688645049
5,65,0.0,1.8059174028758291
5,66,1.0,0.09850456224003108
5,67,0.2842253126134092,0.6850497718194899
5,68,1.0,0.19800596611672894
5,69,0.0,1.3115951542408755
5,70,0.4939539999368513,0.38331532794122525
5,71,0.24181927213291524,1.4942226296072654
5,72,0.0,1.6849465903530962
5,73,0.3152158381630614,0.5441289603945396
5,74,0.21567940803774838,1.0217229568244843
5,75,0.0,2.105203610688842
5,76,0.4305835989408519,0.7435469906115337
5,77,0.6209567684057111,0.6836259044790957
5,78,0.3298234823615077,0.8575597712256886
5,79,0.24586613417411035,0.8772911504436479
5,80,0.0,1.6544532457313426
5,81,0.9357914428243331,0.5012810886534793
5,82,0.0,1.6519713630584327
5,83,0.2633216508846625,0.5758202186581034
5,84,1.0,0.3567071617594841
5,85,0.7043274877084531,0.6159820757948855
5,86,1.0,0.756490740032948
5,87,0.22464894288083542,0.7068388516482048
5,88,0.9371843601870615,0.2223846817777892
5,89,0.88333073939752,0.21325374503555194
5,90,1.0,0.1156091715557852
5,91,0.27914970895298846,0.7767194142642513
5,92,0.5,0.6888496635226752
5,93,0.0,1.7738998930314787
5,94,0.41144067371841775,1.2417206459540313
5,95,0.9919947400993447,0.3662447250669049
5,96,0.0,1.2114417795943715
5,97,0.6269316518138417,0.6526006022434643
5,98,1.0,0.4170297440597421
5,99,0.0,1.4525132116006887
6,0,0.0,1.0888947371020934
6,1,0.3883176484001718,0.6440907547548319
6,2,0.0,2.2893815371285138
6,3,0.3510917885252815,0.6063110132103792
6,4,1.0,0.2581180086839382
6,5,0.0,1.2588596434886696
6,6,0.0,1.182513647150667
6,7,0.5,0.5931384793699926
6,8,0.4564365758027673,1.617454729132135
6,9,0.3830973265642717,0.4418495060581768
6,10,0.0,1.4800460276394878
6,11,0.0,1.4987146829349514
6,12,0.3610847636227028,0.8229605795342287
6,13,0.10718914029296656,1.7650714655325872
6,14,0.4773557382512298,0.5647477814180786
6,15,0.0018410169267610577,1.4342265008646142
6,16,0.03730830069101687,2.348534531627203
6,17,0.0005333236742556813,1.3901861705706895
6,18,0.14847457042400072,0.9937142275390761
6,19,0.0,1.528851358876624
6,20,0.1888494120664595,0.9101697207062823
6,21,1.0,0.4032813430439255
6,22,0.253255202428596,0.7465426949351941
6,23,1.0,0.41907206227438126
6,24,0.0,1.2290964342444894
6,25,0.14814342692694626,0.8343451921063026
6,26,0.8948912255700587,0.09507442666628788
6,27,0.0,1.3249708971074101
6,28,0.0,1.4593074484471846
6,29,0.2624218599900026,0.995978585168365
6,30,0.49618242706537136,0.7117683667140304
6,31,0.1851628180096427,0.8692526411915524
6,32,0.5,0.5786118681087156
6,33,0.0,1.9813316481270427
6,34,0.0,1.3207641024709422
6,35,0.30516133542277585,0.6775131803959825
6,36,0.8262920338143709,0.1631916449711548
6,37,0.5154515367387459,0.43516063584117143
6,38,0.5,0.8041787771732449
6,39,0.1143486345796178,1.18912200946254
6,40,0.2960404605740613,0.7391846653261481
6,41,0.0,1.5739270251296364
6,42,0.9624196420871083,0.43137581222290905
6,43,0.0,1.3851692458820537
6,44,0.695221305900603,0.29542624734891443
6,45,0.7943570092130919,0.3233379185261678
6,46,0.2848794466785507,0.6528368849050727
6,47,0.0,1.3034601299971191
6,48,0.0,1.3915469843777597
6,49,0.009973507822766181,1.4333632552442712
6,50,0.0,1.5712268901614403
6,51,0.6549854107773596,0.3464737191537607
6,52,0.38983865685631336,0.5146275281240592
6,53,0.1842964441022747,0.8998048659958812
6,54,0.15939727856654823,1.19495684331929
6,55,0.15313325563963598,0.8635336556100471
6,56,0.4733618700910691,0.48901010121186284
6,57,0.10431543566491988,0.9350547787418114
6,58,0.005793927290062284,0.9675230579419036
6,59,0.8254041094290244,0.16678317967203468
6,60,0.0764550659737731,1.0787817107329136
6,61,0.03648277855030663,1.1529791081156893
6,62,0.04285306218085949,1.223162220121549
6,63,0.0,1.14671447253446
6,64,0.03933714182163808,0.8704259734939528
6,65,0.2699410058651335,0.8268398355145903
6,66,1.0,0.08178880315207684
6,67,0.7842253126134092,0.19749178483600133
6,68,0.5,0.32823559713404604
6,69,0.5,0.3469558480185035
6,70,0.49139074854064596,0.3754928748067938
6,71,0.7418192721329152,0.6723033575939641
6,72,0.5,0.43083697256395836
6,73,0.1333509054801168,0.6354474243397824
6,74,0.3077240883452581,0.6321185643946731
6,75,0.5,0.4709616152667923
6,76,0.6570828365435383,0.4066833325750782
6,77,0.22615159691798314,0.7838900116139615
6,78,0.6718838556778612,0.22946397236721852
6,79,0.6407210849329243,0.47912111940288
6,80,0.08945653318208519,0.9611472734362866
6,81,0.8881443835434881,0.11386667841416682
6,82,0.5,0.6224353414012074
6,83,0.15985144597332687,0.6046081929541339
6,84,0.5,0.9258940941497109
6,85,0.2620368697732683,0.878707344758534
6,86,0.5,0.6310091841573331
6,87,0.6215504018649758,0.2904279371586494
6,88,0.6187535982021284,0.47010402683577196
6,89,0.38333073939752005,0.49911342893025445
6,90,1.0,0.07533053556744836
6,91,0.13737982479031302,0.877112945249838
6,92,0.16434073117871978,0.6750361251848079
6,93,0.0,1.5349763363955657
6,94,0.3374053674797155,1.1242110718537732
6,95,0.49199474009934474,0.4398548071782123
6,96,0.5,0.33894776461797016
6,97,0.6703375183197464,0.35195819892568386
6,98,0.5,0.5880302149506799
6,99,0.42607108799779336,0.563150042846688
7,0,0.0,1.0793613827603916
7,1,0.0,1.117952224553551
7,2,0.0,1.3415848785310975
7,3,0.0,1.0366219100578284
7,4,0.5275223523881163,0.3754400445975147
7,5,0.1915485734766852,0.6449890306341912
7,6,0.0,1.0912040963070386
7,7,0.21764461546769442,0.8442592842874976
7,8,0.823301170341492,0.5353166724439213
7,9,0.31904271000812345,0.5276967164010989
7,10,0.0,1.0445535908371733
7,11,0.030562855008828382,0.918235616361283
7,12,0.0,1.1396402101043925
7,13,0.0,1.6385295366954964
7,14,0.9773557382512298,0.10018464394917902
7,15,0.04321894772995253,1.0920322211135596
7,16,0.0,2.2432886163124843
7,17,0.0,1.0
7,18,0.6484745704240007,0.4873072119255514
7,19,0.18705020309750842,0.7831065740468173
7,20,0.12892501395473993,1.2987304349532112
7,21,0.5898720782660132,0.44947635973126904
7,22,0.0,1.101854914635988
7,23,0.5,0.5479881835122111
7,24,0.0,1.0445079082291764
7,25,0.0,1.2728727496940482
7,26,0.39489122557005873,0.3715962877496197
7,27,0.0,1.156783198200563
7,28,0.10643039496363801,1.0628216161650053
7,29,0.1524507871952138,0.8315982842111089
7,30,0.6984400113893035,0.22915687810029325
7,31,0.25263678320319843,0.6145280513163873
7,32,0.7778693610896507,0.1485610571932937
7,33,0.0692047460902861,1.377231005422581
7,34,0.5,0.4314533572340059
7,35,0.011535392316271376,0.8925970562960616
7,36,0.3262920338143709,0.5406257957918346
7,37,0.12596379881216024,1.1851157224619577
7,38,0.17984031604563266,0.7742616013340268
7,39,0.0,1.4557321688888598
7,40,0.7420412968147463,0.19628275356392352
7,41,0.5,0.4150575425083447
7,42,0.5802910530348926,0.4434794899773728
7,43,0.5,0.3019843115461618
7,44,0.5934117510775524,0.24914257680625282
7,45,0.8906522375676824,0.12786353208468385
7,46,0.22698499835494348,0.6148732484828464
7,47,0.0,1.0937350528293133
7,48,0.0,1.0811931944409379
7,49,0.5099735078227662,0.5139938189706725
7,50,0.5,0.46862736617815887
7,51,0.6136698576655037,0.3032231551610255
7,52,0.8898386568563134,0.19555538050448043
7,53,0.0288354963326255,1.0246910938220772
7,54,0.6593972785665483,0.46297258141720726
7,55,0.1514104733385944,0.8378607713237107
7,56,0.0,1.1484367260635286
7,57,0.3676042044027955,0.5253944371827498
7,58,0.008553052443329774,0.9226344664276989
7,59,0.3254041094290244,0.5805773756317185
7,60,0.06716856805499301,0.8376299200751727
7,61,0.07494930512196137,0.9064817940379697
7,62,0.5055239553490197,0.5582430776019274
7,63,0.0,1.1358553028433693
7,64,0.0,1.0
7,65,0.22735354939389865,0.5942862206244208
7,66,1.0,0.07489475733119014
7,67,0.5368170093213963,0.43790915240201334
7,68,1.0,0.015363265157351381
7,69,0.8354469021018167,0.15395170484552587
7,70,0.9913907485406459,0.03180755966598511
7,71,1.0,0.21138517969895596
7,72,0.8740452295981174,0.06509613884735865
7,73,0.0,1.0
7,74,0.28683692141862827,0.6754242929693469
7,75,0.6213179832726226,0.24287053796953367
7,76,0.5587184041429311,0.34929396039845473
7,77,0.46717224998800133,0.5447948645573871
7,78,1.0,0.025466329311124154
7,79,1.0,0.053043854003509
7,80,0.08590511135008627,0.7302010998037919
7,81,0.6320100421884397,0.26092356641070774
7,82,0.0,1.379416591998471
7,83,0.0,1.0
7,84,0.9882043831975811,0.5189897846632585
7,85,0.7620368697732682,0.30298417527704935
7,86,0.11455790446436531,0.6641449757179625
7,87,0.9098102513234654,0.07759875586576853
7,88,0.19446090963158746,0.977051590866893
7,89,0.7045854042931924,0.32642811052265747
7,90,1.0,0.11174958287286281
7,91,0.6373798247903131,0.3191261438230605
7,92,0.0,1.0
7,93,0.0,1.4904052777846195
7,94,0.8374053674797155,0.265367778495977
7,95,0.0,1.0191436354288521
7,96,0.0,1.0706994638650063
7,97,1.0,0.019068842404146292
7,98,1.0,0.1201531309921586
7,99,0.7294722502607173,0.25000290273430625
8,0,0.0,1.0
8,1,0.0,1.0
8,2,0.5,0.2928932188134524
8,3,0.0,1.0311131225669197
8,4,0.04786306634882259,0.8150870734833805
8,5,0.0,1.0870308144974556
8,6,0.5,0.2928932188134524
8,7,0.05539100893639087,0.9211514395691024
8,8,0.6840126858638067,0.45527845227987046
8,9,0.8190427100081235,0.12903532292528713
8,10,0.05226308091750065,0.7891562785834474
8,11,0.5305628550088284,0.3266005287696015
8,12,0.5,0.613771082704346
8,13,0.0,1.206912449101529
8,14,0.6671011776203536,0.2768223695898674
8,15,0.5432189477299525,0.3932553783161379
8,16,0.10920279965150004,1.090555135231172
8,17,0.39865680389167896,0.36860725068173383
8,18,0.4495462829544482,0.5429252200059856
8,19,0.6870502030975084,0.27900959392162783
8,20,0.2915391966386336,0.7383466570308953
8,21,0.08987207826601318,0.7769205440681239
8,22,0.16159191749485058,0.6784950269846516
8,23,0.19628426571714386,0.6614763814293856
8,24,0.5,0.30742919714006167
8,25,0.0,1.102760108809039
8,26,0.11232016525216126,0.6648579924089473
8,27,0.5,0.3805697379364457
8,28,0.606430394963638,0.2710140990880297
8,29,0.6524507871952138,0.19451076524981334
8,30,1.0,0.020445396076087866
8,31,0.14594584092856533,0.70184565672586
8,32,0.6042087711886784,0.2632040675346189
8,33,0.36253287702758186,0.5427292764711003
8,34,1.0,0.02590958231552379
8,35,0.0,1.024262419490453
8,36,0.0,1.147251687711277
8,37,0.0,1.4799963033830343
8,38,0.04865820680462851,0.8753852659679974
8,39,0.3101972668285633,0.47338989563574513
8,40,0.7351375545655958,0.1425983703271868
8,41,0.727051950637961,0.14732658617852934
8,42,0.4500914562740994,0.44965043638973584
8,43,0.13816239747285008,0.6292622413873593
8,44,0.5089098205744204,0.2866208437482769
8,45,0.6238751622522414,0.29799584382785743
8,46,0.3305149890129686,0.44911363937805854
8,47,0.0,1.090596572310527
8,48,0.5,0.2928932188134524
8,49,0.923899096260353,0.042227138237473934
8,50,0.5223531666742403,0.304877044460848
8,51,0.11366985766550375,0.6829471269082001
8,52,1.0,0.12743278890186574
8,53,0.5288354963326255,0.3195692206576088
8,54,0.15939727856654828,0.7064872503724456
8,55,0.2654545580040471,0.7477016680749234
8,56,0.5,0.2928932188134524
8,57,0.7698000066639941,0.17721764824222616
8,58,0.5085530524433298,0.28744448912845694
8,59,0.36153864883124914,0.4978899057271821
8,60,0.0624257526128469,0.7513401176278812
8,61,0.5749493051219614,0.2647424768786851
8,62,1.0,0.18870128862889307
8,63,0.5,0.3669433114154464
8,64,0.1230595834502117,0.6492015059179819
8,65,0.3141544780255444,0.5209081891157318
8,66,1.0,0.014496788436647428
8,67,0.15345486208480075,0.7079186989827398
8,68,1.0,0.00648116723053068
8,69,1.0,0.07572093246317149
8,70,1.0,0.0
8,71,0.6281219017919569,0.2732538430093476
8,72,0.37404522959811737,0.41633565965260055
8,73,0.5,0.2928932188134524
8,74,0.7868369214186283,0.2084251650435053
8,75,0.50105471790736,0.30306301906017546
8,76,0.2931696901073156,0.47810956959331063
8,77,0.5719357893128941,0.27375551175150703
8,78,0.5,0.2928932188134524
8,79,1.0,0.00013732812089797404
8,80,0.2318305610444054,0.5565390360186077
8,81,0.1320100421884397,0.6754070320398498
8,82,0.5,0.31700444419263546
8,83,0.016656619967820335,0.8762023375993315
8,84,0.624943539659814,0.5676267333822986
8,85,1.0,0.07060404025796826
8,86,0.6145579044643653,0.33987836438902
8,87,0.7372018792649369,0.18832970988960024
8,88,0.0,1.4595935389590675
8,89,1.0,0.05861538147422132
8,90,1.0,0.032310374973354955
8,91,1.0,0.015784555084633427
8,92,0.05560870625628381,0.7912345769159
8,93,0.3390895309068761,0.5034236138783369
8,94,0.3374053674797155,0.602819649926415
8,95,0.0,1.0
8,96,0.5,0.36209648549906487
8,97,0.9285123472133385,0.254452064904676
8,98,1.0,0.04244735633923859
8,99,0.22947225026071727,0.5557323177407691
9,0,0.0,1.0
9,1,0.3428899507190637,0.41443194185554855
9,2,0.1705989801668797,0.5869637059931904
9,3,0.0,1.141371274416811
9,4,0.41905951838800554,0.4764158662635347
9,5,0.5,0.32240239462033077
9,6,1.0,0.0
9,7,0.18529507002318224,0.6714774872470736
9,8,0.9408185715371065,0.12505489360149963
9,9,1.0,0.0
9,10,0.5522630809175006,0.27959330694023665
9,11,0.3244595209228568,0.521593212920854
9,12,1.0,0.09386930175131836
9,13,0.5,0.31228485918555576
9,14,0.1671011776203536,0.6596169764172676
9,15,1.0,0.015991492803464315
9,16,0.6092027996515,0.37327211695881524
9,17,0.8986568038916789,0.05202489278901479
9,18,0.28834838144412467,0.5201839212448588
9,19,0.18705020309750842,0.5991894321023118
9,20,0.4231225791616505,0.420722234661938
9,21,0.14358880364925974,0.7135712477151698
9,22,0.025524261993988107,0.8803401702076687
9,23,0.06057451451425813,0.756378216629349
9,24,0.43820659134883927,0.33973245710047206
9,25,0.5,0.30840856980609416
9,26,0.3570389325010931,0.413029305956434
9,27,0.35871039781932057,0.48423036071973496
9,28,1.0,0.0
9,29,0.15245078719521377,0.6483222659113703
9,30,0.5,0.31113879489205676
9,31,0.40699967979627244,0.36536810972131123
9,32,0.6616487043515464,0.31885692848788805
9,33,0.8625328770275819,0.11587160655122823
9,34,0.5,0.3492149254432257
9,35,0.0,1.0291903340968311
9,36,0.49312486634747377,0.3608250124934068
9,37,0.14325924518759392,0.6887334817947558
9,38,0.412203739707641,0.4293283688631018
9,39,0.012713575964391655,1.0144455940250237
9,40,0.5030962260221732,0.29070723532368303
9,41,0.7712712987822853,0.12996099085102125
9,42,0.9500914562740994,0.12947476374527056
9,43,0.12162348609259759,0.6604852719798261
9,44,0.2544944847829391,0.49965986924021555
9,45,0.7308034087704167,0.1857318766824743
9,46,0.4981530791426903,0.2974548366490976
9,47,0.17494929012635407,0.5817306010160986
9,48,1.0,0.0
9,49,0.42389909626035305,0.34892466160946245
9,50,0.5258850185450663,0.27482069903708206
9,51,0.6136698576655037,0.22502237844121556
9,52,0.9899849670268343,0.11581018299438368
9,53,0.0288354963326255,1.0365932296792806
9,54,0.6593972785665483,0.20521968938682042
9,55,0.765454558004047,0.22086264621235988
9,56,0.87157106129206,0.16798853490292154
9,57,0.26980000666399406,0.5489376452669128
9,58,0.7047270822174821,0.1605573570321009
9,59,0.28713389577507076,0.4658076428403212
9,60,0.24307568571916605,0.506972936118953
9,61,0.1219913893834837,0.6955118487362666
9,62,0.5,0.4639778499811008
9,63,0.9425720722851636,0.029970947747236514
9,64,0.6230595834502117,0.21065876615356538
9,65,0.22146696379430147,0.9202615510443356
9,66,0.5087126720708144,0.28675903646045797
9,67,0.6534548620848007,0.21016728225177292
9,68,0.5,0.30149722433489523
9,69,0.5,0.2959327939460257
9,70,1.0,0.011304789496499202
9,71,0.12812190179195693,0.6420588012089739
9,72,0.0,1.056243630389922
9,73,0.20323932616373552,0.5509717832723959
9,74,1.0,0.005652083042070518
9,75,0.0010547179073600033,1.0478855590033564
9,76,0.5739539751745684,0.2911759884946269
9,77,0.6184032885981374,0.2240602973187266
9,78,0.11065528646497119,0.66735110632234
9,79,0.5,0.2928932188134524
9,80,0.7318305610444054,0.1445290413787237
9,81,0.46606098734240786,0.33077331877100274
9,82,0.6506568503450523,0.33875173025750155
9,83,0.017733342276921204,0.8859681972575516
9,84,0.4975171734915452,0.44769684125213566
9,85,0.5,0.2931862503703849
9,86,0.5755788298504506,0.3924282388248652
9,87,0.2827552328463508,0.6395288238835862
9,88,0.0,1.1752283608618717
9,89,0.5,0.3698634889493947
9,90,0.7748765794886134,0.1197292578481246
9,91,0.8748729649072159,0.07656399210386197
9,92,0.22123371872335476,0.5296451140645451
9,93,0.0,1.2548234587473015
9,94,0.0,1.0972199343428812
9,95,0.5,0.2928932188134524
9,96,0.5029586869070217,0.2980866607707113
9,97,0.42851234721333853,0.5041242186965417
9,98,1.0,0.008115761366110303
9,99,0.0,1.0
10,0,0.3529354947652777,0.4059162561008106
10,1,0.4416817230109226,0.33540860447119647
10,2,0.531394596981345,0.2710318271821842
10,3,0.5,0.3556906902644225
10,4,0.6211442674578084,0.26823832728173025
10,5,0.2027783943987601,0.569058939487613
10,6,0.5,0.2928932188134524
10,7,0.17357932226054712,0.7084239510563696
10,8,0.44081857153710646,0.36014236156239415
10,9,0.7165416767888778,0.15351215201346347
10,10,0.17529114431094817,0.6148077226004113
10,11,0.7175389259564664,0.2045480826775822
10,12,0.5,0.34432631214762865
10,13,0.7796279877741231,0.11703454893516752
10,14,0.6671011776203536,0.21744674732469238
10,15,1.0,0.0
10,16,0.9261240335100902,0.33505483167876177
10,17,0.3986568038916789,0.36860725068173383
10,18,0.09742516608340093,0.7308495311353113
10,19,0.6870502030975084,0.1908069236359356
10,20,0.2392234962710008,0.5523650025281673
10,21,0.6435888036492597,0.37247138638792016
10,22,0.1465844655782302,0.6261330180456431
10,23,0.1441866809894254,0.6362515627924851
10,24,0.5623083956793775,0.2501277470932949
10,25,1.0,0.003707648171281684
10,26,0.38142800270201527,0.44226431717561676
10,27,0.21754362393231458,0.5940238088986998
10,28,1.0,0.00919753686575224
10,29,0.0,1.066035342542921
10,30,0.42577751347812465,0.3483061704719335
10,31,0.1800128619209654,0.5757207736396166
10,32,0.16164870435154644,0.9249788734601363
10,33,0.8798625045424642,0.0844739254541602
10,34,0.0,1.0692651445976116
10,35,0.0,1.0
10,36,0.9931248663474738,0.0034434956574345144
10,37,0.3100495049393974,0.45006410474825925
10,38,0.49531004583296867,0.2977511915766386
10,39,0.0,1.4594333225026148
10,40,0.24569213796564138,0.5043265813404543
10,41,0.2712712987822853,0.5090755803749726
10,42,0.4500914562740994,0.4608686647340567
10,43,0.5024053186031326,0.3012381432381731
10,44,0.0,1.0481583636170364
10,45,0.8296814980265967,0.0986026216225266
10,46,0.0,1.0150951049562806
10,47,0.5285855168299423,0.27296113114225984
10,48,0.5,0.3537089073574358
10,49,0.34029147350434913,0.416654927590582
10,50,0.03553052858575717,0.8171045012212754
10,51,1.0,0.001114375491229543
10,52,0.48998496702683425,0.3319388491871775
10,53,0.5288354963326255,0.37975541552917086
10,54,0.15939727856654828,0.6310531591340949
10,55,0.4295354434699048,0.385633950032295
10,56,1.0,0.11396537316630627
10,57,0.0,1.1035284826609726
10,58,0.9661196123668745,0.01708616228741877
10,59,0.7871338957750708,0.11323042083778467
10,60,0.38515313942330787,0.3793929267053848
10,61,0.0,1.0162090674435325
10,62,0.054336245615433654,1.094047513030931
10,63,0.9570623466210382,0.0217043664510006
10,64,1.0,0.0
10,65,0.0,1.6707780565193944
10,66,0.1425844197076731,0.6223964781577467
10,67,0.9952016979224914,0.011085408623229138
10,68,0.0,1.0
10,69,0.0,1.0081587040197098
10,70,0.5,0.32377779472167034
10,71,0.0,1.0
10,72,0.5,0.2928932188134524
10,73,0.12694059989350148,0.6443673101128462
10,74,0.6421373512022002,0.2701837097028529
10,75,0.0,1.0000941457226942
10,76,1.0,0.0781774031870593
10,77,0.7093514221555657,0.16090676631361864
10,78,0.0,1.0
10,79,0.0,1.0
10,80,0.5347191852674467,0.28602417806340474
10,81,0.6915446236041201,0.16840837930861763
10,82,0.15065685034505227,0.9143898062381166
10,83,0.07481008256578768,0.7264856812417535
10,84,0.0,1.0
10,85,0.12077799144859702,0.6555636985618453
10,86,0.18132262630662443,0.5954047094031716
10,87,0.0,1.1720097655713797
10,88,0.0,1.0792303151098845
10,89,0.09916155964563661,0.7105482325881717
10,90,0.27487657948861344,0.47571326596163677
10,91,0.3748729649072159,0.4129297280336176
10,92,0.022541826164837936,0.8498606441840184
10,93,0.0,1.1166453446030757
10,94,0.0,1.017974427681568
10,95,0.5120501254627245,0.28442322182541124
10,96,0.839576925163406,0.09232501018015213
10,97,0.0,1.0756078341280855
10,98,1.0,0.0029333239162191937
10,99,0.0,1.0
11,0,0.5236813798884151,0.2763416690948586
11,1,0.0,1.0
11,2,0.7816201492297018,0.1159071602881846
11,3,0.8979306151315146,0.07074565413114733
11,4,0.6991732857276514,0.16758033626943813
11,5,0.0,1.0128246876892155
11,6,0.0,1.0
11,7,0.6735793222605471,0.2400763308806581
11,8,0.0,1.0
11,9,0.9174262405782936,0.04217629984516802
11,10,0.12228816759470648,0.6698996403312326
11,11,0.2175389259564664,0.5435740022772486
11,12,0.1457750385270677,0.6882739211390553
11,13,0.2796279877741231,0.4810562226689085
11,14,0.6010483747046491,0.27672486367201893
11,15,0.5,0.2928932188134524
11,16,0.6954754166530297,0.6404190286975154
11,17,0.0,1.0
11,18,0.15427285202238336,0.6220711131046929
11,19,0.18705020309750842,0.5735495793270704
11,20,0.24293159975881712,0.5803180581955315
11,21,1.0,0.05176172494773475
11,22,0.6465844655782302,0.19589523967443756
11,23,0.6441866809894254,0.21671500184277118
11,24,0.32461554304974705,0.43070538794114566
11,25,0.9789745562274333,0.013595403905215584
11,26,0.8814280027020153,0.07005983479278893
11,27,0.7175436239323145,0.1662935533032048
11,28,0.5,0.3569783613279412
11,29,0.0,1.025528261938534
11,30,0.3534911603606606,0.40544877398102985
11,31,0.5446353895448632,0.2620058336647483
11,32,0.6616487043515464,0.3477736752288249
11,33,0.712073591287261,0.17181225688235754
11,34,0.0,1.0330672392112499
11,35,0.0,1.0
11,36,1.0,0.0
11,37,0.41971400835127765,0.35214661508079037
11,38,0.9953100458329687,0.0023477330086556503
11,39,0.0,1.3074033941994523
11,40,0.41298852056869484,0.35735817085355015
11,41,0.7531360257629729,0.1321658996311721
11,42,0.8921596857601782,0.08511109374986628
11,43,1.0,0.006226099124780593
11,44,0.011313332371585938,0.9344134528924547
11,45,0.7541044073694642,0.13594600271180277
11,46,0.0,1.0421357675572482
11,47,0.5098329311193758,0.2859741383399508
11,48,0.08974099986692646,0.8426787162514141
11,49,0.0,1.016191279695253
11,50,0.5355305285857572,0.2730965353558171
11,51,0.9122385977484336,0.04966868419217175
11,52,0.0,1.0
11,53,0.0288354963326255,0.8546301988325776
11,54,0.0,1.0
11,55,0.9295354434699048,0.04718940852661124
11,56,0.5,0.3655522648733067
11,57,0.0,1.1098113886545817
11,58,0.4661196123668745,0.3172704690971142
11,59,0.8546768156745386,0.07551267414066809
11,60,0.0,1.0014616178726687
11,61,0.32908263913434965,0.4332693999206638
11,62,0.36823171559769435,0.7164523285724105
11,63,0.4570623466210382,0.3239361371726498
11,64,0.5,0.2928932188134524
11,65,0.0,1.4559969546789044
11,66,0.0,1.0
11,67,1.0,0.009110825946196575
11,68,0.5,0.29528990763545665
11,69,0.5,0.2964747100847653
11,70,0.07005164352648247,0.8069484721315565
11,71,0.5,0.2928932188134524
11,72,0.7054768267097489,0.16007332063462298
11,73,0.6269405998935015,0.20820419305637805
11,74,0.7520608512310712,0.1330502262726773
11,75,0.0,1.0503678433790462
11,76,0.8559770941473754,0.10342679576327402
11,77,0.554117386301747,0.25560938593924565
11,78,0.0,1.0
11,79,0.2362610943924287,0.5139330350739431
11,80,0.03471918526744666,0.8630366251823021
11,81,0.501775636987318,0.3213298581571937
11,82,0.0,1.3388229877338709
11,83,0.5748100825657877,0.2418376937846437
11,84,0.5,0.3111235160463234
11,85,0.620777991448597,0.3170327297787189
11,86,0.0,1.0
11,87,0.0,1.0330266720384396
11,88,0.5,0.30899825852012053
11,89,0.5991615596456366,0.22729930841008694
11,90,0.0,1.0
11,91,0.0,1.035726818451973
11,92,0.5225418261648379,0.27712945407573986
11,93,0.0,1.0252950261099791
11,94,0.2753273245561514,0.4752835770093037
11,95,0.713478506038563,0.15532343110598656
11,96,0.46108929874213544,0.3231405528690892
11,97,0.5,0.3038849979683203
11,98,0.5,0.2949308690181445
11,99,0.10948057879470824,0.6691215044843376
12,0,0.7914616398501768,0.12138870847262599
12,1,0.5,0.2928932188134524
12,2,0.39724353317163574,0.36972741359659644
12,3,0.7850738357287917,0.1139560757339444
12,4,0.8668661105450148,0.06955342614670505
12,5,0.0,1.0
12,6,0.5,0.2928932188134524
12,7,0.9937416722111007,0.01155420475651591
12,8,0.24224469102727164,0.5152515764116905
12,9,0.4174262405782936,0.3539146801092803
12,10,0.6222881675947065,0.22222676633724067
12,11,0.0,1.0678564185050183
12,12,0.0,1.0477790833110505
12,13,0.11827927695166218,0.662417571741806
12,14,0.8695587722820769,0.08459003477162519
12,15,0.1187913380850833,0.6553388068188075
12,16,0.1954754166530297,0.9891399195616919
12,17,0.5,0.2928932188134524
12,18,0.6542728520223834,0.19112865545725788
12,19,0.0,1.0
12,20,0.309640020374893,0.4435469288656113
12,21,0.6197291760252299,0.3250879510178463
12,22,1.0,0.0
12,23,0.863782441637955,0.07060103204385093
12,24,0.0,1.0027352405538692
12,25,0.9606588352244239,0.019867950108545918
12,26,1.0,0.0
12,27,1.0,0.04952169423095724
12,28,0.11816030693987839,0.7309862960942458
12,29,0.5,0.2928932188134524
12,30,0.6394611177677872,0.20033687232198383
12,31,0.825662643564425,0.09134019371140611
12,32,0.16164870435154644,0.7002658409503578
12,33,0.7565700117501059,0.13581870473454913
12,34,0.5,0.3086184834162846
12,35,0.5,0.2928932188134524
12,36,0.5,0.2928932188134524
12,37,0.0,1.0
12,38,0.49531004583296867,0.37218188089496906
12,39,0.0,1.142485609169077
12,40,0.6923328457969251,0.1679345904335855
12,41,1.0,0.0
12,42,0.8562057019351577,0.07468616030280961
12,43,1.0,0.0014568629370175234
12,44,0.02785938717991294,0.8330886846858101
12,45,0.7724565799883858,0.12467706395941736
12,46,0.0,1.0679364217971625
12,47,0.009832931119375776,0.9008388628575903
12,48,0.0,1.1927769091336953
12,49,0.5,0.31051455774871267
12,50,0.873006864287251,0.06565163654702588
12,51,0.5978971496877493,0.23667384309020478
12,52,0.5,0.2928932188134524
12,53,0.0,1.0073737849186948
12,54,0.5,0.2928932188134524
12,55,1.0,0.08481213660774108
12,56,0.13877721983228353,0.6492286706891295
12,57,0.0,1.1653925720443852
12,58,0.0,1.0
12,59,0.35467681567453857,0.40445250762467433
12,60,0.5,0.29447207693814004
12,61,0.5818512577436714,0.2389258883298389
12,62,0.48699897435570494,0.5025705600396125
12,63,0.23438011004431572,0.5158718041217639
12,64,0.0,1.0
12,65,0.0,1.220532130016895
12,66,0.0,1.0
12,67,0.5,0.30381923776422126
12,68,0.6302398737516461,0.2062970666607911
12,69,0.458645214750295,0.32858718139638865
12,70,0.5700516435264824,0.24498235548665326
12,71,0.910900560187115,0.04558889351227946
12,72,0.3496601073249829,0.4086793532059083
12,73,0.12694059989350148,0.6437127564822149
12,74,0.25206085123107125,0.5544671061801578
12,75,0.5,0.29958883778664275
12,76,0.35597709414737544,0.40336183984983376
12,77,0.4346976245959413,0.3406839721378364
12,78,0.13244726878150526,0.636066944642967
12,79,0.7362610943924287,0.14194342005178429
12,80,0.5347191852674467,0.2894244181947656
12,81,0.0017756369873179745,0.9578616921635672
12,82,0.0,1.212820615407001
12,83,0.4759948256600407,0.31007621749932357
12,84,1.0,0.017241332750258867
12,85,0.36815932381375893,0.5136009858682885
12,86,0.5,0.2928932188134524
12,87,0.20684691133417515,0.5451957439357289
12,88,0.3115304163701731,0.4418509013084648
12,89,0.970542541105454,0.016055349398887354
12,90,0.0,1.0
12,91,0.5,0.30205684603371163
12,92,0.4340459001368916,0.3411784003716244
12,93,0.011506171228391343,0.8927331774107606
12,94,0.6987451325638124,0.16409023659020916
12,95,0.213478506038563,0.5379626573115945
12,96,0.28782712925693593,0.474463551092372
12,97,0.1829988745546503,0.680553553473286
12,98,0.15747240462699363,0.6046206313366381
12,99,0.4742539297987863,0.31133903130873875
13,0,0.2914616398501768,0.47111052853669705
13,1,0.04061742671322638,0.7984623441804823
13,2,0.7736846262510929,0.12040655627097074
13,3,0.8013217147726182,0.10483425290473825
13,4,0.799358573756528,0.10597487877308953
13,5,0.0,1.0
13,6,0.6604036721527781,0.18734775447748986
13,7,0.49374167221110066,0.3008900123845705
13,8,0.32930928314844693,0.42949411050473935
13,9,0.36122799668734673,0.40923466452917995
13,10,0.13869874470664384,0.6364743321633267
13,11,0.24582951499473377,0.5064536133079689
13,12,0.037152119665679856,0.8214231554469462
13,13,0.08546492883185419,0.7076561462389637
13,14,0.3695587722820769,0.39208654211139815
13,15,0.6187913380850834,0.213367088099485
13,16,0.0,1.1080250550130775
13,17,0.2886195301134639,0.4627667823808138
13,18,0.1542728520223834,0.6541188140728628
13,19,0.0,1.0
13,20,0.24947141286614924,0.5005288668339789
13,21,0.2834692587063441,0.4913111507827098
13,22,0.5,0.2928932188134524
13,23,0.36378244163795503,0.3968562015257431
13,24,0.5,0.29571354095132374
13,25,0.46065883522442386,0.3212814757026121
13,26,0.5474523425074731,0.260099775302458
13,27,0.5,0.3803793201833011
13,28,0.44394647482504884,0.3337069152204498
13,29,0.3603040814226564,0.42115667669562956
13,30,0.3048177509035067,0.44789697437569975
13,31,0.325662643564425,0.42933140653753776
13,32,0.0,1.1232032183006244
13,33,0.7879088951608288,0.11235767611000613
13,34,0.8806629824065502,0.06318525966742009
13,35,0.0,1.0020045869995717
13,36,0.0,1.0
13,37,0.19016455059187123,0.5954500572339394
13,38,0.0,1.101964022737332
13,39,0.5,0.2928932188134524
13,40,0.9183111223073028,0.04171448810529188
13,41,0.6588983832018245,0.18827444095813728
13,42,0.35620570193515766,0.40317029067316223
13,43,0.5,0.2930818334548521
13,44,0.4429156975856868,0.33448088112685537
13,45,0.7155296396444547,0.16652200780165316
13,46,0.0,1.0522104200968432
13,47,0.4152741914450405,0.35558228496957
13,48,0.5,0.3173252108472115
13,49,0.7614588824734799,0.12891776530822674
13,50,0.37300686428725105,0.3892571209688557
13,51,0.09789714968774932,0.6911896026078748
13,52,0.6020579087567162,0.24541900963369243
13,53,0.09029893885255064,0.6995021816176519
13,54,0.6334754748430306,0.20408827446567257
13,55,0.6520411499842653,0.20940781152753535
13,56,0.6387772198322835,0.20076460299090637
13,57,0.41502612216151646,0.3885264985052883
13,58,0.08912842415698968,0.7068043966609983
13,59,0.0,1.0047406657611964
13,60,0.7299652463289142,0.15847984726990993
13,61,0.08185125774367141,0.7139034118629315
13,62,0.5756822668945942,0.3000349278804022
13,63,0.7343801100443157,0.1430401934487734
13,64,0.5,0.2928932188134524
13,65,0.28921040888306093,0.4976597966526923
13,66,0.0,1.0
13,67,0.100413947109661,0.700908943068018
13,68,0.2282450569657598,0.5246803316587868
13,69,0.20552595731793422,0.5466502924695614
13,70,0.8024640037292805,0.10419644802597461
13,71,1.0,0.0
13,72,0.849660107324983,0.07822990538584784
13,73,0.03922993618335466,0.8019345154163536
13,74,0.7520608512310712,0.17460422912354112
13,75,0.0,1.0049631962986
13,76,0.8559770941473754,0.0764371735669538
13,77,0.24997625942377644,0.5035668727492608
13,78,0.6324472687815053,0.20473446649467753
13,79,0.8631225733065427,0.07095609721254681
13,80,0.4695468220388219,0.31476513366669534
13,81,0.10725090297848641,0.6919689214276495
13,82,0.5,0.30665747009250593
13,83,0.31811695535734585,0.4359814228614931
13,84,0.5145763464860496,0.289327672876214
13,85,0.0,1.136400369570873
13,86,0.0,1.0340119160722245
13,87,0.36260300090883785,0.3978347395366968
13,88,0.10658218281713189,0.6735307322011276
13,89,0.470542541105454,0.31505931340980636
13,90,0.2979822620758362,0.45412248436500313
13,91,1.0,0.001076664676332716
13,92,0.1756502245112641,0.5808935403608481
13,93,0.08670278874476683,0.7312669750112573
13,94,0.5153536709804596,0.2940350337022836
13,95,0.5405393679122553,0.27205354099638596
13,96,0.7878271292569359,0.1237204911356145
13,97,0.42164315951161935,0.4335351821858748
13,98,0.026229331102512216,0.8459001847924369
13,99,0.0,1.0
14,0,0.0,1.0
14,1,0.4784089962653746,0.30832883805570255
14,2,0.5997974429257362,0.23195699117985563
14,3,0.30132171477261815,0.45107221351746263
14,4,0.29935857375652797,0.45286329518434976
14,5,0.1453116022336696,0.6188024105091041
14,6,0.21434636011087577,0.5570218734150003
14,7,0.763481267211213,0.1275693697710735
14,8,0.0,1.0
14,9,0.270165458272368,0.4873839158989853
14,10,0.0,1.0
14,11,0.7458295149947338,0.13638578346883734
14,12,0.5289097939425512,0.2906291051448716
14,13,0.5854649288318542,0.23484319983950075
14,14,0.0,1.0
14,15,0.7833877395214159,0.11490806154308697
14,16,0.0,1.0025571354071299
14,17,0.0,1.0087979629376707
14,18,0.0,1.0843676026112987
14,19,0.04476142284036223,0.8226113134616646
14,20,0.05341443299271589,0.7979637257430758
14,21,0.0,1.025925081414165
14,22,0.7232001120274407,0.1654039810540181
14,23,0.044573845951263624,0.7888748097661873
14,24,0.9098746639924276,0.048924058189246125
14,25,0.0,1.0002886328525862
14,26,0.18815842228383545,0.5662276838203764
14,27,0.6832198312629263,0.17342887102020899
14,28,0.9439464748250488,0.028430921228424055
14,29,0.25885769939716297,0.5060578562422994
14,30,0.37793055736021514,0.38523943086741885
14,31,0.4400282356511294,0.336653758847516
14,32,0.0,1.0
14,33,0.28790889516082885,0.4634285740361971
14,34,0.38066298240655017,0.40045102755387235
14,35,0.0,1.0006291520892288
14,36,0.22335563816431891,0.5273948390418076
14,37,0.6901645505918712,0.1897937201498653
14,38,0.0,1.0146863580334544
14,39,0.22436165507815903,0.6286870414656083
14,40,0.41831112230730283,0.35323024011066906
14,41,0.4387473418584184,0.3376199415302281
14,42,0.0,1.0
14,43,0.0,1.0003830398105071
14,44,0.0,1.0
14,45,0.7086605795951082,0.15818019766988833
14,46,0.24796149224904743,0.5116103292137265
14,47,0.8337472488051074,0.08690238812868023
14,48,0.0,1.1354183632597468
14,49,1.0,0.013111108569480263
14,50,0.37163240407445747,0.3903833958343511
14,51,0.5978971496877493,0.22943925834435266
14,52,0.20204446320245617,0.5948822291261396
14,53,0.3327870971782982,0.4231229791556105
14,54,0.6627603295275993,0.18589906674442425
14,55,0.6456279808487203,0.19649021110585074
14,56,0.33205219951509923,0.44046886247324696
14,57,0.4687076847085969,0.3214285799786829
14,58,0.30676062468567117,0.446140248180398
14,59,0.0,1.0094354141992565
14,60,0.5670798581265151,0.24745764879092338
14,61,0.1371068745122198,0.6303298123268054
14,62,0.07568226689459423,0.7608736243735508
14,63,1.0,0.001736174145469416
14,64,0.9686661102347485,0.015791632714520887
14,65,0.474942635284766,0.31083918039055214
14,66,0.5,0.2928932188134524
14,67,0.0,1.0179031133689576
14,68,0.0,1.0041323629167151
14,69,0.0,1.0
14,70,0.494609508465171,0.2967152010279399
14,71,0.5,0.2928932188134524
14,72,0.41595499314494433,0.3550542711631123
14,73,0.28996865721768383,0.466540313887731
14,74,1.0,0.0
14,75,0.0,1.0
14,76,0.9373006467570726,0.03196270251660361
14,77,0.11607388370762076,0.6655219169771875
14,78,0.6608139914056252,0.18709533682871193
14,79,0.36312257330654274,0.3974034738678436
14,80,0.3124494224966731,0.44102824534984497
14,81,0.588366503354431,0.26367404142268414
14,82,1.0,0.0
14,83,0.15521486683521335,0.6060268196498481
14,84,0.014576346486049552,0.8792674588768647
14,85,0.0,1.0
14,86,0.054769853488075504,0.8150582340106219
14,87,0.3511949647736152,0.4073829526805568
14,88,0.24827518398912396,0.5017278013082368
14,89,0.6373544535641962,0.20186245276391968
14,90,0.1697523074525305,0.5879899182634841
14,91,0.5,0.2928932188134524
14,92,0.07036663137094273,0.7347329056008968
14,93,0.5867027887447669,0.24973005227721246
14,94,0.18414969264886988,0.6008711655278216
14,95,1.0,0.009922479866717918
14,96,0.9893916230857815,0.006627854157492534
14,97,0.34639215911065163,0.46330992769497964
14,98,0.5262293311025122,0.281705512423604
14,99,0.0,1.0
15,0,0.0,1.0
15,1,0.6351498649983325,0.2030370993588645
15,2,0.3148809055731493,0.4489933285262552
15,3,0.0,1.0
15,4,0.799358573756528,0.1065235215529291
15,5,0.287133347817468,0.46415174926340574
15,6,0.0,1.0233776209904997
15,7,0.263481267211213,0.48902357047441586
15,8,0.0,1.0
15,9,0.3150091199660016,0.4457424243475841
15,10,0.07008149923649643,0.7404608857116046
15,11,0.5617077865109782,0.2505283284132894
15,12,0.826498821541225,0.1082618128485945
15,13,1.0,0.0
15,14,0.0,1.0
15,15,0.28338773952141594,0.4676582493158967
15,16,0.4873672778666873,0.301883048575178
15,17,0.5,0.2930438433395639
15,18,0.0,1.0348486791897504
15,19,0.5447614228403622,0.26397109482926834
15,20,0.28436194779165347,0.4784902112032414
15,21,0.29323137866160937,0.460287585679449
15,22,0.3683631972028827,0.40442136655195926
15,23,0.5445738459512637,0.262047531373962
15,24,0.8606403293558571,0.07553324032235866
15,25,0.5,0.2928932188134524
15,26,0.5691235292525916,0.24559723671463696
15,27,0.1832198312629263,0.5719581430947129
15,28,1.0,0.0
15,29,0.09348175539333609,0.6976172946216311
15,30,0.0,1.004793466708857
15,31,0.0,1.0
15,32,0.0,1.0
15,33,0.0,1.0
15,34,0.3292187005032654,0.44371066144701277
15,35,0.0,1.0
15,36,0.12245842863465259,0.6500593927040581
15,37,0.1901645505918712,0.5751962378647997
15,38,0.1850681726068502,0.5717942048002601
15,39,0.0,1.1851231202188637
15,40,0.06567371139476574,0.7437311735798406
15,41,0.9387473418584185,0.0311102529913847
15,42,0.0,1.0
15,43,0.5,0.293097791914851
15,44,0.0,1.0
15,45,0.7092883658985448,0.1598905573405301
15,46,0.17863197479595763,0.6115085014823292
15,47,0.3337472488051074,0.42229138070727434
15,48,0.0,1.0696375131871103
15,49,0.9547030937551593,0.03366715209219511
15,50,0.6494824831302546,0.19409523941705453
15,51,0.09789714968774932,0.6871147979086429
15,52,0.0,1.000157913824833
15,53,0.16682877832127152,0.5965113168643122
15,54,0.8873498747379276,0.05800749751501333
15,55,0.1456279808487203,0.618387656320291
15,56,0.18858563163920528,0.5880404195583508
15,57,0.5415303977370122,0.27107969537680826
15,58,0.8067606246856711,0.10277094444563753
15,59,0.0,1.0047327289771142
15,60,0.06707985812651507,0.7410022043983481
15,61,0.6371068745122198,0.20241384918943375
15,62,0.0,1.0218796024394838
15,63,0.5,0.2933724008103961
15,64,0.7683710581410188,0.12343222843808654
15,65,0.3206661805773716,0.4337260551840906
15,66,0.0,1.0
15,67,0.14329149507203648,0.6345803500205132
15,68,0.3609376479273606,0.40024427305301774
15,69,0.11848821619827951,0.6557788266270079
15,70,0.0,1.0026742657872039
15,71,1.0,0.0
15,72,0.0,1.0
15,73,0.4222236005915817,0.3567222300978152
15,74,0.7216019377519431,0.15052843617226175
15,75,0.0,1.0
15,76,0.7592234828494406,0.12866568824047753
15,77,0.06507222919474617,0.7526990778826863
15,78,0.39536910011985366,0.3712161737768268
15,79,0.0,1.0
15,80,0.16284689095379956,0.5964570766897286
15,81,1.0,0.034208199802040574
15,82,0.5,0.2928932188134524
15,83,0.6552148668352133,0.19417537059360138
15,84,0.0,1.0031963487160844
15,85,0.0,1.0
15,86,0.48769170191086963,0.34579269838101295
15,87,0.3612731867518263,0.3989399474662899
15,88,0.2626142242548142,0.4875410023672
15,89,0.7030013544887566,0.16154823961735487
15,90,0.5594727869126062,0.2520208646542297
15,91,0.12,0.6535898384862245
15,92,0.5703666313709428,0.24477378794764892
15,93,0.6156225630695393,0.2183231794274733
15,94,0.6841496926488699,0.17868222709121284
15,95,0.5,0.29714366364018296
15,96,0.48939162308578155,0.30587999563368207
15,97,0.0,1.0053218303717206
15,98,0.07506243382167299,0.7306485704284147
15,99,0.0,1.0
16,0,0.04326350379583414,0.7940118682717099
16,1,0.7040413522466623,0.1609282794381267
16,2,0.166629939807768,0.5917966930465066
16,3,0.5,0.2928932188134524
16,4,1.0,0.0
16,5,0.4218894268708761,0.3504698414462373
16,6,0.18822874822823168,0.5668378105218993
16,7,0.7457675229023853,0.13642167529378935
16,8,0.0,1.0
16,9,0.42461367146951645,0.3505119073168545
16,10,0.20212967239617657,0.5522650043967204
16,11,0.06170778651097819,0.7515894798705615
16,12,0.36305197711983445,0.4153378130292129
16,13,0.5,0.2928932188134524
16,14,0.5,0.2928932188134524
16,15,0.0,1.0000610676327126
16,16,0.36686132941080674,0.39430921303786803
16,17,1.0,0.0
16,18,0.10589015810241337,0.6745923201545277
16,19,0.44984324127188946,0.329296457984685
16,20,0.2889681866510932,0.46244238759822853
16,21,0.7932313786616094,0.10945849300533295
16,22,0.3979612299808338,0.37458195235980085
16,23,1.0,0.0
16,24,0.8208382751994046,0.09925770584738414
16,25,0.1937154928130599,0.5603341918242523
16,26,0.6164184665400158,0.21487678257485232
16,27,0.0,1.0410673387674876
16,28,1.0,0.0
16,29,0.593481755393336,0.23913528770056924
16,30,0.40531078776436474,0.3638045291605616
16,31,0.0,1.0
16,32,0.5,0.2942762222485216
16,33,0.5,0.2928932188134524
16,34,0.44503443498003337,0.3328909871842284
16,35,0.12052516279693046,0.6528326587984831
16,36,0.4381652543548612,0.3380594782347426
16,37,0.12235249055914438,0.6502107912482943
16,38,0.3876877882635162,0.37769993440843713
16,39,0.0,1.0299507064257603
16,40,0.0,1.0
16,41,1.0,0.0
16,42,0.0,1.0
16,43,0.7883299740256903,0.11549873776723242
16,44,0.5,0.2928932188134524
16,45,0.7679203552609499,0.12823965032971615
16,46,0.0,1.0355131436828866
16,47,0.0,1.0
16,48,0.0,1.0
16,49,0.45470309375515927,0.33682068161706985
16,50,0.14948248313025458,0.6133703540463373
16,51,0.027526854479886398,0.8340878109363679
16,52,0.4568878745709958,0.32850056564924707
16,53,0.18475531597669984,0.5741524021913109
16,54,0.6328772427489792,0.20446417883983425
16,55,0.4243055377932097,0.34861260543881445
16,56,0.6885856316392053,0.17018940014048667
16,57,0.04153039773701217,0.9468311786741967
16,58,1.0,0.0014838873646268673
16,59,0.0,1.0
16,60,0.5670798581265151,0.25029264919972083
16,61,1.0,0.0012610521355923357
16,62,0.22390963207245385,0.5312960920992895
16,63,0.46914771687527507,0.31505641336291423
16,64,0.4875341522767248,0.3017635412865318
16,65,0.12100294131164929,0.6521452295689345
16,66,0.0,1.0
16,67,0.6432914950720365,0.20496759947456564
16,68,0.8609376479273606,0.07215797898562475
16,69,0.19759551416580973,0.5554828302913264
16,70,0.1083301236336699,0.671783260484325
16,71,1.0,0.0
16,72,0.0,1.0
16,73,0.9222236005915817,0.041485446722659074
16,74,0.22160193775194315,0.5292538499871262
16,75,0.5,0.2928932188134524
16,76,0.5265705654018711,0.2743481789440124
16,77,0.3210227669136868,0.4334141253937394
16,78,0.0,1.0
16,79,0.0,1.0
16,80,0.0335286078325058,0.8168918138572013
16,81,0.5728819914828057,0.24311031749481105
16,82,0.0,1.0
16,83,0.47108023556705814,0.3163367151045671
16,84,0.5,0.29575691954268374
16,85,0.22619785808436169,0.5243973737621273
16,86,0.4187559858957358,0.35298418135690135
16,87,0.0,1.0
16,88,0.7626142242548142,0.12672213800256327
16,89,0.7204391010329392,0.1512131592484841
16,90,0.7882240836796368,0.11218015133720016
16,91,0.09802475575823248,0.686910945962283
16,92,1.0,0.0
16,93,0.11562256306953933,0.6599668206343103
16,94,0.18414969264886993,0.5708733372897112
16,95,0.0,1.0041338100780601
16,96,0.48379854634048475,0.30717362467051973
16,97,0.0,1.0
16,98,0.33126983458681736,0.42575546536651354
16,99,0.5,0.2928932188134524
17,0,0.030970123130587918,0.8240166964437026
17,1,0.2040413522466623,0.5506234967721577
17,2,0.37525543850916954,0.3874190351397053
17,3,0.5944187372411438,0.22901443772198704
17,4,0.7906784803190916,0.11306581655491366
17,5,0.2234667329530141,0.5272773191891317
17,6,0.37084278018775885,0.39103137996464965
17,7,1.0,0.0
17,8,0.3720547553670748,0.3900370868921007
17,9,0.9246136714695165,0.03843166053081981
17,10,0.11497027749175455,0.6613393936144842
17,11,0.0,1.0
17,12,0.28033841219598926,0.4826433067821632
17,13,0.38844309678326855,0.37674796688396717
17,14,1.0,0.0
17,15,0.06709616273813529,0.7409707299586873
17,16,0.0,1.0032069702760504
17,17,0.5,0.2928932188134524
17,18,0.21093973751135794,0.5407182373407824
17,19,0.06537320158701554,0.7443181633611501
17,20,0.32012350270413353,0.4358154746880862
17,21,0.7519062362272644,0.1328747286422426
17,22,0.05909286748216114,0.7569097544487621
17,23,0.5,0.2928932188134524
17,24,0.32083827519940455,0.439003783463502
17,25,0.5220510450865309,0.277469000605143
17,26,0.4493267370337297,0.32968161517549754
17,27,0.0,1.035763404228952
17,28,0.5,0.2928932188134524
17,29,0.09348175539333603,0.7186783236161186
17,30,0.9053107877643647,0.051701742013354236
17,31,0.5,0.2928932188134524
17,32,0.03478743604277179,0.8155423682165919
17,33,0.87,0.06726209469111855
17,34,0.4351711334056995,0.34245497471032776
17,35,0.6205251627969305,0.2122658044765795
17,36,0.48662703674530094,0.3024134198930566
17,37,0.4170872097282388,0.35417710653133483
17,38,0.04013530193438869,0.7996620307221103
17,39,0.0,1.0
17,40,0.5,0.2928932188134524
17,41,0.6766855367901414,0.17908869200373806
17,42,0.0,1.0
17,43,0.7005313020315835,0.16463191060776922
17,44,0.39242702362926773,0.3735600398846928
17,45,0.31127935266846724,0.4420758540191443
17,46,0.13664934869547227,0.6476857705141572
17,47,0.0,1.0
17,48,0.13729787525934942,0.6294627208237349
17,49,0.0,1.0043582865361058
17,50,0.6494824831302546,0.19644516928048567
17,51,0.29370006705151974,0.46500246285591806
17,52,0.8496434380006606,0.08206846250005322
17,53,0.6847553159766998,0.17470425845435833
17,54,0.4398761028736835,0.336768439477068
17,55,0.0,1.0
17,56,0.8078265565799816,0.11308580300651515
17,57,0.5415303977370122,0.3257964154222154
17,58,1.0,0.0020224543385521164
17,59,0.0,1.0
17,60,1.0,0.0
17,61,0.5108418814330506,0.2865236631242882
17,62,0.18128496218904916,0.5912310615601567
17,63,0.33189683644905216,0.42389511679811964
17,64,0.3226574976293082,0.4319705134156254
17,65,0.6210029413116493,0.21196260157804103
17,66,0.0,1.0001695354651106
17,67,0.14329149507203653,0.6262022972948336
17,68,1.0,0.0
17,69,0.10400129338983208,0.677507684758486
17,70,0.22439490940284929,0.5278037952286311
17,71,1.0,0.0
17,72,0.0,1.0
17,73,0.4222236005915817,0.3502126497140917
17,74,0.0,1.0
17,75,0.600990860168874,0.22476399711515327
17,76,0.026570565401871082,0.8541862072334309
17,77,0.5454620339002777,0.26144598443967704
17,78,0.40950289285142505,0.36007586945683545
17,79,0.5,0.2928932188134524
17,80,0.0,1.0
17,81,0.07288199148280572,0.7300333511657306
17,82,0.5,0.2928932188134524
17,83,0.5071562086299851,0.2911324799436324
17,84,1.0,0.0019284815878217911
17,85,0.18711835744789704,0.5674282054411117
17,86,0.08561535960249733,0.7073989753905545
17,87,0.0,1.0
17,88,0.5962506475583267,0.22782732011659035
17,89,0.7022590564982301,0.1622036366772869
17,90,0.34911570748669507,0.40913985793024166
17,91,0.5980247557582324,0.22667939652545632
17,92,1.0,0.0
17,93,0.4298059018133059,0.3717075253568288
17,94,0.3128990561099938,0.451738674061109
17,95,0.31602459764331603,0.4418295818529962
17,96,0.0,1.0
17,97,0.22982360771364863,0.5275224048771896
17,98,0.8312698345868174,0.08825999616841573
17,99,0.8359032803371966,0.08913856272495631
18,0,0.5309701231305879,0.271323032386375
18,1,0.0,1.0078277918028948
18,2,0.8752554385091695,0.06444912564352245
18,3,0.6491449066701389,0.19430470606429695
18,4,0.45748398041096433,0.32593241889001323
18,5,0.037993450940024515,0.8050809118120431
18,6,0.8708427801877588,0.0668104264471453
18,7,1.0,0.005682484586156447
18,8,0.8720547553670748,0.06616127978805952
18,9,0.42461367146951645,0.3483761273023245
18,10,0.5518571937986235,0.25712908671921775
18,11,0.04377258106882713,0.7907810212508742
18,12,0.7803384121959893,0.11663234596460947
18,13,0.8884430967832686,0.061902323685716146
18,14,1.0,0.0
18,15,0.5670961627381352,0.24694212523994197
18,16,0.5,0.2956665220350224
18,17,0.0,1.0
18,18,0.26168195765192465,0.4884514122276119
18,19,0.5653732015870155,0.24808697205925767
18,20,0.5658100561796006,0.2606147834915428
18,21,0.3534091186903447,0.40592367168891275
18,22,0.0,1.002150510431929
18,23,0.0,1.0
18,24,0.8208382751994046,0.09730030819399613
18,25,0.8370966874446485,0.08507011883715998
18,26,0.4904269526268784,0.29969510024070345
18,27,0.028864325729070717,0.8331667791918973
18,28,0.0,1.0
18,29,0.0,1.0049653472400935
18,30,0.4053107877643647,0.3669127444346529
18,31,0.0,1.0
18,32,0.0,1.0
18,33,0.37,0.3917237469701781
18,34,0.6235725088323459,0.2103339257430734
18,35,0.12052516279693049,0.6528326587984831
18,36,0.12807447946405415,0.6421250505217582
18,37,0.13015130596428148,0.6392351098509148
18,38,0.0,1.0090376765846345
18,39,0.08346726786480149,0.7110929771279322
18,40,1.0,0.0
18,41,0.3074765486949486,0.4467015937068874
18,42,0.0,1.0
18,43,0.28406127909510004,0.4670260052356212
18,44,0.8924270236292677,0.05531644259611057
18,45,0.0,1.0
18,46,0.0,1.004622910871066
18,47,0.14994073776407624,0.6127781801549966
18,48,0.1848217323352856,0.5700910185454535
18,49,0.23836012664853853,0.5265726334813787
18,50,1.0,0.0027067466838894736
18,51,0.023356927789865478,0.8471702653608746
18,52,0.34964343800066056,0.4086934483699165
18,53,0.40551276875320597,0.3666951371793467
18,54,0.39053278058472357,0.3750737798869985
18,55,0.5,0.2928932188134524
18,56,0.3078265565799816,0.4488260260296471
18,57,0.07442589849819187,0.7337046604399768
18,58,0.8100293321653238,0.09998370450012195
18,59,0.0,1.0
18,60,1.0,0.0
18,61,0.09771330458906785,0.6874632104260298
18,62,0.4367082567179214,0.35940735669195856
18,63,0.3406499189404608,0.4168195586788468
18,64,0.06842407762333697,0.7402530211632143
18,65,0.6172750160806812,0.214331484606465
18,66,0.11994684274735332,0.6549379712763158
18,67,0.0,1.0253485203600359
18,68,0.5,0.2928932188134524
18,69,0.018499011448227465,0.863988928949782
18,70,0.3626459816811533,0.40107543373344845
18,71,0.5,0.2928932188134524
18,72,0.01674152275189367,0.8706109635560506
18,73,0.14146772370187005,0.6288752931938589
18,74,0.07685082544242644,0.7227801856965732
18,75,0.2342164854658052,0.5160408225213564
18,76,0.0,1.030201658476337
18,77,0.2000479200040245,0.5527328315156315
18,78,0.6642136448041684,0.19016426833941755
18,79,1.0,0.0
18,80,0.29479111906892247,0.46044227778130215
18,81,0.5728819914828057,0.24311031749481105
18,82,1.0,0.0
18,83,0.007156208629985117,0.9180976973081281
18,84,0.7366860694374872,0.14398449757909004
18,85,0.0,1.0009204933827573
18,86,0.252726876777107,0.4972805188008853
18,87,0.12589700596264533,0.6451803190877861
18,88,0.7317504332416817,0.1445758752281523
18,89,0.4489244826594105,0.330273119230993
18,90,0.4378618335024614,0.3382887083459575
18,91,0.8677948475329543,0.06963425855783807
18,92,0.5,0.2928932188134524
18,93,0.7468941355896699,0.16302094810883727
18,94,0.4042807595425092,0.36416923671270107
18,95,0.5593498398672352,0.2521030553162854
18,96,0.0,1.0
18,97,0.7298236077136486,0.1457028574824515
18,98,1.0,0.0
18,99,0.5902851961886426,0.23169980073629903
19,0,1.0,0.0
19,1,0.0,1.0048944094101588
19,2,1.0,0.0
19,3,1.0,0.0
19,4,0.09054685930105716,0.702251298780265
19,5,0.5379934509400245,0.2665196315237711
19,6,0.5923718970758687,0.2310259508007877
19,7,0.8385474257508817,0.0842776481100389
19,8,0.4809006656948518,0.3065299821226214
19,9,0.002378138687385012,0.9558847433216221
19,10,0.53778747473809,0.26666005513262137
19,11,0.15602215776413997,0.6050035977832964
19,12,0.2803384121959893,0.47733240022651235
19,13,0.3884430967832686,0.37961527576543486
19,14,0.5,0.2928932188134524
19,15,0.5139266505612252,0.2831132233321463
19,16,0.9822836175673826,0.009059664102195377
19,17,0.0,1.0
19,18,0.7616819576519247,0.1272560755571399
19,19,0.6638358933894966,0.1880090668125889
19,20,0.3087550832896242,0.4443426565862517
19,21,0.0,1.0009637859773073
19,22,0.0,1.001174106744001
19,23,0.0,1.0
19,24,1.0,0.002561444742872006
19,25,0.4589822920138812,0.32635980649145724
19,26,0.657702802812614,0.18901121905872587
19,27,0.2151880934115362,0.5413653920263417
19,28,0.5,0.2928932188134524
19,29,0.009871291528695897,0.9064571969152615
19,30,0.9053107877643647,0.0504070537276316
19,31,0.0,1.0
19,32,0.5,0.2928932188134524
19,33,0.0,1.0
19,34,1.0,0.0
19,35,0.0,1.0
19,36,0.4590947738127748,0.3236244314227614
19,37,0.0,1.0
19,38,0.0,1.006936622436399
19,39,0.18614027286318158,0.5685602326359083
19,40,1.0,0.0
19,41,0.2156412514826428,0.5366066651708458
19,42,0.5,0.2928932188134524
19,43,0.0,1.0
19,44,0.39242702362926773,0.3735600398846928
19,45,0.4012255417768203,0.36657633310964743
19,46,0.5,0.2928932188134524
19,47,0.32624372415752234,0.4288225108098864
19,48,0.39554767541834746,0.37107418925731195
19,49,0.7383601266485386,0.14201551651644231
19,50,1.0,0.002384199592910684
19,51,0.04481187707989717,0.7925590441726813
19,52,0.0,1.0
19,53,0.3902933353822881,0.3755190519243299
19,54,0.07205193217329764,0.731575090251859
19,55,0.7604104610560718,0.12798482750810358
19,56,0.04585207207022307,0.822722455601961
19,57,0.0,1.0431687609404672
19,58,0.3100293321653238,0.44319722327800504
19,59,0.08061811833269265,0.7160667009090116
19,60,0.5,0.2928932188134524
19,61,0.45332122493638627,0.32670866266051934
19,62,0.7205423103540542,0.15454565266673614
19,63,0.26051116465024027,0.4901492720164757
19,64,0.5172099383129696,0.28173912321316846
19,65,0.11727501608068125,0.6644314432963214
19,66,0.6199468427473533,0.2128434332149102
19,67,0.0,1.0255211015908396
19,68,0.07389669447988612,0.7281605354627734
19,69,0.0,1.0
19,70,0.3497822124367906,0.4085761144181015
19,71,1.0,0.0
19,72,0.414785727032483,0.3559613932127337
19,73,0.11382536781899211,0.6628615352672519
19,74,0.19724692545817582,0.5578455268847491
19,75,0.7342164854658052,0.14313566682595247
19,76,0.0,1.0020467866256761
19,77,0.0,1.0
19,78,1.0,0.004491145896463299
19,79,1.0,0.0010953040470718404
19,80,0.05606603177546818,0.7656336868347605
19,81,1.0,0.0
19,82,0.7292691066127032,0.14602745558612762
19,83,0.0,1.0
19,84,0.6788883156335974,0.17605320825092263
19,85,0.0,1.0
19,86,0.1515414573189664,0.6107167389689528
19,87,0.27483802390837986,0.47575003680650596
19,88,0.5243694059902794,0.2758664446455479
19,89,0.0,1.0
19,90,0.5196812172225003,0.2831359678703764
19,91,0.3677948475329543,0.39353907996231585
19,92,0.0,1.0
19,93,0.24689413558966988,0.5031155711941961
19,94,0.5299936482978745,0.2719933734519482
19,95,0.21619040781420462,0.5350371973864956
19,96,0.10586048895479916,0.6746379110056011
19,97,0.9367642523269284,0.03764873003247623
19,98,0.8442051654652649,0.08119361916382795
19,99,0.23309037038966063,0.5172056645012697
20,0,1.0,0.0
20,1,0.03921836008964641,0.8019637404674427
20,2,1.0,0.0
20,3,0.9650177931369333,0.01764680835407617
20,4,0.5905468593010572,0.2331080241886035
20,5,1.0,0.0
20,6,0.6819880873424123,0.17597836932124644
20,7,0.8230122966582918,0.09279974831446847
20,8,0.43353571144743325,0.34538508998632156
20,9,0.0,1.0056953362827745
20,10,0.037787474738089966,0.8078947333854675
20,11,0.0037429439116138385,0.9388203962777313
20,12,0.7803384121959893,0.12330126186736545
20,13,0.4150376401981999,0.35701575104087363
20,14,0.3138328254602723,0.43979215869440713
20,15,0.5793172665319017,0.2388710578805312
20,16,1.0,2.6085135587491146e-06
20,17,0.0,1.0
20,18,0.9009081835479038,0.05083816788289264
20,19,0.2832099340656531,0.4678252786296092
20,20,0.0,1.000373004226865
20,21,0.5,0.2928932188134524
20,22,0.5,0.2928932188134524
20,23,0.0,1.0
20,24,0.5,0.2928932188134524
20,25,0.09874056210172111,0.6905269471707065
20,26,0.15770280281261395,0.6028818780103156
20,27,0.23323744063457533,0.5254079574399437
20,28,0.4149941857960426,0.3557995763770079
20,29,0.040802122120707204,0.7990129084854917
20,30,0.4053107877643647,0.3655454116474092
20,31,0.5,0.2928932188134524
20,32,0.1812747235737524,0.5742363054771433
20,33,0.5,0.2928932188134524
20,34,1.0,0.0
20,35,0.021762830671966056,0.8524776943239902
20,36,0.5072050939853566,0.28781667108436426
20,37,0.014294269967056565,0.8850387364347417
20,38,0.1334811323402913,0.6346493022583763
20,39,0.056849954020372406,0.7615677160693787
20,40,0.5,0.2928932188134524
20,41,0.0305408233940635,0.8256900316323924
20,42,0.04542453053100115,0.7868696865037703
20,43,0.0,1.0
20,44,0.5883683233426467,0.2329482916108936
20,45,0.5045272458278274,0.2896991863809901
20,46,0.0,1.0
20,47,0.6493022819613269,0.19420704770932196
20,48,0.42264473839661354,0.34988867230557075
20,49,0.9424100594033641,0.030894523027458824
20,50,0.629869558989132,0.20635678104759692
20,51,0.10949097968166127,0.669105787778539
20,52,0.5,0.2928932188134524
20,53,0.14058182338051212,0.6250575732455553
20,54,0.13753459852970595,0.6291434259316603
20,55,0.2604104610560718,0.48979043309193576
20,56,0.2419527780869725,0.5387536043402716
20,57,0.2879310817349321,0.46341187510920356
20,58,0.7046311632413529,0.16072313339020272
20,59,0.45032070924927947,0.3289406067647369
20,60,0.025865557600825095,0.8391722735321266
20,61,0.0,1.0
20,62,0.396738274667367,0.3704890642398089
20,63,0.0725592267931022,0.7306318007018977
20,64,0.48977570559785844,0.30059424481830255
20,65,0.0,1.0008216722389764
20,66,0.11994684274735334,0.653666572870372
20,67,0.18245426865910924,0.5728533405736278
20,68,0.2434537842049065,0.5065896391390767
20,69,0.5,0.2928932188134524
20,70,0.15061224115655097,0.6119120703287063
20,71,0.9316397278394666,0.03865724638957699
20,72,0.9147857270324831,0.04380972581201549
20,73,0.41782052965734817,0.3536096151261622
20,74,0.2495262414707092,0.5031863321205367
20,75,1.0,0.0
20,76,0.5,0.2928932188134524
20,77,0.0,1.0044653072773366
20,78,1.0,0.0023908212737105143
20,79,1.0,0.0
20,80,0.0,1.0
20,81,0.5,0.2928932188134524
20,82,0.9298001820323077,0.035738530256285816
20,83,0.0,1.0
20,84,0.3165806002879792,0.4386002181144676
20,85,0.20978799639764897,0.541973803808506
20,86,0.6515414573189664,0.1928188200168649
20,87,0.0,1.0
20,88,1.0,0.0
20,89,0.08601362305053262,0.706719207839087
20,90,0.01968121722250027,0.8619358999695074
20,91,0.10009373491157503,0.6836240607891064
20,92,0.5,0.2952000480779801
20,93,0.0,1.0
20,94,0.2610845507402203,0.48903566588242164
20,95,0.31460690626537113,0.4404233251485065
20,96,0.018483699682525,0.8640452292763325
20,97,1.0,0.00830403478560919
20,98,0.5451581050249429,0.26165177251858807
20,99,0.6589149208236897,0.1882642543144415
21,0,0.6375015365073907,0.20156306666876267
21,1,0.10682027387972547,0.6731662901723179
21,2,1.0,0.0
21,3,0.46501779313693326,0.3180778687145187
21,4,1.0,0.0
21,5,0.5,0.2928932188134524
21,6,0.18198808734241234,0.5733993819244839
21,7,0.9281078642639433,0.03661645007611669
21,8,0.0,1.001492636234153
21,9,0.0,1.0061720267260001
21,10,0.53778747473809,0.26666005513262137
21,11,0.27315514538077484,0.47735753580408835
21,12,0.8038283054287366,0.10404764669723568
21,13,0.9150376401981999,0.04472846048293898
21,14,0.8138328254602722,0.09787316553586978
21,15,0.4558294783962359,0.3248485515114139
21,16,1.0,0.0
21,17,0.0,1.0
21,18,0.4009081835479038,0.36682689290534154
21,19,0.0,1.0
21,20,0.25207030776953077,0.5203831130694142
21,21,1.0,4.261261433793052e-05
21,22,0.31325967025707346,0.44586084360288714
21,23,0.04703978988161597,0.7831134170087601
21,24,0.16813894453900158,0.5900764791691661
21,25,0.5987405621017211,0.2280607955219382
21,26,0.657702802812614,0.18901121905872587
21,27,0.11688862097938225,0.6582068344668769
21,28,0.02655476700706788,0.84493376289371
21,29,0.09703610890107395,0.6898574121157292
21,30,0.9053107877643647,0.05348045383100807
21,31,0.022955027664494088,0.8484908330677841
21,32,0.6812747235737524,0.17460632206579607
21,33,1.0,0.0
21,34,0.5,0.2928932188134524
21,35,0.13217935268719633,0.6364352152817928
21,36,0.05497720587596372,0.7655278142807473
21,37,0.5142942699670565,0.2872404085919297
21,38,0.3215426530981523,0.4329526888361499
21,39,0.1883814098977563,0.5762435719229239
21,40,0.43869404633024256,0.33766017307560114
21,41,0.10246208578673902,0.6799030056580677
21,42,0.5454245305310012,0.26147137460285186
21,43,0.0,1.0
21,44,0.08836832334264666,0.7027318998906094
21,45,0.05674095350492703,0.7617964032493905
21,46,0.0,1.0
21,47,0.4327409512162096,0.3421695117918222
21,48,0.4504101941451534,0.3288739357280531
21,49,0.4424100594033641,0.36448624751963754
21,50,0.129869558989132,0.6396258069878866
21,51,0.6094909796816612,0.21930096728530446
21,52,1.0,0.0
21,53,0.4077494657208578,0.361713829624588
21,54,0.18383558825023377,0.5712394744729481
21,55,0.132316943548627,0.6362460398172591
21,56,0.11075181362292244,0.6689397297794416
21,57,0.0,1.0
21,58,0.3286827540212943,0.4269412573604879
21,59,0.5370071960097131,0.267192251671891
21,60,0.05672085484410272,0.761838594973697
21,61,0.5,0.2928932188134524
21,62,0.2695573959408929,0.48161812833571793
21,63,0.1229531135314603,0.649353292427463
21,64,0.5058846902324224,0.2887442863270465
21,65,0.0,1.0
21,66,0.12113433458675948,0.6519564185525619
21,67,0.3392340175767675,0.4175620053801714
21,68,0.25284309006115213,0.49716494746174256
21,69,0.00842284411708527,0.908223945840512
21,70,0.5130659453245168,0.283713782539049
21,71,0.4316397278394666,0.34300705647665697
21,72,0.9586596643128874,0.020979153504883247
21,73,0.4427276848287579,0.3427496292006368
21,74,0.17956615913417764,0.5770918873230103
21,75,0.5681746289362146,0.24680732475964653
21,76,0.973143710966569,0.013519533408507312
21,77,0.0,1.0448859920309457
21,78,0.7259036285020144,0.1489911165330745
21,79,0.5,0.2928932188134524
21,80,0.5,0.29374505415560354
21,81,0.055224299576503766,0.7650014902674833
21,82,0.42980018203230774,0.3444085250460408
21,83,0.0,1.0
21,84,0.7690393530886881,0.1237427650991194
21,85,0.3301495216590432,0.42560696607350657
21,86,0.3861864575460703,0.37856097841697267
21,87,0.0,1.0
21,88,1.0,0.0
21,89,0.33500002951418706,0.421208129364115
21,90,0.12442395532730266,0.6472622003140256
21,91,0.0,1.0
21,92,0.3307983611702138,0.42785232275246415
21,93,0.0087783758041311,0.9063070130472344
21,94,0.18199440407184905,0.5733919784253358
21,95,0.22750714341698153,0.5251358565238764
21,96,0.0,1.0
21,97,0.5,0.2928932188134524
21,98,0.2624906414972836,0.48766159474690596
21,99,0.6458622913530659,0.19634441994529406
22,0,0.13750153650739072,0.6291880038248618
22,1,0.19018871478967142,0.5638936886610428
22,2,0.5,0.2928932188134524
22,3,0.15756923062676426,0.6030500905318603
22,4,0.5,0.2928932188134524
22,5,0.0,1.0
22,6,0.061680457847114484,0.7516444930203591
22,7,0.4281078642639433,0.3457004781723103
22,8,0.1445498231059008,0.6198029154426604
22,9,0.24927527730785554,0.5007252486777891
22,10,0.7112040332037585,0.15667086306486577
22,11,0.0,1.0
22,12,0.8090557224507049,0.10052475161864238
22,13,1.0,0.005159084198826314
22,14,1.0,0.0
22,15,0.39684943529086164,0.37004013199977437
22,16,0.9795730920497716,0.01026615090228844
22,17,0.45752468721348394,0.3235942880094197
22,18,0.2515989442002913,0.49840360427900676
22,19,0.20733713777857926,0.5446571206457937
22,20,0.4086232611598273,0.3607635326736848
22,21,0.5,0.29291320767106294
22,22,0.0,1.0
22,23,0.3715687144329777,0.3904356355289643
22,24,0.6681389445390016,0.18518750073360535
22,25,0.8858618723961684,0.05879764535134724
22,26,0.15770280281261395,0.6028818780103156
22,27,0.07810045860502543,0.7205354072426609
22,28,0.0,1.0086769637445725
22,29,0.17295343035046942,0.5841232991012006
22,30,0.9346198785535673,0.038434798959790864
22,31,0.5229550276644941,0.2768437045392649
22,32,0.8617901084337987,0.07761409373522847
22,33,0.8242530604035669,0.09211616359604302
22,34,1.0,0.0
22,35,0.068497681942396,0.7382793818928359
22,36,0.5549772058759637,0.2556659423015897
22,37,0.21468417859091576,0.5415010904086717
22,38,0.336332023420874,0.42005860345990653
22,39,0.6883814098977563,0.17898432726258923
22,40,0.9386940463302426,0.03113775678363717
22,41,0.11918100344470887,0.6547739820860703
22,42,0.8763210672850744,0.06387977947003276
22,43,0.12154562582479245,0.6529885081808997
22,44,0.0,1.0
22,45,0.46952152150409177,0.31478359512917986
22,46,0.11234944279577852,0.6648143159444626
22,47,0.11270010361335536,0.6642916390475874
22,48,0.26921710547324706,0.4811386452304941
22,49,0.0,1.0
22,50,0.0,1.0
22,51,1.0,0.00023699190868798907
22,52,0.5,0.2928932188134524
22,53,0.0,1.0
22,54,0.227077541831553,0.5234734615663541
22,55,0.2977090137959224,0.4543728252772573
22,56,0.027529384801648724,0.8340801856267651
22,57,0.17924931779147008,0.5766215430711311
22,58,0.03225363757229038,0.8206535461730041
22,59,0.5577248645004167,0.25439913588250174
22,60,0.041731089494636844,0.7957181126613599
22,61,0.9713501982868662,0.014428998860626874
22,62,0.15748181452102128,0.6032249551942989
22,63,0.36174926326255996,0.39926619665711854
22,64,0.24000234130507347,0.5128768738666836
22,65,0.5,0.2928932188134524
22,66,0.11774208827186328,0.6568643296422488
22,67,0.062367084229756675,0.7502659730237854
22,68,0.7528430900611521,0.13233469006698662
22,69,0.0,1.0
22,70,1.0,0.0
22,71,0.20537003175786311,0.5468222956081543
22,72,0.4591812445144016,0.32245999557464006
22,73,0.30134070341173524,0.4638894314665215
22,74,0.2330179359198784,0.5174184127730351
22,75,0.06817462893621462,0.7399478932844247
22,76,0.9952980125555467,0.0023537638242969727
22,77,0.0,1.0
22,78,0.2259036285020144,0.5247067973324104
22,79,0.19970287863434916,0.5531187197539494
22,80,0.04292722543373434,0.7934678842479403
22,81,0.22794767281320566,0.5225613413084298
22,82,0.7428147045105697,0.1381330122863681
22,83,0.0,1.0
22,84,0.2690393530886881,0.48130996434412965
22,85,0.06537505905446206,0.7443145310064296
22,86,0.8861864575460703,0.05862523002468867
22,87,0.0,1.0
22,88,0.6424289762872257,0.1984833275051443
22,89,0.8350000295141871,0.08670869063430658
22,90,0.6244239553273027,0.2097949915830053
22,91,0.0,1.0
22,92,0.0,1.0
22,93,0.27950118918922484,0.4713212798029177
22,94,0.2284886187499982,0.5219951686959658
22,95,0.1873182581236567,0.5672049262406352
22,96,0.0,1.0
22,97,0.0,1.0
22,98,0.6169541360966602,0.21453571940115557
22,99,0.43618932452242287,0.3395536929299833
23,0,0.0,1.0
23,1,0.1503846143551278,0.612205448265286
23,2,0.21421276324832172,0.5371687529473386
23,3,0.5234894287852627,0.27647430675527307
23,4,1.0,0.0
23,5,0.35471351002089424,0.4044217011837199
23,6,0.1375990532998706,0.629056536248621
23,7,0.275788520476678,0.4748442893039456
23,8,0.6445498231059008,0.20137323005146993
23,9,0.17637628173939096,0.580268250793075
23,10,0.21120403320375847,0.5404306002313051
23,11,0.0,1.0
23,12,0.3090557224507049,0.44407219672811393
23,13,1.0,0.000835137915673447
23,14,0.5,0.2928932188134524
23,15,0.175335232703545,0.5827480444215722
23,16,0.7391091241318066,0.14028544031649282
23,17,0.17529961857485177,0.5813120271910694
23,18,0.04001872585268365,0.7999531908460331
23,19,0.3766890101562209,0.38625004264259133
23,20,0.16774579368020903,0.5904321867135931
23,21,1.0,3.664667608818921e-05
23,22,0.0,1.0
23,23,0.4941582648777671,0.29703608565036066
23,24,1.0,0.004061955453461907
23,25,0.5441449719276302,0.26233817238003276
23,26,0.0,1.0
23,27,0.1030547517334203,0.6789785805691149
23,28,0.5,0.29536383109858055
23,29,0.0,1.0
23,30,0.4346198785535673,0.34327101226546713
23,31,0.022955027664494088,0.8484908330677841
23,32,0.7844909812224283,0.11428504516270677
23,33,0.32425306040356694,0.4305677736520641
23,34,0.5,0.2928932188134524
23,35,0.06270721443002909,0.7495859140742496
23,36,1.0,2.694323575689123e-05
23,37,0.0,1.0048326524113556
23,38,0.15424026036105679,0.6072656618513518
23,39,1.0,0.0
23,40,1.0,0.0001342773780459498
23,41,0.6191810034447088,0.21330385010062264
23,42,0.3763210672850744,0.38654986568990435
23,43,0.14473012281917572,0.6209384262141011
23,44,0.0,1.0053187136800117
23,45,0.9695215215040918,0.015357160436287098
23,46,0.19725354508406762,0.5565072423352464
23,47,0.12382046953045484,0.6481186712392162
23,48,0.3949992821538185,0.3715103165891913
23,49,0.0,1.0
23,50,0.13529406277279257,0.6321765875140728
23,51,1.0,0.0003906591283812191
23,52,0.4358865737296939,0.33978293438468743
23,53,0.1658697649309661,0.5927288803131676
23,54,0.6913667492103699,0.16851533435043442
23,55,0.4311155844191876,0.3434060734219455
23,56,0.18523942554235878,0.5696055001021054
23,57,0.67924931779147,0.17583416851250744
23,58,0.04612147887272053,0.7854368703444102
23,59,0.057724864500416695,0.7609717914999748
23,60,0.0,1.0
23,61,0.4713501982868662,0.31345051286388237
23,62,0.1837711598123093,0.5716869137171045
23,63,0.46439683789984304,0.3204692875799982
23,64,0.03430765285320042,0.8194954820632776
23,65,0.05055761852493029,0.7751497864690133
23,66,0.13438971783436798,0.6334079681248268
23,67,0.0,1.0132261978390382
23,68,0.6697344535894995,0.1816269471753732
23,69,0.0,1.0
23,70,0.5045469253125472,0.28968533359323967
23,71,0.678378618955233,0.17784091146123648
23,72,0.0,1.0
23,73,0.1434056663886462,0.6213105937728833
23,74,0.6024542508386712,0.22382073537186575
23,75,0.0,1.0007286185868984
23,76,0.49529801255554673,0.29622587959236046
23,77,0.13519854906479337,0.6323064468000651
23,78,0.0,1.0
23,79,0.6472318536379045,0.19549278832448957
23,80,0.0,1.001852592031269
23,81,0.3305151010254469,0.4250955722683579
23,82,1.0,0.0
23,83,0.471108289958449,0.31362671237988216
23,84,0.0,1.0022464316475816
23,85,0.5653750590544621,0.24808573689917146
23,86,0.3861864575460703,0.37856097841697267
23,87,0.5,0.2928932188134524
23,88,0.19528295488237413,0.5580916895074566
23,89,1.0,0.0001206748021639368
23,90,0.9223697744109305,0.039599159511545134
23,91,0.2532323949524786,0.49677798641903725
23,92,0.15332904057983124,0.6104684493326871
23,93,0.01283036881509586,0.8867287820534454
23,94,0.4988239866291829,0.29372527538557425
23,95,0.11638691042037125,0.6588447414733707
23,96,0.03341950280462716,0.8171899816623083
23,97,0.055078370726686865,0.7669587798756882
23,98,0.5775160715459227,0.24005521809415475
23,99,0.6647618985947231,0.18931331356393483
24,0,0.35908072385974776,0.40076655311994824
24,1,0.23871548719613275,0.511414810707352
24,2,0.08159589709246917,0.714350044473189
24,3,0.023489428785262723,0.8467373862115659
24,4,0.7585543122070906,0.12904976479302188
24,5,0.3474659727512133,0.41053755611471454
24,6,0.3132294873668229,0.4403309126217324
24,7,0.09336755551822351,0.6957083147527301
24,8,0.1445498231059008,0.6241617920347375
24,9,0.651421958442751,0.19304415614894058
24,10,0.0,1.0
24,11,0.3876116594258951,0.37741533955140283
24,12,0.0,1.0
24,13,0.5,0.2928932188134524
24,14,0.15785333418320818,0.6026923934994346
24,15,0.23389946508128406,0.5181025002261305
24,16,0.5665252037287748,0.2475827577891192
24,17,0.2937309192857853,0.45803051812322004
24,18,0.37413301317910086,0.3883358657080662
24,19,0.6774986781968527,0.17724212738523581
24,20,0.010866471260428723,0.8957576321238397
24,21,1.0,0.0020987994914704123
24,22,0.0,1.0
24,23,0.5765074399099134,0.24071912976164522
24,24,0.5681955571841334,0.24768214348653256
24,25,0.26418853335055387,0.48600726332899036
24,26,0.3520750227513431,0.40712747509749203
24,27,0.5398708206783753,0.26524097781764167
24,28,0.8411497543874904,0.08285783305558869
24,29,0.03221410204438632,0.8205171260415459
24,30,0.24614920199394383,0.5038657419670116
24,31,0.5229550276644941,0.2768437045392649
24,32,0.5380260873846627,0.2664973842005315
24,33,0.04670323602269422,0.783890685016369
24,34,0.9229366068502091,0.039304102824307297
24,35,0.12301234088371596,0.6496665195269818
24,36,1.0,0.0
24,37,0.0,1.0
24,38,0.6249230400303993,0.20947926021488894
24,39,0.5,0.2995319696677752
24,40,1.0,0.0
24,41,0.11918100344470883,0.654941443155532
24,42,0.3395043510407402,0.4173299810006179
24,43,0.3101059154672907,0.447855975165355
24,44,0.0,1.0
24,45,0.8287024537540847,0.08966904163700729
24,46,0.2725974667684475,0.4784759727232606
24,47,0.311873945502109,0.4415432465247564
24,48,0.0,1.0
24,49,0.5,0.2998377144906315
24,50,0.0,1.0009665736940578
24,51,1.0,0.00015958052284469128
24,52,0.935886573729694,0.03258769196908917
24,53,0.6658697649309662,0.18399156564961527
24,54,1.0,0.0
24,55,0.5653828859185411,0.2480805322918277
24,56,0.2529187952319689,0.4970896747610277
24,57,0.17924931779147002,0.5766215430711312
24,58,0.24099247697903417,0.5090959631325643
24,59,0.5577248645004167,0.25319020862041675
24,60,0.27910067690305584,0.4717002016817953
24,61,0.0,1.0
24,62,0.6837711598123093,0.17319714503040148
24,63,0.6420014481491902,0.19979998045503247
24,64,0.0007517859459879872,0.9754024268028862
24,65,0.14102136343716049,0.6250821768952702
24,66,0.634389717834368,0.20351414461123796
24,67,0.3846550606904577,0.38263531972445985
24,68,0.25252950617400116,0.49759533347710316
24,69,0.3001493858782637,0.4521410894415756
24,70,0.7216261372681887,0.1505141924268607
24,71,0.2897718229210443,0.46169541807537595
24,72,0.4094816019803476,0.3656743259058697
24,73,0.6434056663886463,0.1978742826784281
24,74,0.5222367440801067,0.27734050613023375
24,75,0.0,1.0002184437377941
24,76,0.0,1.0
24,77,0.6351985490647933,0.2030065564480512
24,78,0.2600619403029068,0.49178565460097123
24,79,0.14723185363790448,0.6169308600198588
24,80,0.0,1.0
24,81,0.8305151010254469,0.08867398751849132
24,82,1.0,0.0
24,83,0.971108289958449,0.014551731465091589
24,84,0.0,1.000573749675547
24,85,0.06537505905446206,0.7443145310064296
24,86,0.8861864575460703,0.05862523002468867
24,87,0.33989355923149167,0.41699608986603554
24,88,0.6365921268420722,0.2021327636491944
24,89,0.5,0.2928932188134524
24,90,0.4223697744109305,0.3501001812502711
24,91,0.305048859470953,0.4476877156255231
24,92,0.6533290405798312,0.1961841478757549
24,93,0.5128303688150959,0.28387824441991993
24,94,0.3483717374963555,0.4097697589106811
24,95,0.11263021821158206,0.6643957416664948
24,96,0.3188860408712535,0.43530004349986573
24,97,0.18246453065217644,0.574808316683033
24,98,0.567911998675332,0.24767943013566157
24,99,1.0,0.0022333100859266096
25,0,0.3380235491640563,0.41860207330602195
25,1,0.27019444213681354,0.4801976893694935
25,2,0.21849072614818402,0.53647227751707
25,3,0.5234894287852627,0.27647430675527307
25,4,0.2585543122070906,0.4936232691978088
25,5,0.26195917046246664,0.4881805294222712
25,6,0.0,1.0
25,7,0.0,1.0066186851766108
25,8,0.09642957588073453,0.6894688809785168
25,9,0.6271358298941432,0.20808091960469655
25,10,0.09490047420243553,0.6919407943228517
25,11,0.1836991891557087,0.5713985660829998
25,12,0.5,0.2928932188134524
25,13,0.0,1.0
25,14,0.0,1.0072189772954907
25,15,0.0,1.0
25,16,0.238293706103542,0.512303573137737
25,17,0.6814818130208289,0.1748075333183874
25,18,0.5770841943613465,0.24033942160900146
25,19,0.25605127886866275,0.4982942980261226
25,20,0.2212145107423027,0.529665533112549
25,21,0.943899687229996,0.028455637022561257
25,22,0.31409229239094894,0.4416833268863204
25,23,0.47034352120930323,0.316339998137016
25,24,0.06819555718413339,0.7405642040318396
25,25,0.7641885333505538,0.1258212234613827
25,26,0.5390352842029342,0.2662154111075247
25,27,0.14216864417683384,0.6232837929051068
25,28,0.3411497543874904,0.4164349613437263
25,29,0.5322141020443864,0.2704699443858489
25,30,0.2081677607970196,0.5437459470897605
25,31,1.0,0.0
25,32,1.0,0.0
25,33,0.0,1.003039298692092
25,34,1.0,0.0
25,35,0.1564605106965749,0.6046822787622421
25,36,0.5,0.2928932188134524
25,37,0.2624261482926165,0.4893537834975308
25,38,0.12492304003039933,0.646555463996967
25,39,0.6166344518874536,0.21473924592690008
25,40,0.6429966523745045,0.19812927951289772
25,41,0.6191810034447088,0.21319402145329913
25,42,0.38925330380751166,0.37954658498656774
25,43,0.20736096707783827,0.5482695117694024
25,44,0.2677958666947191,0.48251003227625844
25,45,0.3287024537540847,0.42667421673704164
25,46,0.45751902808520184,0.3235984712574921
25,47,0.33909669197697456,0.41905788687001777
25,48,0.0,1.0003390503041483
25,49,0.0,1.0008736930008622
25,50,0.07231453587307352,0.7315003772543296
25,51,0.5,0.29326498692991015
25,52,1.0,0.0015273299097599419
25,53,0.19287349785421143,0.5613558936353514
25,54,0.5746709710498044,0.24207777630019092
25,55,1.0,0.0
25,56,0.04407838291924229,0.7900514755487853
25,57,0.0,1.0
25,58,0.34596290561290727,0.41241756932523344
25,59,0.5457255998224468,0.2621695413036287
25,60,0.39591834932143943,0.37077957016524055
25,61,0.2225885191865256,0.5298288860255798
25,62,0.1837711598123093,0.5716466687505442
25,63,0.14200144814919025,0.6239543544269078
25,64,0.500751785945988,0.292361825545012
25,65,0.6410213634371604,0.19939184346096175
25,66,0.7917788651583404,0.11018043112193787
25,67,0.722645998162348,0.14991412306617635
25,68,0.7425067276887378,0.13836449646487733
25,69,0.37811141171176327,0.3857823179224228
25,70,0.9099556331329923,0.04608405342347255
25,71,0.0,1.0
25,72,0.6481432892367718,0.1978629221363872
25,73,0.7642057917242834,0.12581135232474938
25,74,0.022236744080106674,0.8508801016627671
25,75,0.2230479230151175,0.5336943490999353
25,76,0.5,0.2928932188134524
25,77,0.7108558236317761,0.15687733773087553
25,78,0.0,1.0109033122517472
25,79,0.6472318536379045,0.19549278832448957
25,80,0.5,0.2928932188134524
25,81,0.3305151010254469,0.4250955722683579
25,82,0.7180102263492302,0.15264515912798948
25,83,0.471108289958449,0.31362671237988216
25,84,0.0,1.0
25,85,0.0,1.0006679659377562
25,86,0.6244512841885692,0.20977769951198588
25,87,0.0,1.0
25,88,0.8785110165077524,0.06499943618918089
25,89,0.0,1.0017927566231595
25,90,0.05338920649442336,0.7744868241338917
25,91,0.2747553349565697,0.4758289067903785
25,92,1.0,8.291612672663941e-05
25,93,0.6132951683151886,0.2221802169903547
25,94,0.8063675223487996,0.10202031072590534
25,95,0.34427596331131466,0.4164813019970137
25,96,0.21606149170411554,0.5351758486221746
25,97,0.032808153066559265,0.820893714196804
25,98,0.5650997249196374,0.24852703816869326
25,99,0.9132187850526036,0.044375186041821335
26,0,0.0,1.0
26,1,0.2056430749591669,0.5465211416624068
26,2,0.3260808401562204,0.4289651147642375
26,3,0.023489428785262723,0.8467373862115659
26,4,0.0,1.0000896263630668
26,5,0.7619591704624666,0.12709727319565178
26,6,0.0,1.0
26,7,0.5,0.2959738223117728
26,8,0.001414819313602142,0.9623859160206959
26,9,0.538295137848921,0.2663140059610508
26,10,0.5949004742024355,0.22870208466349684
26,11,0.09593499299445801,0.693317381094943
26,12,0.8264422366680199,0.09091131528985585
26,13,0.0,1.0
26,14,0.0,1.0027243567929907
26,15,0.0,1.0
26,16,0.42905048551273883,0.3483514484510917
26,17,0.6264266567691736,0.20852880231231807
26,18,0.18435244525457906,0.5732844803543923
26,19,0.004831866334982671,0.9337736655745839
26,20,0.7212145107423027,0.15211123438594734
26,21,0.7263250632168337,0.14776794352030762
26,22,0.35679514781556587,0.40267668066986884
26,23,0.3355024446205082,0.4207742714446222
26,24,0.0,1.0000282775698248
26,25,0.2641885333505538,0.48600726332899036
26,26,0.19657395253942467,0.5574578369884465
26,27,0.01684213560127562,0.8705676244585486
26,28,0.0164565599458818,0.871883027082239
26,29,0.8654468082002007,0.06970606354754694
26,30,0.26191053442004547,0.48822804451587476
26,31,0.5,0.2928932188134524
26,32,0.721173810516609,0.15078046977438808
26,33,0.5,0.2968772858848422
26,34,1.0,0.0
26,35,0.17303799848903365,0.5855694482567174
26,36,0.7909501503129481,0.11098999202236498
26,37,0.7624261482926165,0.12879603511267032
26,38,0.5314356581005977,0.2710036638633925
26,39,0.9906071336013722,0.005439729920359887
26,40,0.9044606730577334,0.0489686266701117
26,41,1.0,0.0001868932216303817
26,42,0.8892533038075117,0.057870352639128014
26,43,0.20718682634464267,0.5448222035900228
26,44,0.2574500562423349,0.49260463517850805
26,45,0.13148662124554833,0.6373891600550966
26,46,0.13581185633693627,0.6314733980606878
26,47,0.00913393508255339,0.9044283772108405
26,48,0.19214625465593604,0.5616550962359251
26,49,0.5,0.2928932188134524
26,50,0.2752755339539179,0.47922554336321016
26,51,0.07482299736443437,0.7264717810590917
26,52,0.5,0.29490184798819036
26,53,0.0,1.000700349461045
26,54,0.07467097104980436,0.7268542510894402
26,55,0.5,0.29753815061288014
26,56,0.08540428779962805,0.7077598798938995
26,57,0.0,1.0
26,58,0.1925288188214314,0.5612189397644523
26,59,1.0,2.2827136220344338e-05
26,60,0.1530677460187725,0.6087612672308984
26,61,0.2718040378042504,0.47865171161281217
26,62,0.0,1.0002211313596021
26,63,0.05343240765244742,0.7709460593323781
26,64,0.8127513566338289,0.10032639222140935
26,65,0.5366008209815005,0.2674695767536337
26,66,0.2917788651583404,0.4647625942934197
26,67,0.7137239871409976,0.15517813289368654
26,68,0.7569831125505033,0.13070275134428694
26,69,0.38232132583703193,0.3816786225294876
26,70,0.6421522859355735,0.19865595033370753
26,71,0.0,1.0
26,72,0.6286194730861474,0.2116585758764086
26,73,0.7721857264723218,0.12125901058826116
26,74,0.5222367440801067,0.27734050613023375
26,75,0.2952183035952831,0.45666004785651637
26,76,0.6121319115019785,0.21774550927204273
26,77,0.21085582363177613,0.5408095998044209
26,78,0.18901722722272515,0.5713207707756971
26,79,0.4858612072525519,0.30296254960543767
26,80,0.2538108608847044,0.4962035521317122
26,81,0.09647267400151194,0.6893994945247
26,82,0.5774463007241443,0.24010112467240463
26,83,0.0,1.0
26,84,0.5,0.2928932188134524
26,85,0.5,0.2930043628230459
26,86,0.580986628631189,0.23777521121968948
26,87,0.5,0.2928932188134524
26,88,0.7342420939655759,0.14667751516131097
26,89,0.5,0.29417874899773494
26,90,0.5533892064944234,0.25609865809072274
26,91,0.0,1.0
26,92,1.0,0.0
26,93,0.4916881764808294,0.3057881620479645
26,94,1.0,0.0
26,95,0.8442759633113146,0.08115509289580614
26,96,0.17794331553023085,0.5781667206937902
26,97,0.5328081530665593,0.2738083903082425
26,98,0.5200990287050864,0.27903677165303037
26,99,0.41321878505260357,0.3571790412155158
27,0,0.0,1.0
27,1,0.7056430749591669,0.15997436053465197
27,2,0.4020281369072645,0.36594311224680753
27,3,0.0,1.0
27,4,0.5,0.2928932188134524
27,5,0.3419925347051636,0.4151987220387052
27,6,0.0,1.0
27,7,0.6325477849585337,0.20467127239201666
27,8,0.4172606106805372,0.35404287241293075
27,9,0.37060532298366083,0.391226377884471
27,10,0.09490047420243553,0.6919407943228517
27,11,0.14182115280291957,0.6241747938689097
27,12,0.32644223666801986,0.4286487624341574
27,13,0.0,1.0
27,14,0.21343129083659074,0.5380137547106074
27,15,0.0,1.0
27,16,0.3487088449967805,0.4094842550813903
27,17,0.42766988463283195,0.3460352573472848
27,18,0.6843524452545791,0.17355411629045722
27,19,0.0,1.0
27,20,0.9755397709597473,0.01245485768064437
27,21,0.8312582344866337,0.08831398555456627
27,22,0.3676815531088936,0.39363249335993145
27,23,0.3418181078347903,0.4153478745144338
27,24,0.0,1.0013723539873522
27,25,0.05714994703726278,0.760939449014977
27,26,0.6522844931836773,0.19235868531650924
27,27,0.5168421356012756,0.28125521223291594
27,28,0.023676161207371538,0.8461294010950385
27,29,0.5991342289613308,0.22596238530590074
27,30,0.16643590773817624,0.5920344282440291
27,31,0.5061265354643407,0.28857429378441724
27,32,0.221173810516609,0.5297088024249135
27,33,0.8777142344959009,0.06313595730442245
27,34,1.0,0.0
27,35,0.29208647037303487,0.45954975217598903
27,36,0.29095015031294813,0.4606020482862878
27,37,0.26242614829261646,0.48868799131753077
27,38,1.0,0.0
27,39,0.5263624191000804,0.2746398235710783
27,40,0.7392397225493486,0.1404600483977833
27,41,1.0,6.352864757774752e-05
27,42,0.8161064698546375,0.09661388661622794
27,43,0.32694291962575184,0.42821077342629843
27,44,0.20809344188881024,0.5438273990156683
27,45,0.5784369434710991,0.23944957861355498
27,46,0.10973199129280285,0.6692622987503537
27,47,0.5091339350825534,0.2864637815201295
27,48,0.3505252209794949,0.40794829534955745
27,49,1.0,0.0
27,50,0.36720630843919494,0.3967848658428458
27,51,0.0,1.000000484315864
27,52,0.0,1.0
27,53,0.5,0.29330869746218685
27,54,0.5029099105676738,0.29083858637988924
27,55,0.13379165585451402,0.6390006075356158
27,56,0.014042002811329626,0.8815010429947604
27,57,0.0,1.0
27,58,0.5281942787261085,0.2732302436630233
27,59,0.6581691427757095,0.18965934070553453
27,60,0.0,1.0042578704712841
27,61,0.007841258729294753,0.9131906313864255
27,62,0.029269201329956918,0.8289175598433407
27,63,0.3198783903602639,0.4355868936868167
27,64,0.737250972547527,0.14235650857203624
27,65,0.6486244133456497,0.19462777962879196
27,66,0.7917788651583404,0.11437049405019349
27,67,0.5794962300159496,0.23875350246063554
27,68,0.2569831125505033,0.49370059290496954
27,69,0.0,1.0
27,70,0.1421522859355735,0.6237735964370102
27,71,0.0,1.0
27,72,0.1286194730861474,0.6413644285822342
27,73,0.27218572647232175,0.4782857808413482
27,74,0.6516053386931946,0.1927792503328507
27,75,0.33782723079337557,0.41877093087718376
27,76,0.6104120867209626,0.2188364928285789
27,77,0.0,1.0
27,78,0.32996232138131165,0.4255765313104698
27,79,0.9500778510128083,0.025280629610343497
27,80,0.08464189413518411,0.7148295046185487
27,81,0.5964726740015119,0.22777517603553224
27,82,0.7834528955385339,0.11487125482304328
27,83,0.0,1.0
27,84,0.0,1.0
27,85,0.14348114867464806,0.6212109443573534
27,86,0.21436121296315214,0.5370084094034189
27,87,0.3910209668641595,0.3746833067443669
27,88,0.4781781822224891,0.3084957106261097
27,89,0.0,1.0004471466076166
27,90,0.13719406174585586,0.6296028324273311
27,91,0.4459775894257565,0.33218446452200856
27,92,0.5,0.2928932188134524
27,93,0.6270713402747724,0.20960942938042246
27,94,1.0,0.0
27,95,0.7360753410344719,0.14205166761950527
27,96,0.2731306190935829,0.47738100006449935
27,97,0.6348920758340421,0.20346206191565575
27,98,0.4031247337875033,0.36511370538345667
27,99,0.03469969987897048,0.8137214454668211
28,0,0.3756488948179536,0.38709797290435266
28,1,0.7421589895247809,0.13851350009139385
28,2,0.13720172748342474,0.6340060340562035
28,3,0.0,1.0
28,4,0.7382114831329883,0.14080765649769178
28,5,0.0,1.0088260841725567
28,6,0.0,1.0
28,7,0.5633999245223609,0.2528346886289073
28,8,0.0930154908162053,0.6950155892242929
28,9,0.523194022596696,0.27667847910027177
28,10,0.22184550448322643,0.5289952181949461
28,11,0.6418211528029196,0.19886258806436985
28,12,0.0,1.0
28,13,0.01538860953666063,0.8759491655140497
28,14,0.15995589171404495,0.6008822672419813
28,15,0.1462509868528048,0.6175722462309975
28,16,0.23515218714828262,0.5150750706054775
28,17,0.3044845375760939,0.44819882423458546
28,18,0.6172286516357276,0.2143609915261796
28,19,0.1906115685165094,0.5634091520467825
28,20,0.4755397709597473,0.31091626161867175
28,21,0.3312582344866337,0.4244496247185363
28,22,0.24916710771622655,0.5031214516136592
28,23,0.3452506886984064,0.41241963213666977
28,24,0.0,1.0009790251617878
28,25,0.4476589832894419,0.3309267728496066
28,26,0.9718560396511772,0.014172408759433597
28,27,0.9412035111302526,0.029843563578402788
28,28,0.15596289409633715,0.6050786228926862
28,29,0.6955159691513499,0.16659643348082803
28,30,0.4636464803118895,0.3190840871943956
28,31,0.6148039310860547,0.21590566187093618
28,32,0.0,1.0
28,33,0.9028126798542043,0.049835445907286946
28,34,0.5,0.2928932188134524
28,35,0.5022470501801805,0.29346446548928584
28,36,0.7190691548275374,0.15202054575152746
28,37,0.0,1.0
28,38,0.9409257180583883,0.029986743359458834
28,39,0.026362419100080414,0.8376349203181903
28,40,0.4382426485572916,0.33800102072790805
28,41,0.5,0.29293497067161867
28,42,0.31610646985463753,0.4377665343875041
28,43,0.33263228096597863,0.42325717952801645
28,44,0.7080934418888103,0.15851711729304307
28,45,0.07843694347109909,0.7199340372856796
28,46,0.4377833889546078,0.3387559421456205
28,47,0.009133935082553446,0.9044283772108402
28,48,0.057476345057737965,0.7602577528725111
28,49,1.0,0.0
28,50,0.3398161008219035,0.4199266612950461
28,51,0.33020482107914284,0.4253654891331857
28,52,0.0,1.0
28,53,0.2517235802047612,0.4984946372751577
28,54,1.0,0.0
28,55,0.06760194937820488,0.7419440318524868
28,56,0.38376460306871085,0.3805126288061145
28,57,0.5,0.2928932188134524
28,58,0.49330045620366914,0.2976464877259678
28,59,0.15816914277570948,0.6022951562078864
28,60,0.0,1.0013037482150073
28,61,0.05778143829433846,0.7611620764613402
28,62,0.5292692013299569,0.2728877066893758
28,63,0.6701320001865254,0.18190871980310278
28,64,0.4983419298432202,0.2942535749131416
28,65,0.939553514844844,0.030694313002939233
28,66,0.2917788651583404,0.45983440950173404
28,67,0.5207198144356513,0.2786833723677902
28,68,0.08678841979929525,0.7054012562835761
28,69,0.0,1.0
28,70,0.0,1.0004462374182932
28,71,0.3976376633040646,0.36941482470322495
28,72,0.423567085132938,0.3491796829132191
28,73,0.7721857264723218,0.12125901058826116
28,74,0.5458161911120732,0.26120625942549214
28,75,0.7136582839428924,0.15521701961811962
28,76,1.0,0.0
28,77,0.5,0.2928932188134524
28,78,0.4541644402873206,0.3263098705299666
28,79,0.5841956077993096,0.2356731014812382
28,80,0.30355401942104465,0.44904263375371356
28,81,1.0,0.0006863417817810246
28,82,0.4361368833926693,0.33959339540502076
28,83,0.08592565725429213,0.7068692147619221
28,84,0.0,1.0000049904788744
28,85,0.008884475318523849,0.9066889388785929
28,86,0.17546640679471698,0.5811128949290549
28,87,0.7542390591442139,0.13153062279420935
28,88,0.3430183357370898,0.4143223277799556
28,89,0.0,1.0
28,90,0.0,1.0
28,91,0.0,1.003193327594509
28,92,0.4675970527775352,0.3161893151042935
28,93,0.6716111221274188,0.18290312619477697
28,94,0.6011210550146969,0.22500588031784627
28,95,0.23607534103447192,0.5141241505955745
28,96,0.7731306190935829,0.12072153495403803
28,97,0.13489207583404206,0.6327234341343815
28,98,0.3251474929130279,0.4297829422816011
28,99,0.5346996998789705,0.2687683678348082
29,0,0.8756488948179536,0.0642388687181148
29,1,0.24215898952478088,0.5079034753985954
29,2,0.0,1.0014602870385052
29,3,0.4537542853318926,0.32638713987046486
29,4,0.23821148313298834,0.5119308623432657
29,5,0.014074001358043584,0.8813661036716589
29,6,0.5,0.2929296782275802
29,7,0.24502395715595016,0.5098553734310474
29,8,0.5150132710787112,0.2823557489405275
29,9,0.6695492137459684,0.1817401306760985
29,10,0.2907701912749062,0.4612934623633461
29,11,0.216506441664099,0.5431881926295403
29,12,0.5,0.2928932188134524
29,13,0.5153886095366607,0.2820942892435939
29,14,0.025297855518776974,0.8437297652912903
29,15,0.16654275700627022,0.5919034954740849
29,16,0.6392313963681674,0.20048052158301521
29,17,0.006534093364580829,0.9191662609761194
29,18,0.1172286516357276,0.6576133010239334
29,19,0.170268241137507,0.588977456900678
29,20,0.08081582717562985,0.7164906369624379
29,21,0.11584936400011381,0.6615926945578443
29,22,0.0,1.0001735599893642
29,23,0.2207782996983,0.5301294862429651
29,24,0.20196519587810377,0.5510068940828609
29,25,0.0,1.0
29,26,0.4718560396511772,0.3133842752518712
29,27,0.865980316896674,0.0694193657201575
29,28,0.1638854375067224,0.5951723360407266
29,29,0.7180333621564678,0.15434017991680207
29,30,0.026996407744806272,0.8356941639965084
29,31,0.35558039424306664,0.403694378491141
29,32,0.5,0.2928932188134524
29,33,0.4028126798542043,0.36532474457073383
29,34,1.0,6.269961603994023e-05
29,35,0.21373329164590893,0.5411609235885018
29,36,1.0,0.0
29,37,0.0,1.0
29,38,0.8593599444699426,0.07298330949764309
29,39,0.0,1.0
29,40,0.9382426485572917,0.03137073730075046
29,41,0.8101614506052331,0.09996967709271819
29,42,0.4544043099786692,0.325904821276202
29,43,0.1498074649012048,0.6129503069356536
29,44,0.2080934418888103,0.5443008540473832
29,45,0.0,1.0
29,46,0.08940183343598185,0.7012826416910045
29,47,0.12377013362772815,0.6481902024847401
29,48,0.027797584562319927,0.8332739235682675
29,49,0.7264035028956053,0.1477069149080199
29,50,0.3719993773594942,0.3910291308679994
29,51,0.40304187087441545,0.3651442125376697
29,52,0.5,0.2930862623983246
29,53,0.7185279847612271,0.1524876753395274
29,54,1.0,0.0
29,55,0.5676019493782049,0.2466063781938389
29,56,0.6396172849673378,0.20023923266558152
29,57,0.34391837320970325,0.4135544584450289
29,58,0.0,1.0
29,59,0.6581691427757095,0.18917451350190131
29,60,0.10356608031946912,0.6781831571849151
29,61,0.34091223605107357,0.4165909675430388
29,62,0.6697024035128015,0.18164652899080247
29,63,0.39342260889485436,0.3727659058255408
29,64,0.2801812646482265,0.47067848650538824
29,65,0.43955351484484395,0.33701167819874533
29,66,0.49894811870838923,0.29363740281043393
29,67,0.4401413040003658,0.3365685385811389
29,68,0.5867884197992952,0.23417830509100862
29,69,0.5,0.2928932188134524
29,70,0.488902605897464,0.30078429229781745
29,71,0.8633258528053585,0.07084670112765656
29,72,0.6555366316230309,0.19034783294118773
29,73,1.0,0.0
29,74,0.4811572521641669,0.30634500494542183
29,75,0.21365828394289244,0.5377681491471056
29,76,0.6379168893829504,0.20130300527487244
29,77,0.660860320397477,0.1870668413716433
29,78,0.6544898549394886,0.19123271360144906
29,79,0.3048958108653048,0.44782628560813875
29,80,0.5776973341314448,0.23993596708471676
29,81,0.5,0.2938869705170412
29,82,0.15682411276983438,0.6039897567362249
29,83,0.3511979236721605,0.4073804562181901
29,84,0.5,0.2928932671231953
29,85,0.48374945549443615,0.3045794675265645
29,86,0.6754664067947169,0.17813236662177956
29,87,1.0,0.0
29,88,0.0,1.0034315899299315
29,89,0.0,1.0
29,90,0.16296214493876926,0.5963142993134767
29,91,0.0,1.0020515514459138
29,92,0.5821826719565327,0.23699104071018096
29,93,0.5837681208522488,0.23636246743699116
29,94,0.10112105501469693,0.6820046305137496
29,95,0.7360753410344719,0.14205166761950527
29,96,1.0,0.0
29,97,0.0,1.0
29,98,0.6754626437379994,0.17813465595755928
29,99,0.4054377447225837,0.3632600650794834
30,0,0.3756488948179536,0.38709797290435266
30,1,0.7421589895247809,0.13851350009139385
30,2,0.5,0.2928932188134524
30,3,0.9537542853318925,0.023396556768361276
30,4,0.0,1.0026644967404788
30,5,0.5140740013580436,0.28301045938030334
30,6,0.48479875238568443,0.30372508849902946
30,7,0.511648209472665,0.2874485228660585
30,8,0.7589860555811725,0.1288019423912996
30,9,0.2282471508170043,0.5222478144299031
30,10,0.2933035114365202,0.45968946407038624
30,11,0.7139109249105163,0.15567271012889303
30,12,0.6779557345528948,0.17722644297679763
30,13,0.015388609536660658,0.8759491655140497
30,14,0.525297855518777,0.2761374478900761
30,15,0.6665427570062702,0.1835793014589413
30,16,0.6532851892639198,0.19173940510258713
30,17,0.5065340933645808,0.28828791399570797
30,18,0.6172286516357276,0.2143609915261796
30,19,0.31203304249240343,0.4414008212569558
30,20,0.5808158271756299,0.2380454421353111
30,21,0.6158493640001138,0.21523929507134865
30,22,0.0,1.0
30,23,0.16781152815070688,0.590351945994239
30,24,0.47949961545165953,0.30754089257800965
30,25,0.38766410851220845,0.3773732189246848
30,26,0.026151595464334654,0.8387710899228762
30,27,0.6689676988312309,0.18209554419160245
30,28,0.4196387723531133,0.3522046832886847
30,29,0.643341637205193,0.19984463528883917
30,30,0.18083521637099675,0.5747527585380514
30,31,0.16476077973919523,0.594092646359794
30,32,1.0,0.0
30,33,0.1724039509770516,0.5847844523900247
30,34,0.9788878870952608,0.010622554476372541
30,35,0.4648235256596249,0.32141105512409257
30,36,0.7134487386698699,0.15534105186183578
30,37,0.0,1.0
30,38,0.9549588845549233,0.022780022433575464
30,39,0.5,0.2928932188134524
30,40,0.43824264855729167,0.33800102072790805
30,41,0.9405739116904532,0.03022108748065072
30,42,0.9544043099786692,0.023063814786928316
30,43,0.04122651294311688,0.7969568692540502
30,44,0.0,1.0
30,45,0.5,0.2928932188134524
30,46,0.15059732148705254,0.6120944476177138
30,47,0.3344084360184856,0.4217194141089591
30,48,0.52779758456232,0.27350321090708185
30,49,0.2264035028956053,0.5241812289373134
30,50,0.0,1.0
30,51,0.6332156050178994,0.204251544130999
30,52,0.0,1.0000278809484888
30,53,1.0,0.0002538057813779947
30,54,1.0,0.0
30,55,1.0,0.0
30,56,0.5056647765055436,0.2888988985344323
30,57,0.0,1.0
30,58,0.5,0.2928932188134524
30,59,0.8080710106694291,0.10193318190530397
30,60,0.5385421056985467,0.2661457190296246
30,61,0.42679318815812944,0.3467120776455958
30,62,0.6404621590940247,0.1999820680031506
30,63,0.25254876129393333,0.4977037515298628
30,64,0.7801812646482265,0.11672129842941048
30,65,0.8600368781894849,0.07261826727636855
30,66,0.9708801734297994,0.014667480781335729
30,67,0.5337709987095856,0.26940366911023594
30,68,0.5977773837810588,0.22687233034533968
30,69,0.0,1.0
30,70,0.7879110233176736,0.11235647734145349
30,71,0.7904207223495183,0.11094391495838785
30,72,0.6369037198682383,0.201937521325405
30,73,1.0,0.0
30,74,0.43869763965009756,0.3376574604858167
30,75,0.41579507927886233,0.35517825774958367
30,76,0.991694107163128,0.004161605900270593
30,77,0.160860320397477,0.5989260412374333
30,78,0.3696179073532798,0.3922664505647132
30,79,0.3994713294903455,0.367962556892121
30,80,0.2889926330730941,0.4624196496586821
30,81,0.8148507627148635,0.09730915440840793
30,82,0.5223463639648709,0.2772646653408518
30,83,0.5831063717795628,0.23638597984350573
30,84,0.9409557978360584,0.02997123865523532
30,85,0.0,1.0002222715674713
30,86,0.566058166823734,0.24763162824070417
30,87,0.5,0.2928932188134524
30,88,0.0,1.0038168158625356
30,89,0.5,0.2928932188134524
30,90,0.33093097019029755,0.42473400049168775
30,91,0.16110370744188313,0.5986227367651686
30,92,1.0,0.0
30,93,0.5617223303674042,0.2505186257368338
30,94,0.0,1.0002779509807613
30,95,0.7760708005576002,0.11905119299836708
30,96,0.5,0.2928932188134524
30,97,0.4658775151253458,0.31832036621215665
30,98,0.17546264373799936,0.5811173866845278
30,99,0.35159988726793795,0.4070414118440159
31,0,0.043159790269930165,0.7922506551877235
31,1,0.9686492945858098,0.016470695135702384
31,2,0.8046665251591317,0.10306618194117842
31,3,0.45375428533189255,0.32638713987046497
31,4,0.41933423941289194,0.35243977931555126
31,5,0.10606733762685738,0.6743201915579393
31,6,0.15918126393628346,0.6010247326759672
31,7,0.5429049701686919,0.26434923738381005
31,8,0.31763693841621127,0.43640711642515284
31,9,0.0,1.0
31,10,0.7415445442626603,0.13944476703006922
31,11,0.4071838246594462,0.36257230149402825
31,12,0.17795573455289482,0.5781645800993642
31,13,0.35924751508366337,0.4006273987879798
31,14,0.2516834655578324,0.4984809314904877
31,15,0.3923300670628109,0.37363743162381513
31,16,0.25450708743605066,0.4955130453261941
31,17,1.0,6.646520292006813e-05
31,18,0.1172286516357276,0.6576133010239334
31,19,0.45221759082082874,0.3275287434984089
31,20,0.7051578200391344,0.1602632436059891
31,21,0.4569027662703088,0.32405416913016705
31,22,0.0,1.0
31,23,0.43793539770522805,0.3382331243517639
31,24,0.36330131233577045,0.3972774807243691
31,25,0.48101004673108794,0.3064511215991421
31,26,0.5261515954643347,0.2746369216286684
31,27,0.7034002646918526,0.16131038834867362
31,28,0.5029038117876062,0.2908428863872222
31,29,0.4233580883961209,0.34934026680904795
31,30,0.2179404966011748,0.5332107094661274
31,31,0.143696211430399,0.6209271686992076
31,32,0.678943167352435,0.17601992296388924
31,33,0.6724039509770516,0.17999759087119038
31,34,0.47888788709526076,0.30798274075333876
31,35,0.0,1.0
31,36,0.5415179818717918,0.26412094616588533
31,37,0.5,0.2928932188134524
31,38,0.4549588845549233,0.3254935993224948
31,39,0.0,1.0
31,40,0.23927563184751804,0.5108419152794078
31,41,0.44057391169045323,0.33624258068895885
31,42,0.4544043099786692,0.325904821276202
31,43,0.5412265129431169,0.26431901414871617
31,44,0.14967222975686376,0.613125046356237
31,45,0.4587207823862557,0.322710709972278
31,46,0.11990020218208272,0.6539646402041764
31,47,0.8344084360184856,0.08654040263485896
31,48,1.0,0.0
31,49,0.03639135948888883,0.8092348053525256
31,50,0.33772629531651194,0.41903822655392425
31,51,0.7277758912060452,0.14690217957959517
31,52,0.12165730104365163,0.6523861373829791
31,53,1.0,1.5176638626209852e-05
31,54,0.5,0.2928932188134524
31,55,0.5,0.2928932188134524
31,56,0.8741181109380012,0.06522659324435244
31,57,0.3162774554568118,0.43761449569106803
31,58,0.535488978997444,0.26822887526396344
31,59,0.3080710106694291,0.44525203622418946
31,60,0.07204661928322231,0.7315849868520348
31,61,0.4297384908322227,0.34445557676674365
31,62,0.7171012404964702,0.1536928740763855
31,63,0.12185148351953534,0.6511035737184279
31,64,0.28018126464822646,0.47067848650538824
31,65,0.8279181956882503,0.0907550769041901
31,66,1.0,0.0
31,67,0.33083262434542493,0.4248194854261621
31,68,0.5038603202232179,0.2901794300095807
31,69,0.3432721394962288,0.4141721301580025
31,70,0.2879110233176736,0.4634265909331011
31,71,0.2904207223495183,0.46109302996758494
31,72,0.5753331802969174,0.2414927948286072
31,73,0.5,0.2928932188134524
31,74,0.8677665277691891,0.06846013087512515
31,75,0.0,1.0
31,76,0.491694107163128,0.29912090525094753
31,77,0.02948293918281164,0.8282940327687718
31,78,0.16366823743277006,0.5956511846329475
31,79,0.8994713294903455,0.051595376703410745
31,80,0.46086086723524294,0.321132658588408
31,81,0.668003975019706,0.18268489857356363
31,82,0.597531544765154,0.22699835396995816
31,83,0.5673466369693482,0.24677583883059873
31,84,1.0,0.0
31,85,0.0,1.0017121525920827
31,86,0.37345067352393096,0.39150185987834285
31,87,0.745143524038224,0.1367830376792727
31,88,0.0,1.0033737122458168
31,89,0.8967166429365715,0.05304876422459248
31,90,0.1677156896097815,0.5904689393833704
31,91,0.40480476943272536,0.3639186230463703
31,92,0.5,0.2928932188134524
31,93,0.5978499729672534,0.2301163864399621
31,94,0.0,1.0001768002753113
31,95,1.0,0.0
31,96,0.029796850817668974,0.8275443680583324
31,97,0.3313468279101027,0.42650859169238275
31,98,0.07526665001222631,0.7256523191054345
31,99,0.851599887267938,0.07753100509598959
32,0,0.5431597902699301,0.26300624814729257
32,1,0.46864929458580984,0.3154203519050469
32,2,0.6106054534976723,0.21859300095643242
32,3,0.1927177790869874,0.5640042375224656
32,4,0.9193342394128919,0.04118080984322603
32,5,0.0,1.0
32,6,0.14601063214881949,0.618692290392999
32,7,0.5302462061350065,0.2718199356374781
32,8,0.8176369384162112,0.09576721005251576
32,9,0.0,1.0005954994506252
32,10,0.247894824235544,0.5021096262875291
32,11,0.0,1.0
32,12,0.6779557345528948,0.176625516086736
32,13,0.8592475150836634,0.07304395191375801
32,14,0.4825394292555125,0.3053494193081585
32,15,0.7702471893024733,0.12236272338598031
32,16,0.0,1.0
32,17,0.9071782171488227,0.04823219193724792
32,18,0.0,1.0
32,19,0.3445590204418769,0.41467353977149224
32,20,0.8845794159594698,0.059479178348788575
32,21,0.806786935648045,0.10178680946668062
32,22,0.17700696130157936,0.5792780475164394
32,23,0.15625884837019932,0.6049743719545895
32,24,0.8633013123357705,0.07088396133272523
32,25,0.4090670739268297,0.3604164840094535
32,26,0.7304451888284618,0.14533913812058663
32,27,0.4419505796026856,0.3352063631451595
32,28,0.6634279801480034,0.18548911600396434
32,29,0.7045364875294879,0.1606332818550119
32,30,0.024938650567703252,0.8422312981236726
32,31,0.16888868154126624,0.5895399072378968
32,32,0.17894316735243498,0.5769832540519997
32,33,0.17240395097705163,0.5847844523900247
32,34,0.3489176327057319,0.4093074973340767
32,35,0.47720217363035794,0.31262406691991773
32,36,0.6713159385715799,0.1806612797068724
32,37,0.8000103525978411,0.10556702174067778
32,38,0.10271544287993484,0.6795074994950197
32,39,0.021809105832420128,0.8523209363774942
32,40,0.13674856691945003,0.6303291938080803
32,41,0.0,1.0000503120395776
32,42,0.8977238546538968,0.05251709532366933
32,43,0.6666934113408033,0.1853324513274031
32,44,0.6496722297568638,0.19397752527807033
32,45,0.6337994853329036,0.2038847537366819
32,46,0.6199002021820827,0.2128720693707648
32,47,0.8588483528026395,0.07325928501946166
32,48,0.5,0.2928932188134524
32,49,0.0,1.0
32,50,0.8377262953165119,0.08474035146542576
32,51,0.22777589120604524,0.5227412743531605
32,52,0.6216573010436517,0.21257422782196958
32,53,0.7811360458310956,0.11618098808008459
32,54,1.0,0.0030470374662838555
32,55,0.0,1.0
32,56,0.8760636431415245,0.06635656435772279
32,57,0.8162774554568117,0.09669565545800175
32,58,0.4563988475780961,0.32448165643278937
32,59,0.0,1.0005037464505864
32,60,0.0,1.0
32,61,0.0,1.0
32,62,0.21710124049647017,0.534058758536583
32,63,0.5997830721821806,0.2259928162439837
32,64,0.10697799414368633,0.6733305906156318
32,65,0.5008769795368051,0.29240897418211975
32,66,0.5,0.2928932188134524
32,67,0.014528030241426682,0.8794677211638862
32,68,0.3438880706058336,0.4139743986450749
32,69,0.22636227212276236,0.5242641469864562
32,70,0.08818658202452603,0.703037743097669
32,71,0.44928907015906705,0.32970971202092814
32,72,0.37211163096412414,0.38999046649734714
32,73,0.43202449877234744,0.34271429441045387
32,74,0.5519334291162012,0.2570777772093493
32,75,0.0,1.0
32,76,0.0,1.0005489426044591
32,77,0.5294829391828116,0.2723442165537254
32,78,0.5606519725914607,0.2512437254007411
32,79,0.3994713294903455,0.3747857950716074
32,80,0.590390683730102,0.23537382267283444
32,81,0.7052325091870417,0.16021877302059095
32,82,0.7309399568850481,0.14504973426225076
32,83,0.3651836566574149,0.39569572510413686
32,84,0.5,0.2928932188134524
32,85,0.15670001156568011,0.6041969036840079
32,86,0.016620946387670477,0.8715907808105876
32,87,0.41103314083274867,0.3590564719842426
32,88,0.5,0.2928932188134524
32,89,0.7026557486472149,0.16716859118387412
32,90,0.2635640312476891,0.4883765646837207
32,91,0.5429323058751548,0.26338631403520146
32,92,0.7953486527199467,0.10817678168823908
32,93,0.41554042532153623,0.3598715836848325
32,94,0.5,0.2928932188134524
32,95,1.0,0.0
32,96,0.5297968508176689,0.2722791446269272
32,97,0.647513140646904,0.20496056130440937
32,98,0.4185952146064374,0.3530106534057632
32,99,0.351599887267938,0.4070587713767897
33,0,0.36441427985478736,0.3963326413870074
33,1,0.06732935050570465,0.7407963508957031
33,2,0.11060545349767226,0.6674260180085154
33,3,0.0,1.0002541764141502
33,4,1.0,0.0
33,5,0.008411346680324755,0.9082866057747029
33,6,0.6460106321488195,0.19700994494846663
33,7,0.4091397042946914,0.360359707105086
33,8,0.34070754663474434,0.41629840960063824
33,9,0.03607045129957501,0.8100777756565204
33,10,0.0,1.0
33,11,0.5,0.2928932188134524
33,12,0.4656801871711077,0.31759235997015123
33,13,0.7089305621118833,0.15801985646223027
33,14,0.1889613847859909,0.5668296984026809
33,15,0.27024718930247327,0.4801469541279254
33,16,0.0,1.000099613777538
33,17,0.9245086969002879,0.03853407923522665
33,18,0.09631433838421904,0.6896544854775262
33,19,0.33251645334406266,0.42415575817487067
33,20,0.38457941595946976,0.3798553265894564
33,21,0.884742275539516,0.059489587047522025
33,22,0.6770069613015793,0.17719567253108148
33,23,0.0,1.0
33,24,1.0,0.0
33,25,0.5294504226834452,0.27236656022180705
33,26,0.5259965512422582,0.2747438030307785
33,27,0.21759567181411665,0.5353388830732556
33,28,0.7571046145795017,0.1298824133604115
33,29,0.20453648752948794,0.5477428966511549
33,30,0.5249386505677033,0.2754734990576927
33,31,0.17444955104314244,0.5833421346740421
33,32,0.19375248530466577,0.5598267553511848
33,33,0.0,1.000306023776165
33,34,0.16007616345354647,0.5999048070101985
33,35,0.5974487112110557,0.2274109245459518
33,36,0.749163834512357,0.134465639035555
33,37,0.30001035259784115,0.4522679919907536
33,38,0.6027154428799348,0.2236524986322589
33,39,0.5218091058324201,0.2776364448337526
33,40,0.63674856691945,0.202267526519043
33,41,0.5,0.2938732681780412
33,42,0.3977238546538968,0.36934648605284315
33,43,1.0,0.0
33,44,1.0,0.0
33,45,0.13379948533290364,0.6342334772044114
33,46,0.5196187744735097,0.27925981563031343
33,47,0.3588483528026395,0.40096047475760044
33,48,0.46364892296981464,0.32075869908038984
33,49,0.3353595795519766,0.4209027581960062
33,50,0.3377262953165119,0.418902925303431
33,51,0.7277758912060452,0.14690217957959517
33,52,0.12165730104365169,0.6512059331874298
33,53,0.6990270625450594,0.1663712688416956
33,54,0.5,0.29503985111194636
33,55,0.04139522024291198,0.7965418464575283
33,56,0.3760636431415245,0.3887410376766841
33,57,0.31627745545681174,0.437678922292013
33,58,0.2843070902855454,0.4668292746165382
33,59,0.06494690229793493,0.7451531787564638
33,60,0.07211555171515181,0.7314566111125582
33,61,0.0,1.0
33,62,0.6146115278102955,0.2160283628789269
33,63,0.09978307218218063,0.6841154131930767
33,64,0.1809479166274645,0.5747252008724727
33,65,0.0008769795368051003,0.9703861597085907
33,66,0.008351250989185655,0.9086148207356047
33,67,0.18982000871872443,0.5643166187255653
33,68,0.3580220844466918,0.40178472053449793
33,69,0.06180076719517699,0.7514192957383851
33,70,0.588186582024526,0.23306676820956185
33,71,0.949289070159067,0.02568533308839749
33,72,0.36635065863427957,0.3947309204706724
33,73,0.3690118747549551,0.39254601435899006
33,74,0.5232763898376404,0.27662154453036114
33,75,0.5,0.2928932188134524
33,76,0.5,0.2928932188134524
33,77,0.9316175433357927,0.03479663110006048
33,78,0.9867100977951146,0.006962278738206362
33,79,0.5996541107051183,0.2256266335254561
33,80,0.09039068373010195,0.7042131962657928
33,81,0.9443347458532807,0.028231125290956505
33,82,0.48248676420618963,0.3053873279257068
33,83,0.0,1.0001975533836884
33,84,0.34360171363067304,0.4138245027036075
33,85,0.5476537319267577,0.259972793571794
33,86,0.5166209463876705,0.2812365156828913
33,87,0.19802501029345584,0.5549999884343194
33,88,0.10130679168118178,0.6817127214587712
33,89,0.20265574864721492,0.5498269792099766
33,90,0.7033934909935196,0.16131442662132334
33,91,0.36268561217992,0.3977669791054347
33,92,0.2953486527199467,0.456540109373335
33,93,0.4997547376268285,0.294528489670813
33,94,0.4936516914549183,0.2973964905760018
33,95,0.5,0.2928932188134524
33,96,0.6437368939537267,0.1978172667955793
33,97,0.39196624375535416,0.3741368126249319
33,98,0.46578759427741556,0.31751366733287945
33,99,0.2514669831441997,0.4985351626043959
34,0,0.2930300921251179,0.45867746017266386
34,1,0.5673293505057047,0.2468983825351644
34,2,0.6106054534976723,0.2187305312877177
34,3,0.08004868757345579,0.7173332947239994
34,4,0.5,0.2928932188134524
34,5,0.202784785217298,0.5496836831544987
34,6,0.5257786309587043,0.2755416531186095
34,7,0.3390769748425734,0.4176968359672314
34,8,0.426013516047606,0.34747396532998803
34,9,0.536070451299575,0.26783167830096954
34,10,0.1919614586679685,0.5618659352801149
34,11,0.42342946466470816,0.3492854199691633
34,12,0.019068574617311485,0.8619109902370522
34,13,0.20893056211188332,0.5516447508134557
34,14,0.2723817031137281,0.4799602799002911
34,15,0.0,1.0
34,16,0.31870556600074296,0.43548128208410847
34,17,0.5088922477404745,0.2867065215127288
34,18,0.5963143383842191,0.22778607990776345
34,19,0.0,1.0004124849720146
34,20,0.4756399155938588,0.3103334750809934
34,21,0.6646946650033269,0.18482749923227562
34,22,0.7679182014331721,0.12379020046680729
34,23,0.28699193020248037,0.464660717633891
34,24,1.0,0.0
34,25,0.4671679758378574,0.31650312668026237
34,26,0.38536426220091285,0.37922285625120433
34,27,0.7175956718141167,0.15289826394536116
34,28,0.6117677405005204,0.21784417121616972
34,29,0.3879176244090029,0.37716966643474814
34,30,0.40303618115772266,0.36514869366305736
34,31,0.6744495510431424,0.17875122463218096
34,32,0.18346843454924405,0.57262825681605
34,33,0.0,1.000239572413912
34,34,0.3356328486631068,0.42066171483052606
34,35,0.8118117244801321,0.09953885872698912
34,36,0.4116179366561752,0.3584258140277575
34,37,0.5060430038079534,0.2886330034307514
34,38,0.7027718304773376,0.16168512450431993
34,39,0.658920898474165,0.1882605723052717
34,40,0.4645983862304688,0.3183854562654427
34,41,0.4350665342490304,0.34132509938204714
34,42,0.17296463109159324,0.5841630913072119
34,43,0.5,0.2928932188134524
34,44,0.5,0.2928932188134524
34,45,0.5188649176923508,0.2796881965692437
34,46,0.0940016827390181,0.6947457860004286
34,47,0.2081715838068439,0.5438758591453994
34,48,0.0,1.0
34,49,0.6455420288110432,0.19654533831876567
34,50,0.0,1.0000106870366876
34,51,0.34795147054860964,0.4101258858463023
34,52,0.36725265053406486,0.39398626209130794
34,53,0.8278925577251959,0.09277710267460168
34,54,0.1669988899935626,0.5913450232854582
34,55,0.541395220242912,0.2642043624463978
34,56,0.5654365524842425,0.24817582052832712
34,57,0.0,1.0003694272106247
34,58,0.7843070902855453,0.11947848030843726
34,59,0.008671105749730429,0.9068812277264652
34,60,0.38291145032454077,0.3812016076907271
34,61,0.0,1.0
34,62,0.47444516811059473,0.31120019736457916
34,63,0.0,1.0
34,64,0.2498916430463778,0.5001083686973968
34,65,0.0,1.0
34,66,0.08909278474334914,0.7015158551223379
34,67,0.6376351036670622,0.20147942815036868
34,68,0.006345194232558249,0.9212193453059755
34,69,0.0,1.0
34,70,1.0,1.1948656399515411e-05
34,71,0.48473730323832265,0.30376921697017545
34,72,0.8663506586342795,0.06926530626903175
34,73,0.8690118747549551,0.067791935909716
34,74,0.8830408486212362,0.06079537358664466
34,75,0.7969354439235881,0.10728759170515167
34,76,1.0,0.0
34,77,0.4316175433357927,0.3430239400588536
34,78,0.48671009779511465,0.3029103240229056
34,79,0.627183271459846,0.20809869609012513
34,80,0.5106293041332111,0.285416691957326
34,81,0.4443347458532807,0.3334156123540841
34,82,0.30112683473650437,0.4512497519485714
34,83,0.0,1.0004763095961973
34,84,0.4712108690327252,0.31355199101991327
34,85,0.997581455743874,0.0012338506790682494
34,86,1.0,3.965467860291942e-05
34,87,0.6698257205645737,0.184103620906117
34,88,0.6013067916811818,0.22456025915537325
34,89,0.7026557486472149,0.16175436258384568
34,90,0.9480292493941552,0.02633206410288147
34,91,0.20432309376480678,0.5483265353711221
34,92,0.0,1.0
34,93,0.44244988397110885,0.3383356464669133
34,94,0.6458240283488207,0.1963682258964491
34,95,0.0,1.000100126023282
34,96,0.14373689395372669,0.620873511933383
34,97,0.0,1.0
34,98,0.0,1.0
34,99,0.0,1.0
35,0,0.3560179725802398,0.40332758352657205
35,1,0.6683369689639761,0.1824883380172008
35,2,0.6246460365254761,0.20967733462037252
35,3,0.18589780041003046,0.5688413280356865
35,4,0.588818681311784,0.23265478348282898
35,5,0.26972865587635986,0.48067932664343493
35,6,0.6428158724567217,0.19849283471115545
35,7,0.3136373196772089,0.43996667985091376
35,8,0.14850601898513033,0.6146591492352605
35,9,1.0,0.0
35,10,0.5527998697447303,0.25649487577775887
35,11,0.4954794318543267,0.2960970011043236
35,12,0.0,1.0
35,13,0.0,1.0008575658869898
35,14,0.26038379285545177,0.4910478279812128
35,15,0.15965473351248363,0.6004318161909239
35,16,0.5185984107660087,0.2833137950399215
35,17,0.8530173943548197,0.07643916340513765
35,18,1.0,0.0003687851651819162
35,19,0.08205213225369165,0.7135525663342546
35,20,0.35876630641095,0.40102896029027413
35,21,0.16469466500332686,0.5941740952042036
35,22,0.5157295525779995,0.2819252374250224
35,23,0.5068513290874337,0.2880650808624192
35,24,0.8642750661578145,0.07033604665028859
35,25,0.0,1.0
35,26,0.6023532588371897,0.22390600544987593
35,27,0.8028666679415656,0.10397253124923293
35,28,0.11176774050052041,0.665683173470852
35,29,0.2516549519643933,0.49834777787356177
35,30,0.0039015794373340462,0.9375373756768574
35,31,0.7465161520128336,0.1359883380342406
35,32,0.18183515545275417,0.5735786644025018
35,33,0.0,1.0
35,34,0.32520090865035506,0.4297361061312447
35,35,1.0,0.00029014125094003096
35,36,0.26648084807934636,0.48378216993274403
35,37,0.006043003807953418,0.922263240304516
35,38,0.2027718304773376,0.5496980674288221
35,39,0.8130575173264426,0.10250014233209498
35,40,0.6058344956699104,0.22164629141378767
35,41,0.3436292768442375,0.41381479058692655
35,42,0.4418063336010737,0.3353148613056903
35,43,0.43788225712107814,0.33832623060073835
35,44,0.2703833999525136,0.4841914133272779
35,45,0.01886491769235077,0.8626503815354744
35,46,0.09464156333209922,0.6936557740097828
35,47,0.13308630491441226,0.6352000986239459
35,48,0.5,0.2928932188134524
35,49,0.8196992274160909,0.09462757529506627
35,50,0.0,1.0
35,51,0.667057161128099,0.1832643260343656
35,52,0.18313904501398195,0.572052520729492
35,53,0.3278925577251959,0.4301631496810737
35,54,0.35087289552873996,0.407714330170178
35,55,0.4905131379875645,0.29963356877448466
35,56,0.7112122007665065,0.1567660748710271
35,57,0.015039621106584529,0.8773638670432546
35,58,1.0,0.0
35,59,0.20479194483798688,0.5474605599088773
35,60,0.0,1.0
35,61,0.5,0.2928932188134524
35,62,0.4899136022256564,0.3001116831420639
35,63,0.10933572142690887,0.6693404750700369
35,64,0.187058361081212,0.5674975594505715
35,65,0.0,1.0
35,66,0.5890927847433491,0.23250678934416358
35,67,0.44362261417458804,0.33394999123595226
35,68,0.5063451942325583,0.2886183939700062
35,69,0.5,0.2929429643715608
35,70,0.5,0.29289846388575363
35,71,0.681441927284818,0.17450504103003872
35,72,0.8361081988704242,0.0856787814470198
35,73,0.5559868389485438,0.2543547499322859
35,74,0.39907237011064123,0.3682937579258536
35,75,1.0,0.0
35,76,0.5,0.29360754723050825
35,77,0.05494316646279018,0.7656004128357088
35,78,0.032686355445953996,0.819206318014279
35,79,0.19743076233581974,0.5556828157712992
35,80,1.0,0.0
35,81,0.6016132972995165,0.2243626509124793
35,82,0.40322507791291246,0.364999938651253
35,83,0.5,0.29305789800825116
35,84,0.10292391379123494,0.6791824291108186
35,85,1.0,2.3498455107548724e-05
35,86,0.5,0.2932646838528385
35,87,0.5253683299067886,0.27650876886927644
35,88,0.10130679168118184,0.6819723886941355
35,89,0.8330929408599566,0.08734984408411765
35,90,0.7249470356343674,0.14856178401814302
35,91,0.1370351833858905,0.6300776445862052
35,92,0.5,0.2930007966357222
35,93,0.26547963074703124,0.4853460829479699
35,94,0.5944050733526914,0.2290232990857043
35,95,0.5,0.2929503494061923
35,96,0.6437368939537267,0.1978227140341207
35,97,0.5,0.2928932188134524
35,98,0.0,1.0
35,99,0.19296376882099286,0.5607235849479364
36,0,0.42499729910758166,0.3496283746971191
36,1,0.1683369689639761,0.5898768228311552
36,2,0.6730552965739629,0.17960052622276568
36,3,0.4667735202795192,0.31679174457599013
36,4,0.25479386758137695,0.4952288958534008
36,5,0.0,1.0000251536727116
36,6,0.7277662073631974,0.1469829650621554
36,7,0.28776039208361825,0.46358822415071477
36,8,0.5044500111525299,0.289753556043728
36,9,0.5,0.2928932188134524
36,10,0.11711856926180408,0.6577740961560565
36,11,0.5485230452953627,0.2593765833465953
36,12,0.0,1.0
36,13,0.0,1.0
36,14,0.41401763203579167,0.35655798082827095
36,15,0.2448605903807522,0.5051749226859985
36,16,0.018598410766008655,0.863624009569101
36,17,0.6206536016084852,0.21228646088124337
36,18,0.5593532638567488,0.2526674064505375
36,19,0.12679544271061371,0.6439165228340218
36,20,0.47800729980125944,0.3092431047137457
36,21,0.6646946650033269,0.18471191287783018
36,22,0.06210512789892442,0.7507948049447112
36,23,0.9545505143296009,0.023006195391696006
36,24,0.9186378948825004,0.04154400472296049
36,25,0.5,0.2928932188134524
36,26,0.99503674544463,0.002510098184234583
36,27,0.9399831495578281,0.03047271850771105
36,28,0.6117677405005204,0.21801302127900538
36,29,0.4478826703997191,0.3307596318214815
36,30,0.503901579437334,0.2901397465434946
36,31,0.7980721243338967,0.10666033192090933
36,32,0.5565287853076972,0.2539914308081326
36,33,0.2570228477099726,0.4930257918690808
36,34,0.0,1.0
36,35,0.5605620512237348,0.25129308055572586
36,36,0.2998924447426613,0.4523756353642935
36,37,0.0,1.0016447437843596
36,38,0.5499642911203766,0.2584042266029447
36,39,0.6603313245752074,0.18819032069186806
36,40,0.664141967203464,0.1850509419580485
36,41,0.0,1.0011383578730633
36,42,0.7259669932835401,0.14815585803530726
36,43,0.8257158710519359,0.09131090517606855
36,44,0.172500782584184,0.5846678647345187
36,45,0.0,1.0000138609138127
36,46,0.5946415633320992,0.2290834805178116
36,47,0.2713618748584852,0.47911172219871506
36,48,0.392663025365195,0.3733717007944861
36,49,0.3196992274160909,0.4345805987466268
36,50,0.0017497302297738715,0.9581702231684908
36,51,0.41401326672074973,0.35774279809375714
36,52,0.17638469266937598,0.580018223407996
36,53,0.40472652823158706,0.36670414903223425
36,54,0.3126481172800215,0.44085054119670164
36,55,0.9905131379875645,0.00475473475752497
36,56,0.21121220076650649,0.5404880090666637
36,57,0.22694168646979498,0.5236215567607717
36,58,0.5,0.2928932188134524
36,59,0.3735504508009253,0.38881226222957865
36,60,0.5,0.29290558199847355
36,61,0.7211991058872375,0.15076557660017254
36,62,0.5183841906364404,0.28002386232407145
36,63,0.6093357214269088,0.21940040902719604
36,64,0.0,1.0
36,65,0.0,1.0
36,66,1.0,1.1415491934678331e-05
36,67,0.4507082587339175,0.32873156016974076
36,68,0.6016392437169441,0.22434592522378627
36,69,1.0,0.00016629054423401127
36,70,0.2874169762650517,0.46388716088396864
36,71,0.7622721722365975,0.126918003715231
36,72,0.9773444350734726,0.011469005778950393
36,73,0.9329556249613735,0.03450876971839745
36,74,0.8990723701106412,0.051815624478238106
36,75,0.5,0.2928932188134524
36,76,0.29022232443921625,0.4616401831614457
36,77,0.42543734441779635,0.3477444178714939
36,78,0.36770635126217754,0.39406903671320165
36,79,0.3693444960328442,0.3922628067718381
36,80,0.5,0.2928932188134524
36,81,0.7736849430416979,0.1204063761931321
36,82,0.2675264652897157,0.4831797054911926
36,83,0.0,1.0001475934948971
36,84,0.21276012202075253,0.5387407214800417
36,85,1.0,1.9112303693207158e-05
36,86,1.0,0.0
36,87,0.4260694628622486,0.3477846464293926
36,88,0.5662661158055253,0.24750222678086742
36,89,0.8961191592249891,0.05349627701667876
36,90,0.6600151075934342,0.1875868615086077
36,91,0.0996657333113849,0.6844704677624399
36,92,0.757126071871209,0.1298803604555817
36,93,0.30762828216394406,0.44935185186367865
36,94,0.4212090443469363,0.35099380253580303
36,95,0.5311242215094072,0.2712173015847541
36,96,0.49513593810974227,0.2966403295507292
36,97,0.30028265262034987,0.452019477882334
36,98,0.411605786226553,0.35941362126069687
36,99,0.4668525447244432,0.316733913673126
37,0,0.6638605045163986,0.18522364754713305
37,1,0.0,1.0000979199407047
37,2,0.4935088530376558,0.2974981473066026
37,3,0.9667735202795191,0.016840732481334685
37,4,0.14124140854378614,0.624179020617813
37,5,0.5,0.2928932188134524
37,6,0.6666497140517784,0.1840723100057437
37,7,0.7099664730240552,0.1574049175172838
37,8,0.1773881624386558,0.5788843003033292
37,9,0.07680524185149579,0.7228624134991867
37,10,0.0,1.0
37,11,0.46785818307186844,0.3159984041890922
37,12,0.14011183886171857,0.6256848401924943
37,13,0.5,0.2928932188134524
37,14,0.3387141228146857,0.41801732614169024
37,15,0.7448605903807521,0.1372426410195018
37,16,0.29863771073422496,0.45352245175650174
37,17,0.3116838692201761,0.4418170351375271
37,18,0.05935326385674877,0.7563747470873581
37,19,0.6267954427106137,0.20829586163099179
37,20,0.46189319896136316,0.3203727499861684
37,21,1.0,0.0001216121291643653
37,22,0.32602748478567,0.4290161701842919
37,23,0.4545505143296009,0.32604669926061436
37,24,0.8801750711583479,0.061823539434958996
37,25,0.8119967056389414,0.09889140186160617
37,26,1.0,0.0002647048535767936
37,27,0.43998314955782813,0.33668774354921793
37,28,0.8086573232289999,0.10074899805839983
37,29,0.18354283283111594,0.571581007854325
37,30,0.0039015794373340462,0.9375373756768574
37,31,0.29807212433389674,0.4540526246995998
37,32,1.0,0.0
37,33,0.0,1.0
37,34,0.12268158085361329,0.6497406948365065
37,35,0.5547318956579158,0.2551967403012284
37,36,0.0,1.0
37,37,0.5,0.2928932188134524
37,38,0.15521052555098913,0.6062527586399455
37,39,0.36760261292715046,0.3986267136082391
37,40,0.7831864284780008,0.11502179208864083
37,41,0.29679899882723854,0.456008625694169
37,42,1.0,0.0
37,43,0.3257158710519359,0.42928477236721996
37,44,0.672500782584184,0.17993854950730426
37,45,0.4298381717152761,0.344823968051941
37,46,0.3118832324356928,0.44187386679013146
37,47,0.2174657168715305,0.5336841709345683
37,48,0.4322391312829955,0.3428720198669583
37,49,0.1662328837856415,0.5922845999298089
37,50,0.26249067723476244,0.48778300389244417
37,51,0.9140132667207497,0.043959589389261366
37,52,0.676384692669376,0.17757389835355053
37,53,0.41584206134764345,0.355141828502078
37,54,0.09512556818407031,0.6926385061326444
37,55,0.49051313798756446,0.29963356877448466
37,56,0.29716199830181933,0.4548910078006948
37,57,0.19526702253255973,0.5581097166348192
37,58,0.22967889933022612,0.5207517351828741
37,59,0.0,1.0
37,60,0.7540069654029408,0.1316649579022447
37,61,0.8410505253358951,0.08303420874335823
37,62,0.557498445272199,0.25334181497006336
37,63,0.10933572142690884,0.6693404750700369
37,64,0.3085771957108575,0.44450274914194443
37,65,0.13348310585390158,0.6347082818635701
37,66,0.5,0.2928932188134524
37,67,0.01673824803153362,0.8707429529742726
37,68,0.2962929562626268,0.45569414040637807
37,69,0.5,0.2931483574611687
37,70,0.347138900630745,0.4108150539679879
37,71,0.6543485438810235,0.19108186824560336
37,72,0.4773444350734726,0.3091588266965292
37,73,0.4329556249613735,0.3420063640418902
37,74,1.0,0.0
37,75,0.5818756111645851,0.23954013827674595
37,76,0.11709108349467573,0.6579720073491296
37,77,0.490554627175168,0.29960483025206075
37,78,0.8677063512621775,0.06861713081446369
37,79,0.5049465139138838,0.2894041134977745
37,80,0.19563940807309876,0.5576885621272056
37,81,0.2736849430416979,0.47685093611696305
37,82,0.3969567077372696,0.37050435681658883
37,83,0.33443465718324616,0.4217376483210149
37,84,0.21510356580425308,0.5362074107920082
37,85,0.5,0.29289769921710274
37,86,0.9645569706116874,0.01800071930162508
37,87,0.9260694628622486,0.037674970260957785
37,88,0.9764528555928609,0.01184370892410902
37,89,0.3961191592249891,0.37062001999985006
37,90,0.8947955537150784,0.05431508582045055
37,91,0.4691591555594181,0.31504806332165314
37,92,0.25712607187120895,0.49292399793402863
37,93,0.3622774799944703,0.39878998066293303
37,94,0.4959050320030738,0.29579475150843004
37,95,0.1358790053302653,0.6313823046430553
37,96,0.9951359381097422,0.0030225885982620468
37,97,0.2920825897400142,0.4595533423731679
37,98,0.911605786226553,0.04544486968274766
37,99,0.8634076795766659,0.0708926406856837
38,0,0.3234398332126575,0.43128229040001087
38,1,0.0,1.000009426080582
38,2,0.0,1.0
38,3,0.4667735202795191,0.31683430628747544
38,4,0.4321444680468446,0.3426230396136136
38,5,0.7044723895946771,0.1606714650420391
38,6,0.4279905315532344,0.3457913687899769
38,7,0.20996647302405524,0.5417790128943729
38,8,0.15804576572580167,0.6026591602096831
38,9,0.5768052418514957,0.24066722193145057
38,10,0.2399351112421418,0.5101682827315672
38,11,0.3138227990068101,0.43985710993084387
38,12,0.4383893080567835,0.3378902598082524
38,13,0.3199502375555229,0.4343585609632875
38,14,0.6968345522495799,0.16524134558710846
38,15,0.24486059038075214,0.5053860863537702
38,16,0.38786795101973365,0.37720954485498603
38,17,0.8116838692201761,0.09906500277757213
38,18,0.0,1.0000389957342974
38,19,0.14857739464106828,0.6148572995115864
38,20,0.40051960121406943,0.3671338204532735
38,21,0.5877933366879947,0.2333459211369202
38,22,0.24671069225575076,0.5033001990580721
38,23,0.0,1.0004096481256395
38,24,0.3801750711583479,0.38341661459430487
38,25,0.31199670563894144,0.4414333471832198
38,26,0.6090830446142588,0.2197360473719129
38,27,0.04462684050228727,0.7887493420074454
38,28,0.3526148905298925,0.40618614825023447
38,29,0.03949481029713567,0.8015925543206737
38,30,0.0,1.0
38,31,0.0,1.000196558134642
38,32,0.5,0.2928932188134524
38,33,0.5,0.2928932188134524
38,34,0.24135393889888174,0.5089301697213238
38,35,0.13576653969423697,0.6315348867338497
38,36,0.5,0.2928932188134524
38,37,0.67688939337786,0.17726711906119852
38,38,0.6552105255509891,0.1905899679859675
38,39,0.8676026129271505,0.06993993784174278
38,40,0.8676577510599953,0.06851851813361565
38,41,0.5092637048297941,0.28658792488390955
38,42,0.7301952927878561,0.14548534665117874
38,43,0.8257158710519359,0.09131090517606855
38,44,0.23541167413136532,0.5152107124353325
38,45,0.6159940035160092,0.2153953603664645
38,46,0.0,1.0012886374848482
38,47,0.0,1.000003497244908
38,48,0.22707456580540272,0.5234765842003116
38,49,0.3856848904905207,0.3791533522886153
38,50,0.7087187274144683,0.15814566140307362
38,51,0.7610264692746387,0.12782284865672464
38,52,1.0,0.0
38,53,0.9158420613476435,0.04300362521708401
38,54,0.5951255681840704,0.2285561795023111
38,55,0.7961230234536338,0.10782633335092073
38,56,0.4496311902659557,0.3294545576428427
38,57,0.46777825845321674,0.3160568309770053
38,58,0.6772869535618596,0.17702554501256862
38,59,0.4464556496602724,0.3318266320330685
38,60,0.25400696540294077,0.496189268800078
38,61,0.8460601876329582,0.08036660857319057
38,62,0.42294249674678897,0.349659706963509
38,63,0.0,1.0
38,64,0.4027546072111814,0.3653704961072316
38,65,0.04222010436097358,0.7945246867359157
38,66,0.0,1.0
38,67,0.38979888005779934,0.3756612457505146
38,68,0.14336274736056856,0.621392424435945
38,69,0.17588021638775342,0.5806196981946485
38,70,0.14671513790412938,0.616965878929658
38,71,0.15434854388102348,0.6071278275558022
38,72,0.907294010737498,0.04761238106413659
38,73,0.325964573445219,0.4290669273503075
38,74,0.6333412836595063,0.20417257922366971
38,75,0.5404456877485988,0.2665505369496223
38,76,0.425470736535486,0.34780371735113413
38,77,0.37037217919329946,0.39141791844608453
38,78,1.0,0.0
38,79,0.730897843035429,0.14511976801434656
38,80,0.2912646795529175,0.4603105712051444
38,81,0.0,1.0
38,82,0.7727454876998627,0.12094056645761275
38,83,0.4382690312671659,0.3379810944790429
38,84,0.715103565804253,0.15448795064190607
38,85,0.12164087246066313,0.6512294845307833
38,86,0.46455697061168744,0.31861769074611146
38,87,0.42606946286224856,0.3473884994641609
38,88,1.0,0.0
38,89,0.6266377383311559,0.20841619900793235
38,90,0.7291525859864298,0.14609568101195913
38,91,0.7130450442842459,0.15558005454380353
38,92,0.0,1.0002909188853868
38,93,0.041432741371371096,0.7964496588768
38,94,0.40718406271670604,0.3618902424216457
38,95,0.2800160644140706,0.4708345585603019
38,96,0.7405252856804533,0.1400989940120134
38,97,0.30875605982710397,0.4443417778642127
38,98,0.8607393543388523,0.07239105929310939
38,99,0.36340767957666587,0.3971669554705334
39,0,0.30289363650870615,0.4503135159308951
39,1,0.0,1.0
39,2,0.18882826983316903,0.5654562509560528
39,3,0.19384236646902686,0.5611359828794955
39,4,0.3450354556949454,0.412602812659998
39,5,0.2785958805464824,0.4724213587704128
39,6,0.9279905315532344,0.03667734815730905
39,7,0.0,1.0
39,8,0.6580457657258016,0.18884355621968885
39,9,0.3896445214205272,0.37579591662981593
39,10,0.20501381717577158,0.5472237293193413
39,11,0.4467392809895593,0.33170854281271167
39,12,0.3399264390720436,0.41710054966505516
39,13,0.0,1.0
39,14,0.37554397430678216,0.3871835720978246
39,15,0.2938720550197581,0.4580802144656159
39,16,0.33220438953643855,0.42364142206832966
39,17,0.3116838692201761,0.4420231984284262
39,18,0.09755320664579105,0.6888290414001218
39,19,0.02646448745607083,0.8373209065181674
39,20,0.9005196012140695,0.05107084480785664
39,21,0.08779333668799472,0.7039524299330043
39,22,0.503952053960852,0.2901041949970038
39,23,0.0,1.0001561416680165
39,24,0.31698647696028476,0.4369903877980957
39,25,0.0,1.0
39,26,0.1875787450573193,0.5672474131707815
39,27,0.5446268405022873,0.26215881159046334
39,28,0.8526148905298925,0.07662851975497287
39,29,0.38449479155557054,0.38504485329679944
39,30,0.3436304350491979,0.41380000422279273
39,31,0.0,1.0000216518226943
39,32,0.21681068549508997,0.5343706565355981
39,33,0.6211955047476639,0.21184043192532143
39,34,0.7413539388988817,0.13969037653228225
39,35,0.5963496491603593,0.2277632169079491
39,36,0.9902659815178683,0.0052747121644437156
39,37,0.720017167402808,0.15146174664732526
39,38,0.7833722918236957,0.11491678819237805
39,39,0.9919823124670515,0.0055948414904314556
39,40,0.45402733179657023,0.3261844972126493
39,41,0.666839009107502,0.18339788813186253
39,42,0.8220547373269572,0.09337096736071969
39,43,1.0,0.0
39,44,0.0,1.0
39,45,0.36181293887139254,0.3985492540893359
39,46,0.0,1.0
39,47,0.043113094194279555,0.7924074997742094
39,48,0.060049892711544345,0.7569320769412288
39,49,0.5106534196936064,0.2854013872545251
39,50,0.4343845342695955,0.34223240504177044
39,51,0.2610264692746387,0.4893695942989346
39,52,0.5,0.2928932188134524
39,53,0.6704902039061047,0.18116533786966205
39,54,0.09512556818407036,0.6915756686250737
39,55,0.5004798934292697,0.29269994547106387
39,56,0.8877611830574732,0.05814731552983641
39,57,0.427197400283552,0.3465212652225933
39,58,0.2576247131604278,0.4924325530922735
39,59,0.5988447842427617,0.2261493785989691
39,60,0.7540069654029408,0.13173177703838992
39,61,0.7894865645318889,0.11240848698106323
39,62,0.8007080688631061,0.10532561389798493
39,63,0.0,1.0
39,64,0.11785907780822924,0.6566939007121644
39,65,0.03208899085859234,0.8208659974806783
39,66,0.0,1.0001389692857166
39,67,0.5974448622097984,0.22758472602660915
39,68,0.6433627473605685,0.19790671338788068
39,69,0.12841346880799262,0.6416517492605934
39,70,0.5223685322334513,0.2773954431560567
39,71,0.6543485438810235,0.19108186824560336
39,72,0.8485043651356132,0.07969776790950231
39,73,0.825964573445219,0.09132213843666849
39,74,0.13334128365950626,0.6348407420597059
39,75,0.2378656708045011,0.5126277870715659
39,76,0.18446382340652812,0.5705074815476664
39,77,0.26371116848355125,0.48647184256016573
39,78,1.0,0.0
39,79,0.8520928215475692,0.07691762210806256
39,80,0.6077408926837525,0.22050369183763838
39,81,0.0,1.0
39,82,0.7296242492775854,0.1463653735864068
39,83,0.7978588231481456,0.10773225054322581
39,84,1.0,0.001141051795503829
39,85,0.6216408724606631,0.21155794603492695
39,86,0.5796944030967245,0.23862335004498303
39,87,0.7245914770351116,0.14893110193186976
39,88,0.5,0.29318445834050927
39,89,0.7333496197636048,0.14366392880638174
39,90,0.9481999898526505,0.02624438905203197
39,91,1.0,2.9043623302508043e-05
39,92,0.5,0.292921051561035
39,93,0.23269617816993884,0.5176140775582907
39,94,0.6366775548080821,0.20207923024395336
39,95,0.4976837490001124,0.294764978637598
39,96,0.24052528568045328,0.5098706940748834
39,97,0.808756059827104,0.10069134340477748
39,98,0.3607393543388523,0.3993841874052496
39,99,0.0,1.0005931873029426
40,0,0.3450032352965791,0.4131354281094064
40,1,0.5,0.2932221221683255
40,2,0.41463654736615063,0.35607721940736514
40,3,0.12215440622633515,0.6519906615330829
40,4,0.6807048983191999,0.17596457724353232
40,5,0.6076557852502793,0.22071322404499535
40,6,0.4279905315532344,0.34579014715977074
40,7,0.0,1.0
40,8,0.9286363470242944,0.03685944221196565
40,9,0.0,1.0
40,10,0.0,1.001117539394735
40,11,0.43501713281980825,0.3404737944190048
40,12,0.36706515287818153,0.3941409793704632
40,13,0.5,0.2928932188134524
40,14,0.8048370327786858,0.10289284145472193
40,15,0.7938720550197581,0.10969234859464018
40,16,0.18186174415530734,0.5735474889799483
40,17,0.0,1.0002505937746207
40,18,0.2622018153605917,0.48849544094707936
40,19,0.29943066753159137,0.4527974163697769
40,20,0.4005196012140695,0.3671338204532735
40,21,0.5877933366879947,0.23348305231942393
40,22,0.44900597644237444,0.33053814690107725
40,23,0.20489314504855455,0.5473487600275964
40,24,0.31283312439187505,0.44069307666450375
40,25,0.0,1.0
40,26,0.03089258844390433,0.8242771095054419
40,27,0.5999864265285528,0.22558128647706907
40,28,0.3526148905298925,0.40653583275265526
40,29,0.573647901392089,0.24955211594183632
40,30,0.14383333727513806,0.6212937778117118
40,31,0.0,1.0
40,32,0.06050910874741547,0.7560076863988963
40,33,0.8925355894006659,0.056431097039879745
40,34,0.6552276068969531,0.19064307643702744
40,35,0.8185837527309497,0.09524381586476582
40,36,1.0,0.0
40,37,0.2671283064672551,0.48315543297113484
40,38,0.2833722918236957,0.4676727587059857
40,39,0.4919823124670515,0.303645490250572
40,40,0.71387531545578,0.15575652853493308
40,41,0.6381935412690057,0.20112983453567013
40,42,0.8234207285892802,0.09263357943908432
40,43,0.5,0.2928932188134524
40,44,0.06449133254085196,0.7461047070801001
40,45,0.7273533296308589,0.14714987856548978
40,46,0.5,0.2931558057344572
40,47,0.5431130941942796,0.2632834497753167
40,48,0.34956510383322925,0.4087633159296997
40,49,0.5395449693076317,0.26558663287140144
40,50,0.23840325477548557,0.5125895871145283
40,51,0.7610264692746387,0.1276318613415896
40,52,0.40775071042495875,0.3615396000494094
40,53,0.27639548749845705,0.4742993754275971
40,54,0.023019434866184213,0.8488163374531442
40,55,0.11268330399462301,0.6645232462833334
40,56,1.0,0.0008457271712998768
40,57,0.8017355016528689,0.10624816890919113
40,58,0.27447848184516993,0.47609305993796003
40,59,0.37321096005779963,0.38923599690164784
40,60,0.7240741173694643,0.14907455240223055
40,61,0.2894865645318889,0.46258717131945387
40,62,1.0,1.8594581253307288e-05
40,63,0.4234284060904425,0.34928623336336084
40,64,0.5441234284238327,0.26235277508565613
40,65,0.5320889908585923,0.2739484057946557
40,66,0.3428103879081167,0.4149483237505884
40,67,1.0,0.0005611567509608678
40,68,0.14336274736056853,0.6213715212063955
40,69,0.6284134688079926,0.20727487460578925
40,70,1.0,0.00020413645963153075
40,71,0.15434854388102348,0.6071278275558022
40,72,0.7577861881795868,0.13007681949933972
40,73,0.325964573445219,0.4290669273503075
40,74,0.6333412836595063,0.20417257922366971
40,75,0.13033046899436712,0.6389883889199865
40,76,0.6844638234065281,0.17292033099863682
40,77,0.26144159668033223,0.4886864008454965
40,78,0.6856724792563001,0.17209519220892538
40,79,0.35209282154756916,0.40662862395937494
40,80,0.538620649067886,0.2661163983679024
40,81,0.5,0.2935913932766643
40,82,0.2296242492775854,0.5208195200828134
40,83,0.3643782198422111,0.39636250957862873
40,84,1.0,0.0013410400353782831
40,85,0.8073157971865186,0.10149246125226163
40,86,0.9018810984722472,0.05032579351008637
40,87,0.9928020210930142,0.0036054892297859853
40,88,0.0,1.0
40,89,0.8899720379704836,0.056629090287871164
40,90,0.6590198870801514,0.18819960145356462
40,91,0.7364010733525596,0.14189786195159954
40,92,0.30759551325891565,0.4462568865209333
40,93,0.027222920930267958,0.8351423334747717
40,94,0.9977029829816151,0.0011585317500263147
40,95,0.6066363245369369,0.22506088014831754
40,96,0.29205055632959415,0.46539498366853327
40,97,1.0,0.00022478601575097028
40,98,0.0,1.000136610195767
40,99,0.20393692708615266,0.5493340458533738
41,0,0.20494492139038267,0.5472915713283188
41,1,1.0,0.00041727376368332265
41,2,0.7529537566825661,0.1327200587922415
41,3,0.12454875345019278,0.6470853453734278
41,4,0.40509856439386693,0.36352646214169526
41,5,0.39681857596524606,0.37051511252808855
41,6,0.20593254449256923,0.5462281167681425
41,7,0.5,0.2928932188134524
41,8,0.42863634702429443,0.3453317657127988
41,9,0.10388281280740314,0.6777891593882344
41,10,0.0,1.0
41,11,0.007853910259098706,0.9116364964017308
41,12,0.36145463515714016,0.4000216174693815
41,13,0.6654244260654734,0.1842644876766285
41,14,0.3048370327786858,0.4484688974750582
41,15,1.0,0.0001695819726730059
41,16,0.4995924192092067,0.29318772935100623
41,17,0.26845871671178745,0.48199931246691163
41,18,0.2961089643946117,0.4563520849338364
41,19,0.5248568675922936,0.2755299401684749
41,20,0.2793690393691396,0.4714462757967365
41,21,1.0,0.0001235426105829952
41,22,0.0,1.0002092856473783
41,23,0.5702385669274912,0.24534248773443068
41,24,0.6643273858918168,0.18624222201253596
41,25,0.20365087570787282,0.5487714218755836
41,26,0.5308925884439043,0.27145230110086743
41,27,0.5015412110611257,0.2919190423985903
41,28,0.0,1.0002659853967846
41,29,0.7306408157943429,0.14589594524421037
41,30,0.0,1.0
41,31,0.0,1.0
41,32,0.08722805224648202,0.7049494390843143
41,33,0.3925355894006659,0.3734981443906985
41,34,1.0,0.0003184132862765588
41,35,0.5278993549742313,0.2740603966782471
41,36,0.8830656469815742,0.06090653831783231
41,37,0.28717850333568345,0.46410961630601777
41,38,0.5607457029954528,0.2511704446301196
41,39,0.4076727314257491,0.3626759208339241
41,40,0.21387531545577998,0.5391761934382268
41,41,1.0,0.0
41,42,0.7124861859363487,0.15640906472325555
41,43,0.3555633235296345,0.4037086923913493
41,44,0.02387921874439012,0.845470977663126
41,45,0.8158039796800565,0.09757635135947881
41,46,0.0,1.0005203667756006
41,47,0.5691153985359776,0.2457700626923509
41,48,0.5153532166488686,0.2827674306354513
41,49,0.5567384923469584,0.25404928650133934
41,50,0.0,1.00063009296328
41,51,0.580200972910476,0.23829080682633713
41,52,0.0,1.000555012344151
41,53,0.7763954874984571,0.11991773325009399
41,54,0.16914722265873985,0.5892860304208977
41,55,0.4725487132681502,0.31274048253521647
41,56,0.8708155508409412,0.07247407956857597
41,57,1.0,0.000560719490998026
41,58,0.19561946590635382,0.5580567244555159
41,59,0.4605470041984339,0.32145908628194375
41,60,0.46025350212085603,0.32158014318502137
41,61,0.6194906009985908,0.213000630913336
41,62,1.0,0.00010060264087284273
41,63,0.5358433109768235,0.2679868095609045
41,64,0.044123428423832656,0.7899442254451626
41,65,0.7336201635857318,0.14490098861128858
41,66,0.14926208744340352,0.6136554808937966
41,67,0.5,0.2936287758481665
41,68,0.0,1.0
41,69,0.9576547266995226,0.02140165946927732
41,70,1.0,9.72806716047775e-05
41,71,0.0,1.0044074157216742
41,72,0.34401266953771176,0.4134740674635845
41,73,0.0,1.0
41,74,0.7012379052962777,0.16260051033196965
41,75,0.0,1.0000020683548319
41,76,0.9273523083405738,0.038008710845985935
41,77,0.2262280260278846,0.5255931838551713
41,78,0.3254698820946219,0.42992448027105845
41,79,0.16677207513368603,0.5916786590560954
41,80,0.3938219150621042,0.3724476794225806
41,81,0.5000238737042693,0.293474111864366
41,82,0.7296242492775854,0.1458492796893618
41,83,0.239809358719917,0.5102966625395361
41,84,0.9344173368282153,0.033690631585335126
41,85,0.4186793554753032,0.35403273965920734
41,86,0.4018810984722472,0.36644580840907676
41,87,0.8771836086575986,0.06385053763018621
41,88,0.5,0.2928932188134524
41,89,0.9665776289035625,0.016885507509722064
41,90,0.6044548321165338,0.22369076147326308
41,91,0.4577647929249358,0.32341934251926796
41,92,0.20378123786447838,0.5485786470884675
41,93,0.0,1.0001862229419973
41,94,1.0,4.823872297208855e-06
41,95,0.42531082991917285,0.34802081031241855
41,96,0.6447650637397148,0.20223905391599856
41,97,0.6514827870816375,0.1928890145427794
41,98,0.5,0.29293804797026624
41,99,0.4567372063520252,0.3246854654196022
42,0,0.04317612576746582,0.7922809757514813
42,1,0.9753286038602921,0.013435599921701149
42,2,0.42291211425266906,0.3498484172710485
42,3,0.6245487534501928,0.21072040022749272
42,4,0.7618945154598169,0.1276099676420981
42,5,0.28294723306878683,0.46811946347583494
42,6,0.0,1.0000281730869032
42,7,0.7116122222167933,0.15643853684473624
42,8,0.16785921380287933,0.5902937469321717
42,9,0.6038828128074032,0.22303586466347733
42,10,0.5,0.2928932188134524
42,11,0.27903562221238193,0.47214425517926445
42,12,0.8614546351571402,0.07330457171159445
42,13,0.6774169538779873,0.17706777295345869
42,14,0.26424731801441576,0.487097504985004
42,15,0.780944007821458,0.11630789384918604
42,16,0.7394874105283286,0.14134688373828566
42,17,0.5854284547103127,0.23486704624979812
42,18,0.7961089643946118,0.10808777558133062
42,19,0.024856867592293552,0.8423393911203767
42,20,0.7793690393691396,0.11824482149204169
42,21,0.8650998081459476,0.06995093986965446
42,22,0.5,0.29305356524636583
42,23,0.0702385669274912,0.7356331182637549
42,24,0.9725240476961833,0.014037879377979604
42,25,0.7036508757078728,0.1622948618247879
42,26,0.3008785729279396,0.4516041273375375
42,27,0.2990337786608334,0.4531601892136662
42,28,0.18909714714107678,0.5657880444384857
42,29,0.23064081579434292,0.5212686832139007
42,30,0.4796353017255536,0.31045761398978466
42,31,0.23774621908015064,0.5128534279385545
42,32,0.587228052246482,0.23371645153915896
42,33,0.0030727701043069544,0.9445674274067408
42,34,0.5,0.2930634119000095
42,35,0.4353092551612383,0.34081103363747123
42,36,0.3830656469815742,0.38122441898273596
42,37,0.488345287540201,0.30185178409906877
42,38,0.06074570299545279,0.7535335661891203
42,39,0.45212838039958075,0.3291975212602941
42,40,0.3217096755061485,0.4334668585552238
42,41,0.5020560701852453,0.2915190133101668
42,42,0.7149496280451958,0.15446882696114453
42,43,0.8555633235296345,0.07503333923344324
42,44,0.5109727217956749,0.2851764400947078
42,45,0.7695631703073149,0.12286658035462514
42,46,0.5,0.2928932188134524
42,47,0.6027370329890226,0.22367335425032495
42,48,1.0,0.0006509207587725583
42,49,0.05673849234695838,0.7618194087250432
42,50,0.0,1.0
42,51,0.5617455014631478,0.25053811744077836
42,52,0.5,0.2941634806963302
42,53,0.28344162325614763,0.46929580499928086
42,54,0.3020306709408521,0.45112698504367305
42,55,0.6084989044025467,0.21993660231840984
42,56,0.8982556618294436,0.05446127000291748
42,57,0.923979084299565,0.03899776832849608
42,58,0.09918311306850759,0.6860694593023313
42,59,0.7834050925130174,0.11492593022821941
42,60,0.4619249865254669,0.32034936436028627
42,61,1.0,0.0001230832277649825
42,62,0.5,0.29305241165044027
42,63,0.5215892039333767,0.27778867086331527
42,64,0.0,1.000366885143398
42,65,0.2336201635857318,0.5171711493453964
42,66,0.0,1.0
42,67,0.2898407390984471,0.4617913945700961
42,68,0.10320545708137427,0.6787439384519347
42,69,0.48995824458829484,0.30002984127663335
42,70,0.5,0.2935574773135609
42,71,0.5,0.2928932188134524
42,72,0.34752041214982543,0.4111240149844762
42,73,0.1967598315548734,0.5564238153880741
42,74,0.7072848718837571,0.1590301603458328
42,75,0.5,0.2938603806600155
42,76,0.4273523083405738,0.3464981963348908
42,77,0.2795852606397447,0.47129238241182325
42,78,0.8254698820946219,0.09147212063706128
42,79,0.574144940952527,0.2423338908217536
42,80,0.5133221174457328,0.2835631416290677
42,81,0.019792392600221087,0.8597816168199921
42,82,0.6536542236116023,0.1915114540377044
42,83,0.6354386895249604,0.20285603398385343
42,84,0.7870208230995486,0.11307364733312497
42,85,0.0,1.0
42,86,0.4177788250949865,0.35397189678383684
42,87,0.7096082621037525,0.15824280236226612
42,88,0.7380576621761072,0.14089718531030168
42,89,0.46657762890356247,0.31703504373649294
42,90,0.5355339419685382,0.2687312756785987
42,91,0.9476778503347033,0.026522405717622776
42,92,0.3452460873476193,0.4124235476573118
42,93,0.07543157111017425,0.7254613951974085
42,94,1.0,0.0
42,95,0.3509464693604196,0.4078376238677923
42,96,0.14476506373971476,0.6195199561872992
42,97,0.4582120558672157,0.32308687445815343
42,98,0.0,1.0
42,99,0.1335501782948702,0.6346323203795364
43,0,0.5431761257674659,0.26308623486800997
43,1,0.7459520441860165,0.1372823827408416
43,2,0.0,1.0
43,3,0.12454875345019278,0.648181739178475
43,4,0.9108755199857272,0.04627410557236543
43,5,0.12891974625122288,0.6415674842389454
43,6,0.5,0.2928932188134524
43,7,0.42216286721607765,0.35123630480405515
43,8,0.0,1.0
43,9,0.5898110464361609,0.23242448406496188
43,10,1.0,2.2230643511168356e-05
43,11,0.779035622212382,0.11737005363947572
43,12,0.36145463515714016,0.39878902608390443
43,13,0.17741695387798728,0.579227011161888
43,14,0.2387674095500753,0.5113779250179771
43,15,0.280944007821458,0.4699584848132573
43,16,0.5225761175347828,0.2783800470313056
43,17,0.7492193008105354,0.1344796914045437
43,18,1.0,4.267907501896794e-06
43,19,0.0,1.0001369426322528
43,20,0.2793690393691396,0.47341417518447404
43,21,0.517460833047144,0.2807860182874101
43,22,1.0,0.0011548682750325949
43,23,0.0,1.0000213716368003
43,24,0.9295188543445813,0.03626483641802974
43,25,0.4521564037758806,0.3275747260034638
43,26,0.18672003247920677,0.5680010126959956
43,27,0.5676228748885612,0.24659674535248385
43,28,0.6890971471410767,0.17099344701034216
43,29,0.09387496500999443,0.6939297365298406
43,30,0.0,1.0002414299928661
43,31,0.3738541495163225,0.3894394793224837
43,32,0.7874395825035505,0.11351454394186475
43,33,0.0,1.0004951804177917
43,34,0.0,1.0009510213911028
43,35,0.20557136938726867,0.5466002102037666
43,36,0.0,1.0001132118466254
43,37,0.86102840683316,0.07208383631215909
43,38,0.5607457029954528,0.2511704446301196
43,39,0.22142274856718427,0.5329345314233594
43,40,0.3148054870684872,0.43892470463538746
43,41,0.08697561201559095,0.7051033025423048
43,42,0.39307298556531994,0.3730446701994472
43,43,0.9267034683347595,0.03734561324701824
43,44,0.04175801264240825,0.7956522262357423
43,45,0.2695631703073149,0.48081942401977007
43,46,0.0,1.0
43,47,0.16523302463572093,0.593511347469919
43,48,0.5,0.2928934574502952
43,49,0.19356038028424447,0.5600535668851844
43,50,0.0,1.0000000906961652
43,51,0.7345932927247233,0.14385024816104972
43,52,0.09160198992865942,0.6973417935547437
43,53,0.3352616673307394,0.42098531950513257
43,54,0.6062294151184655,0.22333336220222774
43,55,0.4395098168127521,0.3370446343736616
43,56,0.9132665451535097,0.04469369058471575
43,57,0.423979084299565,0.3492081507340972
43,58,0.15643152323493367,0.604485748379488
43,59,0.2834050925130174,0.46782098762752744
43,60,0.09037373293749984,0.7000458763666915
43,61,0.664645062329437,0.1847423337806402
43,62,0.4708488138443727,0.3138724151075976
43,63,0.7410804100865689,0.13950566789289953
43,64,0.5,0.29296049305971533
43,65,0.0,1.0
43,66,0.0,1.0
43,67,0.1809371816380615,0.5765949162053559
43,68,0.6032054570813743,0.22340402380661353
43,69,0.2531534072482031,0.49685736779527717
43,70,0.0,1.000813902522507
43,71,0.32855224991284504,0.4268170991842035
43,72,0.46783518409050073,0.31715801435654917
43,73,0.34485404917197593,0.4129243961345165
43,74,0.7244100579367402,0.149325466496708
43,75,0.8774551698627335,0.06488259468381107
43,76,0.922539150592306,0.0395835249643721
43,77,0.7795852606397446,0.11705874451368814
43,78,1.0,1.7990056645516967e-05
43,79,0.823879666660244,0.09232182649341836
43,80,0.01332211744573275,0.8853936128427591
43,81,0.519792392600221,0.2794432564022725
43,82,1.0,2.8812541364629846e-05
43,83,0.24005557717466197,0.510045553162446
43,84,0.6505842311024996,0.19657754494398805
43,85,0.15752257610057877,0.6047635976179935
43,86,0.38894085735044936,0.37657578708656714
43,87,0.44840243481118947,0.3303714202550869
43,88,0.8412004163227877,0.08373869432336385
43,89,0.24749201374946328,0.503734022694057
43,90,0.1163132626571482,0.6589587957146196
43,91,0.5246310096092576,0.27568589525285736
43,92,0.0,1.0000240406384915
43,93,0.0,1.0
43,94,0.5,0.2928932188134524
43,95,0.7254476878058205,0.14853429347547595
43,96,0.6447650637397148,0.1971268355465358
43,97,0.4147302533386415,0.35603568640759237
43,98,0.27973606991544864,0.4711672660041451
43,99,0.0,1.001002300669673
44,0,0.583030601890696,0.23702822530196255
44,1,0.24595204418601646,0.5048034696351775
44,2,0.0,1.0
44,3,0.0,1.0
44,4,0.9567976120321386,0.02200203782863762
44,5,0.5005199665037046,0.2925257868979255
44,6,0.0,1.0007856699183069
44,7,0.29795396445866495,0.4541484043637273
44,8,0.3334173379757998,0.4240442915111149
44,9,0.08981104643616089,0.7004073590979927
44,10,1.0,0.000437891538092172
44,11,1.0,0.0
44,12,0.0,1.0009713402782963
44,13,0.6774169538779873,0.177627188124969
44,14,0.38025897576834655,0.38335321371819236
44,15,0.0,1.0005562808056851
44,16,0.2503991198791767,0.4996107587415166
44,17,0.24921930081053545,0.5007813106136205
44,18,0.5,0.2931857686911993
44,19,0.0,1.0
44,20,0.28003537578522664,0.4719471806949886
44,21,0.73228817690367,0.14451794420430597
44,22,0.5,0.2941551591007499
44,23,0.3353185997939164,0.4209345996057212
44,24,0.42951885434458126,0.3464029207050083
44,25,0.1262752553521888,0.644648215279103
44,26,0.13169079840541087,0.6371077316814109
44,27,0.9284163310786087,0.03776302925254989
44,28,1.0,3.0346096276169068e-05
44,29,0.1304440010312068,0.6388296786401092
44,30,0.39328897314184064,0.3728724461430752
44,31,0.8738541495163226,0.06549064782869161
44,32,0.37340874967623955,0.3899167544941965
44,33,0.0,1.0
44,34,0.24020991920893944,0.5114492351330517
44,35,0.21316268362744611,0.5383045553317143
44,36,0.5,0.29356824143404964
44,37,0.41007819652315364,0.3596267741468646
44,38,0.2246554970453088,0.5260216280827692
44,39,0.0,1.0030775856218785
44,40,0.5149877814927964,0.282373508367482
44,41,0.46273129228196386,0.31991651387965114
44,42,0.7037401381494695,0.16111265535105557
44,43,0.4267034683347595,0.3467746181211091
44,44,0.534872987585908,0.2686651335922327
44,45,0.0769595693561611,0.7226803231522823
44,46,0.5,0.2928932188134524
44,47,0.42285655319687926,0.3499169278696823
44,48,0.34416234458400363,0.41337609505806466
44,49,0.3538628093660966,0.40515107733947575
44,50,0.5,0.2942566543355525
44,51,0.5783713761077964,0.24063979329893628
44,52,0.0,1.000619592931175
44,53,0.8352616673307394,0.08690420708459987
44,54,1.0,0.0
44,55,0.5686915393393915,0.24589034735489368
44,56,0.4132665451535097,0.3589880172195553
44,57,0.923979084299565,0.03876169224298753
44,58,0.0,1.0
44,59,0.6561024464916129,0.19183437312747526
44,60,0.0,1.000838456342266
44,61,0.6169836194846352,0.21451695149759265
44,62,0.3979799449088284,0.36914348310504996
44,63,0.7052218408541463,0.16058239095139712
44,64,0.5222956522697735,0.27729974936369817
44,65,0.36435170976962394,0.3963844685815118
44,66,0.5,0.2947028069953617
44,67,0.23268165161701979,0.5187518312155307
44,68,0.1032054570813743,0.6787439384519347
44,69,0.5227028301189522,0.2774740448391533
44,70,0.5,0.29299367782138974
44,71,0.828552249912845,0.08997473646767859
44,72,0.12510762471572495,0.6465379626026153
44,73,0.0,1.0000799623050125
44,74,0.7417951216712745,0.13990168308925924
44,75,1.0,0.0014683548280407268
44,76,0.8152458251377168,0.0995415076568517
44,77,0.33685770240394786,0.41961550973330963
44,78,0.5,0.2928932188134524
44,79,0.6585548951065905,0.1893847654939705
44,80,0.5133221174457328,0.28384863969501467
44,81,0.6097831140267183,0.21942393360696427
44,82,0.8883122351222378,0.0575183066996344
44,83,0.0,1.0000117448562107
44,84,0.27223330715341126,0.478240182504046
44,85,0.03734604080253545,0.8067487624812315
44,86,0.3589786129147662,0.40085176048429705
44,87,0.15303663137763357,0.6099838929698812
44,88,1.0,0.0011248075231552804
44,89,0.7474920137494633,0.1354583055342847
44,90,0.3021821546717939,0.45028905936056307
44,91,0.6974855323001949,0.16689549451859007
44,92,0.0,1.0006427956605286
44,93,0.5,0.2928932188134524
44,94,0.0,1.0000081245292571
44,95,0.8831502478214501,0.06069808017258048
44,96,1.0,1.4889191449399461e-05
44,97,0.0,1.0001562986839045
44,98,0.3846767340039605,0.3803597936565494
44,99,0.20511987503126541,0.5477463074863114
45,0,0.37968045730508415,0.3845131673381125
45,1,0.7459520441860165,0.13705066965209833
45,2,0.0016621745349689999,0.9592302252278848
45,3,0.026684479776669504,0.836646151631896
45,4,0.4741499560330686,0.3127673232759101
45,5,0.7108623097728018,0.15791440054442304
45,6,0.5,0.2933680323958438
45,7,0.6774007930464991,0.17937581321849047
45,8,0.8334173379757999,0.08764172443334013
45,9,0.1507184121411593,0.6157256126439955
45,10,0.5,0.2931959533822082
45,11,0.6587302626788075,0.1883780050548115
45,12,0.5,0.29399196256586607
45,13,0.7937158611707055,0.10909267531874811
45,14,0.22255694161922232,0.5282405892626811
45,15,0.0,1.0005132947801254
45,16,0.0,1.0006390467507862
45,17,0.7492193008105354,0.1352771614396679
45,18,0.9131678184910731,0.04490079067715284
45,19,0.0,1.0
45,20,0.0,1.001338587957729
45,21,0.6561473030212418,0.19006033275807407
45,22,0.19648931561361327,0.5567288464002951
45,23,0.3921393207432685,0.37379069808671156
45,24,0.06950452127681739,0.7379930629305788
45,25,0.6262752553521889,0.20863732047450767
45,26,0.07534787011718573,0.7264020820440641
45,27,0.42841633107860866,0.3454647976780709
45,28,0.5,0.2930963125909301
45,29,0.17975428813766836,0.5768056909238988
45,30,0.0,1.0000000056083016
45,31,0.37385414951632256,0.38876114754501334
45,32,0.0,1.0002628397606081
45,33,0.28734745340452,0.4639520045700012
45,34,0.3616659739510835,0.3986132908426696
45,35,0.43609112431239627,0.339628040940262
45,36,0.0,1.0011159185814904
45,37,0.0,1.0000013818526778
45,38,0.4072146760716651,0.3621670412005855
45,39,0.0,1.0006151041944407
45,40,0.24893077686019233,0.5012020625724068
45,41,0.9627312922819639,0.018873871947208923
45,42,0.7692230456405433,0.12298308370596325
45,43,0.9267034683347595,0.037345624562846805
45,44,0.5161240734798931,0.2820879842386102
45,45,0.0,1.0027733274878188
45,46,0.35361219926637133,0.4053469925524875
45,47,0.0,1.0020544749752611
45,48,0.670359072483341,0.18126373847390986
45,49,0.766459584075618,0.12494906907139192
45,50,0.5697641582406323,0.24556249410260758
45,51,0.37256063798026756,0.3896225446657884
45,52,0.5,0.29375638998250714
45,53,0.9482841162789816,0.026608876754172048
45,54,0.5,0.2928932188134524
45,55,0.7076841053219554,0.15876037580130875
45,56,0.7857389611479116,0.1135808208596163
45,57,0.6644538291274539,0.18496933588374276
45,58,0.41998992006141533,0.3519337070473304
45,59,0.44803776280100843,0.3320364483029617
45,60,0.0,1.0
45,61,0.6624414199336928,0.18723697831953864
45,62,0.2800050665686856,0.4708449503513308
45,63,0.5360644783074124,0.26841226800476536
45,64,0.8732592439195179,0.06666181216434426
45,65,0.8643517097696239,0.07029483604578955
45,66,0.5223485493459901,0.2787468406430653
45,67,0.6201709017413335,0.21344099046745027
45,68,0.0,1.0002109724319386
45,69,1.0,0.0
45,70,0.5968095458865768,0.22746550505069563
45,71,0.32855224991284504,0.42710094792985315
45,72,0.625107624715725,0.21024309072081096
45,73,0.27380378645331793,0.47673736379011544
45,74,0.24179512167127448,0.509325853842772
45,75,1.0,0.0002817019428667671
45,76,0.4832991691849012,0.3048108244130674
45,77,0.02872585839353259,0.8317802957336223
45,78,0.929458052363225,0.035915953902658164
45,79,0.1585548951065905,0.6023235287468883
45,80,0.8293001638243298,0.08935542174001057
45,81,0.10978311402671825,0.6686650311609558
45,82,0.3883122351222378,0.37685295866686663
45,83,0.5,0.2929003895091206
45,84,0.7722333071534113,0.12123193779393004
45,85,0.5373460408025355,0.26696109189038575
45,86,0.03937371864120537,0.8016411163201007
45,87,0.6530366313776336,0.19216901233540307
45,88,0.5,0.2928976150317071
45,89,0.24749201374946328,0.5025284741644384
45,90,0.8021821546717939,0.1044393730963494
45,91,1.0,1.0921757113909096e-05
45,92,0.5,0.2931772865414407
45,93,0.5191191374159903,0.2801581019440774
45,94,0.5,0.29354198177112556
45,95,0.38315024782145013,0.3810086851809227
45,96,1.0,0.0002526946040444521
45,97,0.31645125608489844,0.4376816917918809
45,98,0.4857904758600895,0.3041710003662628
45,99,0.27521860757450467,0.4761171344934331
46,0,0.7162763012684368,0.15368733632893156
46,1,0.679428403788278,0.1764639030985878
46,2,0.02599562639832863,0.8389356280881904
46,3,0.10134605837869982,0.6816510430695589
46,4,0.7975523657537891,0.10764812683264448
46,5,0.4257256916321637,0.34794145522279807
46,6,1.0,5.105746974725631e-05
46,7,0.744311126359356,0.13797877016915436
46,8,0.33341733797579987,0.42360700090193737
46,9,0.045648860201411845,0.7863440611604446
46,10,0.45419498430956107,0.32644124074158054
46,11,0.15873026267880752,0.6015903331007046
46,12,1.0,0.001378498337522514
46,13,0.6184549217324306,0.21468368650097575
46,14,0.0,1.0008214504286073
46,15,0.08476575241969334,0.7092022494497474
46,16,0.5,0.2938489727619803
46,17,0.24921930081053545,0.5007813115955171
46,18,0.8123844918330674,0.09928790540831965
46,19,0.0,1.0
46,20,0.0,1.0011246811602048
46,21,0.21446320910770034,0.5371230328024847
46,22,0.6964893156136133,0.16655415343695498
46,23,0.3683083172069246,0.39321396868384406
46,24,0.5695045212768174,0.24552580675362323
46,25,1.0,0.00016090136320120148
46,26,0.0902161059686203,0.6996400393384292
46,27,0.1487308638649748,0.6143435935123406
46,28,0.2784962573987998,0.47245755429475694
46,29,0.6797542881376684,0.1759431954547374
46,30,0.4236273862971608,0.3491333575169482
46,31,0.5283995805561021,0.273925876285803
46,32,0.0,1.0019066337506983
46,33,0.0,1.0
46,34,0.24496040109483835,0.5050652557206775
46,35,0.0,1.0
46,36,0.5,0.29363851234075883
46,37,0.19425819462560612,0.5593732379561058
46,38,0.7818775654855563,0.11577940195771935
46,39,0.0,1.0000007453947983
46,40,0.7489307768601923,0.13483797132773653
46,41,0.982978035091274,0.009306877518079947
46,42,0.26922304564054333,0.4811329210283781
46,43,0.5329083739537875,0.269994264437746
46,44,0.5926376934901072,0.23033056523138726
46,45,0.5,0.2937417061359878
46,46,0.0036682316761955658,0.9401181680063864
46,47,0.5,0.2938007226112963
46,48,0.5716580415835354,0.24486897982727696
46,49,0.266459584075618,0.48380761155719204
46,50,0.7166366060533695,0.15425494021866412
46,51,0.8725606379802675,0.06589045718381215
46,52,1.0,0.00046009930161576193
46,53,0.44828411627898157,0.33132236243751645
46,54,1.0,0.0
46,55,0.20768410532195536,0.5444261496240891
46,56,0.28573896114791164,0.4654544349188634
46,57,0.16445382912745388,0.5954160909003682
46,58,0.15216431146146708,0.6099175581220464
46,59,0.301144692887373,0.4512334805335032
46,60,0.5,0.2928932188134524
46,61,0.8313124503937727,0.08968506969878454
46,62,0.5403208519361751,0.26607573498905607
46,63,1.0,0.000543017643619422
46,64,0.3732592439195179,0.39052734424166596
46,65,0.36435170976962394,0.3963844685815118
46,66,1.0,0.0007742220918739959
46,67,0.2870738506419702,0.4644734992577064
46,68,0.0,1.0
46,69,0.8223605627322896,0.09364320986209554
46,70,0.9145451380705507,0.04373897039940198
46,71,0.6249282569956488,0.21070317736773847
46,72,0.4355749100537532,0.3406868477847483
46,73,0.3814450595427736,0.3840166630648972
46,74,0.3153486287994066,0.4384408946518571
46,75,0.9396697854444118,0.0307813963810242
46,76,0.17045982749990002,0.5871321912525753
46,77,0.5287258583935326,0.2728723781491159
46,78,1.0,4.8662317982489395e-09
46,79,0.6585548951065905,0.18864523453766394
46,80,0.46032448363423784,0.32210247361286726
46,81,0.6097831140267183,0.21935754631109494
46,82,0.026756133863609366,0.8369193578812135
46,83,1.0,0.0007903570958846755
46,84,0.9794278520003271,0.010339526908178964
46,85,0.6238410260535755,0.2110687236496969
46,86,0.0,1.0000062519981374
46,87,0.15303663137763357,0.609874061433957
46,88,0.3212191579584924,0.4332380058979851
46,89,0.3075212091070682,0.44545405140144767
46,90,0.3021821546717939,0.4504096025329167
46,91,1.0,0.0
46,92,0.3510552446795261,0.40750084837231526
46,93,0.01911913741599025,0.862954284493772
46,94,0.0,1.0
46,95,0.4817581348903659,0.30607468201297666
46,96,0.5,0.2931895347890199
46,97,0.4070436592674589,0.36230537542080393
46,98,0.2638510106676363,0.4863357023622955
46,99,0.3874271914252627,0.3777975064872835
47,0,0.302799181741974,0.45011074533953355
47,1,0.17942840378827796,0.5767100877285836
47,2,0.4163117852116528,0.3548293380935204
47,3,0.2847530490492331,0.46637742930098774
47,4,1.0,8.008358992720391e-05
47,5,0.733146645212369,0.14529343602280745
47,6,0.6447820104308478,0.19755475354602592
47,7,0.24431112635935603,0.509877784084293
47,8,0.0,1.0006675661339475
47,9,0.5456488602014118,0.2615942366394885
47,10,0.5505316532053388,0.25911046830997464
47,11,0.6587302626788075,0.1894161077638728
47,12,0.6031197781415497,0.22346052842755082
47,13,0.11845492173243055,0.6571478236335725
47,14,0.0,1.001040433176387
47,15,0.47275170123616805,0.31243058442353033
47,16,0.3339319088825896,0.4230883114551241
47,17,0.42710936929066873,0.3464639556036489
47,18,0.7571631304540289,0.13009752553785525
47,19,0.0,1.0
47,20,0.3220984270159354,0.4324628408501031
47,21,0.5976019526761143,0.22701302720762037
47,22,0.8591075634765952,0.07331501912273347
47,23,0.8683083172069246,0.06846096942970735
47,24,1.0,0.00013531581423774404
47,25,0.5,0.2928932188134524
47,26,0.09867508866040677,0.6858740878876645
47,27,0.6487308638649748,0.19483014999121692
47,28,0.356194204982158,0.4031890245807186
47,29,0.9673376813852064,0.01646674031636249
47,30,0.16429907455176984,0.5946617775834977
47,31,0.9221135458112837,0.04061611730150499
47,32,0.048523986244102355,0.781026543310381
47,33,0.0,1.000142244878113
47,34,0.5442408688036988,0.2624735824260158
47,35,0.0,1.0001036500622906
47,36,1.0,0.0005715747343812192
47,37,0.011921326602259752,0.8909396301353582
47,38,0.2818775654855563,0.46907856938567993
47,39,0.5,0.2928932188134524
47,40,0.5732177051341747,0.24292172849271138
47,41,0.482978035091274,0.3050337922744517
47,42,0.13628944945258545,0.6308417231652973
47,43,0.03290837395378754,0.8185933464456512
47,44,0.5254524994419506,0.27516347076852243
47,45,0.8434400758638645,0.08238516213504439
47,46,0.0,1.0004557435066643
47,47,0.6692385806904841,0.1822654722918221
47,48,0.24240321581946744,0.507697402781234
47,49,0.0,1.000005048035358
47,50,0.800606107055444,0.10678615798025917
47,51,0.3725606379802675,0.3905990703459515
47,52,0.5,0.2939601271005241
47,53,0.0,1.0003634259266359
47,54,0.5,0.2928932188134524
47,55,0.7076841053219554,0.1597376179287913
47,56,0.5410223842724797,0.26445777076534466
47,57,0.0,1.0015920872470467
47,58,0.4307851616479985,0.34412116665553705
47,59,0.5538122285002857,0.25582330782830975
47,60,0.21130924307571886,0.540559493484958
47,61,0.3439347764264019,0.41354701470028443
47,62,0.04032085193617507,0.7991998751104241
47,63,1.0,0.0008382870410492487
47,64,0.0,1.000155347779454
47,65,0.23297002886953927,0.517330310802989
47,66,1.0,4.2827221680537827e-05
47,67,0.6588056993860183,0.188331533576659
47,68,0.5,0.2928932188134524
47,69,0.32236056273228963,0.43313404596125754
47,70,0.4145451380705507,0.35614820178044804
47,71,0.22238335364987705,0.5284246044905682
47,72,0.5867946288350836,0.23429763187042912
47,73,0.8814450595427736,0.06114694464853887
47,74,0.2611849853826038,0.4889373958284525
47,75,0.9379025935508153,0.03169257850196915
47,76,0.0,1.0
47,77,0.7731184858032303,0.12085202287723353
47,78,1.0,0.0
47,79,0.6023585525559035,0.22430467748168256
47,80,0.0,1.00141029410271
47,81,1.0,1.435057305713085e-06
47,82,0.0,1.0007308840034097
47,83,0.5,0.29289367963861224
47,84,0.4794278520003271,0.3082267309925006
47,85,0.13448812391504777,0.6335299693409097
47,86,0.5,0.2928932188134524
47,87,0.0,1.0005606028243446
47,88,0.2637102185536429,0.4864817743697434
47,89,0.8075212091070683,0.10171560497697335
47,90,0.15205877539680823,0.6100528556370644
47,91,0.5,0.2928932188134524
47,92,0.6838264848575285,0.17372125277255507
47,93,0.3347555013255412,0.4217003961254715
47,94,0.19676968512271,0.5564127085649206
47,95,0.6133342243562263,0.21725325314910124
47,96,1.0,7.637127756492595e-05
47,97,0.8717145712692872,0.0664438611756151
47,98,0.0,1.0001745321925686
47,99,0.31872536248574956,0.43603031025587907
48,0,0.0,1.0008542592949257
48,1,0.5585023987314139,0.25318219125226177
48,2,0.10355388335191462,0.6782070335835909
48,3,0.0,1.0007685448818426
48,4,0.5,0.29289381118043933
48,5,0.23314664521236905,0.5177013431573473
48,6,0.1457012090286191,0.620285780190838
48,7,0.7002277323003387,0.16337350478540708
48,8,0.0,1.0002496894105029
48,9,0.690154439798681,0.1692446570748516
48,10,0.05053165320533881,0.7753914349274376
48,11,0.6738060903005225,0.1791430756212612
48,12,0.10311977814154971,0.6788775099673878
48,13,0.6184549217324306,0.21358101304357668
48,14,0.0,1.0002646654960188
48,15,0.6801311521256997,0.17529935605354363
48,16,0.8339319088825896,0.08747939712887248
48,17,0.8589446264797955,0.07368736384224892
48,18,0.5490510992542936,0.2591749084439578
48,19,0.5,0.2928932188134524
48,20,0.6359232953682936,0.20255201086949026
48,21,1.0,0.00010486731684056375
48,22,0.8374486451212887,0.08623717898433332
48,23,0.5755520790673192,0.24172235004349457
48,24,1.0,3.535282704377881e-05
48,25,0.3831247295768019,0.38230782012258147
48,26,0.09654351622125971,0.6895527143928695
48,27,0.2742014475024658,0.47635751938706716
48,28,0.27942719165928775,0.4718697255991532
48,29,0.46733768138520637,0.31637899287309323
48,30,0.2167321111944862,0.5344550384823328
48,31,0.4221135458112837,0.35077521385387606
48,32,0.0,1.0000017513874775
48,33,0.1232582682337389,0.6497707277252359
48,34,1.0,0.00020543876780023087
48,35,0.0,1.0001725687940224
48,36,0.5,0.29317097447126206
48,37,0.0,1.0003963843446164
48,38,0.0,1.0003012669682616
48,39,0.2840177678598991,0.46870877878797057
48,40,0.7456802717253896,0.13735592206565683
48,41,0.982978035091274,0.008547512438808802
48,42,0.6362894494525855,0.20318071287963094
48,43,0.5329083739537875,0.27089586071589894
48,44,0.5551472952112346,0.255072258240029
48,45,0.5392261688928679,0.2656797913084048
48,46,0.0,1.0002316776292832
48,47,0.8261281438426504,0.09123148333852864
48,48,0.0,1.000405691815449
48,49,0.5,0.2941566854464413
48,50,0.300606107055444,0.4520054792726078
48,51,0.8725606379802675,0.06649569838183518
48,52,0.0,1.0004465594820318
48,53,0.09853554530334308,0.686391483274661
48,54,0.0,1.0
48,55,0.49308515339982273,0.29779977684436565
48,56,0.3640450090500183,0.39701633429126704
48,57,0.043360054130256565,0.7928583382394307
48,58,0.9307851616479985,0.03546004106064362
48,59,0.37465999408238126,0.3879170581931462
48,60,0.11085002602878351,0.6670585246191405
48,61,0.5959553683137051,0.23101473260765193
48,62,0.5403208519361751,0.26493512984301476
48,63,0.5,0.2928937132270728
48,64,0.3642863238599804,0.39655926325384855
48,65,0.07689080655427089,0.7233515047368503
48,66,0.5946754631844582,0.22884845164733622
48,67,0.7700499226026913,0.1224751231367994
48,68,0.3468002499000465,0.41111393221644993
48,69,0.8223605627322896,0.09315902015166433
48,70,0.0,1.0000347574937227
48,71,0.06322433648261683,0.74857261332573
48,72,0.0867946288350836,0.7061618085795661
48,73,0.38675327440751367,0.37810509375979473
48,74,0.7611849853826038,0.12754084027812296
48,75,0.9268850423975842,0.03846132063062564
48,76,0.2067400071314792,0.5462378227955537
48,77,0.2731184858032303,0.47773860963655135
48,78,0.5,0.29407205983323725
48,79,0.47723082040516385,0.3099137994759399
48,80,0.017463869151551598,0.8692286285021893
48,81,0.7876508706402523,0.11278857773411786
48,82,0.0,1.000141102508718
48,83,0.5333807001565649,0.2696711888249545
48,84,0.0,1.0
48,85,0.0,1.0
48,86,0.07432365009952335,0.7273763581427257
48,87,0.5,0.2928932188134524
48,88,0.07380672557767584,0.7315777800206932
48,89,0.30752120910706826,0.449850218877724
48,90,0.6520587753968082,0.19250224644950178
48,91,0.44237326831474344,0.33569859103548616
48,92,0.8298834055320284,0.09057183786872537
48,93,0.24164357365390846,0.5095782969967674
48,94,0.69676968512271,0.16528795796014473
48,95,0.11333422435622631,0.6638687181389208
48,96,0.7190177764951984,0.15219009036880668
48,97,0.3717145712692872,0.39031626632343325
48,98,0.5,0.2932251439227004
48,99,0.6293087551375118,0.20688156663356627
49,0,0.14644461927403835,0.6173191678774095
49,1,0.6329150418027223,0.20507367615352656
49,2,0.6035538833519146,0.22361708671954061
49,3,0.0,1.0000028304575448
49,4,0.32943916131694373,0.4260320903422007
49,5,0.0271611544030603,0.836086809643357
49,6,0.6457012090286192,0.19740913298071605
49,7,0.21255935639711632,0.5396715553851017
49,8,0.5,0.29320060492974426
49,9,0.42077154321614985,0.3513309447675572
49,10,0.0,1.0
49,11,1.0,0.0
49,12,0.6031197781415497,0.22339214044117212
49,13,0.11845492173243055,0.6578396893836932
49,14,0.5,0.2929587779278088
49,15,0.6817303024220605,0.17433467380381293
49,16,0.684527221294371,0.173377727276737
49,17,0.3589446264797955,0.4016624280185001
49,18,1.0,7.67154265604133e-05
49,19,1.0,0.0
49,20,0.45198272197430306,0.3277034084453371
49,21,1.0,6.636607349980659e-05
49,22,0.5531925745273532,0.25762914339052045
49,23,0.311395944803485,0.44233298577128316
49,24,0.5,0.2930095824844555
49,25,0.47363213345941935,0.31243091709753257
49,26,0.45094161349122913,0.3285927217031411
49,27,0.12208334084491962,0.6505957343635891
49,28,0.3155545125188271,0.4386663764128503
49,29,0.051591967271702954,0.7741396922708609
49,30,0.26987474726665717,0.48050529620923255
49,31,0.6588051587650963,0.18857107626279962
49,32,0.5,0.2928932188134524
49,33,0.6232582682337389,0.21142899612690363
49,34,0.9041266735263018,0.049579397598821365
49,35,0.332654380913953,0.42337878275315566
49,36,0.0,1.0001604601330616
49,37,0.24301817904563666,0.5125760260201575
49,38,0.0,1.0018754244009282
49,39,0.2756039488979986,0.47819425750757816
49,40,0.24568027172538964,0.5045479148275127
49,41,0.945853722863453,0.02806523588093295
49,42,0.501176536885516,0.29311681989556304
49,43,1.0,0.0
49,44,0.6104772676019851,0.21931386609891784
49,45,1.0,0.00013511756202412564
49,46,0.0,1.0
49,47,0.32612814384265043,0.42953234515720445
49,48,0.12251508440695663,0.6506933336170285
49,49,1.0,0.0007003657711699931
49,50,0.800606107055444,0.10589640597917209
49,51,1.0,0.000495381343035537
49,52,0.08212980907204948,0.7134170118935015
49,53,0.5985355453033431,0.22722618627475455
49,54,0.5,0.2932538564440532
49,55,0.2644653289942664,0.48573939968328034
49,56,0.8640450090500182,0.07048738125418752
49,57,0.43975317130480385,0.33720071176138416
49,58,0.4307851616479985,0.34394387929675796
49,59,0.3668101400328806,0.3943595898211103
49,60,0.6108500260287835,0.21843105977601965
49,61,0.8931047137740791,0.05746467895755401
49,62,0.15231669559239946,0.6142401931431605
49,63,0.0,1.0000020348047007
49,64,0.8502420024809147,0.07974992354752045
49,65,0.0,1.0006333909486265
49,66,0.5763700939102842,0.24080957994039198
49,67,0.47352303729383016,0.31194351431410555
49,68,0.0,1.000006696192896
49,69,0.8588806895484232,0.07325338738573597
49,70,0.5,0.2929938927240962
49,71,0.0,1.0004009883554372
49,72,0.0,1.0011639177072629
49,73,0.6111429003581781,0.21824370782309777
49,74,0.2611849853826038,0.4889373958284525
49,75,0.7869707153426997,0.11291226343772492
49,76,0.160112608100342,0.5998592646326271
49,77,0.7731184858032303,0.12073672224744038
49,78,0.0,1.001513373088984
49,79,0.17541393201733602,0.581832081303447
49,80,0.5174638691515516,0.28154936634866184
49,81,0.2876508706402523,0.4638132769884387
49,82,0.5,0.2928932188134524
49,83,1.0,0.0
49,84,0.5,0.2928932188134524
49,85,0.28746590732555694,0.4644294165047039
49,86,0.5743236500995234,0.24215855873439907
49,87,0.9625806164450682,0.020553949551174507
49,88,0.5738067255776759,0.24339648593806543
49,89,0.042913309255126875,0.7928826168297124
49,90,0.9838154466781197,0.008985590758968015
49,91,0.862899641433221,0.07129579429281682
49,92,0.8118401804200092,0.09965246561372966
49,93,0.7416435736539084,0.13905650039023745
49,94,0.7904135035032738,0.11214458250868464
49,95,0.6133342243562263,0.2180021485061925
49,96,0.5916741290365115,0.23079643215050977
49,97,0.21493153309069038,0.5363929108709722
49,98,0.6655669460599647,0.18445024977169483
49,99,0.4120972344254426,0.3580520002169626
50,0,0.6464446192740383,0.19649632883869966
50,1,0.4991968471233055,0.29417121036309063
50,2,0.48447525677008174,0.3039578605953361
50,3,0.5,0.2928932188134524
50,4,0.0,1.0
50,5,0.29319049815419884,0.45894114516418216
50,6,0.14570120902861916,0.619526114101779
50,7,0.7125593563971163,0.15586769023030733
50,8,0.5371796705304427,0.2672665153125289
50,9,0.14394081008530435,0.6207297602051127
50,10,0.0,1.000476370715297
50,11,0.6601326800564089,0.18751450471014008
50,12,0.6817506172252075,0.17460504240156724
50,13,0.0,1.002873590207027
50,14,0.0,1.0
50,15,0.21128862255983089,0.5407917620311307
50,16,0.4193315335928265,0.3525949850544606
50,17,0.24171407172394246,0.5083557475097948
50,18,0.7244060560668644,0.15217068879660045
50,19,0.7160246474081017,0.15419916240205636
50,20,0.6370735734542065,0.20302197831541746
50,21,0.5,0.2929524223063449
50,22,0.8724169483323727,0.06612932021312166
50,23,0.6315426647423406,0.2060339620305475
50,24,0.7867357926248539,0.11464609144762307
50,25,0.0,1.0003176543954315
50,26,0.8185049025000875,0.09631128343809754
50,27,0.6220833408449196,0.21127739930637235
50,28,0.30344662003534567,0.4492824757892562
50,29,0.5515919672717029,0.25915298299617434
50,30,0.1814837086832126,0.5740198172770388
50,31,0.15880515876509627,0.601936866063147
50,32,0.0,1.0000023035993495
50,33,0.6921034241714437,0.16840193973899362
50,34,0.4351680984101246,0.3405846830912794
50,35,0.32397607301588716,0.4308113517447354
50,36,0.5,0.2929156432041379
50,37,0.256880163009015,0.49580372745619544
50,38,0.2131403507177056,0.538328741724476
50,39,0.7756039488979987,0.12167198979900441
50,40,0.14312190257872248,0.6216856708740175
50,41,0.661564063727217,0.18751457175346783
50,42,0.9108525899775027,0.04610319397380786
50,43,0.5,0.29351178804015055
50,44,0.4888911604580239,0.30079247682964405
50,45,0.5,0.2928932188134524
50,46,0.051914514470264794,0.7721524315024082
50,47,0.3186819197190148,0.43656880065396636
50,48,0.0,1.000271135648169
50,49,0.5,0.29380364153692945
50,50,0.6796676234713923,0.17576714300988133
50,51,0.5,0.29301424894115646
50,52,0.11879230413782069,0.6553374053689309
50,53,0.6724988151258816,0.18086751867131712
50,54,0.0,1.0003781809146979
50,55,0.4038769220535398,0.36448738982351925
50,56,0.36404500905001824,0.3966823737079875
50,57,0.0,1.0015330489752532
50,58,0.308531986980565,0.444878000826916
50,59,0.3580908887688375,0.4019887906263432
50,60,1.0,0.0007712191746384177
50,61,0.3931047137740791,0.3730193706465932
50,62,0.26069324305014313,0.48944871214880464
50,63,0.5,0.29367683502830927
50,64,0.35024200248091475,0.40977343765117547
50,65,0.31782880806131064,0.4362747584321302
50,66,0.3878820449407776,0.3771982298188471
50,67,0.5380687951001447,0.2670943012362696
50,68,0.5,0.29289430654743825
50,69,0.3588806895484232,0.40093349380576015
50,70,1.0,6.745590195769093e-06
50,71,0.5,0.29317628537052676
50,72,0.0,1.000525903012439
50,73,0.4217445343101844,0.35084387385365284
50,74,0.5766629875130664,0.24061670993828438
50,75,0.2869707153426997,0.4643045666854054
50,76,0.05504183160333476,0.7655329631118919
50,77,0.5024698038967188,0.29115830875866466
50,78,0.4737834256817402,0.31283352572003126
50,79,0.5052832661440877,0.28928371516307616
50,80,0.6433211119641316,0.19851022559175
50,81,0.7876508706402523,0.11622232123276417
50,82,1.0,0.001024842164848135
50,83,1.0,8.836146418161309e-05
50,84,0.845589303627234,0.080798461790259
50,85,0.2604381860267305,0.4902245588810677
50,86,0.5108606077453497,0.28624639976137284
50,87,0.8737745701418351,0.06648721152383524
50,88,0.07380672557767587,0.7283302372067668
50,89,0.2963719831409585,0.45559942768127215
50,90,0.4838154466781197,0.30455211866256876
50,91,0.6301596812379454,0.20628440397126782
50,92,0.6432320213915939,0.1984349661237536
50,93,0.6705075636307931,0.18128518982648914
50,94,0.2904135035032738,0.4612542474127161
50,95,0.17962512814527193,0.5769471059200012
50,96,0.7493230648365797,0.13490717941965297
50,97,0.19751544099721885,0.5583371981470988
50,98,1.0,1.5903901042551992e-05
50,99,0.0,1.0006240175229622
