iteration,archive_index,f1_distance,f2_vehicles
0,0,71.39981110044172,2
0,1,71.39981110044172,2
0,2,71.39981110044172,2
0,3,71.39981110044172,2
0,4,71.39981110044172,2
0,5,71.39981110044172,2
0,6,71.39981110044172,2
1,0,71.39981110044172,2
1,1,71.39981110044172,2
1,2,71.39981110044172,2
1,3,71.39981110044172,2
1,4,71.39981110044172,2
1,5,71.39981110044172,2
1,6,71.39981110044172,2
1,7,71.39981110044172,2
1,8,71.39981110044172,2
1,9,71.39981110044172,2
1,10,71.39981110044172,2
1,11,71.39981110044172,2
1,12,71.39981110044172,2
1,13,71.39981110044172,2
1,14,71.39981110044172,2
1,15,71.39981110044172,2
1,16,71.39981110044172,2
1,17,71.39981110044172,2
1,18,71.39981110044172,2
1,19,71.39981110044172,2
1,20,71.39981110044172,2
1,21,71.39981110044172,2
1,22,71.39981110044172,2
1,23,71.39981110044172,2
1,24,71.39981110044172,2
2,0,71.39981110044172,2
2,1,71.39981110044172,2
2,2,71.39981110044172,2
2,3,71.39981110044172,2
2,4,71.39981110044172,2
2,5,71.39981110044172,2
2,6,71.39981110044172,2
2,7,71.39981110044172,2
2,8,71.39981110044172,2
2,9,71.39981110044172,2
2,10,71.39981110044172,2
2,11,71.39981110044172,2
2,12,71.39981110044172,2
2,13,71.39981110044172,2
2,14,71.39981110044172,2
2,15,71.39981110044172,2
2,16,71.39981110044172,2
2,17,71.39981110044172,2
2,18,71.39981110044172,2
2,19,71.39981110044172,2
2,20,71.39981110044172,2
2,21,71.39981110044172,2
2,22,71.39981110044172,2
2,23,71.39981110044172,2
2,24,71.39981110044172,2
2,25,71.39981110044172,2
2,26,71.39981110044172,2
2,27,71.39981110044172,2
2,28,71.39981110044172,2
2,29,71.39981110044172,2
2,30,71.39981110044172,2
2,31,71.39981110044172,2
2,32,71.39981110044172,2
2,33,71.39981110044172,2
2,34,71.39981110044172,2
2,35,71.39981110044172,2
2,36,71.39981110044172,2
2,37,71.39981110044172,2
2,38,71.39981110044172,2
2,39,71.39981110044172,2
2,40,71.39981110044172,2
2,41,71.39981110044172,2
2,42,71.39981110044172,2
2,43,71.39981110044172,2
2,44,71.39981110044172,2
3,0,71.39981110044172,2
3,1,71.39981110044172,2
3,2,71.39981110044172,2
3,3,71.39981110044172,2
3,4,71.39981110044172,2
3,5,71.39981110044172,2
3,6,71.39981110044172,2
3,7,71.39981110044172,2
3,8,71.39981110044172,2
3,9,71.39981110044172,2
3,10,71.39981110044172,2
3,11,71.39981110044172,2
3,12,71.39981110044172,2
3,13,71.39981110044172,2
3,14,71.39981110044172,2
3,15,71.39981110044172,2
3,16,71.39981110044172,2
3,17,71.39981110044172,2
3,18,71.39981110044172,2
3,19,71.39981110044172,2
3,20,71.39981110044172,2
3,21,71.39981110044172,2
3,22,71.39981110044172,2
3,23,71.39981110044172,2
3,24,71.39981110044172,2
3,25,71.39981110044172,2
3,26,71.39981110044172,2
3,27,71.39981110044172,2
3,28,71.39981110044172,2
3,29,71.39981110044172,2
3,30,71.39981110044172,2
3,31,71.39981110044172,2
3,32,71.39981110044172,2
3,33,71.39981110044172,2
3,34,71.39981110044172,2
3,35,71.39981110044172,2
3,36,71.39981110044172,2
3,37,71.39981110044172,2
3,38,71.39981110044172,2
3,39,71.39981110044172,2
3,40,71.39981110044172,2
3,41,71.39981110044172,2
3,42,71.39981110044172,2
3,43,71.39981110044172,2
3,44,71.39981110044172,2
3,45,71.39981110044172,2
3,46,71.39981110044172,2
3,47,71.39981110044172,2
3,48,71.39981110044172,2
3,49,71.39981110044172,2
4,0,71.39981110044172,2
4,1,71.39981110044172,2
4,2,71.39981110044172,2
4,3,71.39981110044172,2
4,4,71.39981110044172,2
4,5,71.39981110044172,2
4,6,71.39981110044172,2
4,7,71.39981110044172,2
4,8,71.39981110044172,2
4,9,71.39981110044172,2
4,10,71.39981110044172,2
4,11,71.39981110044172,2
4,12,71.39981110044172,2
4,13,71.39981110044172,2
4,14,71.39981110044172,2
4,15,71.39981110044172,2
4,16,71.39981110044172,2
4,17,71.39981110044172,2
4,18,71.39981110044172,2
4,19,71.39981110044172,2
4,20,71.39981110044172,2
4,21,71.39981110044172,2
4,22,71.39981110044172,2
4,23,71.39981110044172,2
4,24,71.39981110044172,2
4,25,71.39981110044172,2
4,26,71.39981110044172,2
4,27,71.39981110044172,2
4,28,71.39981110044172,2
4,29,71.39981110044172,2
4,30,71.39981110044172,2
4,31,71.39981110044172,2
4,32,71.39981110044172,2
4,33,71.39981110044172,2
4,34,71.39981110044172,2
4,35,71.39981110044172,2
4,36,71.39981110044172,2
4,37,71.39981110044172,2
4,38,71.39981110044172,2
4,39,71.39981110044172,2
4,40,71.39981110044172,2
4,41,71.39981110044172,2
4,42,71.39981110044172,2
4,43,71.39981110044172,2
4,44,71.39981110044172,2
4,45,71.39981110044172,2
4,46,71.39981110044172,2
4,47,71.39981110044172,2
4,48,71.39981110044172,2
4,49,71.39981110044172,2
5,0,71.39981110044172,2
5,1,71.39981110044172,2
5,2,71.39981110044172,2
5,3,71.39981110044172,2
5,4,71.39981110044172,2
5,5,71.39981110044172,2
5,6,71.39981110044172,2
5,7,71.39981110044172,2
5,8,71.39981110044172,2
5,9,71.39981110044172,2
5,10,71.39981110044172,2
5,11,71.39981110044172,2
5,12,71.39981110044172,2
5,13,71.39981110044172,2
5,14,71.39981110044172,2
5,15,71.39981110044172,2
5,16,71.39981110044172,2
5,17,71.39981110044172,2
5,18,71.39981110044172,2
5,19,71.39981110044172,2
5,20,71.39981110044172,2
5,21,71.39981110044172,2
5,22,71.39981110044172,2
5,23,71.39981110044172,2
5,24,71.39981110044172,2
5,25,71.39981110044172,2
5,26,71.39981110044172,2
5,27,71.39981110044172,2
5,28,71.39981110044172,2
5,29,71.39981110044172,2
5,30,71.39981110044172,2
5,31,71.39981110044172,2
5,32,71.39981110044172,2
5,33,71.39981110044172,2
5,34,71.39981110044172,2
5,35,71.39981110044172,2
5,36,71.39981110044172,2
5,37,71.39981110044172,2
5,38,71.39981110044172,2
5,39,71.39981110044172,2
5,40,71.39981110044172,2
5,41,71.39981110044172,2
5,42,71.39981110044172,2
5,43,71.39981110044172,2
5,44,71.39981110044172,2
5,45,71.39981110044172,2
5,46,71.39981110044172,2
5,47,71.39981110044172,2
5,48,71.39981110044172,2
5,49,71.39981110044172,2
6,0,71.39981110044172,2
6,1,71.39981110044172,2
6,2,71.39981110044172,2
6,3,71.39981110044172,2
6,4,71.39981110044172,2
6,5,71.39981110044172,2
6,6,71.39981110044172,2
6,7,71.39981110044172,2
6,8,71.39981110044172,2
6,9,71.39981110044172,2
6,10,71.39981110044172,2
6,11,71.39981110044172,2
6,12,71.39981110044172,2
6,13,71.39981110044172,2
6,14,71.39981110044172,2
6,15,71.39981110044172,2
6,16,71.39981110044172,2
6,17,71.39981110044172,2
6,18,71.39981110044172,2
6,19,71.39981110044172,2
6,20,71.39981110044172,2
6,21,71.39981110044172,2
6,22,71.39981110044172,2
6,23,71.39981110044172,2
6,24,71.39981110044172,2
6,25,71.39981110044172,2
6,26,71.39981110044172,2
6,27,71.39981110044172,2
6,28,71.39981110044172,2
6,29,71.39981110044172,2
6,30,71.39981110044172,2
6,31,71.39981110044172,2
6,32,71.39981110044172,2
6,33,71.39981110044172,2
6,34,71.39981110044172,2
6,35,71.39981110044172,2
6,36,71.39981110044172,2
6,37,71.39981110044172,2
6,38,71.39981110044172,2
6,39,71.39981110044172,2
6,40,71.39981110044172,2
6,41,71.39981110044172,2
6,42,71.39981110044172,2
6,43,71.39981110044172,2
6,44,71.39981110044172,2
6,45,71.39981110044172,2
6,46,71.39981110044172,2
6,47,71.39981110044172,2
6,48,71.39981110044172,2
6,49,71.39981110044172,2
7,0,71.39981110044172,2
7,1,71.39981110044172,2
7,2,71.39981110044172,2
7,3,71.39981110044172,2
7,4,71.39981110044172,2
7,5,71.39981110044172,2
7,6,71.39981110044172,2
7,7,71.39981110044172,2
7,8,71.39981110044172,2
7,9,71.39981110044172,2
7,10,71.39981110044172,2
7,11,71.39981110044172,2
7,12,71.39981110044172,2
7,13,71.39981110044172,2
7,14,71.39981110044172,2
7,15,71.39981110044172,2
7,16,71.39981110044172,2
7,17,71.39981110044172,2
7,18,71.39981110044172,2
7,19,71.39981110044172,2
7,20,71.39981110044172,2
7,21,71.39981110044172,2
7,22,71.39981110044172,2
7,23,71.39981110044172,2
7,24,71.39981110044172,2
7,25,71.39981110044172,2
7,26,71.39981110044172,2
7,27,71.39981110044172,2
7,28,71.39981110044172,2
7,29,71.39981110044172,2
7,30,71.39981110044172,2
7,31,71.39981110044172,2
7,32,71.39981110044172,2
7,33,71.39981110044172,2
7,34,71.39981110044172,2
7,35,71.39981110044172,2
7,36,71.39981110044172,2
7,37,71.39981110044172,2
7,38,71.39981110044172,2
7,39,71.39981110044172,2
7,40,71.39981110044172,2
7,41,71.39981110044172,2
7,42,71.39981110044172,2
7,43,71.39981110044172,2
7,44,71.39981110044172,2
7,45,71.39981110044172,2
7,46,71.39981110044172,2
7,47,71.39981110044172,2
7,48,71.39981110044172,2
7,49,71.39981110044172,2
8,0,71.39981110044172,2
8,1,71.39981110044172,2
8,2,71.39981110044172,2
8,3,71.39981110044172,2
8,4,71.39981110044172,2
8,5,71.39981110044172,2
8,6,71.39981110044172,2
8,7,71.39981110044172,2
8,8,71.39981110044172,2
8,9,71.39981110044172,2
8,10,71.39981110044172,2
8,11,71.39981110044172,2
8,12,71.39981110044172,2
8,13,71.39981110044172,2
8,14,71.39981110044172,2
8,15,71.39981110044172,2
8,16,71.39981110044172,2
8,17,71.39981110044172,2
8,18,71.39981110044172,2
8,19,71.39981110044172,2
8,20,71.39981110044172,2
8,21,71.39981110044172,2
8,22,71.39981110044172,2
8,23,71.39981110044172,2
8,24,71.39981110044172,2
8,25,71.39981110044172,2
8,26,71.39981110044172,2
8,27,71.39981110044172,2
8,28,71.39981110044172,2
8,29,71.39981110044172,2
8,30,71.39981110044172,2
8,31,71.39981110044172,2
8,32,71.39981110044172,2
8,33,71.39981110044172,2
8,34,71.39981110044172,2
8,35,71.39981110044172,2
8,36,71.39981110044172,2
8,37,71.39981110044172,2
8,38,71.39981110044172,2
8,39,71.39981110044172,2
8,40,71.39981110044172,2
8,41,71.39981110044172,2
8,42,71.39981110044172,2
8,43,71.39981110044172,2
8,44,71.39981110044172,2
8,45,71.39981110044172,2
8,46,71.39981110044172,2
8,47,71.39981110044172,2
8,48,71.39981110044172,2
8,49,71.39981110044172,2
9,0,71.39981110044172,2
9,1,71.39981110044172,2
9,2,71.39981110044172,2
9,3,71.39981110044172,2
9,4,71.39981110044172,2
9,5,71.39981110044172,2
9,6,71.39981110044172,2
9,7,71.39981110044172,2
9,8,71.39981110044172,2
9,9,71.39981110044172,2
9,10,71.39981110044172,2
9,11,71.39981110044172,2
9,12,71.39981110044172,2
9,13,71.39981110044172,2
9,14,71.39981110044172,2
9,15,71.39981110044172,2
9,16,71.39981110044172,2
9,17,71.39981110044172,2
9,18,71.39981110044172,2
9,19,71.39981110044172,2
9,20,71.39981110044172,2
9,21,71.39981110044172,2
9,22,71.39981110044172,2
9,23,71.39981110044172,2
9,24,71.39981110044172,2
9,25,71.39981110044172,2
9,26,71.39981110044172,2
9,27,71.39981110044172,2
9,28,71.39981110044172,2
9,29,71.39981110044172,2
9,30,71.39981110044172,2
9,31,71.39981110044172,2
9,32,71.39981110044172,2
9,33,71.39981110044172,2
9,34,71.39981110044172,2
9,35,71.39981110044172,2
9,36,71.39981110044172,2
9,37,71.39981110044172,2
9,38,71.39981110044172,2
9,39,71.39981110044172,2
9,40,71.39981110044172,2
9,41,71.39981110044172,2
9,42,71.39981110044172,2
9,43,71.39981110044172,2
9,44,71.39981110044172,2
9,45,71.39981110044172,2
9,46,71.39981110044172,2
9,47,71.39981110044172,2
9,48,71.39981110044172,2
9,49,71.39981110044172,2
10,0,71.39981110044172,2
10,1,71.39981110044172,2
10,2,71.39981110044172,2
10,3,71.39981110044172,2
10,4,71.39981110044172,2
10,5,71.39981110044172,2
10,6,71.39981110044172,2
10,7,71.39981110044172,2
10,8,71.39981110044172,2
10,9,71.39981110044172,2
10,10,71.39981110044172,2
10,11,71.39981110044172,2
10,12,71.39981110044172,2
10,13,71.39981110044172,2
10,14,71.39981110044172,2
10,15,71.39981110044172,2
10,16,71.39981110044172,2
10,17,71.39981110044172,2
10,18,71.39981110044172,2
10,19,71.39981110044172,2
10,20,71.39981110044172,2
10,21,71.39981110044172,2
10,22,71.39981110044172,2
10,23,71.39981110044172,2
10,24,71.39981110044172,2
10,25,71.39981110044172,2
10,26,71.39981110044172,2
10,27,71.39981110044172,2
10,28,71.39981110044172,2
10,29,71.39981110044172,2
10,30,71.39981110044172,2
10,31,71.39981110044172,2
10,32,71.39981110044172,2
10,33,71.39981110044172,2
10,34,71.39981110044172,2
10,35,71.39981110044172,2
10,36,71.39981110044172,2
10,37,71.39981110044172,2
10,38,71.39981110044172,2
10,39,71.39981110044172,2
10,40,71.39981110044172,2
10,41,71.39981110044172,2
10,42,71.39981110044172,2
10,43,71.39981110044172,2
10,44,71.39981110044172,2
10,45,71.39981110044172,2
10,46,71.39981110044172,2
10,47,71.39981110044172,2
10,48,71.39981110044172,2
10,49,71.39981110044172,2
11,0,71.39981110044172,2
11,1,71.39981110044172,2
11,2,71.39981110044172,2
11,3,71.39981110044172,2
11,4,71.39981110044172,2
11,5,71.39981110044172,2
11,6,71.39981110044172,2
11,7,71.39981110044172,2
11,8,71.39981110044172,2
11,9,71.39981110044172,2
11,10,71.39981110044172,2
11,11,71.39981110044172,2
11,12,71.39981110044172,2
11,13,71.39981110044172,2
11,14,71.39981110044172,2
11,15,71.39981110044172,2
11,16,71.39981110044172,2
11,17,71.39981110044172,2
11,18,71.39981110044172,2
11,19,71.39981110044172,2
11,20,71.39981110044172,2
11,21,71.39981110044172,2
11,22,71.39981110044172,2
11,23,71.39981110044172,2
11,24,71.39981110044172,2
11,25,71.39981110044172,2
11,26,71.39981110044172,2
11,27,71.39981110044172,2
11,28,71.39981110044172,2
11,29,71.39981110044172,2
11,30,71.39981110044172,2
11,31,71.39981110044172,2
11,32,71.39981110044172,2
11,33,71.39981110044172,2
11,34,71.39981110044172,2
11,35,71.39981110044172,2
11,36,71.39981110044172,2
11,37,71.39981110044172,2
11,38,71.39981110044172,2
11,39,71.39981110044172,2
11,40,71.39981110044172,2
11,41,71.39981110044172,2
11,42,71.39981110044172,2
11,43,71.39981110044172,2
11,44,71.39981110044172,2
11,45,71.39981110044172,2
11,46,71.39981110044172,2
11,47,71.39981110044172,2
11,48,71.39981110044172,2
11,49,71.39981110044172,2
12,0,71.39981110044172,2
12,1,71.39981110044172,2
12,2,71.39981110044172,2
12,3,71.39981110044172,2
12,4,71.39981110044172,2
12,5,71.39981110044172,2
12,6,71.39981110044172,2
12,7,71.39981110044172,2
12,8,71.39981110044172,2
12,9,71.39981110044172,2
12,10,71.39981110044172,2
12,11,71.39981110044172,2
12,12,71.39981110044172,2
12,13,71.39981110044172,2
12,14,71.39981110044172,2
12,15,71.39981110044172,2
12,16,71.39981110044172,2
12,17,71.39981110044172,2
12,18,71.39981110044172,2
12,19,71.39981110044172,2
12,20,71.39981110044172,2
12,21,71.39981110044172,2
12,22,71.39981110044172,2
12,23,71.39981110044172,2
12,24,71.39981110044172,2
12,25,71.39981110044172,2
12,26,71.39981110044172,2
12,27,71.39981110044172,2
12,28,71.39981110044172,2
12,29,71.39981110044172,2
12,30,71.39981110044172,2
12,31,71.39981110044172,2
12,32,71.39981110044172,2
12,33,71.39981110044172,2
12,34,71.39981110044172,2
12,35,71.39981110044172,2
12,36,71.39981110044172,2
12,37,71.39981110044172,2
12,38,71.39981110044172,2
12,39,71.39981110044172,2
12,40,71.39981110044172,2
12,41,71.39981110044172,2
12,42,71.39981110044172,2
12,43,71.39981110044172,2
12,44,71.39981110044172,2
12,45,71.39981110044172,2
12,46,71.39981110044172,2
12,47,71.39981110044172,2
12,48,71.39981110044172,2
12,49,71.39981110044172,2
13,0,71.39981110044172,2
13,1,71.39981110044172,2
13,2,71.39981110044172,2
13,3,71.39981110044172,2
13,4,71.39981110044172,2
13,5,71.39981110044172,2
13,6,71.39981110044172,2
13,7,71.39981110044172,2
13,8,71.39981110044172,2
13,9,71.39981110044172,2
13,10,71.39981110044172,2
13,11,71.39981110044172,2
13,12,71.39981110044172,2
13,13,71.39981110044172,2
13,14,71.39981110044172,2
13,15,71.39981110044172,2
13,16,71.39981110044172,2
13,17,71.39981110044172,2
13,18,71.39981110044172,2
13,19,71.39981110044172,2
13,20,71.39981110044172,2
13,21,71.39981110044172,2
13,22,71.39981110044172,2
13,23,71.39981110044172,2
13,24,71.39981110044172,2
13,25,71.39981110044172,2
13,26,71.39981110044172,2
13,27,71.39981110044172,2
13,28,71.39981110044172,2
13,29,71.39981110044172,2
13,30,71.39981110044172,2
13,31,71.39981110044172,2
13,32,71.39981110044172,2
13,33,71.39981110044172,2
13,34,71.39981110044172,2
13,35,71.39981110044172,2
13,36,71.39981110044172,2
13,37,71.39981110044172,2
13,38,71.39981110044172,2
13,39,71.39981110044172,2
13,40,71.39981110044172,2
13,41,71.39981110044172,2
13,42,71.39981110044172,2
13,43,71.39981110044172,2
13,44,71.39981110044172,2
13,45,71.39981110044172,2
13,46,71.39981110044172,2
13,47,71.39981110044172,2
13,48,71.39981110044172,2
13,49,71.39981110044172,2
14,0,71.39981110044172,2
14,1,71.39981110044172,2
14,2,71.39981110044172,2
14,3,71.39981110044172,2
14,4,71.39981110044172,2
14,5,71.39981110044172,2
14,6,71.39981110044172,2
14,7,71.39981110044172,2
14,8,71.39981110044172,2
14,9,71.39981110044172,2
14,10,71.39981110044172,2
14,11,71.39981110044172,2
14,12,71.39981110044172,2
14,13,71.39981110044172,2
14,14,71.39981110044172,2
14,15,71.39981110044172,2
14,16,71.39981110044172,2
14,17,71.39981110044172,2
14,18,71.39981110044172,2
14,19,71.39981110044172,2
14,20,71.39981110044172,2
14,21,71.39981110044172,2
14,22,71.39981110044172,2
14,23,71.39981110044172,2
14,24,71.39981110044172,2
14,25,71.39981110044172,2
14,26,71.39981110044172,2
14,27,71.39981110044172,2
14,28,71.39981110044172,2
14,29,71.39981110044172,2
14,30,71.39981110044172,2
14,31,71.39981110044172,2
14,32,71.39981110044172,2
14,33,71.39981110044172,2
14,34,71.39981110044172,2
14,35,71.39981110044172,2
14,36,71.39981110044172,2
14,37,71.39981110044172,2
14,38,71.39981110044172,2
14,39,71.39981110044172,2
14,40,71.39981110044172,2
14,41,71.39981110044172,2
14,42,71.39981110044172,2
14,43,71.39981110044172,2
14,44,71.39981110044172,2
14,45,71.39981110044172,2
14,46,71.39981110044172,2
14,47,71.39981110044172,2
14,48,71.39981110044172,2
14,49,71.39981110044172,2
15,0,71.39981110044172,2
15,1,71.39981110044172,2
15,2,71.39981110044172,2
15,3,71.39981110044172,2
15,4,71.39981110044172,2
15,5,71.39981110044172,2
15,6,71.39981110044172,2
15,7,71.39981110044172,2
15,8,71.39981110044172,2
15,9,71.39981110044172,2
15,10,71.39981110044172,2
15,11,71.39981110044172,2
15,12,71.39981110044172,2
15,13,71.39981110044172,2
15,14,71.39981110044172,2
15,15,71.39981110044172,2
15,16,71.39981110044172,2
15,17,71.39981110044172,2
15,18,71.39981110044172,2
15,19,71.39981110044172,2
15,20,71.39981110044172,2
15,21,71.39981110044172,2
15,22,71.39981110044172,2
15,23,71.39981110044172,2
15,24,71.39981110044172,2
15,25,71.39981110044172,2
15,26,71.39981110044172,2
15,27,71.39981110044172,2
15,28,71.39981110044172,2
15,29,71.39981110044172,2
15,30,71.39981110044172,2
15,31,71.39981110044172,2
15,32,71.39981110044172,2
15,33,71.39981110044172,2
15,34,71.39981110044172,2
15,35,71.39981110044172,2
15,36,71.39981110044172,2
15,37,71.39981110044172,2
15,38,71.39981110044172,2
15,39,71.39981110044172,2
15,40,71.39981110044172,2
15,41,71.39981110044172,2
15,42,71.39981110044172,2
15,43,71.39981110044172,2
15,44,71.39981110044172,2
15,45,71.39981110044172,2
15,46,71.39981110044172,2
15,47,71.39981110044172,2
15,48,71.39981110044172,2
15,49,71.39981110044172,2
16,0,71.39981110044172,2
16,1,71.39981110044172,2
16,2,71.39981110044172,2
16,3,71.39981110044172,2
16,4,71.39981110044172,2
16,5,71.39981110044172,2
16,6,71.39981110044172,2
16,7,71.39981110044172,2
16,8,71.39981110044172,2
16,9,71.39981110044172,2
16,10,71.39981110044172,2
16,11,71.39981110044172,2
16,12,71.39981110044172,2
16,13,71.39981110044172,2
16,14,71.39981110044172,2
16,15,71.39981110044172,2
16,16,71.39981110044172,2
16,17,71.39981110044172,2
16,18,71.39981110044172,2
16,19,71.39981110044172,2
16,20,71.39981110044172,2
16,21,71.39981110044172,2
16,22,71.39981110044172,2
16,23,71.39981110044172,2
16,24,71.39981110044172,2
16,25,71.39981110044172,2
16,26,71.39981110044172,2
16,27,71.39981110044172,2
16,28,71.39981110044172,2
16,29,71.39981110044172,2
16,30,71.39981110044172,2
16,31,71.39981110044172,2
16,32,71.39981110044172,2
16,33,71.39981110044172,2
16,34,71.39981110044172,2
16,35,71.39981110044172,2
16,36,71.39981110044172,2
16,37,71.39981110044172,2
16,38,71.39981110044172,2
16,39,71.39981110044172,2
16,40,71.39981110044172,2
16,41,71.39981110044172,2
16,42,71.39981110044172,2
16,43,71.39981110044172,2
16,44,71.39981110044172,2
16,45,71.39981110044172,2
16,46,71.39981110044172,2
16,47,71.39981110044172,2
16,48,71.39981110044172,2
16,49,71.39981110044172,2
17,0,71.39981110044172,2
17,1,71.39981110044172,2
17,2,71.39981110044172,2
17,3,71.39981110044172,2
17,4,71.39981110044172,2
17,5,71.39981110044172,2
17,6,71.39981110044172,2
17,7,71.39981110044172,2
17,8,71.39981110044172,2
17,9,71.39981110044172,2
17,10,71.39981110044172,2
17,11,71.39981110044172,2
17,12,71.39981110044172,2
17,13,71.39981110044172,2
17,14,71.39981110044172,2
17,15,71.39981110044172,2
17,16,71.39981110044172,2
17,17,71.39981110044172,2
17,18,71.39981110044172,2
17,19,71.39981110044172,2
17,20,71.39981110044172,2
17,21,71.39981110044172,2
17,22,71.39981110044172,2
17,23,71.39981110044172,2
17,24,71.39981110044172,2
17,25,71.39981110044172,2
17,26,71.39981110044172,2
17,27,71.39981110044172,2
17,28,71.39981110044172,2
17,29,71.39981110044172,2
17,30,71.39981110044172,2
17,31,71.39981110044172,2
17,32,71.39981110044172,2
17,33,71.39981110044172,2
17,34,71.39981110044172,2
17,35,71.39981110044172,2
17,36,71.39981110044172,2
17,37,71.39981110044172,2
17,38,71.39981110044172,2
17,39,71.39981110044172,2
17,40,71.39981110044172,2
17,41,71.39981110044172,2
17,42,71.39981110044172,2
17,43,71.39981110044172,2
17,44,71.39981110044172,2
17,45,71.39981110044172,2
17,46,71.39981110044172,2
17,47,71.39981110044172,2
17,48,71.39981110044172,2
17,49,71.39981110044172,2
18,0,71.39981110044172,2
18,1,71.39981110044172,2
18,2,71.39981110044172,2
18,3,71.39981110044172,2
18,4,71.39981110044172,2
18,5,71.39981110044172,2
18,6,71.39981110044172,2
18,7,71.39981110044172,2
18,8,71.39981110044172,2
18,9,71.39981110044172,2
18,10,71.39981110044172,2
18,11,71.39981110044172,2
18,12,71.39981110044172,2
18,13,71.39981110044172,2
18,14,71.39981110044172,2
18,15,71.39981110044172,2
18,16,71.39981110044172,2
18,17,71.39981110044172,2
18,18,71.39981110044172,2
18,19,71.39981110044172,2
18,20,71.39981110044172,2
18,21,71.39981110044172,2
18,22,71.39981110044172,2
18,23,71.39981110044172,2
18,24,71.39981110044172,2
18,25,71.39981110044172,2
18,26,71.39981110044172,2
18,27,71.39981110044172,2
18,28,71.39981110044172,2
18,29,71.39981110044172,2
18,30,71.39981110044172,2
18,31,71.39981110044172,2
18,32,71.39981110044172,2
18,33,71.39981110044172,2
18,34,71.39981110044172,2
18,35,71.39981110044172,2
18,36,71.39981110044172,2
18,37,71.39981110044172,2
18,38,71.39981110044172,2
18,39,71.39981110044172,2
18,40,71.39981110044172,2
18,41,71.39981110044172,2
18,42,71.39981110044172,2
18,43,71.39981110044172,2
18,44,71.39981110044172,2
18,45,71.39981110044172,2
18,46,71.39981110044172,2
18,47,71.39981110044172,2
18,48,71.39981110044172,2
18,49,71.39981110044172,2
19,0,71.39981110044172,2
19,1,71.39981110044172,2
19,2,71.39981110044172,2
19,3,71.39981110044172,2
19,4,71.39981110044172,2
19,5,71.39981110044172,2
19,6,71.39981110044172,2
19,7,71.39981110044172,2
19,8,71.39981110044172,2
19,9,71.39981110044172,2
19,10,71.39981110044172,2
19,11,71.39981110044172,2
19,12,71.39981110044172,2
19,13,71.39981110044172,2
19,14,71.39981110044172,2
19,15,71.39981110044172,2
19,16,71.39981110044172,2
19,17,71.39981110044172,2
19,18,71.39981110044172,2
19,19,71.39981110044172,2
19,20,71.39981110044172,2
19,21,71.39981110044172,2
19,22,71.39981110044172,2
19,23,71.39981110044172,2
19,24,71.39981110044172,2
19,25,71.39981110044172,2
19,26,71.39981110044172,2
19,27,71.39981110044172,2
19,28,71.39981110044172,2
19,29,71.39981110044172,2
19,30,71.39981110044172,2
19,31,71.39981110044172,2
19,32,71.39981110044172,2
19,33,71.39981110044172,2
19,34,71.39981110044172,2
19,35,71.39981110044172,2
19,36,71.39981110044172,2
19,37,71.39981110044172,2
19,38,71.39981110044172,2
19,39,71.39981110044172,2
19,40,71.39981110044172,2
19,41,71.39981110044172,2
19,42,71.39981110044172,2
19,43,71.39981110044172,2
19,44,71.39981110044172,2
19,45,71.39981110044172,2
19,46,71.39981110044172,2
19,47,71.39981110044172,2
19,48,71.39981110044172,2
19,49,71.39981110044172,2
20,0,71.39981110044172,2
20,1,71.39981110044172,2
20,2,71.39981110044172,2
20,3,71.39981110044172,2
20,4,71.39981110044172,2
20,5,71.39981110044172,2
20,6,71.39981110044172,2
20,7,71.39981110044172,2
20,8,71.39981110044172,2
20,9,71.39981110044172,2
20,10,71.39981110044172,2
20,11,71.39981110044172,2
20,12,71.39981110044172,2
20,13,71.39981110044172,2
20,14,71.39981110044172,2
20,15,71.39981110044172,2
20,16,71.39981110044172,2
20,17,71.39981110044172,2
20,18,71.39981110044172,2
20,19,71.39981110044172,2
20,20,71.39981110044172,2
20,21,71.39981110044172,2
20,22,71.39981110044172,2
20,23,71.39981110044172,2
20,24,71.39981110044172,2
20,25,71.39981110044172,2
20,26,71.39981110044172,2
20,27,71.39981110044172,2
20,28,71.39981110044172,2
20,29,71.39981110044172,2
20,30,71.39981110044172,2
20,31,71.39981110044172,2
20,32,71.39981110044172,2
20,33,71.39981110044172,2
20,34,71.39981110044172,2
20,35,71.39981110044172,2
20,36,71.39981110044172,2
20,37,71.39981110044172,2
20,38,71.39981110044172,2
20,39,71.39981110044172,2
20,40,71.39981110044172,2
20,41,71.39981110044172,2
20,42,71.39981110044172,2
20,43,71.39981110044172,2
20,44,71.39981110044172,2
20,45,71.39981110044172,2
20,46,71.39981110044172,2
20,47,71.39981110044172,2
20,48,71.39981110044172,2
20,49,71.39981110044172,2
21,0,71.39981110044172,2
21,1,71.39981110044172,2
21,2,71.39981110044172,2
21,3,71.39981110044172,2
21,4,71.39981110044172,2
21,5,71.39981110044172,2
21,6,71.39981110044172,2
21,7,71.39981110044172,2
21,8,71.39981110044172,2
21,9,71.39981110044172,2
21,10,71.39981110044172,2
21,11,71.39981110044172,2
21,12,71.39981110044172,2
21,13,71.39981110044172,2
21,14,71.39981110044172,2
21,15,71.39981110044172,2
21,16,71.39981110044172,2
21,17,71.39981110044172,2
21,18,71.39981110044172,2
21,19,71.39981110044172,2
21,20,71.39981110044172,2
21,21,71.39981110044172,2
21,22,71.39981110044172,2
21,23,71.39981110044172,2
21,24,71.39981110044172,2
21,25,71.39981110044172,2
21,26,71.39981110044172,2
21,27,71.39981110044172,2
21,28,71.39981110044172,2
21,29,71.39981110044172,2
21,30,71.39981110044172,2
21,31,71.39981110044172,2
21,32,71.39981110044172,2
21,33,71.39981110044172,2
21,34,71.39981110044172,2
21,35,71.39981110044172,2
21,36,71.39981110044172,2
21,37,71.39981110044172,2
21,38,71.39981110044172,2
21,39,71.39981110044172,2
21,40,71.39981110044172,2
21,41,71.39981110044172,2
21,42,71.39981110044172,2
21,43,71.39981110044172,2
21,44,71.39981110044172,2
21,45,71.39981110044172,2
21,46,71.39981110044172,2
21,47,71.39981110044172,2
21,48,71.39981110044172,2
21,49,71.39981110044172,2
22,0,71.39981110044172,2
22,1,71.39981110044172,2
22,2,71.39981110044172,2
22,3,71.39981110044172,2
22,4,71.39981110044172,2
22,5,71.39981110044172,2
22,6,71.39981110044172,2
22,7,71.39981110044172,2
22,8,71.39981110044172,2
22,9,71.39981110044172,2
22,10,71.39981110044172,2
22,11,71.39981110044172,2
22,12,71.39981110044172,2
22,13,71.39981110044172,2
22,14,71.39981110044172,2
22,15,71.39981110044172,2
22,16,71.39981110044172,2
22,17,71.39981110044172,2
22,18,71.39981110044172,2
22,19,71.39981110044172,2
22,20,71.39981110044172,2
22,21,71.39981110044172,2
22,22,71.39981110044172,2
22,23,71.39981110044172,2
22,24,71.39981110044172,2
22,25,71.39981110044172,2
22,26,71.39981110044172,2
22,27,71.39981110044172,2
22,28,71.39981110044172,2
22,29,71.39981110044172,2
22,30,71.39981110044172,2
22,31,71.39981110044172,2
22,32,71.39981110044172,2
22,33,71.39981110044172,2
22,34,71.39981110044172,2
22,35,71.39981110044172,2
22,36,71.39981110044172,2
22,37,71.39981110044172,2
22,38,71.39981110044172,2
22,39,71.39981110044172,2
22,40,71.39981110044172,2
22,41,71.39981110044172,2
22,42,71.39981110044172,2
22,43,71.39981110044172,2
22,44,71.39981110044172,2
22,45,71.39981110044172,2
22,46,71.39981110044172,2
22,47,71.39981110044172,2
22,48,71.39981110044172,2
22,49,71.39981110044172,2
23,0,71.39981110044172,2
23,1,71.39981110044172,2
23,2,71.39981110044172,2
23,3,71.39981110044172,2
23,4,71.39981110044172,2
23,5,71.39981110044172,2
23,6,71.39981110044172,2
23,7,71.39981110044172,2
23,8,71.39981110044172,2
23,9,71.39981110044172,2
23,10,71.39981110044172,2
23,11,71.39981110044172,2
23,12,71.39981110044172,2
23,13,71.39981110044172,2
23,14,71.39981110044172,2
23,15,71.39981110044172,2
23,16,71.39981110044172,2
23,17,71.39981110044172,2
23,18,71.39981110044172,2
23,19,71.39981110044172,2
23,20,71.39981110044172,2
23,21,71.39981110044172,2
23,22,71.39981110044172,2
23,23,71.39981110044172,2
23,24,71.39981110044172,2
23,25,71.39981110044172,2
23,26,71.39981110044172,2
23,27,71.39981110044172,2
23,28,71.39981110044172,2
23,29,71.39981110044172,2
23,30,71.39981110044172,2
23,31,71.39981110044172,2
23,32,71.39981110044172,2
23,33,71.39981110044172,2
23,34,71.39981110044172,2
23,35,71.39981110044172,2
23,36,71.39981110044172,2
23,37,71.39981110044172,2
23,38,71.39981110044172,2
23,39,71.39981110044172,2
23,40,71.39981110044172,2
23,41,71.39981110044172,2
23,42,71.39981110044172,2
23,43,71.39981110044172,2
23,44,71.39981110044172,2
23,45,71.39981110044172,2
23,46,71.39981110044172,2
23,47,71.39981110044172,2
23,48,71.39981110044172,2
23,49,71.39981110044172,2
24,0,71.39981110044172,2
24,1,71.39981110044172,2
24,2,71.39981110044172,2
24,3,71.39981110044172,2
24,4,71.39981110044172,2
24,5,71.39981110044172,2
24,6,71.39981110044172,2
24,7,71.39981110044172,2
24,8,71.39981110044172,2
24,9,71.39981110044172,2
24,10,71.39981110044172,2
24,11,71.39981110044172,2
24,12,71.39981110044172,2
24,13,71.39981110044172,2
24,14,71.39981110044172,2
24,15,71.39981110044172,2
24,16,71.39981110044172,2
24,17,71.39981110044172,2
24,18,71.39981110044172,2
24,19,71.39981110044172,2
24,20,71.39981110044172,2
24,21,71.39981110044172,2
24,22,71.39981110044172,2
24,23,71.39981110044172,2
24,24,71.39981110044172,2
24,25,71.39981110044172,2
24,26,71.39981110044172,2
24,27,71.39981110044172,2
24,28,71.39981110044172,2
24,29,71.39981110044172,2
24,30,71.39981110044172,2
24,31,71.39981110044172,2
24,32,71.39981110044172,2
24,33,71.39981110044172,2
24,34,71.39981110044172,2
24,35,71.39981110044172,2
24,36,71.39981110044172,2
24,37,71.39981110044172,2
24,38,71.39981110044172,2
24,39,71.39981110044172,2
24,40,71.39981110044172,2
24,41,71.39981110044172,2
24,42,71.39981110044172,2
24,43,71.39981110044172,2
24,44,71.39981110044172,2
24,45,71.39981110044172,2
24,46,71.39981110044172,2
24,47,71.39981110044172,2
24,48,71.39981110044172,2
24,49,71.39981110044172,2
25,0,71.39981110044172,2
25,1,71.39981110044172,2
25,2,71.39981110044172,2
25,3,71.39981110044172,2
25,4,71.39981110044172,2
25,5,71.39981110044172,2
25,6,71.39981110044172,2
25,7,71.39981110044172,2
25,8,71.39981110044172,2
25,9,71.39981110044172,2
25,10,71.39981110044172,2
25,11,71.39981110044172,2
25,12,71.39981110044172,2
25,13,71.39981110044172,2
25,14,71.39981110044172,2
25,15,71.39981110044172,2
25,16,71.39981110044172,2
25,17,71.39981110044172,2
25,18,71.39981110044172,2
25,19,71.39981110044172,2
25,20,71.39981110044172,2
25,21,71.39981110044172,2
25,22,71.39981110044172,2
25,23,71.39981110044172,2
25,24,71.39981110044172,2
25,25,71.39981110044172,2
25,26,71.39981110044172,2
25,27,71.39981110044172,2
25,28,71.39981110044172,2
25,29,71.39981110044172,2
25,30,71.39981110044172,2
25,31,71.39981110044172,2
25,32,71.39981110044172,2
25,33,71.39981110044172,2
25,34,71.39981110044172,2
25,35,71.39981110044172,2
25,36,71.39981110044172,2
25,37,71.39981110044172,2
25,38,71.39981110044172,2
25,39,71.39981110044172,2
25,40,71.39981110044172,2
25,41,71.39981110044172,2
25,42,71.39981110044172,2
25,43,71.39981110044172,2
25,44,71.39981110044172,2
25,45,71.39981110044172,2
25,46,71.39981110044172,2
25,47,71.39981110044172,2
25,48,71.39981110044172,2
25,49,71.39981110044172,2
26,0,71.39981110044172,2
26,1,71.39981110044172,2
26,2,71.39981110044172,2
26,3,71.39981110044172,2
26,4,71.39981110044172,2
26,5,71.39981110044172,2
26,6,71.39981110044172,2
26,7,71.39981110044172,2
26,8,71.39981110044172,2
26,9,71.39981110044172,2
26,10,71.39981110044172,2
26,11,71.39981110044172,2
26,12,71.39981110044172,2
26,13,71.39981110044172,2
26,14,71.39981110044172,2
26,15,71.39981110044172,2
26,16,71.39981110044172,2
26,17,71.39981110044172,2
26,18,71.39981110044172,2
26,19,71.39981110044172,2
26,20,71.39981110044172,2
26,21,71.39981110044172,2
26,22,71.39981110044172,2
26,23,71.39981110044172,2
26,24,71.39981110044172,2
26,25,71.39981110044172,2
26,26,71.39981110044172,2
26,27,71.39981110044172,2
26,28,71.39981110044172,2
26,29,71.39981110044172,2
26,30,71.39981110044172,2
26,31,71.39981110044172,2
26,32,71.39981110044172,2
26,33,71.39981110044172,2
26,34,71.39981110044172,2
26,35,71.39981110044172,2
26,36,71.39981110044172,2
26,37,71.39981110044172,2
26,38,71.39981110044172,2
26,39,71.39981110044172,2
26,40,71.39981110044172,2
26,41,71.39981110044172,2
26,42,71.39981110044172,2
26,43,71.39981110044172,2
26,44,71.39981110044172,2
26,45,71.39981110044172,2
26,46,71.39981110044172,2
26,47,71.39981110044172,2
26,48,71.39981110044172,2
26,49,71.39981110044172,2
27,0,71.39981110044172,2
27,1,71.39981110044172,2
27,2,71.39981110044172,2
27,3,71.39981110044172,2
27,4,71.39981110044172,2
27,5,71.39981110044172,2
27,6,71.39981110044172,2
27,7,71.39981110044172,2
27,8,71.39981110044172,2
27,9,71.39981110044172,2
27,10,71.39981110044172,2
27,11,71.39981110044172,2
27,12,71.39981110044172,2
27,13,71.39981110044172,2
27,14,71.39981110044172,2
27,15,71.39981110044172,2
27,16,71.39981110044172,2
27,17,71.39981110044172,2
27,18,71.39981110044172,2
27,19,71.39981110044172,2
27,20,71.39981110044172,2
27,21,71.39981110044172,2
27,22,71.39981110044172,2
27,23,71.39981110044172,2
27,24,71.39981110044172,2
27,25,71.39981110044172,2
27,26,71.39981110044172,2
27,27,71.39981110044172,2
27,28,71.39981110044172,2
27,29,71.39981110044172,2
27,30,71.39981110044172,2
27,31,71.39981110044172,2
27,32,71.39981110044172,2
27,33,71.39981110044172,2
27,34,71.39981110044172,2
27,35,71.39981110044172,2
27,36,71.39981110044172,2
27,37,71.39981110044172,2
27,38,71.39981110044172,2
27,39,71.39981110044172,2
27,40,71.39981110044172,2
27,41,71.39981110044172,2
27,42,71.39981110044172,2
27,43,71.39981110044172,2
27,44,71.39981110044172,2
27,45,71.39981110044172,2
27,46,71.39981110044172,2
27,47,71.39981110044172,2
27,48,71.39981110044172,2
27,49,71.39981110044172,2
28,0,71.39981110044172,2
28,1,71.39981110044172,2
28,2,71.39981110044172,2
28,3,71.39981110044172,2
28,4,71.39981110044172,2
28,5,71.39981110044172,2
28,6,71.39981110044172,2
28,7,71.39981110044172,2
28,8,71.39981110044172,2
28,9,71.39981110044172,2
28,10,71.39981110044172,2
28,11,71.39981110044172,2
28,12,71.39981110044172,2
28,13,71.39981110044172,2
28,14,71.39981110044172,2
28,15,71.39981110044172,2
28,16,71.39981110044172,2
28,17,71.39981110044172,2
28,18,71.39981110044172,2
28,19,71.39981110044172,2
28,20,71.39981110044172,2
28,21,71.39981110044172,2
28,22,71.39981110044172,2
28,23,71.39981110044172,2
28,24,71.39981110044172,2
28,25,71.39981110044172,2
28,26,71.39981110044172,2
28,27,71.39981110044172,2
28,28,71.39981110044172,2
28,29,71.39981110044172,2
28,30,71.39981110044172,2
28,31,71.39981110044172,2
28,32,71.39981110044172,2
28,33,71.39981110044172,2
28,34,71.39981110044172,2
28,35,71.39981110044172,2
28,36,71.39981110044172,2
28,37,71.39981110044172,2
28,38,71.39981110044172,2
28,39,71.39981110044172,2
28,40,71.39981110044172,2
28,41,71.39981110044172,2
28,42,71.39981110044172,2
28,43,71.39981110044172,2
28,44,71.39981110044172,2
28,45,71.39981110044172,2
28,46,71.39981110044172,2
28,47,71.39981110044172,2
28,48,71.39981110044172,2
28,49,71.39981110044172,2
29,0,71.39981110044172,2
29,1,71.39981110044172,2
29,2,71.39981110044172,2
29,3,71.39981110044172,2
29,4,71.39981110044172,2
29,5,71.39981110044172,2
29,6,71.39981110044172,2
29,7,71.39981110044172,2
29,8,71.39981110044172,2
29,9,71.39981110044172,2
29,10,71.39981110044172,2
29,11,71.39981110044172,2
29,12,71.39981110044172,2
29,13,71.39981110044172,2
29,14,71.39981110044172,2
29,15,71.39981110044172,2
29,16,71.39981110044172,2
29,17,71.39981110044172,2
29,18,71.39981110044172,2
29,19,71.39981110044172,2
29,20,71.39981110044172,2
29,21,71.39981110044172,2
29,22,71.39981110044172,2
29,23,71.39981110044172,2
29,24,71.39981110044172,2
29,25,71.39981110044172,2
29,26,71.39981110044172,2
29,27,71.39981110044172,2
29,28,71.39981110044172,2
29,29,71.39981110044172,2
29,30,71.39981110044172,2
29,31,71.39981110044172,2
29,32,71.39981110044172,2
29,33,71.39981110044172,2
29,34,71.39981110044172,2
29,35,71.39981110044172,2
29,36,71.39981110044172,2
29,37,71.39981110044172,2
29,38,71.39981110044172,2
29,39,71.39981110044172,2
29,40,71.39981110044172,2
29,41,71.39981110044172,2
29,42,71.39981110044172,2
29,43,71.39981110044172,2
29,44,71.39981110044172,2
29,45,71.39981110044172,2
29,46,71.39981110044172,2
29,47,71.39981110044172,2
29,48,71.39981110044172,2
29,49,71.39981110044172,2
30,0,71.39981110044172,2
30,1,71.39981110044172,2
30,2,71.39981110044172,2
30,3,71.39981110044172,2
30,4,71.39981110044172,2
30,5,71.39981110044172,2
30,6,71.39981110044172,2
30,7,71.39981110044172,2
30,8,71.39981110044172,2
30,9,71.39981110044172,2
30,10,71.39981110044172,2
30,11,71.39981110044172,2
30,12,71.39981110044172,2
30,13,71.39981110044172,2
30,14,71.39981110044172,2
30,15,71.39981110044172,2
30,16,71.39981110044172,2
30,17,71.39981110044172,2
30,18,71.39981110044172,2
30,19,71.39981110044172,2
30,20,71.39981110044172,2
30,21,71.39981110044172,2
30,22,71.39981110044172,2
30,23,71.39981110044172,2
30,24,71.39981110044172,2
30,25,71.39981110044172,2
30,26,71.39981110044172,2
30,27,71.39981110044172,2
30,28,71.39981110044172,2
30,29,71.39981110044172,2
30,30,71.39981110044172,2
30,31,71.39981110044172,2
30,32,71.39981110044172,2
30,33,71.39981110044172,2
30,34,71.39981110044172,2
30,35,71.39981110044172,2
30,36,71.39981110044172,2
30,37,71.39981110044172,2
30,38,71.39981110044172,2
30,39,71.39981110044172,2
30,40,71.39981110044172,2
30,41,71.39981110044172,2
30,42,71.39981110044172,2
30,43,71.39981110044172,2
30,44,71.39981110044172,2
30,45,71.39981110044172,2
30,46,71.39981110044172,2
30,47,71.39981110044172,2
30,48,71.39981110044172,2
30,49,71.39981110044172,2
31,0,71.39981110044172,2
31,1,71.39981110044172,2
31,2,71.39981110044172,2
31,3,71.39981110044172,2
31,4,71.39981110044172,2
31,5,71.39981110044172,2
31,6,71.39981110044172,2
31,7,71.39981110044172,2
31,8,71.39981110044172,2
31,9,71.39981110044172,2
31,10,71.39981110044172,2
31,11,71.39981110044172,2
31,12,71.39981110044172,2
31,13,71.39981110044172,2
31,14,71.39981110044172,2
31,15,71.39981110044172,2
31,16,71.39981110044172,2
31,17,71.39981110044172,2
31,18,71.39981110044172,2
31,19,71.39981110044172,2
31,20,71.39981110044172,2
31,21,71.39981110044172,2
31,22,71.39981110044172,2
31,23,71.39981110044172,2
31,24,71.39981110044172,2
31,25,71.39981110044172,2
31,26,71.39981110044172,2
31,27,71.39981110044172,2
31,28,71.39981110044172,2
31,29,71.39981110044172,2
31,30,71.39981110044172,2
31,31,71.39981110044172,2
31,32,71.39981110044172,2
31,33,71.39981110044172,2
31,34,71.39981110044172,2
31,35,71.39981110044172,2
31,36,71.39981110044172,2
31,37,71.39981110044172,2
31,38,71.39981110044172,2
31,39,71.39981110044172,2
31,40,71.39981110044172,2
31,41,71.39981110044172,2
31,42,71.39981110044172,2
31,43,71.39981110044172,2
31,44,71.39981110044172,2
31,45,71.39981110044172,2
31,46,71.39981110044172,2
31,47,71.39981110044172,2
31,48,71.39981110044172,2
31,49,71.39981110044172,2
32,0,71.39981110044172,2
32,1,71.39981110044172,2
32,2,71.39981110044172,2
32,3,71.39981110044172,2
32,4,71.39981110044172,2
32,5,71.39981110044172,2
32,6,71.39981110044172,2
32,7,71.39981110044172,2
32,8,71.39981110044172,2
32,9,71.39981110044172,2
32,10,71.39981110044172,2
32,11,71.39981110044172,2
32,12,71.39981110044172,2
32,13,71.39981110044172,2
32,14,71.39981110044172,2
32,15,71.39981110044172,2
32,16,71.39981110044172,2
32,17,71.39981110044172,2
32,18,71.39981110044172,2
32,19,71.39981110044172,2
32,20,71.39981110044172,2
32,21,71.39981110044172,2
32,22,71.39981110044172,2
32,23,71.39981110044172,2
32,24,71.39981110044172,2
32,25,71.39981110044172,2
32,26,71.39981110044172,2
32,27,71.39981110044172,2
32,28,71.39981110044172,2
32,29,71.39981110044172,2
32,30,71.39981110044172,2
32,31,71.39981110044172,2
32,32,71.39981110044172,2
32,33,71.39981110044172,2
32,34,71.39981110044172,2
32,35,71.39981110044172,2
32,36,71.39981110044172,2
32,37,71.39981110044172,2
32,38,71.39981110044172,2
32,39,71.39981110044172,2
32,40,71.39981110044172,2
32,41,71.39981110044172,2
32,42,71.39981110044172,2
32,43,71.39981110044172,2
32,44,71.39981110044172,2
32,45,71.39981110044172,2
32,46,71.39981110044172,2
32,47,71.39981110044172,2
32,48,71.39981110044172,2
32,49,71.39981110044172,2
33,0,71.39981110044172,2
33,1,71.39981110044172,2
33,2,71.39981110044172,2
33,3,71.39981110044172,2
33,4,71.39981110044172,2
33,5,71.39981110044172,2
33,6,71.39981110044172,2
33,7,71.39981110044172,2
33,8,71.39981110044172,2
33,9,71.39981110044172,2
33,10,71.39981110044172,2
33,11,71.39981110044172,2
33,12,71.39981110044172,2
33,13,71.39981110044172,2
33,14,71.39981110044172,2
33,15,71.39981110044172,2
33,16,71.39981110044172,2
33,17,71.39981110044172,2
33,18,71.39981110044172,2
33,19,71.39981110044172,2
33,20,71.39981110044172,2
33,21,71.39981110044172,2
33,22,71.39981110044172,2
33,23,71.39981110044172,2
33,24,71.39981110044172,2
33,25,71.39981110044172,2
33,26,71.39981110044172,2
33,27,71.39981110044172,2
33,28,71.39981110044172,2
33,29,71.39981110044172,2
33,30,71.39981110044172,2
33,31,71.39981110044172,2
33,32,71.39981110044172,2
33,33,71.39981110044172,2
33,34,71.39981110044172,2
33,35,71.39981110044172,2
33,36,71.39981110044172,2
33,37,71.39981110044172,2
33,38,71.39981110044172,2
33,39,71.39981110044172,2
33,40,71.39981110044172,2
33,41,71.39981110044172,2
33,42,71.39981110044172,2
33,43,71.39981110044172,2
33,44,71.39981110044172,2
33,45,71.39981110044172,2
33,46,71.39981110044172,2
33,47,71.39981110044172,2
33,48,71.39981110044172,2
33,49,71.39981110044172,2
34,0,71.39981110044172,2
34,1,71.39981110044172,2
34,2,71.39981110044172,2
34,3,71.39981110044172,2
34,4,71.39981110044172,2
34,5,71.39981110044172,2
34,6,71.39981110044172,2
34,7,71.39981110044172,2
34,8,71.39981110044172,2
34,9,71.39981110044172,2
34,10,71.39981110044172,2
34,11,71.39981110044172,2
34,12,71.39981110044172,2
34,13,71.39981110044172,2
34,14,71.39981110044172,2
34,15,71.39981110044172,2
34,16,71.39981110044172,2
34,17,71.39981110044172,2
34,18,71.39981110044172,2
34,19,71.39981110044172,2
34,20,71.39981110044172,2
34,21,71.39981110044172,2
34,22,71.39981110044172,2
34,23,71.39981110044172,2
34,24,71.39981110044172,2
34,25,71.39981110044172,2
34,26,71.39981110044172,2
34,27,71.39981110044172,2
34,28,71.39981110044172,2
34,29,71.39981110044172,2
34,30,71.39981110044172,2
34,31,71.39981110044172,2
34,32,71.39981110044172,2
34,33,71.39981110044172,2
34,34,71.39981110044172,2
34,35,71.39981110044172,2
34,36,71.39981110044172,2
34,37,71.39981110044172,2
34,38,71.39981110044172,2
34,39,71.39981110044172,2
34,40,71.39981110044172,2
34,41,71.39981110044172,2
34,42,71.39981110044172,2
34,43,71.39981110044172,2
34,44,71.39981110044172,2
34,45,71.39981110044172,2
34,46,71.39981110044172,2
34,47,71.39981110044172,2
34,48,71.39981110044172,2
34,49,71.39981110044172,2
35,0,71.39981110044172,2
35,1,71.39981110044172,2
35,2,71.39981110044172,2
35,3,71.39981110044172,2
35,4,71.39981110044172,2
35,5,71.39981110044172,2
35,6,71.39981110044172,2
35,7,71.39981110044172,2
35,8,71.39981110044172,2
35,9,71.39981110044172,2
35,10,71.39981110044172,2
35,11,71.39981110044172,2
35,12,71.39981110044172,2
35,13,71.39981110044172,2
35,14,71.39981110044172,2
35,15,71.39981110044172,2
35,16,71.39981110044172,2
35,17,71.39981110044172,2
35,18,71.39981110044172,2
35,19,71.39981110044172,2
35,20,71.39981110044172,2
35,21,71.39981110044172,2
35,22,71.39981110044172,2
35,23,71.39981110044172,2
35,24,71.39981110044172,2
35,25,71.39981110044172,2
35,26,71.39981110044172,2
35,27,71.39981110044172,2
35,28,71.39981110044172,2
35,29,71.39981110044172,2
35,30,71.39981110044172,2
35,31,71.39981110044172,2
35,32,71.39981110044172,2
35,33,71.39981110044172,2
35,34,71.39981110044172,2
35,35,71.39981110044172,2
35,36,71.39981110044172,2
35,37,71.39981110044172,2
35,38,71.39981110044172,2
35,39,71.39981110044172,2
35,40,71.39981110044172,2
35,41,71.39981110044172,2
35,42,71.39981110044172,2
35,43,71.39981110044172,2
35,44,71.39981110044172,2
35,45,71.39981110044172,2
35,46,71.39981110044172,2
35,47,71.39981110044172,2
35,48,71.39981110044172,2
35,49,71.39981110044172,2
36,0,71.39981110044172,2
36,1,71.39981110044172,2
36,2,71.39981110044172,2
36,3,71.39981110044172,2
36,4,71.39981110044172,2
36,5,71.39981110044172,2
36,6,71.39981110044172,2
36,7,71.39981110044172,2
36,8,71.39981110044172,2
36,9,71.39981110044172,2
36,10,71.39981110044172,2
36,11,71.39981110044172,2
36,12,71.39981110044172,2
36,13,71.39981110044172,2
36,14,71.39981110044172,2
36,15,71.39981110044172,2
36,16,71.39981110044172,2
36,17,71.39981110044172,2
36,18,71.39981110044172,2
36,19,71.39981110044172,2
36,20,71.39981110044172,2
36,21,71.39981110044172,2
36,22,71.39981110044172,2
36,23,71.39981110044172,2
36,24,71.39981110044172,2
36,25,71.39981110044172,2
36,26,71.39981110044172,2
36,27,71.39981110044172,2
36,28,71.39981110044172,2
36,29,71.39981110044172,2
36,30,71.39981110044172,2
36,31,71.39981110044172,2
36,32,71.39981110044172,2
36,33,71.39981110044172,2
36,34,71.39981110044172,2
36,35,71.39981110044172,2
36,36,71.39981110044172,2
36,37,71.39981110044172,2
36,38,71.39981110044172,2
36,39,71.39981110044172,2
36,40,71.39981110044172,2
36,41,71.39981110044172,2
36,42,71.39981110044172,2
36,43,71.39981110044172,2
36,44,71.39981110044172,2
36,45,71.39981110044172,2
36,46,71.39981110044172,2
36,47,71.39981110044172,2
36,48,71.39981110044172,2
36,49,71.39981110044172,2
37,0,71.39981110044172,2
37,1,71.39981110044172,2
37,2,71.39981110044172,2
37,3,71.39981110044172,2
37,4,71.39981110044172,2
37,5,71.39981110044172,2
37,6,71.39981110044172,2
37,7,71.39981110044172,2
37,8,71.39981110044172,2
37,9,71.39981110044172,2
37,10,71.39981110044172,2
37,11,71.39981110044172,2
37,12,71.39981110044172,2
37,13,71.39981110044172,2
37,14,71.39981110044172,2
37,15,71.39981110044172,2
37,16,71.39981110044172,2
37,17,71.39981110044172,2
37,18,71.39981110044172,2
37,19,71.39981110044172,2
37,20,71.39981110044172,2
37,21,71.39981110044172,2
37,22,71.39981110044172,2
37,23,71.39981110044172,2
37,24,71.39981110044172,2
37,25,71.39981110044172,2
37,26,71.39981110044172,2
37,27,71.39981110044172,2
37,28,71.39981110044172,2
37,29,71.39981110044172,2
37,30,71.39981110044172,2
37,31,71.39981110044172,2
37,32,71.39981110044172,2
37,33,71.39981110044172,2
37,34,71.39981110044172,2
37,35,71.39981110044172,2
37,36,71.39981110044172,2
37,37,71.39981110044172,2
37,38,71.39981110044172,2
37,39,71.39981110044172,2
37,40,71.39981110044172,2
37,41,71.39981110044172,2
37,42,71.39981110044172,2
37,43,71.39981110044172,2
37,44,71.39981110044172,2
37,45,71.39981110044172,2
37,46,71.39981110044172,2
37,47,71.39981110044172,2
37,48,71.39981110044172,2
37,49,71.39981110044172,2
38,0,71.39981110044172,2
38,1,71.39981110044172,2
38,2,71.39981110044172,2
38,3,71.39981110044172,2
38,4,71.39981110044172,2
38,5,71.39981110044172,2
38,6,71.39981110044172,2
38,7,71.39981110044172,2
38,8,71.39981110044172,2
38,9,71.39981110044172,2
38,10,71.39981110044172,2
38,11,71.39981110044172,2
38,12,71.39981110044172,2
38,13,71.39981110044172,2
38,14,71.39981110044172,2
38,15,71.39981110044172,2
38,16,71.39981110044172,2
38,17,71.39981110044172,2
38,18,71.39981110044172,2
38,19,71.39981110044172,2
38,20,71.39981110044172,2
38,21,71.39981110044172,2
38,22,71.39981110044172,2
38,23,71.39981110044172,2
38,24,71.39981110044172,2
38,25,71.39981110044172,2
38,26,71.39981110044172,2
38,27,71.39981110044172,2
38,28,71.39981110044172,2
38,29,71.39981110044172,2
38,30,71.39981110044172,2
38,31,71.39981110044172,2
38,32,71.39981110044172,2
38,33,71.39981110044172,2
38,34,71.39981110044172,2
38,35,71.39981110044172,2
38,36,71.39981110044172,2
38,37,71.39981110044172,2
38,38,71.39981110044172,2
38,39,71.39981110044172,2
38,40,71.39981110044172,2
38,41,71.39981110044172,2
38,42,71.39981110044172,2
38,43,71.39981110044172,2
38,44,71.39981110044172,2
38,45,71.39981110044172,2
38,46,71.39981110044172,2
38,47,71.39981110044172,2
38,48,71.39981110044172,2
38,49,71.39981110044172,2
39,0,71.39981110044172,2
39,1,71.39981110044172,2
39,2,71.39981110044172,2
39,3,71.39981110044172,2
39,4,71.39981110044172,2
39,5,71.39981110044172,2
39,6,71.39981110044172,2
39,7,71.39981110044172,2
39,8,71.39981110044172,2
39,9,71.39981110044172,2
39,10,71.39981110044172,2
39,11,71.39981110044172,2
39,12,71.39981110044172,2
39,13,71.39981110044172,2
39,14,71.39981110044172,2
39,15,71.39981110044172,2
39,16,71.39981110044172,2
39,17,71.39981110044172,2
39,18,71.39981110044172,2
39,19,71.39981110044172,2
39,20,71.39981110044172,2
39,21,71.39981110044172,2
39,22,71.39981110044172,2
39,23,71.39981110044172,2
39,24,71.39981110044172,2
39,25,71.39981110044172,2
39,26,71.39981110044172,2
39,27,71.39981110044172,2
39,28,71.39981110044172,2
39,29,71.39981110044172,2
39,30,71.39981110044172,2
39,31,71.39981110044172,2
39,32,71.39981110044172,2
39,33,71.39981110044172,2
39,34,71.39981110044172,2
39,35,71.39981110044172,2
39,36,71.39981110044172,2
39,37,71.39981110044172,2
39,38,71.39981110044172,2
39,39,71.39981110044172,2
39,40,71.39981110044172,2
39,41,71.39981110044172,2
39,42,71.39981110044172,2
39,43,71.39981110044172,2
39,44,71.39981110044172,2
39,45,71.39981110044172,2
39,46,71.39981110044172,2
39,47,71.39981110044172,2
39,48,71.39981110044172,2
39,49,71.39981110044172,2
40,0,71.39981110044172,2
40,1,71.39981110044172,2
40,2,71.39981110044172,2
40,3,71.39981110044172,2
40,4,71.39981110044172,2
40,5,71.39981110044172,2
40,6,71.39981110044172,2
40,7,71.39981110044172,2
40,8,71.39981110044172,2
40,9,71.39981110044172,2
40,10,71.39981110044172,2
40,11,71.39981110044172,2
40,12,71.39981110044172,2
40,13,71.39981110044172,2
40,14,71.39981110044172,2
40,15,71.39981110044172,2
40,16,71.39981110044172,2
40,17,71.39981110044172,2
40,18,71.39981110044172,2
40,19,71.39981110044172,2
40,20,71.39981110044172,2
40,21,71.39981110044172,2
40,22,71.39981110044172,2
40,23,71.39981110044172,2
40,24,71.39981110044172,2
40,25,71.39981110044172,2
40,26,71.39981110044172,2
40,27,71.39981110044172,2
40,28,71.39981110044172,2
40,29,71.39981110044172,2
40,30,71.39981110044172,2
40,31,71.39981110044172,2
40,32,71.39981110044172,2
40,33,71.39981110044172,2
40,34,71.39981110044172,2
40,35,71.39981110044172,2
40,36,71.39981110044172,2
40,37,71.39981110044172,2
40,38,71.39981110044172,2
40,39,71.39981110044172,2
40,40,71.39981110044172,2
40,41,71.39981110044172,2
40,42,71.39981110044172,2
40,43,71.39981110044172,2
40,44,71.39981110044172,2
40,45,71.39981110044172,2
40,46,71.39981110044172,2
40,47,71.39981110044172,2
40,48,71.39981110044172,2
40,49,71.39981110044172,2
41,0,71.39981110044172,2
41,1,71.39981110044172,2
41,2,71.39981110044172,2
41,3,71.39981110044172,2
41,4,71.39981110044172,2
41,5,71.39981110044172,2
41,6,71.39981110044172,2
41,7,71.39981110044172,2
41,8,71.39981110044172,2
41,9,71.39981110044172,2
41,10,71.39981110044172,2
41,11,71.39981110044172,2
41,12,71.39981110044172,2
41,13,71.39981110044172,2
41,14,71.39981110044172,2
41,15,71.39981110044172,2
41,16,71.39981110044172,2
41,17,71.39981110044172,2
41,18,71.39981110044172,2
41,19,71.39981110044172,2
41,20,71.39981110044172,2
41,21,71.39981110044172,2
41,22,71.39981110044172,2
41,23,71.39981110044172,2
41,24,71.39981110044172,2
41,25,71.39981110044172,2
41,26,71.39981110044172,2
41,27,71.39981110044172,2
41,28,71.39981110044172,2
41,29,71.39981110044172,2
41,30,71.39981110044172,2
41,31,71.39981110044172,2
41,32,71.39981110044172,2
41,33,71.39981110044172,2
41,34,71.39981110044172,2
41,35,71.39981110044172,2
41,36,71.39981110044172,2
41,37,71.39981110044172,2
41,38,71.39981110044172,2
41,39,71.39981110044172,2
41,40,71.39981110044172,2
41,41,71.39981110044172,2
41,42,71.39981110044172,2
41,43,71.39981110044172,2
41,44,71.39981110044172,2
41,45,71.39981110044172,2
41,46,71.39981110044172,2
41,47,71.39981110044172,2
41,48,71.39981110044172,2
41,49,71.39981110044172,2
42,0,71.39981110044172,2
42,1,71.39981110044172,2
42,2,71.39981110044172,2
42,3,71.39981110044172,2
42,4,71.39981110044172,2
42,5,71.39981110044172,2
42,6,71.39981110044172,2
42,7,71.39981110044172,2
42,8,71.39981110044172,2
42,9,71.39981110044172,2
42,10,71.39981110044172,2
42,11,71.39981110044172,2
42,12,71.39981110044172,2
42,13,71.39981110044172,2
42,14,71.39981110044172,2
42,15,71.39981110044172,2
42,16,71.39981110044172,2
42,17,71.39981110044172,2
42,18,71.39981110044172,2
42,19,71.39981110044172,2
42,20,71.39981110044172,2
42,21,71.39981110044172,2
42,22,71.39981110044172,2
42,23,71.39981110044172,2
42,24,71.39981110044172,2
42,25,71.39981110044172,2
42,26,71.39981110044172,2
42,27,71.39981110044172,2
42,28,71.39981110044172,2
42,29,71.39981110044172,2
42,30,71.39981110044172,2
42,31,71.39981110044172,2
42,32,71.39981110044172,2
42,33,71.39981110044172,2
42,34,71.39981110044172,2
42,35,71.39981110044172,2
42,36,71.39981110044172,2
42,37,71.39981110044172,2
42,38,71.39981110044172,2
42,39,71.39981110044172,2
42,40,71.39981110044172,2
42,41,71.39981110044172,2
42,42,71.39981110044172,2
42,43,71.39981110044172,2
42,44,71.39981110044172,2
42,45,71.39981110044172,2
42,46,71.39981110044172,2
42,47,71.39981110044172,2
42,48,71.39981110044172,2
42,49,71.39981110044172,2
43,0,71.39981110044172,2
43,1,71.39981110044172,2
43,2,71.39981110044172,2
43,3,71.39981110044172,2
43,4,71.39981110044172,2
43,5,71.39981110044172,2
43,6,71.39981110044172,2
43,7,71.39981110044172,2
43,8,71.39981110044172,2
43,9,71.39981110044172,2
43,10,71.39981110044172,2
43,11,71.39981110044172,2
43,12,71.39981110044172,2
43,13,71.39981110044172,2
43,14,71.39981110044172,2
43,15,71.39981110044172,2
43,16,71.39981110044172,2
43,17,71.39981110044172,2
43,18,71.39981110044172,2
43,19,71.39981110044172,2
43,20,71.39981110044172,2
43,21,71.39981110044172,2
43,22,71.39981110044172,2
43,23,71.39981110044172,2
43,24,71.39981110044172,2
43,25,71.39981110044172,2
43,26,71.39981110044172,2
43,27,71.39981110044172,2
43,28,71.39981110044172,2
43,29,71.39981110044172,2
43,30,71.39981110044172,2
43,31,71.39981110044172,2
43,32,71.39981110044172,2
43,33,71.39981110044172,2
43,34,71.39981110044172,2
43,35,71.39981110044172,2
43,36,71.39981110044172,2
43,37,71.39981110044172,2
43,38,71.39981110044172,2
43,39,71.39981110044172,2
43,40,71.39981110044172,2
43,41,71.39981110044172,2
43,42,71.39981110044172,2
43,43,71.39981110044172,2
43,44,71.39981110044172,2
43,45,71.39981110044172,2
43,46,71.39981110044172,2
43,47,71.39981110044172,2
43,48,71.39981110044172,2
43,49,71.39981110044172,2
44,0,71.39981110044172,2
44,1,71.39981110044172,2
44,2,71.39981110044172,2
44,3,71.39981110044172,2
44,4,71.39981110044172,2
44,5,71.39981110044172,2
44,6,71.39981110044172,2
44,7,71.39981110044172,2
44,8,71.39981110044172,2
44,9,71.39981110044172,2
44,10,71.39981110044172,2
44,11,71.39981110044172,2
44,12,71.39981110044172,2
44,13,71.39981110044172,2
44,14,71.39981110044172,2
44,15,71.39981110044172,2
44,16,71.39981110044172,2
44,17,71.39981110044172,2
44,18,71.39981110044172,2
44,19,71.39981110044172,2
44,20,71.39981110044172,2
44,21,71.39981110044172,2
44,22,71.39981110044172,2
44,23,71.39981110044172,2
44,24,71.39981110044172,2
44,25,71.39981110044172,2
44,26,71.39981110044172,2
44,27,71.39981110044172,2
44,28,71.39981110044172,2
44,29,71.39981110044172,2
44,30,71.39981110044172,2
44,31,71.39981110044172,2
44,32,71.39981110044172,2
44,33,71.39981110044172,2
44,34,71.39981110044172,2
44,35,71.39981110044172,2
44,36,71.39981110044172,2
44,37,71.39981110044172,2
44,38,71.39981110044172,2
44,39,71.39981110044172,2
44,40,71.39981110044172,2
44,41,71.39981110044172,2
44,42,71.39981110044172,2
44,43,71.39981110044172,2
44,44,71.39981110044172,2
44,45,71.39981110044172,2
44,46,71.39981110044172,2
44,47,71.39981110044172,2
44,48,71.39981110044172,2
44,49,71.39981110044172,2
45,0,71.39981110044172,2
45,1,71.39981110044172,2
45,2,71.39981110044172,2
45,3,71.39981110044172,2
45,4,71.39981110044172,2
45,5,71.39981110044172,2
45,6,71.39981110044172,2
45,7,71.39981110044172,2
45,8,71.39981110044172,2
45,9,71.39981110044172,2
45,10,71.39981110044172,2
45,11,71.39981110044172,2
45,12,71.39981110044172,2
45,13,71.39981110044172,2
45,14,71.39981110044172,2
45,15,71.39981110044172,2
45,16,71.39981110044172,2
45,17,71.39981110044172,2
45,18,71.39981110044172,2
45,19,71.39981110044172,2
45,20,71.39981110044172,2
45,21,71.39981110044172,2
45,22,71.39981110044172,2
45,23,71.39981110044172,2
45,24,71.39981110044172,2
45,25,71.39981110044172,2
45,26,71.39981110044172,2
45,27,71.39981110044172,2
45,28,71.39981110044172,2
45,29,71.39981110044172,2
45,30,71.39981110044172,2
45,31,71.39981110044172,2
45,32,71.39981110044172,2
45,33,71.39981110044172,2
45,34,71.39981110044172,2
45,35,71.39981110044172,2
45,36,71.39981110044172,2
45,37,71.39981110044172,2
45,38,71.39981110044172,2
45,39,71.39981110044172,2
45,40,71.39981110044172,2
45,41,71.39981110044172,2
45,42,71.39981110044172,2
45,43,71.39981110044172,2
45,44,71.39981110044172,2
45,45,71.39981110044172,2
45,46,71.39981110044172,2
45,47,71.39981110044172,2
45,48,71.39981110044172,2
45,49,71.39981110044172,2
46,0,71.39981110044172,2
46,1,71.39981110044172,2
46,2,71.39981110044172,2
46,3,71.39981110044172,2
46,4,71.39981110044172,2
46,5,71.39981110044172,2
46,6,71.39981110044172,2
46,7,71.39981110044172,2
46,8,71.39981110044172,2
46,9,71.39981110044172,2
46,10,71.39981110044172,2
46,11,71.39981110044172,2
46,12,71.39981110044172,2
46,13,71.39981110044172,2
46,14,71.39981110044172,2
46,15,71.39981110044172,2
46,16,71.39981110044172,2
46,17,71.39981110044172,2
46,18,71.39981110044172,2
46,19,71.39981110044172,2
46,20,71.39981110044172,2
46,21,71.39981110044172,2
46,22,71.39981110044172,2
46,23,71.39981110044172,2
46,24,71.39981110044172,2
46,25,71.39981110044172,2
46,26,71.39981110044172,2
46,27,71.39981110044172,2
46,28,71.39981110044172,2
46,29,71.39981110044172,2
46,30,71.39981110044172,2
46,31,71.39981110044172,2
46,32,71.39981110044172,2
46,33,71.39981110044172,2
46,34,71.39981110044172,2
46,35,71.39981110044172,2
46,36,71.39981110044172,2
46,37,71.39981110044172,2
46,38,71.39981110044172,2
46,39,71.39981110044172,2
46,40,71.39981110044172,2
46,41,71.39981110044172,2
46,42,71.39981110044172,2
46,43,71.39981110044172,2
46,44,71.39981110044172,2
46,45,71.39981110044172,2
46,46,71.39981110044172,2
46,47,71.39981110044172,2
46,48,71.39981110044172,2
46,49,71.39981110044172,2
47,0,71.39981110044172,2
47,1,71.39981110044172,2
47,2,71.39981110044172,2
47,3,71.39981110044172,2
47,4,71.39981110044172,2
47,5,71.39981110044172,2
47,6,71.39981110044172,2
47,7,71.39981110044172,2
47,8,71.39981110044172,2
47,9,71.39981110044172,2
47,10,71.39981110044172,2
47,11,71.39981110044172,2
47,12,71.39981110044172,2
47,13,71.39981110044172,2
47,14,71.39981110044172,2
47,15,71.39981110044172,2
47,16,71.39981110044172,2
47,17,71.39981110044172,2
47,18,71.39981110044172,2
47,19,71.39981110044172,2
47,20,71.39981110044172,2
47,21,71.39981110044172,2
47,22,71.39981110044172,2
47,23,71.39981110044172,2
47,24,71.39981110044172,2
47,25,71.39981110044172,2
47,26,71.39981110044172,2
47,27,71.39981110044172,2
47,28,71.39981110044172,2
47,29,71.39981110044172,2
47,30,71.39981110044172,2
47,31,71.39981110044172,2
47,32,71.39981110044172,2
47,33,71.39981110044172,2
47,34,71.39981110044172,2
47,35,71.39981110044172,2
47,36,71.39981110044172,2
47,37,71.39981110044172,2
47,38,71.39981110044172,2
47,39,71.39981110044172,2
47,40,71.39981110044172,2
47,41,71.39981110044172,2
47,42,71.39981110044172,2
47,43,71.39981110044172,2
47,44,71.39981110044172,2
47,45,71.39981110044172,2
47,46,71.39981110044172,2
47,47,71.39981110044172,2
47,48,71.39981110044172,2
47,49,71.39981110044172,2
48,0,71.39981110044172,2
48,1,71.39981110044172,2
48,2,71.39981110044172,2
48,3,71.39981110044172,2
48,4,71.39981110044172,2
48,5,71.39981110044172,2
48,6,71.39981110044172,2
48,7,71.39981110044172,2
48,8,71.39981110044172,2
48,9,71.39981110044172,2
48,10,71.39981110044172,2
48,11,71.39981110044172,2
48,12,71.39981110044172,2
48,13,71.39981110044172,2
48,14,71.39981110044172,2
48,15,71.39981110044172,2
48,16,71.39981110044172,2
48,17,71.39981110044172,2
48,18,71.39981110044172,2
48,19,71.39981110044172,2
48,20,71.39981110044172,2
48,21,71.39981110044172,2
48,22,71.39981110044172,2
48,23,71.39981110044172,2
48,24,71.39981110044172,2
48,25,71.39981110044172,2
48,26,71.39981110044172,2
48,27,71.39981110044172,2
48,28,71.39981110044172,2
48,29,71.39981110044172,2
48,30,71.39981110044172,2
48,31,71.39981110044172,2
48,32,71.39981110044172,2
48,33,71.39981110044172,2
48,34,71.39981110044172,2
48,35,71.39981110044172,2
48,36,71.39981110044172,2
48,37,71.39981110044172,2
48,38,71.39981110044172,2
48,39,71.39981110044172,2
48,40,71.39981110044172,2
48,41,71.39981110044172,2
48,42,71.39981110044172,2
48,43,71.39981110044172,2
48,44,71.39981110044172,2
48,45,71.39981110044172,2
48,46,71.39981110044172,2
48,47,71.39981110044172,2
48,48,71.39981110044172,2
48,49,71.39981110044172,2
49,0,71.39981110044172,2
49,1,71.39981110044172,2
49,2,71.39981110044172,2
49,3,71.39981110044172,2
49,4,71.39981110044172,2
49,5,71.39981110044172,2
49,6,71.39981110044172,2
49,7,71.39981110044172,2
49,8,71.39981110044172,2
49,9,71.39981110044172,2
49,10,71.39981110044172,2
49,11,71.39981110044172,2
49,12,71.39981110044172,2
49,13,71.39981110044172,2
49,14,71.39981110044172,2
49,15,71.39981110044172,2
49,16,71.39981110044172,2
49,17,71.39981110044172,2
49,18,71.39981110044172,2
49,19,71.39981110044172,2
49,20,71.39981110044172,2
49,21,71.39981110044172,2
49,22,71.39981110044172,2
49,23,71.39981110044172,2
49,24,71.39981110044172,2
49,25,71.39981110044172,2
49,26,71.39981110044172,2
49,27,71.39981110044172,2
49,28,71.39981110044172,2
49,29,71.39981110044172,2
49,30,71.39981110044172,2
49,31,71.39981110044172,2
49,32,71.39981110044172,2
49,33,71.39981110044172,2
49,34,71.39981110044172,2
49,35,71.39981110044172,2
49,36,71.39981110044172,2
49,37,71.39981110044172,2
49,38,71.39981110044172,2
49,39,71.39981110044172,2
49,40,71.39981110044172,2
49,41,71.39981110044172,2
49,42,71.39981110044172,2
49,43,71.39981110044172,2
49,44,71.39981110044172,2
49,45,71.39981110044172,2
49,46,71.39981110044172,2
49,47,71.39981110044172,2
49,48,71.39981110044172,2
49,49,71.39981110044172,2
50,0,71.39981110044172,2
50,1,71.39981110044172,2
50,2,71.39981110044172,2
50,3,71.39981110044172,2
50,4,71.39981110044172,2
50,5,71.39981110044172,2
50,6,71.39981110044172,2
50,7,71.39981110044172,2
50,8,71.39981110044172,2
50,9,71.39981110044172,2
50,10,71.39981110044172,2
50,11,71.39981110044172,2
50,12,71.39981110044172,2
50,13,71.39981110044172,2
50,14,71.39981110044172,2
50,15,71.39981110044172,2
50,16,71.39981110044172,2
50,17,71.39981110044172,2
50,18,71.39981110044172,2
50,19,71.39981110044172,2
50,20,71.39981110044172,2
50,21,71.39981110044172,2
50,22,71.39981110044172,2
50,23,71.39981110044172,2
50,24,71.39981110044172,2
50,25,71.39981110044172,2
50,26,71.39981110044172,2
50,27,71.39981110044172,2
50,28,71.39981110044172,2
50,29,71.39981110044172,2
50,30,71.39981110044172,2
50,31,71.39981110044172,2
50,32,71.39981110044172,2
50,33,71.39981110044172,2
50,34,71.39981110044172,2
50,35,71.39981110044172,2
50,36,71.39981110044172,2
50,37,71.39981110044172,2
50,38,71.39981110044172,2
50,39,71.39981110044172,2
50,40,71.39981110044172,2
50,41,71.39981110044172,2
50,42,71.39981110044172,2
50,43,71.39981110044172,2
50,44,71.39981110044172,2
50,45,71.39981110044172,2
50,46,71.39981110044172,2
50,47,71.39981110044172,2
50,48,71.39981110044172,2
50,49,71.39981110044172,2
51,0,71.39981110044172,2
51,1,71.39981110044172,2
51,2,71.39981110044172,2
51,3,71.39981110044172,2
51,4,71.39981110044172,2
51,5,71.39981110044172,2
51,6,71.39981110044172,2
51,7,71.39981110044172,2
51,8,71.39981110044172,2
51,9,71.39981110044172,2
51,10,71.39981110044172,2
51,11,71.39981110044172,2
51,12,71.39981110044172,2
51,13,71.39981110044172,2
51,14,71.39981110044172,2
51,15,71.39981110044172,2
51,16,71.39981110044172,2
51,17,71.39981110044172,2
51,18,71.39981110044172,2
51,19,71.39981110044172,2
51,20,71.39981110044172,2
51,21,71.39981110044172,2
51,22,71.39981110044172,2
51,23,71.39981110044172,2
51,24,71.39981110044172,2
51,25,71.39981110044172,2
51,26,71.39981110044172,2
51,27,71.39981110044172,2
51,28,71.39981110044172,2
51,29,71.39981110044172,2
51,30,71.39981110044172,2
51,31,71.39981110044172,2
51,32,71.39981110044172,2
51,33,71.39981110044172,2
51,34,71.39981110044172,2
51,35,71.39981110044172,2
51,36,71.39981110044172,2
51,37,71.39981110044172,2
51,38,71.39981110044172,2
51,39,71.39981110044172,2
51,40,71.39981110044172,2
51,41,71.39981110044172,2
51,42,71.39981110044172,2
51,43,71.39981110044172,2
51,44,71.39981110044172,2
51,45,71.39981110044172,2
51,46,71.39981110044172,2
51,47,71.39981110044172,2
51,48,71.39981110044172,2
51,49,71.39981110044172,2
52,0,71.39981110044172,2
52,1,71.39981110044172,2
52,2,71.39981110044172,2
52,3,71.39981110044172,2
52,4,71.39981110044172,2
52,5,71.39981110044172,2
52,6,71.39981110044172,2
52,7,71.39981110044172,2
52,8,71.39981110044172,2
52,9,71.39981110044172,2
52,10,71.39981110044172,2
52,11,71.39981110044172,2
52,12,71.39981110044172,2
52,13,71.39981110044172,2
52,14,71.39981110044172,2
52,15,71.39981110044172,2
52,16,71.39981110044172,2
52,17,71.39981110044172,2
52,18,71.39981110044172,2
52,19,71.39981110044172,2
52,20,71.39981110044172,2
52,21,71.39981110044172,2
52,22,71.39981110044172,2
52,23,71.39981110044172,2
52,24,71.39981110044172,2
52,25,71.39981110044172,2
52,26,71.39981110044172,2
52,27,71.39981110044172,2
52,28,71.39981110044172,2
52,29,71.39981110044172,2
52,30,71.39981110044172,2
52,31,71.39981110044172,2
52,32,71.39981110044172,2
52,33,71.39981110044172,2
52,34,71.39981110044172,2
52,35,71.39981110044172,2
52,36,71.39981110044172,2
52,37,71.39981110044172,2
52,38,71.39981110044172,2
52,39,71.39981110044172,2
52,40,71.39981110044172,2
52,41,71.39981110044172,2
52,42,71.39981110044172,2
52,43,71.39981110044172,2
52,44,71.39981110044172,2
52,45,71.39981110044172,2
52,46,71.39981110044172,2
52,47,71.39981110044172,2
52,48,71.39981110044172,2
52,49,71.39981110044172,2
53,0,71.39981110044172,2
53,1,71.39981110044172,2
53,2,71.39981110044172,2
53,3,71.39981110044172,2
53,4,71.39981110044172,2
53,5,71.39981110044172,2
53,6,71.39981110044172,2
53,7,71.39981110044172,2
53,8,71.39981110044172,2
53,9,71.39981110044172,2
53,10,71.39981110044172,2
53,11,71.39981110044172,2
53,12,71.39981110044172,2
53,13,71.39981110044172,2
53,14,71.39981110044172,2
53,15,71.39981110044172,2
53,16,71.39981110044172,2
53,17,71.39981110044172,2
53,18,71.39981110044172,2
53,19,71.39981110044172,2
53,20,71.39981110044172,2
53,21,71.39981110044172,2
53,22,71.39981110044172,2
53,23,71.39981110044172,2
53,24,71.39981110044172,2
53,25,71.39981110044172,2
53,26,71.39981110044172,2
53,27,71.39981110044172,2
53,28,71.39981110044172,2
53,29,71.39981110044172,2
53,30,71.39981110044172,2
53,31,71.39981110044172,2
53,32,71.39981110044172,2
53,33,71.39981110044172,2
53,34,71.39981110044172,2
53,35,71.39981110044172,2
53,36,71.39981110044172,2
53,37,71.39981110044172,2
53,38,71.39981110044172,2
53,39,71.39981110044172,2
53,40,71.39981110044172,2
53,41,71.39981110044172,2
53,42,71.39981110044172,2
53,43,71.39981110044172,2
53,44,71.39981110044172,2
53,45,71.39981110044172,2
53,46,71.39981110044172,2
53,47,71.39981110044172,2
53,48,71.39981110044172,2
53,49,71.39981110044172,2
54,0,71.39981110044172,2
54,1,71.39981110044172,2
54,2,71.39981110044172,2
54,3,71.39981110044172,2
54,4,71.39981110044172,2
54,5,71.39981110044172,2
54,6,71.39981110044172,2
54,7,71.39981110044172,2
54,8,71.39981110044172,2
54,9,71.39981110044172,2
54,10,71.39981110044172,2
54,11,71.39981110044172,2
54,12,71.39981110044172,2
54,13,71.39981110044172,2
54,14,71.39981110044172,2
54,15,71.39981110044172,2
54,16,71.39981110044172,2
54,17,71.39981110044172,2
54,18,71.39981110044172,2
54,19,71.39981110044172,2
54,20,71.39981110044172,2
54,21,71.39981110044172,2
54,22,71.39981110044172,2
54,23,71.39981110044172,2
54,24,71.39981110044172,2
54,25,71.39981110044172,2
54,26,71.39981110044172,2
54,27,71.39981110044172,2
54,28,71.39981110044172,2
54,29,71.39981110044172,2
54,30,71.39981110044172,2
54,31,71.39981110044172,2
54,32,71.39981110044172,2
54,33,71.39981110044172,2
54,34,71.39981110044172,2
54,35,71.39981110044172,2
54,36,71.39981110044172,2
54,37,71.39981110044172,2
54,38,71.39981110044172,2
54,39,71.39981110044172,2
54,40,71.39981110044172,2
54,41,71.39981110044172,2
54,42,71.39981110044172,2
54,43,71.39981110044172,2
54,44,71.39981110044172,2
54,45,71.39981110044172,2
54,46,71.39981110044172,2
54,47,71.39981110044172,2
54,48,71.39981110044172,2
54,49,71.39981110044172,2
55,0,71.39981110044172,2
55,1,71.39981110044172,2
55,2,71.39981110044172,2
55,3,71.39981110044172,2
55,4,71.39981110044172,2
55,5,71.39981110044172,2
55,6,71.39981110044172,2
55,7,71.39981110044172,2
55,8,71.39981110044172,2
55,9,71.39981110044172,2
55,10,71.39981110044172,2
55,11,71.39981110044172,2
55,12,71.39981110044172,2
55,13,71.39981110044172,2
55,14,71.39981110044172,2
55,15,71.39981110044172,2
55,16,71.39981110044172,2
55,17,71.39981110044172,2
55,18,71.39981110044172,2
55,19,71.39981110044172,2
55,20,71.39981110044172,2
55,21,71.39981110044172,2
55,22,71.39981110044172,2
55,23,71.39981110044172,2
55,24,71.39981110044172,2
55,25,71.39981110044172,2
55,26,71.39981110044172,2
55,27,71.39981110044172,2
55,28,71.39981110044172,2
55,29,71.39981110044172,2
55,30,71.39981110044172,2
55,31,71.39981110044172,2
55,32,71.39981110044172,2
55,33,71.39981110044172,2
55,34,71.39981110044172,2
55,35,71.39981110044172,2
55,36,71.39981110044172,2
55,37,71.39981110044172,2
55,38,71.39981110044172,2
55,39,71.39981110044172,2
55,40,71.39981110044172,2
55,41,71.39981110044172,2
55,42,71.39981110044172,2
55,43,71.39981110044172,2
55,44,71.39981110044172,2
55,45,71.39981110044172,2
55,46,71.39981110044172,2
55,47,71.39981110044172,2
55,48,71.39981110044172,2
55,49,71.39981110044172,2
56,0,71.39981110044172,2
56,1,71.39981110044172,2
56,2,71.39981110044172,2
56,3,71.39981110044172,2
56,4,71.39981110044172,2
56,5,71.39981110044172,2
56,6,71.39981110044172,2
56,7,71.39981110044172,2
56,8,71.39981110044172,2
56,9,71.39981110044172,2
56,10,71.39981110044172,2
56,11,71.39981110044172,2
56,12,71.39981110044172,2
56,13,71.39981110044172,2
56,14,71.39981110044172,2
56,15,71.39981110044172,2
56,16,71.39981110044172,2
56,17,71.39981110044172,2
56,18,71.39981110044172,2
56,19,71.39981110044172,2
56,20,71.39981110044172,2
56,21,71.39981110044172,2
56,22,71.39981110044172,2
56,23,71.39981110044172,2
56,24,71.39981110044172,2
56,25,71.39981110044172,2
56,26,71.39981110044172,2
56,27,71.39981110044172,2
56,28,71.39981110044172,2
56,29,71.39981110044172,2
56,30,71.39981110044172,2
56,31,71.39981110044172,2
56,32,71.39981110044172,2
56,33,71.39981110044172,2
56,34,71.39981110044172,2
56,35,71.39981110044172,2
56,36,71.39981110044172,2
56,37,71.39981110044172,2
56,38,71.39981110044172,2
56,39,71.39981110044172,2
56,40,71.39981110044172,2
56,41,71.39981110044172,2
56,42,71.39981110044172,2
56,43,71.39981110044172,2
56,44,71.39981110044172,2
56,45,71.39981110044172,2
56,46,71.39981110044172,2
56,47,71.39981110044172,2
56,48,71.39981110044172,2
56,49,71.39981110044172,2
57,0,71.39981110044172,2
57,1,71.39981110044172,2
57,2,71.39981110044172,2
57,3,71.39981110044172,2
57,4,71.39981110044172,2
57,5,71.39981110044172,2
57,6,71.39981110044172,2
57,7,71.39981110044172,2
57,8,71.39981110044172,2
57,9,71.39981110044172,2
57,10,71.39981110044172,2
57,11,71.39981110044172,2
57,12,71.39981110044172,2
57,13,71.39981110044172,2
57,14,71.39981110044172,2
57,15,71.39981110044172,2
57,16,71.39981110044172,2
57,17,71.39981110044172,2
57,18,71.39981110044172,2
57,19,71.39981110044172,2
57,20,71.39981110044172,2
57,21,71.39981110044172,2
57,22,71.39981110044172,2
57,23,71.39981110044172,2
57,24,71.39981110044172,2
57,25,71.39981110044172,2
57,26,71.39981110044172,2
57,27,71.39981110044172,2
57,28,71.39981110044172,2
57,29,71.39981110044172,2
57,30,71.39981110044172,2
57,31,71.39981110044172,2
57,32,71.39981110044172,2
57,33,71.39981110044172,2
57,34,71.39981110044172,2
57,35,71.39981110044172,2
57,36,71.39981110044172,2
57,37,71.39981110044172,2
57,38,71.39981110044172,2
57,39,71.39981110044172,2
57,40,71.39981110044172,2
57,41,71.39981110044172,2
57,42,71.39981110044172,2
57,43,71.39981110044172,2
57,44,71.39981110044172,2
57,45,71.39981110044172,2
57,46,71.39981110044172,2
57,47,71.39981110044172,2
57,48,71.39981110044172,2
57,49,71.39981110044172,2
58,0,71.39981110044172,2
58,1,71.39981110044172,2
58,2,71.39981110044172,2
58,3,71.39981110044172,2
58,4,71.39981110044172,2
58,5,71.39981110044172,2
58,6,71.39981110044172,2
58,7,71.39981110044172,2
58,8,71.39981110044172,2
58,9,71.39981110044172,2
58,10,71.39981110044172,2
58,11,71.39981110044172,2
58,12,71.39981110044172,2
58,13,71.39981110044172,2
58,14,71.39981110044172,2
58,15,71.39981110044172,2
58,16,71.39981110044172,2
58,17,71.39981110044172,2
58,18,71.39981110044172,2
58,19,71.39981110044172,2
58,20,71.39981110044172,2
58,21,71.39981110044172,2
58,22,71.39981110044172,2
58,23,71.39981110044172,2
58,24,71.39981110044172,2
58,25,71.39981110044172,2
58,26,71.39981110044172,2
58,27,71.39981110044172,2
58,28,71.39981110044172,2
58,29,71.39981110044172,2
58,30,71.39981110044172,2
58,31,71.39981110044172,2
58,32,71.39981110044172,2
58,33,71.39981110044172,2
58,34,71.39981110044172,2
58,35,71.39981110044172,2
58,36,71.39981110044172,2
58,37,71.39981110044172,2
58,38,71.39981110044172,2
58,39,71.39981110044172,2
58,40,71.39981110044172,2
58,41,71.39981110044172,2
58,42,71.39981110044172,2
58,43,71.39981110044172,2
58,44,71.39981110044172,2
58,45,71.39981110044172,2
58,46,71.39981110044172,2
58,47,71.39981110044172,2
58,48,71.39981110044172,2
58,49,71.39981110044172,2
59,0,71.39981110044172,2
59,1,71.39981110044172,2
59,2,71.39981110044172,2
59,3,71.39981110044172,2
59,4,71.39981110044172,2
59,5,71.39981110044172,2
59,6,71.39981110044172,2
59,7,71.39981110044172,2
59,8,71.39981110044172,2
59,9,71.39981110044172,2
59,10,71.39981110044172,2
59,11,71.39981110044172,2
59,12,71.39981110044172,2
59,13,71.39981110044172,2
59,14,71.39981110044172,2
59,15,71.39981110044172,2
59,16,71.39981110044172,2
59,17,71.39981110044172,2
59,18,71.39981110044172,2
59,19,71.39981110044172,2
59,20,71.39981110044172,2
59,21,71.39981110044172,2
59,22,71.39981110044172,2
59,23,71.39981110044172,2
59,24,71.39981110044172,2
59,25,71.39981110044172,2
59,26,71.39981110044172,2
59,27,71.39981110044172,2
59,28,71.39981110044172,2
59,29,71.39981110044172,2
59,30,71.39981110044172,2
59,31,71.39981110044172,2
59,32,71.39981110044172,2
59,33,71.39981110044172,2
59,34,71.39981110044172,2
59,35,71.39981110044172,2
59,36,71.39981110044172,2
59,37,71.39981110044172,2
59,38,71.39981110044172,2
59,39,71.39981110044172,2
59,40,71.39981110044172,2
59,41,71.39981110044172,2
59,42,71.39981110044172,2
59,43,71.39981110044172,2
59,44,71.39981110044172,2
59,45,71.39981110044172,2
59,46,71.39981110044172,2
59,47,71.39981110044172,2
59,48,71.39981110044172,2
59,49,71.39981110044172,2
60,0,71.39981110044172,2
60,1,71.39981110044172,2
60,2,71.39981110044172,2
60,3,71.39981110044172,2
60,4,71.39981110044172,2
60,5,71.39981110044172,2
60,6,71.39981110044172,2
60,7,71.39981110044172,2
60,8,71.39981110044172,2
60,9,71.39981110044172,2
60,10,71.39981110044172,2
60,11,71.39981110044172,2
60,12,71.39981110044172,2
60,13,71.39981110044172,2
60,14,71.39981110044172,2
60,15,71.39981110044172,2
60,16,71.39981110044172,2
60,17,71.39981110044172,2
60,18,71.39981110044172,2
60,19,71.39981110044172,2
60,20,71.39981110044172,2
60,21,71.39981110044172,2
60,22,71.39981110044172,2
60,23,71.39981110044172,2
60,24,71.39981110044172,2
60,25,71.39981110044172,2
60,26,71.39981110044172,2
60,27,71.39981110044172,2
60,28,71.39981110044172,2
60,29,71.39981110044172,2
60,30,71.39981110044172,2
60,31,71.39981110044172,2
60,32,71.39981110044172,2
60,33,71.39981110044172,2
60,34,71.39981110044172,2
60,35,71.39981110044172,2
60,36,71.39981110044172,2
60,37,71.39981110044172,2
60,38,71.39981110044172,2
60,39,71.39981110044172,2
60,40,71.39981110044172,2
60,41,71.39981110044172,2
60,42,71.39981110044172,2
60,43,71.39981110044172,2
60,44,71.39981110044172,2
60,45,71.39981110044172,2
60,46,71.39981110044172,2
60,47,71.39981110044172,2
60,48,71.39981110044172,2
60,49,71.39981110044172,2
61,0,71.39981110044172,2
61,1,71.39981110044172,2
61,2,71.39981110044172,2
61,3,71.39981110044172,2
61,4,71.39981110044172,2
61,5,71.39981110044172,2
61,6,71.39981110044172,2
61,7,71.39981110044172,2
61,8,71.39981110044172,2
61,9,71.39981110044172,2
61,10,71.39981110044172,2
61,11,71.39981110044172,2
61,12,71.39981110044172,2
61,13,71.39981110044172,2
61,14,71.39981110044172,2
61,15,71.39981110044172,2
61,16,71.39981110044172,2
61,17,71.39981110044172,2
61,18,71.39981110044172,2
61,19,71.39981110044172,2
61,20,71.39981110044172,2
61,21,71.39981110044172,2
61,22,71.39981110044172,2
61,23,71.39981110044172,2
61,24,71.39981110044172,2
61,25,71.39981110044172,2
61,26,71.39981110044172,2
61,27,71.39981110044172,2
61,28,71.39981110044172,2
61,29,71.39981110044172,2
61,30,71.39981110044172,2
61,31,71.39981110044172,2
61,32,71.39981110044172,2
61,33,71.39981110044172,2
61,34,71.39981110044172,2
61,35,71.39981110044172,2
61,36,71.39981110044172,2
61,37,71.39981110044172,2
61,38,71.39981110044172,2
61,39,71.39981110044172,2
61,40,71.39981110044172,2
61,41,71.39981110044172,2
61,42,71.39981110044172,2
61,43,71.39981110044172,2
61,44,71.39981110044172,2
61,45,71.39981110044172,2
61,46,71.39981110044172,2
61,47,71.39981110044172,2
61,48,71.39981110044172,2
61,49,71.39981110044172,2
62,0,71.39981110044172,2
62,1,71.39981110044172,2
62,2,71.39981110044172,2
62,3,71.39981110044172,2
62,4,71.39981110044172,2
62,5,71.39981110044172,2
62,6,71.39981110044172,2
62,7,71.39981110044172,2
62,8,71.39981110044172,2
62,9,71.39981110044172,2
62,10,71.39981110044172,2
62,11,71.39981110044172,2
62,12,71.39981110044172,2
62,13,71.39981110044172,2
62,14,71.39981110044172,2
62,15,71.39981110044172,2
62,16,71.39981110044172,2
62,17,71.39981110044172,2
62,18,71.39981110044172,2
62,19,71.39981110044172,2
62,20,71.39981110044172,2
62,21,71.39981110044172,2
62,22,71.39981110044172,2
62,23,71.39981110044172,2
62,24,71.39981110044172,2
62,25,71.39981110044172,2
62,26,71.39981110044172,2
62,27,71.39981110044172,2
62,28,71.39981110044172,2
62,29,71.39981110044172,2
62,30,71.39981110044172,2
62,31,71.39981110044172,2
62,32,71.39981110044172,2
62,33,71.39981110044172,2
62,34,71.39981110044172,2
62,35,71.39981110044172,2
62,36,71.39981110044172,2
62,37,71.39981110044172,2
62,38,71.39981110044172,2
62,39,71.39981110044172,2
62,40,71.39981110044172,2
62,41,71.39981110044172,2
62,42,71.39981110044172,2
62,43,71.39981110044172,2
62,44,71.39981110044172,2
62,45,71.39981110044172,2
62,46,71.39981110044172,2
62,47,71.39981110044172,2
62,48,71.39981110044172,2
62,49,71.39981110044172,2
63,0,71.39981110044172,2
63,1,71.39981110044172,2
63,2,71.39981110044172,2
63,3,71.39981110044172,2
63,4,71.39981110044172,2
63,5,71.39981110044172,2
63,6,71.39981110044172,2
63,7,71.39981110044172,2
63,8,71.39981110044172,2
63,9,71.39981110044172,2
63,10,71.39981110044172,2
63,11,71.39981110044172,2
63,12,71.39981110044172,2
63,13,71.39981110044172,2
63,14,71.39981110044172,2
63,15,71.39981110044172,2
63,16,71.39981110044172,2
63,17,71.39981110044172,2
63,18,71.39981110044172,2
63,19,71.39981110044172,2
63,20,71.39981110044172,2
63,21,71.39981110044172,2
63,22,71.39981110044172,2
63,23,71.39981110044172,2
63,24,71.39981110044172,2
63,25,71.39981110044172,2
63,26,71.39981110044172,2
63,27,71.39981110044172,2
63,28,71.39981110044172,2
63,29,71.39981110044172,2
63,30,71.39981110044172,2
63,31,71.39981110044172,2
63,32,71.39981110044172,2
63,33,71.39981110044172,2
63,34,71.39981110044172,2
63,35,71.39981110044172,2
63,36,71.39981110044172,2
63,37,71.39981110044172,2
63,38,71.39981110044172,2
63,39,71.39981110044172,2
63,40,71.39981110044172,2
63,41,71.39981110044172,2
63,42,71.39981110044172,2
63,43,71.39981110044172,2
63,44,71.39981110044172,2
63,45,71.39981110044172,2
63,46,71.39981110044172,2
63,47,71.39981110044172,2
63,48,71.39981110044172,2
63,49,71.39981110044172,2
64,0,71.39981110044172,2
64,1,71.39981110044172,2
64,2,71.39981110044172,2
64,3,71.39981110044172,2
64,4,71.39981110044172,2
64,5,71.39981110044172,2
64,6,71.39981110044172,2
64,7,71.39981110044172,2
64,8,71.39981110044172,2
64,9,71.39981110044172,2
64,10,71.39981110044172,2
64,11,71.39981110044172,2
64,12,71.39981110044172,2
64,13,71.39981110044172,2
64,14,71.39981110044172,2
64,15,71.39981110044172,2
64,16,71.39981110044172,2
64,17,71.39981110044172,2
64,18,71.39981110044172,2
64,19,71.39981110044172,2
64,20,71.39981110044172,2
64,21,71.39981110044172,2
64,22,71.39981110044172,2
64,23,71.39981110044172,2
64,24,71.39981110044172,2
64,25,71.39981110044172,2
64,26,71.39981110044172,2
64,27,71.39981110044172,2
64,28,71.39981110044172,2
64,29,71.39981110044172,2
64,30,71.39981110044172,2
64,31,71.39981110044172,2
64,32,71.39981110044172,2
64,33,71.39981110044172,2
64,34,71.39981110044172,2
64,35,71.39981110044172,2
64,36,71.39981110044172,2
64,37,71.39981110044172,2
64,38,71.39981110044172,2
64,39,71.39981110044172,2
64,40,71.39981110044172,2
64,41,71.39981110044172,2
64,42,71.39981110044172,2
64,43,71.39981110044172,2
64,44,71.39981110044172,2
64,45,71.39981110044172,2
64,46,71.39981110044172,2
64,47,71.39981110044172,2
64,48,71.39981110044172,2
64,49,71.39981110044172,2
65,0,71.39981110044172,2
65,1,71.39981110044172,2
65,2,71.39981110044172,2
65,3,71.39981110044172,2
65,4,71.39981110044172,2
65,5,71.39981110044172,2
65,6,71.39981110044172,2
65,7,71.39981110044172,2
65,8,71.39981110044172,2
65,9,71.39981110044172,2
65,10,71.39981110044172,2
65,11,71.39981110044172,2
65,12,71.39981110044172,2
65,13,71.39981110044172,2
65,14,71.39981110044172,2
65,15,71.39981110044172,2
65,16,71.39981110044172,2
65,17,71.39981110044172,2
65,18,71.39981110044172,2
65,19,71.39981110044172,2
65,20,71.39981110044172,2
65,21,71.39981110044172,2
65,22,71.39981110044172,2
65,23,71.39981110044172,2
65,24,71.39981110044172,2
65,25,71.39981110044172,2
65,26,71.39981110044172,2
65,27,71.39981110044172,2
65,28,71.39981110044172,2
65,29,71.39981110044172,2
65,30,71.39981110044172,2
65,31,71.39981110044172,2
65,32,71.39981110044172,2
65,33,71.39981110044172,2
65,34,71.39981110044172,2
65,35,71.39981110044172,2
65,36,71.39981110044172,2
65,37,71.39981110044172,2
65,38,71.39981110044172,2
65,39,71.39981110044172,2
65,40,71.39981110044172,2
65,41,71.39981110044172,2
65,42,71.39981110044172,2
65,43,71.39981110044172,2
65,44,71.39981110044172,2
65,45,71.39981110044172,2
65,46,71.39981110044172,2
65,47,71.39981110044172,2
65,48,71.39981110044172,2
65,49,71.39981110044172,2
66,0,71.39981110044172,2
66,1,71.39981110044172,2
66,2,71.39981110044172,2
66,3,71.39981110044172,2
66,4,71.39981110044172,2
66,5,71.39981110044172,2
66,6,71.39981110044172,2
66,7,71.39981110044172,2
66,8,71.39981110044172,2
66,9,71.39981110044172,2
66,10,71.39981110044172,2
66,11,71.39981110044172,2
66,12,71.39981110044172,2
66,13,71.39981110044172,2
66,14,71.39981110044172,2
66,15,71.39981110044172,2
66,16,71.39981110044172,2
66,17,71.39981110044172,2
66,18,71.39981110044172,2
66,19,71.39981110044172,2
66,20,71.39981110044172,2
66,21,71.39981110044172,2
66,22,71.39981110044172,2
66,23,71.39981110044172,2
66,24,71.39981110044172,2
66,25,71.39981110044172,2
66,26,71.39981110044172,2
66,27,71.39981110044172,2
66,28,71.39981110044172,2
66,29,71.39981110044172,2
66,30,71.39981110044172,2
66,31,71.39981110044172,2
66,32,71.39981110044172,2
66,33,71.39981110044172,2
66,34,71.39981110044172,2
66,35,71.39981110044172,2
66,36,71.39981110044172,2
66,37,71.39981110044172,2
66,38,71.39981110044172,2
66,39,71.39981110044172,2
66,40,71.39981110044172,2
66,41,71.39981110044172,2
66,42,71.39981110044172,2
66,43,71.39981110044172,2
66,44,71.39981110044172,2
66,45,71.39981110044172,2
66,46,71.39981110044172,2
66,47,71.39981110044172,2
66,48,71.39981110044172,2
66,49,71.39981110044172,2
67,0,71.39981110044172,2
67,1,71.39981110044172,2
67,2,71.39981110044172,2
67,3,71.39981110044172,2
67,4,71.39981110044172,2
67,5,71.39981110044172,2
67,6,71.39981110044172,2
67,7,71.39981110044172,2
67,8,71.39981110044172,2
67,9,71.39981110044172,2
67,10,71.39981110044172,2
67,11,71.39981110044172,2
67,12,71.39981110044172,2
67,13,71.39981110044172,2
67,14,71.39981110044172,2
67,15,71.39981110044172,2
67,16,71.39981110044172,2
67,17,71.39981110044172,2
67,18,71.39981110044172,2
67,19,71.39981110044172,2
67,20,71.39981110044172,2
67,21,71.39981110044172,2
67,22,71.39981110044172,2
67,23,71.39981110044172,2
67,24,71.39981110044172,2
67,25,71.39981110044172,2
67,26,71.39981110044172,2
67,27,71.39981110044172,2
67,28,71.39981110044172,2
67,29,71.39981110044172,2
67,30,71.39981110044172,2
67,31,71.39981110044172,2
67,32,71.39981110044172,2
67,33,71.39981110044172,2
67,34,71.39981110044172,2
67,35,71.39981110044172,2
67,36,71.39981110044172,2
67,37,71.39981110044172,2
67,38,71.39981110044172,2
67,39,71.39981110044172,2
67,40,71.39981110044172,2
67,41,71.39981110044172,2
67,42,71.39981110044172,2
67,43,71.39981110044172,2
67,44,71.39981110044172,2
67,45,71.39981110044172,2
67,46,71.39981110044172,2
67,47,71.39981110044172,2
67,48,71.39981110044172,2
67,49,71.39981110044172,2
68,0,71.39981110044172,2
68,1,71.39981110044172,2
68,2,71.39981110044172,2
68,3,71.39981110044172,2
68,4,71.39981110044172,2
68,5,71.39981110044172,2
68,6,71.39981110044172,2
68,7,71.39981110044172,2
68,8,71.39981110044172,2
68,9,71.39981110044172,2
68,10,71.39981110044172,2
68,11,71.39981110044172,2
68,12,71.39981110044172,2
68,13,71.39981110044172,2
68,14,71.39981110044172,2
68,15,71.39981110044172,2
68,16,71.39981110044172,2
68,17,71.39981110044172,2
68,18,71.39981110044172,2
68,19,71.39981110044172,2
68,20,71.39981110044172,2
68,21,71.39981110044172,2
68,22,71.39981110044172,2
68,23,71.39981110044172,2
68,24,71.39981110044172,2
68,25,71.39981110044172,2
68,26,71.39981110044172,2
68,27,71.39981110044172,2
68,28,71.39981110044172,2
68,29,71.39981110044172,2
68,30,71.39981110044172,2
68,31,71.39981110044172,2
68,32,71.39981110044172,2
68,33,71.39981110044172,2
68,34,71.39981110044172,2
68,35,71.39981110044172,2
68,36,71.39981110044172,2
68,37,71.39981110044172,2
68,38,71.39981110044172,2
68,39,71.39981110044172,2
68,40,71.39981110044172,2
68,41,71.39981110044172,2
68,42,71.39981110044172,2
68,43,71.39981110044172,2
68,44,71.39981110044172,2
68,45,71.39981110044172,2
68,46,71.39981110044172,2
68,47,71.39981110044172,2
68,48,71.39981110044172,2
68,49,71.39981110044172,2
69,0,71.39981110044172,2
69,1,71.39981110044172,2
69,2,71.39981110044172,2
69,3,71.39981110044172,2
69,4,71.39981110044172,2
69,5,71.39981110044172,2
69,6,71.39981110044172,2
69,7,71.39981110044172,2
69,8,71.39981110044172,2
69,9,71.39981110044172,2
69,10,71.39981110044172,2
69,11,71.39981110044172,2
69,12,71.39981110044172,2
69,13,71.39981110044172,2
69,14,71.39981110044172,2
69,15,71.39981110044172,2
69,16,71.39981110044172,2
69,17,71.39981110044172,2
69,18,71.39981110044172,2
69,19,71.39981110044172,2
69,20,71.39981110044172,2
69,21,71.39981110044172,2
69,22,71.39981110044172,2
69,23,71.39981110044172,2
69,24,71.39981110044172,2
69,25,71.39981110044172,2
69,26,71.39981110044172,2
69,27,71.39981110044172,2
69,28,71.39981110044172,2
69,29,71.39981110044172,2
69,30,71.39981110044172,2
69,31,71.39981110044172,2
69,32,71.39981110044172,2
69,33,71.39981110044172,2
69,34,71.39981110044172,2
69,35,71.39981110044172,2
69,36,71.39981110044172,2
69,37,71.39981110044172,2
69,38,71.39981110044172,2
69,39,71.39981110044172,2
69,40,71.39981110044172,2
69,41,71.39981110044172,2
69,42,71.39981110044172,2
69,43,71.39981110044172,2
69,44,71.39981110044172,2
69,45,71.39981110044172,2
69,46,71.39981110044172,2
69,47,71.39981110044172,2
69,48,71.39981110044172,2
69,49,71.39981110044172,2
70,0,71.39981110044172,2
70,1,71.39981110044172,2
70,2,71.39981110044172,2
70,3,71.39981110044172,2
70,4,71.39981110044172,2
70,5,71.39981110044172,2
70,6,71.39981110044172,2
70,7,71.39981110044172,2
70,8,71.39981110044172,2
70,9,71.39981110044172,2
70,10,71.39981110044172,2
70,11,71.39981110044172,2
70,12,71.39981110044172,2
70,13,71.39981110044172,2
70,14,71.39981110044172,2
70,15,71.39981110044172,2
70,16,71.39981110044172,2
70,17,71.39981110044172,2
70,18,71.39981110044172,2
70,19,71.39981110044172,2
70,20,71.39981110044172,2
70,21,71.39981110044172,2
70,22,71.39981110044172,2
70,23,71.39981110044172,2
70,24,71.39981110044172,2
70,25,71.39981110044172,2
70,26,71.39981110044172,2
70,27,71.39981110044172,2
70,28,71.39981110044172,2
70,29,71.39981110044172,2
70,30,71.39981110044172,2
70,31,71.39981110044172,2
70,32,71.39981110044172,2
70,33,71.39981110044172,2
70,34,71.39981110044172,2
70,35,71.39981110044172,2
70,36,71.39981110044172,2
70,37,71.39981110044172,2
70,38,71.39981110044172,2
70,39,71.39981110044172,2
70,40,71.39981110044172,2
70,41,71.39981110044172,2
70,42,71.39981110044172,2
70,43,71.39981110044172,2
70,44,71.39981110044172,2
70,45,71.39981110044172,2
70,46,71.39981110044172,2
70,47,71.39981110044172,2
70,48,71.39981110044172,2
70,49,71.39981110044172,2
71,0,71.39981110044172,2
71,1,71.39981110044172,2
71,2,71.39981110044172,2
71,3,71.39981110044172,2
71,4,71.39981110044172,2
71,5,71.39981110044172,2
71,6,71.39981110044172,2
71,7,71.39981110044172,2
71,8,71.39981110044172,2
71,9,71.39981110044172,2
71,10,71.39981110044172,2
71,11,71.39981110044172,2
71,12,71.39981110044172,2
71,13,71.39981110044172,2
71,14,71.39981110044172,2
71,15,71.39981110044172,2
71,16,71.39981110044172,2
71,17,71.39981110044172,2
71,18,71.39981110044172,2
71,19,71.39981110044172,2
71,20,71.39981110044172,2
71,21,71.39981110044172,2
71,22,71.39981110044172,2
71,23,71.39981110044172,2
71,24,71.39981110044172,2
71,25,71.39981110044172,2
71,26,71.39981110044172,2
71,27,71.39981110044172,2
71,28,71.39981110044172,2
71,29,71.39981110044172,2
71,30,71.39981110044172,2
71,31,71.39981110044172,2
71,32,71.39981110044172,2
71,33,71.39981110044172,2
71,34,71.39981110044172,2
71,35,71.39981110044172,2
71,36,71.39981110044172,2
71,37,71.39981110044172,2
71,38,71.39981110044172,2
71,39,71.39981110044172,2
71,40,71.39981110044172,2
71,41,71.39981110044172,2
71,42,71.39981110044172,2
71,43,71.39981110044172,2
71,44,71.39981110044172,2
71,45,71.39981110044172,2
71,46,71.39981110044172,2
71,47,71.39981110044172,2
71,48,71.39981110044172,2
71,49,71.39981110044172,2
72,0,71.39981110044172,2
72,1,71.39981110044172,2
72,2,71.39981110044172,2
72,3,71.39981110044172,2
72,4,71.39981110044172,2
72,5,71.39981110044172,2
72,6,71.39981110044172,2
72,7,71.39981110044172,2
72,8,71.39981110044172,2
72,9,71.39981110044172,2
72,10,71.39981110044172,2
72,11,71.39981110044172,2
72,12,71.39981110044172,2
72,13,71.39981110044172,2
72,14,71.39981110044172,2
72,15,71.39981110044172,2
72,16,71.39981110044172,2
72,17,71.39981110044172,2
72,18,71.39981110044172,2
72,19,71.39981110044172,2
72,20,71.39981110044172,2
72,21,71.39981110044172,2
72,22,71.39981110044172,2
72,23,71.39981110044172,2
72,24,71.39981110044172,2
72,25,71.39981110044172,2
72,26,71.39981110044172,2
72,27,71.39981110044172,2
72,28,71.39981110044172,2
72,29,71.39981110044172,2
72,30,71.39981110044172,2
72,31,71.39981110044172,2
72,32,71.39981110044172,2
72,33,71.39981110044172,2
72,34,71.39981110044172,2
72,35,71.39981110044172,2
72,36,71.39981110044172,2
72,37,71.39981110044172,2
72,38,71.39981110044172,2
72,39,71.39981110044172,2
72,40,71.39981110044172,2
72,41,71.39981110044172,2
72,42,71.39981110044172,2
72,43,71.39981110044172,2
72,44,71.39981110044172,2
72,45,71.39981110044172,2
72,46,71.39981110044172,2
72,47,71.39981110044172,2
72,48,71.39981110044172,2
72,49,71.39981110044172,2
73,0,71.39981110044172,2
73,1,71.39981110044172,2
73,2,71.39981110044172,2
73,3,71.39981110044172,2
73,4,71.39981110044172,2
73,5,71.39981110044172,2
73,6,71.39981110044172,2
73,7,71.39981110044172,2
73,8,71.39981110044172,2
73,9,71.39981110044172,2
73,10,71.39981110044172,2
73,11,71.39981110044172,2
73,12,71.39981110044172,2
73,13,71.39981110044172,2
73,14,71.39981110044172,2
73,15,71.39981110044172,2
73,16,71.39981110044172,2
73,17,71.39981110044172,2
73,18,71.39981110044172,2
73,19,71.39981110044172,2
73,20,71.39981110044172,2
73,21,71.39981110044172,2
73,22,71.39981110044172,2
73,23,71.39981110044172,2
73,24,71.39981110044172,2
73,25,71.39981110044172,2
73,26,71.39981110044172,2
73,27,71.39981110044172,2
73,28,71.39981110044172,2
73,29,71.39981110044172,2
73,30,71.39981110044172,2
73,31,71.39981110044172,2
73,32,71.39981110044172,2
73,33,71.39981110044172,2
73,34,71.39981110044172,2
73,35,71.39981110044172,2
73,36,71.39981110044172,2
73,37,71.39981110044172,2
73,38,71.39981110044172,2
73,39,71.39981110044172,2
73,40,71.39981110044172,2
73,41,71.39981110044172,2
73,42,71.39981110044172,2
73,43,71.39981110044172,2
73,44,71.39981110044172,2
73,45,71.39981110044172,2
73,46,71.39981110044172,2
73,47,71.39981110044172,2
73,48,71.39981110044172,2
73,49,71.39981110044172,2
74,0,71.39981110044172,2
74,1,71.39981110044172,2
74,2,71.39981110044172,2
74,3,71.39981110044172,2
74,4,71.39981110044172,2
74,5,71.39981110044172,2
74,6,71.39981110044172,2
74,7,71.39981110044172,2
74,8,71.39981110044172,2
74,9,71.39981110044172,2
74,10,71.39981110044172,2
74,11,71.39981110044172,2
74,12,71.39981110044172,2
74,13,71.39981110044172,2
74,14,71.39981110044172,2
74,15,71.39981110044172,2
74,16,71.39981110044172,2
74,17,71.39981110044172,2
74,18,71.39981110044172,2
74,19,71.39981110044172,2
74,20,71.39981110044172,2
74,21,71.39981110044172,2
74,22,71.39981110044172,2
74,23,71.39981110044172,2
74,24,71.39981110044172,2
74,25,71.39981110044172,2
74,26,71.39981110044172,2
74,27,71.39981110044172,2
74,28,71.39981110044172,2
74,29,71.39981110044172,2
74,30,71.39981110044172,2
74,31,71.39981110044172,2
74,32,71.39981110044172,2
74,33,71.39981110044172,2
74,34,71.39981110044172,2
74,35,71.39981110044172,2
74,36,71.39981110044172,2
74,37,71.39981110044172,2
74,38,71.39981110044172,2
74,39,71.39981110044172,2
74,40,71.39981110044172,2
74,41,71.39981110044172,2
74,42,71.39981110044172,2
74,43,71.39981110044172,2
74,44,71.39981110044172,2
74,45,71.39981110044172,2
74,46,71.39981110044172,2
74,47,71.39981110044172,2
74,48,71.39981110044172,2
74,49,71.39981110044172,2
75,0,71.39981110044172,2
75,1,71.39981110044172,2
75,2,71.39981110044172,2
75,3,71.39981110044172,2
75,4,71.39981110044172,2
75,5,71.39981110044172,2
75,6,71.39981110044172,2
75,7,71.39981110044172,2
75,8,71.39981110044172,2
75,9,71.39981110044172,2
75,10,71.39981110044172,2
75,11,71.39981110044172,2
75,12,71.39981110044172,2
75,13,71.39981110044172,2
75,14,71.39981110044172,2
75,15,71.39981110044172,2
75,16,71.39981110044172,2
75,17,71.39981110044172,2
75,18,71.39981110044172,2
75,19,71.39981110044172,2
75,20,71.39981110044172,2
75,21,71.39981110044172,2
75,22,71.39981110044172,2
75,23,71.39981110044172,2
75,24,71.39981110044172,2
75,25,71.39981110044172,2
75,26,71.39981110044172,2
75,27,71.39981110044172,2
75,28,71.39981110044172,2
75,29,71.39981110044172,2
75,30,71.39981110044172,2
75,31,71.39981110044172,2
75,32,71.39981110044172,2
75,33,71.39981110044172,2
75,34,71.39981110044172,2
75,35,71.39981110044172,2
75,36,71.39981110044172,2
75,37,71.39981110044172,2
75,38,71.39981110044172,2
75,39,71.39981110044172,2
75,40,71.39981110044172,2
75,41,71.39981110044172,2
75,42,71.39981110044172,2
75,43,71.39981110044172,2
75,44,71.39981110044172,2
75,45,71.39981110044172,2
75,46,71.39981110044172,2
75,47,71.39981110044172,2
75,48,71.39981110044172,2
75,49,71.39981110044172,2
76,0,71.39981110044172,2
76,1,71.39981110044172,2
76,2,71.39981110044172,2
76,3,71.39981110044172,2
76,4,71.39981110044172,2
76,5,71.39981110044172,2
76,6,71.39981110044172,2
76,7,71.39981110044172,2
76,8,71.39981110044172,2
76,9,71.39981110044172,2
76,10,71.39981110044172,2
76,11,71.39981110044172,2
76,12,71.39981110044172,2
76,13,71.39981110044172,2
76,14,71.39981110044172,2
76,15,71.39981110044172,2
76,16,71.39981110044172,2
76,17,71.39981110044172,2
76,18,71.39981110044172,2
76,19,71.39981110044172,2
76,20,71.39981110044172,2
76,21,71.39981110044172,2
76,22,71.39981110044172,2
76,23,71.39981110044172,2
76,24,71.39981110044172,2
76,25,71.39981110044172,2
76,26,71.39981110044172,2
76,27,71.39981110044172,2
76,28,71.39981110044172,2
76,29,71.39981110044172,2
76,30,71.39981110044172,2
76,31,71.39981110044172,2
76,32,71.39981110044172,2
76,33,71.39981110044172,2
76,34,71.39981110044172,2
76,35,71.39981110044172,2
76,36,71.39981110044172,2
76,37,71.39981110044172,2
76,38,71.39981110044172,2
76,39,71.39981110044172,2
76,40,71.39981110044172,2
76,41,71.39981110044172,2
76,42,71.39981110044172,2
76,43,71.39981110044172,2
76,44,71.39981110044172,2
76,45,71.39981110044172,2
76,46,71.39981110044172,2
76,47,71.39981110044172,2
76,48,71.39981110044172,2
76,49,71.39981110044172,2
77,0,71.39981110044172,2
77,1,71.39981110044172,2
77,2,71.39981110044172,2
77,3,71.39981110044172,2
77,4,71.39981110044172,2
77,5,71.39981110044172,2
77,6,71.39981110044172,2
77,7,71.39981110044172,2
77,8,71.39981110044172,2
77,9,71.39981110044172,2
77,10,71.39981110044172,2
77,11,71.39981110044172,2
77,12,71.39981110044172,2
77,13,71.39981110044172,2
77,14,71.39981110044172,2
77,15,71.39981110044172,2
77,16,71.39981110044172,2
77,17,71.39981110044172,2
77,18,71.39981110044172,2
77,19,71.39981110044172,2
77,20,71.39981110044172,2
77,21,71.39981110044172,2
77,22,71.39981110044172,2
77,23,71.39981110044172,2
77,24,71.39981110044172,2
77,25,71.39981110044172,2
77,26,71.39981110044172,2
77,27,71.39981110044172,2
77,28,71.39981110044172,2
77,29,71.39981110044172,2
77,30,71.39981110044172,2
77,31,71.39981110044172,2
77,32,71.39981110044172,2
77,33,71.39981110044172,2
77,34,71.39981110044172,2
77,35,71.39981110044172,2
77,36,71.39981110044172,2
77,37,71.39981110044172,2
77,38,71.39981110044172,2
77,39,71.39981110044172,2
77,40,71.39981110044172,2
77,41,71.39981110044172,2
77,42,71.39981110044172,2
77,43,71.39981110044172,2
77,44,71.39981110044172,2
77,45,71.39981110044172,2
77,46,71.39981110044172,2
77,47,71.39981110044172,2
77,48,71.39981110044172,2
77,49,71.39981110044172,2
78,0,71.39981110044172,2
78,1,71.39981110044172,2
78,2,71.39981110044172,2
78,3,71.39981110044172,2
78,4,71.39981110044172,2
78,5,71.39981110044172,2
78,6,71.39981110044172,2
78,7,71.39981110044172,2
78,8,71.39981110044172,2
78,9,71.39981110044172,2
78,10,71.39981110044172,2
78,11,71.39981110044172,2
78,12,71.39981110044172,2
78,13,71.39981110044172,2
78,14,71.39981110044172,2
78,15,71.39981110044172,2
78,16,71.39981110044172,2
78,17,71.39981110044172,2
78,18,71.39981110044172,2
78,19,71.39981110044172,2
78,20,71.39981110044172,2
78,21,71.39981110044172,2
78,22,71.39981110044172,2
78,23,71.39981110044172,2
78,24,71.39981110044172,2
78,25,71.39981110044172,2
78,26,71.39981110044172,2
78,27,71.39981110044172,2
78,28,71.39981110044172,2
78,29,71.39981110044172,2
78,30,71.39981110044172,2
78,31,71.39981110044172,2
78,32,71.39981110044172,2
78,33,71.39981110044172,2
78,34,71.39981110044172,2
78,35,71.39981110044172,2
78,36,71.39981110044172,2
78,37,71.39981110044172,2
78,38,71.39981110044172,2
78,39,71.39981110044172,2
78,40,71.39981110044172,2
78,41,71.39981110044172,2
78,42,71.39981110044172,2
78,43,71.39981110044172,2
78,44,71.39981110044172,2
78,45,71.39981110044172,2
78,46,71.39981110044172,2
78,47,71.39981110044172,2
78,48,71.39981110044172,2
78,49,71.39981110044172,2
79,0,71.39981110044172,2
79,1,71.39981110044172,2
79,2,71.39981110044172,2
79,3,71.39981110044172,2
79,4,71.39981110044172,2
79,5,71.39981110044172,2
79,6,71.39981110044172,2
79,7,71.39981110044172,2
79,8,71.39981110044172,2
79,9,71.39981110044172,2
79,10,71.39981110044172,2
79,11,71.39981110044172,2
79,12,71.39981110044172,2
79,13,71.39981110044172,2
79,14,71.39981110044172,2
79,15,71.39981110044172,2
79,16,71.39981110044172,2
79,17,71.39981110044172,2
79,18,71.39981110044172,2
79,19,71.39981110044172,2
79,20,71.39981110044172,2
79,21,71.39981110044172,2
79,22,71.39981110044172,2
79,23,71.39981110044172,2
79,24,71.39981110044172,2
79,25,71.39981110044172,2
79,26,71.39981110044172,2
79,27,71.39981110044172,2
79,28,71.39981110044172,2
79,29,71.39981110044172,2
79,30,71.39981110044172,2
79,31,71.39981110044172,2
79,32,71.39981110044172,2
79,33,71.39981110044172,2
79,34,71.39981110044172,2
79,35,71.39981110044172,2
79,36,71.39981110044172,2
79,37,71.39981110044172,2
79,38,71.39981110044172,2
79,39,71.39981110044172,2
79,40,71.39981110044172,2
79,41,71.39981110044172,2
79,42,71.39981110044172,2
79,43,71.39981110044172,2
79,44,71.39981110044172,2
79,45,71.39981110044172,2
79,46,71.39981110044172,2
79,47,71.39981110044172,2
79,48,71.39981110044172,2
79,49,71.39981110044172,2
80,0,71.39981110044172,2
80,1,71.39981110044172,2
80,2,71.39981110044172,2
80,3,71.39981110044172,2
80,4,71.39981110044172,2
80,5,71.39981110044172,2
80,6,71.39981110044172,2
80,7,71.39981110044172,2
80,8,71.39981110044172,2
80,9,71.39981110044172,2
80,10,71.39981110044172,2
80,11,71.39981110044172,2
80,12,71.39981110044172,2
80,13,71.39981110044172,2
80,14,71.39981110044172,2
80,15,71.39981110044172,2
80,16,71.39981110044172,2
80,17,71.39981110044172,2
80,18,71.39981110044172,2
80,19,71.39981110044172,2
80,20,71.39981110044172,2
80,21,71.39981110044172,2
80,22,71.39981110044172,2
80,23,71.39981110044172,2
80,24,71.39981110044172,2
80,25,71.39981110044172,2
80,26,71.39981110044172,2
80,27,71.39981110044172,2
80,28,71.39981110044172,2
80,29,71.39981110044172,2
80,30,71.39981110044172,2
80,31,71.39981110044172,2
80,32,71.39981110044172,2
80,33,71.39981110044172,2
80,34,71.39981110044172,2
80,35,71.39981110044172,2
80,36,71.39981110044172,2
80,37,71.39981110044172,2
80,38,71.39981110044172,2
80,39,71.39981110044172,2
80,40,71.39981110044172,2
80,41,71.39981110044172,2
80,42,71.39981110044172,2
80,43,71.39981110044172,2
80,44,71.39981110044172,2
80,45,71.39981110044172,2
80,46,71.39981110044172,2
80,47,71.39981110044172,2
80,48,71.39981110044172,2
80,49,71.39981110044172,2
81,0,71.39981110044172,2
81,1,71.39981110044172,2
81,2,71.39981110044172,2
81,3,71.39981110044172,2
81,4,71.39981110044172,2
81,5,71.39981110044172,2
81,6,71.39981110044172,2
81,7,71.39981110044172,2
81,8,71.39981110044172,2
81,9,71.39981110044172,2
81,10,71.39981110044172,2
81,11,71.39981110044172,2
81,12,71.39981110044172,2
81,13,71.39981110044172,2
81,14,71.39981110044172,2
81,15,71.39981110044172,2
81,16,71.39981110044172,2
81,17,71.39981110044172,2
81,18,71.39981110044172,2
81,19,71.39981110044172,2
81,20,71.39981110044172,2
81,21,71.39981110044172,2
81,22,71.39981110044172,2
81,23,71.39981110044172,2
81,24,71.39981110044172,2
81,25,71.39981110044172,2
81,26,71.39981110044172,2
81,27,71.39981110044172,2
81,28,71.39981110044172,2
81,29,71.39981110044172,2
81,30,71.39981110044172,2
81,31,71.39981110044172,2
81,32,71.39981110044172,2
81,33,71.39981110044172,2
81,34,71.39981110044172,2
81,35,71.39981110044172,2
81,36,71.39981110044172,2
81,37,71.39981110044172,2
81,38,71.39981110044172,2
81,39,71.39981110044172,2
81,40,71.39981110044172,2
81,41,71.39981110044172,2
81,42,71.39981110044172,2
81,43,71.39981110044172,2
81,44,71.39981110044172,2
81,45,71.39981110044172,2
81,46,71.39981110044172,2
81,47,71.39981110044172,2
81,48,71.39981110044172,2
81,49,71.39981110044172,2
82,0,71.39981110044172,2
82,1,71.39981110044172,2
82,2,71.39981110044172,2
82,3,71.39981110044172,2
82,4,71.39981110044172,2
82,5,71.39981110044172,2
82,6,71.39981110044172,2
82,7,71.39981110044172,2
82,8,71.39981110044172,2
82,9,71.39981110044172,2
82,10,71.39981110044172,2
82,11,71.39981110044172,2
82,12,71.39981110044172,2
82,13,71.39981110044172,2
82,14,71.39981110044172,2
82,15,71.39981110044172,2
82,16,71.39981110044172,2
82,17,71.39981110044172,2
82,18,71.39981110044172,2
82,19,71.39981110044172,2
82,20,71.39981110044172,2
82,21,71.39981110044172,2
82,22,71.39981110044172,2
82,23,71.39981110044172,2
82,24,71.39981110044172,2
82,25,71.39981110044172,2
82,26,71.39981110044172,2
82,27,71.39981110044172,2
82,28,71.39981110044172,2
82,29,71.39981110044172,2
82,30,71.39981110044172,2
82,31,71.39981110044172,2
82,32,71.39981110044172,2
82,33,71.39981110044172,2
82,34,71.39981110044172,2
82,35,71.39981110044172,2
82,36,71.39981110044172,2
82,37,71.39981110044172,2
82,38,71.39981110044172,2
82,39,71.39981110044172,2
82,40,71.39981110044172,2
82,41,71.39981110044172,2
82,42,71.39981110044172,2
82,43,71.39981110044172,2
82,44,71.39981110044172,2
82,45,71.39981110044172,2
82,46,71.39981110044172,2
82,47,71.39981110044172,2
82,48,71.39981110044172,2
82,49,71.39981110044172,2
83,0,71.39981110044172,2
83,1,71.39981110044172,2
83,2,71.39981110044172,2
83,3,71.39981110044172,2
83,4,71.39981110044172,2
83,5,71.39981110044172,2
83,6,71.39981110044172,2
83,7,71.39981110044172,2
83,8,71.39981110044172,2
83,9,71.39981110044172,2
83,10,71.39981110044172,2
83,11,71.39981110044172,2
83,12,71.39981110044172,2
83,13,71.39981110044172,2
83,14,71.39981110044172,2
83,15,71.39981110044172,2
83,16,71.39981110044172,2
83,17,71.39981110044172,2
83,18,71.39981110044172,2
83,19,71.39981110044172,2
83,20,71.39981110044172,2
83,21,71.39981110044172,2
83,22,71.39981110044172,2
83,23,71.39981110044172,2
83,24,71.39981110044172,2
83,25,71.39981110044172,2
83,26,71.39981110044172,2
83,27,71.39981110044172,2
83,28,71.39981110044172,2
83,29,71.39981110044172,2
83,30,71.39981110044172,2
83,31,71.39981110044172,2
83,32,71.39981110044172,2
83,33,71.39981110044172,2
83,34,71.39981110044172,2
83,35,71.39981110044172,2
83,36,71.39981110044172,2
83,37,71.39981110044172,2
83,38,71.39981110044172,2
83,39,71.39981110044172,2
83,40,71.39981110044172,2
83,41,71.39981110044172,2
83,42,71.39981110044172,2
83,43,71.39981110044172,2
83,44,71.39981110044172,2
83,45,71.39981110044172,2
83,46,71.39981110044172,2
83,47,71.39981110044172,2
83,48,71.39981110044172,2
83,49,71.39981110044172,2
84,0,71.39981110044172,2
84,1,71.39981110044172,2
84,2,71.39981110044172,2
84,3,71.39981110044172,2
84,4,71.39981110044172,2
84,5,71.39981110044172,2
84,6,71.39981110044172,2
84,7,71.39981110044172,2
84,8,71.39981110044172,2
84,9,71.39981110044172,2
84,10,71.39981110044172,2
84,11,71.39981110044172,2
84,12,71.39981110044172,2
84,13,71.39981110044172,2
84,14,71.39981110044172,2
84,15,71.39981110044172,2
84,16,71.39981110044172,2
84,17,71.39981110044172,2
84,18,71.39981110044172,2
84,19,71.39981110044172,2
84,20,71.39981110044172,2
84,21,71.39981110044172,2
84,22,71.39981110044172,2
84,23,71.39981110044172,2
84,24,71.39981110044172,2
84,25,71.39981110044172,2
84,26,71.39981110044172,2
84,27,71.39981110044172,2
84,28,71.39981110044172,2
84,29,71.39981110044172,2
84,30,71.39981110044172,2
84,31,71.39981110044172,2
84,32,71.39981110044172,2
84,33,71.39981110044172,2
84,34,71.39981110044172,2
84,35,71.39981110044172,2
84,36,71.39981110044172,2
84,37,71.39981110044172,2
84,38,71.39981110044172,2
84,39,71.39981110044172,2
84,40,71.39981110044172,2
84,41,71.39981110044172,2
84,42,71.39981110044172,2
84,43,71.39981110044172,2
84,44,71.39981110044172,2
84,45,71.39981110044172,2
84,46,71.39981110044172,2
84,47,71.39981110044172,2
84,48,71.39981110044172,2
84,49,71.39981110044172,2
85,0,71.39981110044172,2
85,1,71.39981110044172,2
85,2,71.39981110044172,2
85,3,71.39981110044172,2
85,4,71.39981110044172,2
85,5,71.39981110044172,2
85,6,71.39981110044172,2
85,7,71.39981110044172,2
85,8,71.39981110044172,2
85,9,71.39981110044172,2
85,10,71.39981110044172,2
85,11,71.39981110044172,2
85,12,71.39981110044172,2
85,13,71.39981110044172,2
85,14,71.39981110044172,2
85,15,71.39981110044172,2
85,16,71.39981110044172,2
85,17,71.39981110044172,2
85,18,71.39981110044172,2
85,19,71.39981110044172,2
85,20,71.39981110044172,2
85,21,71.39981110044172,2
85,22,71.39981110044172,2
85,23,71.39981110044172,2
85,24,71.39981110044172,2
85,25,71.39981110044172,2
85,26,71.39981110044172,2
85,27,71.39981110044172,2
85,28,71.39981110044172,2
85,29,71.39981110044172,2
85,30,71.39981110044172,2
85,31,71.39981110044172,2
85,32,71.39981110044172,2
85,33,71.39981110044172,2
85,34,71.39981110044172,2
85,35,71.39981110044172,2
85,36,71.39981110044172,2
85,37,71.39981110044172,2
85,38,71.39981110044172,2
85,39,71.39981110044172,2
85,40,71.39981110044172,2
85,41,71.39981110044172,2
85,42,71.39981110044172,2
85,43,71.39981110044172,2
85,44,71.39981110044172,2
85,45,71.39981110044172,2
85,46,71.39981110044172,2
85,47,71.39981110044172,2
85,48,71.39981110044172,2
85,49,71.39981110044172,2
86,0,71.39981110044172,2
86,1,71.39981110044172,2
86,2,71.39981110044172,2
86,3,71.39981110044172,2
86,4,71.39981110044172,2
86,5,71.39981110044172,2
86,6,71.39981110044172,2
86,7,71.39981110044172,2
86,8,71.39981110044172,2
86,9,71.39981110044172,2
86,10,71.39981110044172,2
86,11,71.39981110044172,2
86,12,71.39981110044172,2
86,13,71.39981110044172,2
86,14,71.39981110044172,2
86,15,71.39981110044172,2
86,16,71.39981110044172,2
86,17,71.39981110044172,2
86,18,71.39981110044172,2
86,19,71.39981110044172,2
86,20,71.39981110044172,2
86,21,71.39981110044172,2
86,22,71.39981110044172,2
86,23,71.39981110044172,2
86,24,71.39981110044172,2
86,25,71.39981110044172,2
86,26,71.39981110044172,2
86,27,71.39981110044172,2
86,28,71.39981110044172,2
86,29,71.39981110044172,2
86,30,71.39981110044172,2
86,31,71.39981110044172,2
86,32,71.39981110044172,2
86,33,71.39981110044172,2
86,34,71.39981110044172,2
86,35,71.39981110044172,2
86,36,71.39981110044172,2
86,37,71.39981110044172,2
86,38,71.39981110044172,2
86,39,71.39981110044172,2
86,40,71.39981110044172,2
86,41,71.39981110044172,2
86,42,71.39981110044172,2
86,43,71.39981110044172,2
86,44,71.39981110044172,2
86,45,71.39981110044172,2
86,46,71.39981110044172,2
86,47,71.39981110044172,2
86,48,71.39981110044172,2
86,49,71.39981110044172,2
87,0,71.39981110044172,2
87,1,71.39981110044172,2
87,2,71.39981110044172,2
87,3,71.39981110044172,2
87,4,71.39981110044172,2
87,5,71.39981110044172,2
87,6,71.39981110044172,2
87,7,71.39981110044172,2
87,8,71.39981110044172,2
87,9,71.39981110044172,2
87,10,71.39981110044172,2
87,11,71.39981110044172,2
87,12,71.39981110044172,2
87,13,71.39981110044172,2
87,14,71.39981110044172,2
87,15,71.39981110044172,2
87,16,71.39981110044172,2
87,17,71.39981110044172,2
87,18,71.39981110044172,2
87,19,71.39981110044172,2
87,20,71.39981110044172,2
87,21,71.39981110044172,2
87,22,71.39981110044172,2
87,23,71.39981110044172,2
87,24,71.39981110044172,2
87,25,71.39981110044172,2
87,26,71.39981110044172,2
87,27,71.39981110044172,2
87,28,71.39981110044172,2
87,29,71.39981110044172,2
87,30,71.39981110044172,2
87,31,71.39981110044172,2
87,32,71.39981110044172,2
87,33,71.39981110044172,2
87,34,71.39981110044172,2
87,35,71.39981110044172,2
87,36,71.39981110044172,2
87,37,71.39981110044172,2
87,38,71.39981110044172,2
87,39,71.39981110044172,2
87,40,71.39981110044172,2
87,41,71.39981110044172,2
87,42,71.39981110044172,2
87,43,71.39981110044172,2
87,44,71.39981110044172,2
87,45,71.39981110044172,2
87,46,71.39981110044172,2
87,47,71.39981110044172,2
87,48,71.39981110044172,2
87,49,71.39981110044172,2
88,0,71.39981110044172,2
88,1,71.39981110044172,2
88,2,71.39981110044172,2
88,3,71.39981110044172,2
88,4,71.39981110044172,2
88,5,71.39981110044172,2
88,6,71.39981110044172,2
88,7,71.39981110044172,2
88,8,71.39981110044172,2
88,9,71.39981110044172,2
88,10,71.39981110044172,2
88,11,71.39981110044172,2
88,12,71.39981110044172,2
88,13,71.39981110044172,2
88,14,71.39981110044172,2
88,15,71.39981110044172,2
88,16,71.39981110044172,2
88,17,71.39981110044172,2
88,18,71.39981110044172,2
88,19,71.39981110044172,2
88,20,71.39981110044172,2
88,21,71.39981110044172,2
88,22,71.39981110044172,2
88,23,71.39981110044172,2
88,24,71.39981110044172,2
88,25,71.39981110044172,2
88,26,71.39981110044172,2
88,27,71.39981110044172,2
88,28,71.39981110044172,2
88,29,71.39981110044172,2
88,30,71.39981110044172,2
88,31,71.39981110044172,2
88,32,71.39981110044172,2
88,33,71.39981110044172,2
88,34,71.39981110044172,2
88,35,71.39981110044172,2
88,36,71.39981110044172,2
88,37,71.39981110044172,2
88,38,71.39981110044172,2
88,39,71.39981110044172,2
88,40,71.39981110044172,2
88,41,71.39981110044172,2
88,42,71.39981110044172,2
88,43,71.39981110044172,2
88,44,71.39981110044172,2
88,45,71.39981110044172,2
88,46,71.39981110044172,2
88,47,71.39981110044172,2
88,48,71.39981110044172,2
88,49,71.39981110044172,2
89,0,71.39981110044172,2
89,1,71.39981110044172,2
89,2,71.39981110044172,2
89,3,71.39981110044172,2
89,4,71.39981110044172,2
89,5,71.39981110044172,2
89,6,71.39981110044172,2
89,7,71.39981110044172,2
89,8,71.39981110044172,2
89,9,71.39981110044172,2
89,10,71.39981110044172,2
89,11,71.39981110044172,2
89,12,71.39981110044172,2
89,13,71.39981110044172,2
89,14,71.39981110044172,2
89,15,71.39981110044172,2
89,16,71.39981110044172,2
89,17,71.39981110044172,2
89,18,71.39981110044172,2
89,19,71.39981110044172,2
89,20,71.39981110044172,2
89,21,71.39981110044172,2
89,22,71.39981110044172,2
89,23,71.39981110044172,2
89,24,71.39981110044172,2
89,25,71.39981110044172,2
89,26,71.39981110044172,2
89,27,71.39981110044172,2
89,28,71.39981110044172,2
89,29,71.39981110044172,2
89,30,71.39981110044172,2
89,31,71.39981110044172,2
89,32,71.39981110044172,2
89,33,71.39981110044172,2
89,34,71.39981110044172,2
89,35,71.39981110044172,2
89,36,71.39981110044172,2
89,37,71.39981110044172,2
89,38,71.39981110044172,2
89,39,71.39981110044172,2
89,40,71.39981110044172,2
89,41,71.39981110044172,2
89,42,71.39981110044172,2
89,43,71.39981110044172,2
89,44,71.39981110044172,2
89,45,71.39981110044172,2
89,46,71.39981110044172,2
89,47,71.39981110044172,2
89,48,71.39981110044172,2
89,49,71.39981110044172,2
90,0,71.39981110044172,2
90,1,71.39981110044172,2
90,2,71.39981110044172,2
90,3,71.39981110044172,2
90,4,71.39981110044172,2
90,5,71.39981110044172,2
90,6,71.39981110044172,2
90,7,71.39981110044172,2
90,8,71.39981110044172,2
90,9,71.39981110044172,2
90,10,71.39981110044172,2
90,11,71.39981110044172,2
90,12,71.39981110044172,2
90,13,71.39981110044172,2
90,14,71.39981110044172,2
90,15,71.39981110044172,2
90,16,71.39981110044172,2
90,17,71.39981110044172,2
90,18,71.39981110044172,2
90,19,71.39981110044172,2
90,20,71.39981110044172,2
90,21,71.39981110044172,2
90,22,71.39981110044172,2
90,23,71.39981110044172,2
90,24,71.39981110044172,2
90,25,71.39981110044172,2
90,26,71.39981110044172,2
90,27,71.39981110044172,2
90,28,71.39981110044172,2
90,29,71.39981110044172,2
90,30,71.39981110044172,2
90,31,71.39981110044172,2
90,32,71.39981110044172,2
90,33,71.39981110044172,2
90,34,71.39981110044172,2
90,35,71.39981110044172,2
90,36,71.39981110044172,2
90,37,71.39981110044172,2
90,38,71.39981110044172,2
90,39,71.39981110044172,2
90,40,71.39981110044172,2
90,41,71.39981110044172,2
90,42,71.39981110044172,2
90,43,71.39981110044172,2
90,44,71.39981110044172,2
90,45,71.39981110044172,2
90,46,71.39981110044172,2
90,47,71.39981110044172,2
90,48,71.39981110044172,2
90,49,71.39981110044172,2
91,0,71.39981110044172,2
91,1,71.39981110044172,2
91,2,71.39981110044172,2
91,3,71.39981110044172,2
91,4,71.39981110044172,2
91,5,71.39981110044172,2
91,6,71.39981110044172,2
91,7,71.39981110044172,2
91,8,71.39981110044172,2
91,9,71.39981110044172,2
91,10,71.39981110044172,2
91,11,71.39981110044172,2
91,12,71.39981110044172,2
91,13,71.39981110044172,2
91,14,71.39981110044172,2
91,15,71.39981110044172,2
91,16,71.39981110044172,2
91,17,71.39981110044172,2
91,18,71.39981110044172,2
91,19,71.39981110044172,2
91,20,71.39981110044172,2
91,21,71.39981110044172,2
91,22,71.39981110044172,2
91,23,71.39981110044172,2
91,24,71.39981110044172,2
91,25,71.39981110044172,2
91,26,71.39981110044172,2
91,27,71.39981110044172,2
91,28,71.39981110044172,2
91,29,71.39981110044172,2
91,30,71.39981110044172,2
91,31,71.39981110044172,2
91,32,71.39981110044172,2
91,33,71.39981110044172,2
91,34,71.39981110044172,2
91,35,71.39981110044172,2
91,36,71.39981110044172,2
91,37,71.39981110044172,2
91,38,71.39981110044172,2
91,39,71.39981110044172,2
91,40,71.39981110044172,2
91,41,71.39981110044172,2
91,42,71.39981110044172,2
91,43,71.39981110044172,2
91,44,71.39981110044172,2
91,45,71.39981110044172,2
91,46,71.39981110044172,2
91,47,71.39981110044172,2
91,48,71.39981110044172,2
91,49,71.39981110044172,2
92,0,71.39981110044172,2
92,1,71.39981110044172,2
92,2,71.39981110044172,2
92,3,71.39981110044172,2
92,4,71.39981110044172,2
92,5,71.39981110044172,2
92,6,71.39981110044172,2
92,7,71.39981110044172,2
92,8,71.39981110044172,2
92,9,71.39981110044172,2
92,10,71.39981110044172,2
92,11,71.39981110044172,2
92,12,71.39981110044172,2
92,13,71.39981110044172,2
92,14,71.39981110044172,2
92,15,71.39981110044172,2
92,16,71.39981110044172,2
92,17,71.39981110044172,2
92,18,71.39981110044172,2
92,19,71.39981110044172,2
92,20,71.39981110044172,2
92,21,71.39981110044172,2
92,22,71.39981110044172,2
92,23,71.39981110044172,2
92,24,71.39981110044172,2
92,25,71.39981110044172,2
92,26,71.39981110044172,2
92,27,71.39981110044172,2
92,28,71.39981110044172,2
92,29,71.39981110044172,2
92,30,71.39981110044172,2
92,31,71.39981110044172,2
92,32,71.39981110044172,2
92,33,71.39981110044172,2
92,34,71.39981110044172,2
92,35,71.39981110044172,2
92,36,71.39981110044172,2
92,37,71.39981110044172,2
92,38,71.39981110044172,2
92,39,71.39981110044172,2
92,40,71.39981110044172,2
92,41,71.39981110044172,2
92,42,71.39981110044172,2
92,43,71.39981110044172,2
92,44,71.39981110044172,2
92,45,71.39981110044172,2
92,46,71.39981110044172,2
92,47,71.39981110044172,2
92,48,71.39981110044172,2
92,49,71.39981110044172,2
93,0,71.39981110044172,2
93,1,71.39981110044172,2
93,2,71.39981110044172,2
93,3,71.39981110044172,2
93,4,71.39981110044172,2
93,5,71.39981110044172,2
93,6,71.39981110044172,2
93,7,71.39981110044172,2
93,8,71.39981110044172,2
93,9,71.39981110044172,2
93,10,71.39981110044172,2
93,11,71.39981110044172,2
93,12,71.39981110044172,2
93,13,71.39981110044172,2
93,14,71.39981110044172,2
93,15,71.39981110044172,2
93,16,71.39981110044172,2
93,17,71.39981110044172,2
93,18,71.39981110044172,2
93,19,71.39981110044172,2
93,20,71.39981110044172,2
93,21,71.39981110044172,2
93,22,71.39981110044172,2
93,23,71.39981110044172,2
93,24,71.39981110044172,2
93,25,71.39981110044172,2
93,26,71.39981110044172,2
93,27,71.39981110044172,2
93,28,71.39981110044172,2
93,29,71.39981110044172,2
93,30,71.39981110044172,2
93,31,71.39981110044172,2
93,32,71.39981110044172,2
93,33,71.39981110044172,2
93,34,71.39981110044172,2
93,35,71.39981110044172,2
93,36,71.39981110044172,2
93,37,71.39981110044172,2
93,38,71.39981110044172,2
93,39,71.39981110044172,2
93,40,71.39981110044172,2
93,41,71.39981110044172,2
93,42,71.39981110044172,2
93,43,71.39981110044172,2
93,44,71.39981110044172,2
93,45,71.39981110044172,2
93,46,71.39981110044172,2
93,47,71.39981110044172,2
93,48,71.39981110044172,2
93,49,71.39981110044172,2
94,0,71.39981110044172,2
94,1,71.39981110044172,2
94,2,71.39981110044172,2
94,3,71.39981110044172,2
94,4,71.39981110044172,2
94,5,71.39981110044172,2
94,6,71.39981110044172,2
94,7,71.39981110044172,2
94,8,71.39981110044172,2
94,9,71.39981110044172,2
94,10,71.39981110044172,2
94,11,71.39981110044172,2
94,12,71.39981110044172,2
94,13,71.39981110044172,2
94,14,71.39981110044172,2
94,15,71.39981110044172,2
94,16,71.39981110044172,2
94,17,71.39981110044172,2
94,18,71.39981110044172,2
94,19,71.39981110044172,2
94,20,71.39981110044172,2
94,21,71.39981110044172,2
94,22,71.39981110044172,2
94,23,71.39981110044172,2
94,24,71.39981110044172,2
94,25,71.39981110044172,2
94,26,71.39981110044172,2
94,27,71.39981110044172,2
94,28,71.39981110044172,2
94,29,71.39981110044172,2
94,30,71.39981110044172,2
94,31,71.39981110044172,2
94,32,71.39981110044172,2
94,33,71.39981110044172,2
94,34,71.39981110044172,2
94,35,71.39981110044172,2
94,36,71.39981110044172,2
94,37,71.39981110044172,2
94,38,71.39981110044172,2
94,39,71.39981110044172,2
94,40,71.39981110044172,2
94,41,71.39981110044172,2
94,42,71.39981110044172,2
94,43,71.39981110044172,2
94,44,71.39981110044172,2
94,45,71.39981110044172,2
94,46,71.39981110044172,2
94,47,71.39981110044172,2
94,48,71.39981110044172,2
94,49,71.39981110044172,2
95,0,71.39981110044172,2
95,1,71.39981110044172,2
95,2,71.39981110044172,2
95,3,71.39981110044172,2
95,4,71.39981110044172,2
95,5,71.39981110044172,2
95,6,71.39981110044172,2
95,7,71.39981110044172,2
95,8,71.39981110044172,2
95,9,71.39981110044172,2
95,10,71.39981110044172,2
95,11,71.39981110044172,2
95,12,71.39981110044172,2
95,13,71.39981110044172,2
95,14,71.39981110044172,2
95,15,71.39981110044172,2
95,16,71.39981110044172,2
95,17,71.39981110044172,2
95,18,71.39981110044172,2
95,19,71.39981110044172,2
95,20,71.39981110044172,2
95,21,71.39981110044172,2
95,22,71.39981110044172,2
95,23,71.39981110044172,2
95,24,71.39981110044172,2
95,25,71.39981110044172,2
95,26,71.39981110044172,2
95,27,71.39981110044172,2
95,28,71.39981110044172,2
95,29,71.39981110044172,2
95,30,71.39981110044172,2
95,31,71.39981110044172,2
95,32,71.39981110044172,2
95,33,71.39981110044172,2
95,34,71.39981110044172,2
95,35,71.39981110044172,2
95,36,71.39981110044172,2
95,37,71.39981110044172,2
95,38,71.39981110044172,2
95,39,71.39981110044172,2
95,40,71.39981110044172,2
95,41,71.39981110044172,2
95,42,71.39981110044172,2
95,43,71.39981110044172,2
95,44,71.39981110044172,2
95,45,71.39981110044172,2
95,46,71.39981110044172,2
95,47,71.39981110044172,2
95,48,71.39981110044172,2
95,49,71.39981110044172,2
96,0,71.39981110044172,2
96,1,71.39981110044172,2
96,2,71.39981110044172,2
96,3,71.39981110044172,2
96,4,71.39981110044172,2
96,5,71.39981110044172,2
96,6,71.39981110044172,2
96,7,71.39981110044172,2
96,8,71.39981110044172,2
96,9,71.39981110044172,2
96,10,71.39981110044172,2
96,11,71.39981110044172,2
96,12,71.39981110044172,2
96,13,71.39981110044172,2
96,14,71.39981110044172,2
96,15,71.39981110044172,2
96,16,71.39981110044172,2
96,17,71.39981110044172,2
96,18,71.39981110044172,2
96,19,71.39981110044172,2
96,20,71.39981110044172,2
96,21,71.39981110044172,2
96,22,71.39981110044172,2
96,23,71.39981110044172,2
96,24,71.39981110044172,2
96,25,71.39981110044172,2
96,26,71.39981110044172,2
96,27,71.39981110044172,2
96,28,71.39981110044172,2
96,29,71.39981110044172,2
96,30,71.39981110044172,2
96,31,71.39981110044172,2
96,32,71.39981110044172,2
96,33,71.39981110044172,2
96,34,71.39981110044172,2
96,35,71.39981110044172,2
96,36,71.39981110044172,2
96,37,71.39981110044172,2
96,38,71.39981110044172,2
96,39,71.39981110044172,2
96,40,71.39981110044172,2
96,41,71.39981110044172,2
96,42,71.39981110044172,2
96,43,71.39981110044172,2
96,44,71.39981110044172,2
96,45,71.39981110044172,2
96,46,71.39981110044172,2
96,47,71.39981110044172,2
96,48,71.39981110044172,2
96,49,71.39981110044172,2
97,0,71.39981110044172,2
97,1,71.39981110044172,2
97,2,71.39981110044172,2
97,3,71.39981110044172,2
97,4,71.39981110044172,2
97,5,71.39981110044172,2
97,6,71.39981110044172,2
97,7,71.39981110044172,2
97,8,71.39981110044172,2
97,9,71.39981110044172,2
97,10,71.39981110044172,2
97,11,71.39981110044172,2
97,12,71.39981110044172,2
97,13,71.39981110044172,2
97,14,71.39981110044172,2
97,15,71.39981110044172,2
97,16,71.39981110044172,2
97,17,71.39981110044172,2
97,18,71.39981110044172,2
97,19,71.39981110044172,2
97,20,71.39981110044172,2
97,21,71.39981110044172,2
97,22,71.39981110044172,2
97,23,71.39981110044172,2
97,24,71.39981110044172,2
97,25,71.39981110044172,2
97,26,71.39981110044172,2
97,27,71.39981110044172,2
97,28,71.39981110044172,2
97,29,71.39981110044172,2
97,30,71.39981110044172,2
97,31,71.39981110044172,2
97,32,71.39981110044172,2
97,33,71.39981110044172,2
97,34,71.39981110044172,2
97,35,71.39981110044172,2
97,36,71.39981110044172,2
97,37,71.39981110044172,2
97,38,71.39981110044172,2
97,39,71.39981110044172,2
97,40,71.39981110044172,2
97,41,71.39981110044172,2
97,42,71.39981110044172,2
97,43,71.39981110044172,2
97,44,71.39981110044172,2
97,45,71.39981110044172,2
97,46,71.39981110044172,2
97,47,71.39981110044172,2
97,48,71.39981110044172,2
97,49,71.39981110044172,2
98,0,71.39981110044172,2
98,1,71.39981110044172,2
98,2,71.39981110044172,2
98,3,71.39981110044172,2
98,4,71.39981110044172,2
98,5,71.39981110044172,2
98,6,71.39981110044172,2
98,7,71.39981110044172,2
98,8,71.39981110044172,2
98,9,71.39981110044172,2
98,10,71.39981110044172,2
98,11,71.39981110044172,2
98,12,71.39981110044172,2
98,13,71.39981110044172,2
98,14,71.39981110044172,2
98,15,71.39981110044172,2
98,16,71.39981110044172,2
98,17,71.39981110044172,2
98,18,71.39981110044172,2
98,19,71.39981110044172,2
98,20,71.39981110044172,2
98,21,71.39981110044172,2
98,22,71.39981110044172,2
98,23,71.39981110044172,2
98,24,71.39981110044172,2
98,25,71.39981110044172,2
98,26,71.39981110044172,2
98,27,71.39981110044172,2
98,28,71.39981110044172,2
98,29,71.39981110044172,2
98,30,71.39981110044172,2
98,31,71.39981110044172,2
98,32,71.39981110044172,2
98,33,71.39981110044172,2
98,34,71.39981110044172,2
98,35,71.39981110044172,2
98,36,71.39981110044172,2
98,37,71.39981110044172,2
98,38,71.39981110044172,2
98,39,71.39981110044172,2
98,40,71.39981110044172,2
98,41,71.39981110044172,2
98,42,71.39981110044172,2
98,43,71.39981110044172,2
98,44,71.39981110044172,2
98,45,71.39981110044172,2
98,46,71.39981110044172,2
98,47,71.39981110044172,2
98,48,71.39981110044172,2
98,49,71.39981110044172,2
99,0,71.39981110044172,2
99,1,71.39981110044172,2
99,2,71.39981110044172,2
99,3,71.39981110044172,2
99,4,71.39981110044172,2
99,5,71.39981110044172,2
99,6,71.39981110044172,2
99,7,71.39981110044172,2
99,8,71.39981110044172,2
99,9,71.39981110044172,2
99,10,71.39981110044172,2
99,11,71.39981110044172,2
99,12,71.39981110044172,2
99,13,71.39981110044172,2
99,14,71.39981110044172,2
99,15,71.39981110044172,2
99,16,71.39981110044172,2
99,17,71.39981110044172,2
99,18,71.39981110044172,2
99,19,71.39981110044172,2
99,20,71.39981110044172,2
99,21,71.39981110044172,2
99,22,71.39981110044172,2
99,23,71.39981110044172,2
99,24,71.39981110044172,2
99,25,71.39981110044172,2
99,26,71.39981110044172,2
99,27,71.39981110044172,2
99,28,71.39981110044172,2
99,29,71.39981110044172,2
99,30,71.39981110044172,2
99,31,71.39981110044172,2
99,32,71.39981110044172,2
99,33,71.39981110044172,2
99,34,71.39981110044172,2
99,35,71.39981110044172,2
99,36,71.39981110044172,2
99,37,71.39981110044172,2
99,38,71.39981110044172,2
99,39,71.39981110044172,2
99,40,71.39981110044172,2
99,41,71.39981110044172,2
99,42,71.39981110044172,2
99,43,71.39981110044172,2
99,44,71.39981110044172,2
99,45,71.39981110044172,2
99,46,71.39981110044172,2
99,47,71.39981110044172,2
99,48,71.39981110044172,2
99,49,71.39981110044172,2
100,0,71.39981110044172,2
100,1,71.39981110044172,2
100,2,71.39981110044172,2
100,3,71.39981110044172,2
100,4,71.39981110044172,2
100,5,71.39981110044172,2
100,6,71.39981110044172,2
100,7,71.39981110044172,2
100,8,71.39981110044172,2
100,9,71.39981110044172,2
100,10,71.39981110044172,2
100,11,71.39981110044172,2
100,12,71.39981110044172,2
100,13,71.39981110044172,2
100,14,71.39981110044172,2
100,15,71.39981110044172,2
100,16,71.39981110044172,2
100,17,71.39981110044172,2
100,18,71.39981110044172,2
100,19,71.39981110044172,2
100,20,71.39981110044172,2
100,21,71.39981110044172,2
100,22,71.39981110044172,2
100,23,71.39981110044172,2
100,24,71.39981110044172,2
100,25,71.39981110044172,2
100,26,71.39981110044172,2
100,27,71.39981110044172,2
100,28,71.39981110044172,2
100,29,71.39981110044172,2
100,30,71.39981110044172,2
100,31,71.39981110044172,2
100,32,71.39981110044172,2
100,33,71.39981110044172,2
100,34,71.39981110044172,2
100,35,71.39981110044172,2
100,36,71.39981110044172,2
100,37,71.39981110044172,2
100,38,71.39981110044172,2
100,39,71.39981110044172,2
100,40,71.39981110044172,2
100,41,71.39981110044172,2
100,42,71.39981110044172,2
100,43,71.39981110044172,2
100,44,71.39981110044172,2
100,45,71.39981110044172,2
100,46,71.39981110044172,2
100,47,71.39981110044172,2
100,48,71.39981110044172,2
100,49,71.39981110044172,2
