iteration,particle_index,f1_distance,f2_vehicles
0,0,82.01034979270949,2
0,1,83.04239382420164,2
0,2,82.01034979270948,2
0,3,88.81391186162764,2
0,4,84.60095636325916,2
0,5,76.74640729926402,3
0,6,82.91000592900915,2
0,7,71.39981110044172,2
0,8,82.91000592900916,2
0,9,93.39369927858559,2
0,10,85.4136576703494,2
0,11,85.4136576703494,2
0,12,82.01034979270949,2
0,13,71.39981110044172,2
0,14,76.87325264195536,3
0,15,76.87325264195536,3
0,16,83.01160259797084,3
0,17,71.39981110044172,2
0,18,93.39369927858559,2
0,19,83.01160259797084,3
0,20,84.60095636325916,2
0,21,83.04239382420164,2
0,22,93.39369927858559,2
0,23,71.39981110044172,2
0,24,93.39369927858559,2
0,25,71.39981110044172,2
0,26,73.2445564390241,2
0,27,85.41365767034941,2
0,28,85.4136576703494,2
0,29,76.74640729926402,3
0,30,82.01034979270949,2
0,31,82.01034979270949,2
0,32,83.04239382420164,2
0,33,82.91000592900915,2
0,34,85.41365767034938,2
0,35,83.04239382420164,2
0,36,88.81391186162764,2
0,37,83.04239382420164,2
0,38,88.81391186162763,2
0,39,82.91000592900916,2
0,40,83.04239382420164,2
0,41,83.04239382420164,2
0,42,83.01160259797084,3
0,43,83.04239382420164,2
0,44,71.39981110044172,2
0,45,71.39981110044172,2
0,46,73.2445564390241,2
0,47,83.04239382420162,2
0,48,85.4136576703494,2
0,49,82.01034979270949,2
1,0,82.01034979270949,2
1,1,84.60095636325916,2
1,2,85.41365767034941,2
1,3,71.39981110044172,2
1,4,73.2445564390241,2
1,5,73.2445564390241,2
1,6,88.81391186162764,2
1,7,73.2445564390241,2
1,8,82.01034979270949,2
1,9,84.60095636325916,2
1,10,88.81391186162764,2
1,11,82.91000592900916,2
1,12,84.60095636325917,2
1,13,71.39981110044172,2
1,14,71.39981110044172,2
1,15,71.39981110044172,2
1,16,85.4136576703494,2
1,17,71.39981110044172,2
1,18,82.01034979270949,2
1,19,71.39981110044172,2
1,20,93.39369927858557,2
1,21,82.91000592900915,2
1,22,71.39981110044172,2
1,23,73.2445564390241,2
1,24,71.39981110044172,2
1,25,83.04239382420164,2
1,26,83.04239382420162,2
1,27,73.2445564390241,2
1,28,84.60095636325916,2
1,29,71.39981110044172,2
1,30,71.39981110044172,2
1,31,73.2445564390241,2
1,32,71.39981110044172,2
1,33,83.01160259797084,3
1,34,83.04239382420164,2
1,35,83.04239382420164,2
1,36,71.39981110044172,2
1,37,84.60095636325917,2
1,38,83.04239382420164,2
1,39,73.2445564390241,2
1,40,73.2445564390241,2
1,41,82.91000592900915,2
1,42,71.39981110044172,2
1,43,71.39981110044172,2
1,44,71.39981110044172,2
1,45,82.01034979270949,2
1,46,71.39981110044172,2
1,47,71.39981110044172,2
1,48,71.39981110044172,2
1,49,82.91000592900915,2
2,0,82.01034979270949,2
2,1,73.2445564390241,2
2,2,84.60095636325916,2
2,3,71.39981110044172,2
2,4,85.41365767034941,2
2,5,83.04239382420164,2
2,6,82.91000592900915,2
2,7,71.39981110044172,2
2,8,83.04239382420164,2
2,9,73.2445564390241,2
2,10,71.39981110044172,2
2,11,73.2445564390241,2
2,12,82.01034979270949,2
2,13,88.81391186162764,2
2,14,73.2445564390241,2
2,15,73.2445564390241,2
2,16,88.81391186162764,2
2,17,83.04239382420164,2
2,18,71.39981110044172,2
2,19,71.39981110044172,2
2,20,71.39981110044172,2
2,21,82.91000592900915,2
2,22,73.2445564390241,2
2,23,82.91000592900916,2
2,24,71.39981110044172,2
2,25,82.01034979270949,2
2,26,82.01034979270949,2
2,27,82.01034979270949,2
2,28,88.81391186162764,2
2,29,71.39981110044172,2
2,30,71.39981110044172,2
2,31,83.04239382420162,2
2,32,82.01034979270949,2
2,33,82.91000592900916,2
2,34,71.39981110044172,2
2,35,71.39981110044172,2
2,36,71.39981110044172,2
2,37,71.39981110044172,2
2,38,71.39981110044172,2
2,39,73.2445564390241,2
2,40,93.39369927858557,2
2,41,71.39981110044172,2
2,42,71.39981110044172,2
2,43,71.39981110044172,2
2,44,71.39981110044172,2
2,45,71.39981110044172,2
2,46,73.2445564390241,2
2,47,82.01034979270949,2
2,48,73.2445564390241,2
2,49,71.39981110044172,2
3,0,71.39981110044172,2
3,1,71.39981110044172,2
3,2,82.01034979270949,2
3,3,71.39981110044172,2
3,4,85.41365767034941,2
3,5,71.39981110044172,2
3,6,71.39981110044172,2
3,7,82.01034979270949,2
3,8,85.41365767034941,2
3,9,82.01034979270949,2
3,10,82.91000592900915,2
3,11,85.41365767034941,2
3,12,82.01034979270949,2
3,13,85.4136576703494,2
3,14,84.60095636325917,2
3,15,71.39981110044172,2
3,16,82.01034979270949,2
3,17,71.39981110044172,2
3,18,85.4136576703494,2
3,19,71.39981110044172,2
3,20,71.39981110044172,2
3,21,71.39981110044172,2
3,22,71.39981110044172,2
3,23,82.01034979270949,2
3,24,82.01034979270949,2
3,25,84.60095636325916,2
3,26,82.01034979270949,2
3,27,71.39981110044172,2
3,28,82.01034979270949,2
3,29,73.2445564390241,2
3,30,71.39981110044172,2
3,31,84.60095636325916,2
3,32,85.4136576703494,2
3,33,85.41365767034941,2
3,34,71.39981110044172,2
3,35,73.2445564390241,2
3,36,82.91000592900915,2
3,37,71.39981110044172,2
3,38,73.2445564390241,2
3,39,82.01034979270948,2
3,40,71.39981110044172,2
3,41,71.39981110044172,2
3,42,71.39981110044172,2
3,43,71.39981110044172,2
3,44,83.04239382420162,2
3,45,84.60095636325916,2
3,46,71.39981110044172,2
3,47,82.01034979270949,2
3,48,73.2445564390241,2
3,49,71.39981110044172,2
4,0,71.39981110044172,2
4,1,71.39981110044172,2
4,2,83.04239382420162,2
4,3,73.2445564390241,2
4,4,73.2445564390241,2
4,5,71.39981110044172,2
4,6,71.39981110044172,2
4,7,71.39981110044172,2
4,8,73.2445564390241,2
4,9,85.4136576703494,2
4,10,71.39981110044172,2
4,11,71.39981110044172,2
4,12,76.87325264195536,3
4,13,73.2445564390241,2
4,14,82.01034979270949,2
4,15,88.81391186162764,2
4,16,88.81391186162764,2
4,17,71.39981110044172,2
4,18,85.4136576703494,2
4,19,85.4136576703494,2
4,20,71.39981110044172,2
4,21,82.01034979270949,2
4,22,82.01034979270949,2
4,23,82.91000592900915,2
4,24,88.81391186162763,2
4,25,71.39981110044172,2
4,26,83.04239382420164,2
4,27,73.2445564390241,2
4,28,71.39981110044172,2
4,29,84.60095636325917,2
4,30,93.39369927858557,2
4,31,83.04239382420164,2
4,32,85.4136576703494,2
4,33,73.2445564390241,2
4,34,82.01034979270949,2
4,35,73.2445564390241,2
4,36,88.81391186162764,2
4,37,82.01034979270949,2
4,38,71.39981110044172,2
4,39,73.2445564390241,2
4,40,83.04239382420164,2
4,41,83.04239382420162,2
4,42,83.04239382420164,2
4,43,83.04239382420164,2
4,44,83.01160259797084,3
4,45,88.81391186162763,2
4,46,82.01034979270949,2
4,47,85.4136576703494,2
4,48,71.39981110044172,2
4,49,71.39981110044172,2
5,0,93.39369927858559,2
5,1,71.39981110044172,2
5,2,84.60095636325916,2
5,3,85.4136576703494,2
5,4,82.91000592900916,2
5,5,73.2445564390241,2
5,6,82.01034979270949,2
5,7,73.2445564390241,2
5,8,93.39369927858557,2
5,9,71.39981110044172,2
5,10,71.39981110044172,2
5,11,82.91000592900915,2
5,12,76.87325264195536,3
5,13,73.2445564390241,2
5,14,84.60095636325916,2
5,15,82.01034979270949,2
5,16,83.04239382420164,2
5,17,71.39981110044172,2
5,18,71.39981110044172,2
5,19,93.39369927858557,2
5,20,82.01034979270949,2
5,21,71.39981110044172,2
5,22,82.01034979270949,2
5,23,71.39981110044172,2
5,24,71.39981110044172,2
5,25,82.91000592900916,2
5,26,82.01034979270949,2
5,27,71.39981110044172,2
5,28,71.39981110044172,2
5,29,71.39981110044172,2
5,30,71.39981110044172,2
5,31,82.91000592900916,2
5,32,73.2445564390241,2
5,33,71.39981110044172,2
5,34,83.04239382420164,2
5,35,73.2445564390241,2
5,36,93.39369927858559,2
5,37,84.60095636325917,2
5,38,82.01034979270949,2
5,39,83.04239382420164,2
5,40,73.2445564390241,2
5,41,82.91000592900915,2
5,42,73.2445564390241,2
5,43,83.04239382420164,2
5,44,73.2445564390241,2
5,45,82.91000592900916,2
5,46,71.39981110044172,2
5,47,71.39981110044172,2
5,48,85.4136576703494,2
5,49,71.39981110044172,2
6,0,82.01034979270949,2
6,1,82.01034979270949,2
6,2,82.91000592900915,2
6,3,82.91000592900915,2
6,4,84.60095636325916,2
6,5,85.4136576703494,2
6,6,82.91000592900916,2
6,7,71.39981110044172,2
6,8,73.2445564390241,2
6,9,73.2445564390241,2
6,10,88.81391186162764,2
6,11,82.91000592900915,2
6,12,82.01034979270949,2
6,13,85.4136576703494,2
6,14,84.60095636325916,2
6,15,73.2445564390241,2
6,16,71.39981110044172,2
6,17,83.04239382420164,2
6,18,88.81391186162763,2
6,19,73.2445564390241,2
6,20,71.39981110044172,2
6,21,85.4136576703494,2
6,22,84.60095636325917,2
6,23,71.39981110044172,2
6,24,85.4136576703494,2
6,25,85.4136576703494,2
6,26,82.01034979270949,2
6,27,82.91000592900915,2
6,28,71.39981110044172,2
6,29,73.2445564390241,2
6,30,71.39981110044172,2
6,31,71.39981110044172,2
6,32,73.2445564390241,2
6,33,71.39981110044172,2
6,34,71.39981110044172,2
6,35,82.91000592900915,2
6,36,71.39981110044172,2
6,37,73.2445564390241,2
6,38,71.39981110044172,2
6,39,82.01034979270949,2
6,40,73.2445564390241,2
6,41,71.39981110044172,2
6,42,83.01160259797084,3
6,43,71.39981110044172,2
6,44,71.39981110044172,2
6,45,85.41365767034941,2
6,46,83.04239382420162,2
6,47,71.39981110044172,2
6,48,71.39981110044172,2
6,49,84.60095636325916,2
7,0,83.04239382420164,2
7,1,82.01034979270949,2
7,2,71.39981110044172,2
7,3,82.91000592900915,2
7,4,82.01034979270949,2
7,5,82.01034979270949,2
7,6,71.39981110044172,2
7,7,82.01034979270949,2
7,8,85.41365767034941,2
7,9,85.41365767034941,2
7,10,71.39981110044172,2
7,11,71.39981110044172,2
7,12,73.2445564390241,2
7,13,71.39981110044172,2
7,14,84.60095636325916,2
7,15,82.01034979270949,2
7,16,71.39981110044172,2
7,17,76.87325264195536,3
7,18,71.39981110044172,2
7,19,71.39981110044172,2
7,20,71.39981110044172,2
7,21,71.39981110044172,2
7,22,71.39981110044172,2
7,23,71.39981110044172,2
7,24,82.01034979270949,2
7,25,85.4136576703494,2
7,26,82.91000592900916,2
7,27,85.4136576703494,2
7,28,82.01034979270949,2
7,29,71.39981110044172,2
7,30,71.39981110044172,2
7,31,71.39981110044172,2
7,32,71.39981110044172,2
7,33,71.39981110044172,2
7,34,93.39369927858557,2
7,35,88.81391186162764,2
7,36,71.39981110044172,2
7,37,82.91000592900916,2
7,38,71.39981110044172,2
7,39,83.04239382420162,2
7,40,73.2445564390241,2
7,41,71.39981110044172,2
7,42,73.2445564390241,2
7,43,73.2445564390241,2
7,44,71.39981110044172,2
7,45,84.60095636325916,2
7,46,93.39369927858557,2
7,47,82.91000592900915,2
7,48,71.39981110044172,2
7,49,73.2445564390241,2
8,0,73.2445564390241,2
8,1,73.2445564390241,2
8,2,85.4136576703494,2
8,3,71.39981110044172,2
8,4,71.39981110044172,2
8,5,71.39981110044172,2
8,6,71.39981110044172,2
8,7,71.39981110044172,2
8,8,73.2445564390241,2
8,9,73.2445564390241,2
8,10,71.39981110044172,2
8,11,73.2445564390241,2
8,12,73.2445564390241,2
8,13,73.2445564390241,2
8,14,73.2445564390241,2
8,15,82.91000592900915,2
8,16,71.39981110044172,2
8,17,71.39981110044172,2
8,18,82.01034979270949,2
8,19,71.39981110044172,2
8,20,71.39981110044172,2
8,21,71.39981110044172,2
8,22,71.39981110044172,2
8,23,71.39981110044172,2
8,24,84.60095636325916,2
8,25,82.01034979270949,2
8,26,82.01034979270949,2
8,27,83.04239382420162,2
8,28,71.39981110044172,2
8,29,88.81391186162764,2
8,30,71.39981110044172,2
8,31,82.91000592900915,2
8,32,85.4136576703494,2
8,33,71.39981110044172,2
8,34,84.60095636325916,2
8,35,88.81391186162764,2
8,36,71.39981110044172,2
8,37,73.2445564390241,2
8,38,84.60095636325916,2
8,39,71.39981110044172,2
8,40,71.39981110044172,2
8,41,71.39981110044172,2
8,42,71.39981110044172,2
8,43,73.2445564390241,2
8,44,71.39981110044172,2
8,45,88.81391186162763,2
8,46,71.39981110044172,2
8,47,73.2445564390241,2
8,48,73.2445564390241,2
8,49,73.2445564390241,2
9,0,82.91000592900915,2
9,1,71.39981110044172,2
9,2,71.39981110044172,2
9,3,84.60095636325916,2
9,4,73.2445564390241,2
9,5,73.2445564390241,2
9,6,71.39981110044172,2
9,7,73.2445564390241,2
9,8,71.39981110044172,2
9,9,71.39981110044172,2
9,10,71.39981110044172,2
9,11,71.39981110044172,2
9,12,71.39981110044172,2
9,13,73.2445564390241,2
9,14,73.2445564390241,2
9,15,71.39981110044172,2
9,16,82.01034979270949,2
9,17,71.39981110044172,2
9,18,71.39981110044172,2
9,19,73.2445564390241,2
9,20,73.2445564390241,2
9,21,71.39981110044172,2
9,22,71.39981110044172,2
9,23,71.39981110044172,2
9,24,82.91000592900916,2
9,25,73.2445564390241,2
9,26,71.39981110044172,2
9,27,73.2445564390241,2
9,28,71.39981110044172,2
9,29,85.4136576703494,2
9,30,82.01034979270949,2
9,31,84.60095636325916,2
9,32,71.39981110044172,2
9,33,73.2445564390241,2
9,34,84.60095636325917,2
9,35,73.2445564390241,2
9,36,71.39981110044172,2
9,37,71.39981110044172,2
9,38,82.01034979270949,2
9,39,73.2445564390241,2
9,40,83.04239382420164,2
9,41,71.39981110044172,2
9,42,71.39981110044172,2
9,43,82.01034979270949,2
9,44,71.39981110044172,2
9,45,73.2445564390241,2
9,46,82.01034979270949,2
9,47,88.81391186162764,2
9,48,82.01034979270949,2
9,49,71.39981110044172,2
10,0,93.39369927858559,2
10,1,85.4136576703494,2
10,2,73.2445564390241,2
10,3,71.39981110044172,2
10,4,73.2445564390241,2
10,5,71.39981110044172,2
10,6,73.2445564390241,2
10,7,82.01034979270949,2
10,8,84.60095636325917,2
10,9,71.39981110044172,2
10,10,71.39981110044172,2
10,11,88.81391186162764,2
10,12,71.39981110044172,2
10,13,85.4136576703494,2
10,14,83.04239382420164,2
10,15,83.04239382420162,2
10,16,82.91000592900915,2
10,17,83.04239382420164,2
10,18,84.60095636325916,2
10,19,71.39981110044172,2
10,20,71.39981110044172,2
10,21,85.4136576703494,2
10,22,84.60095636325917,2
10,23,71.39981110044172,2
10,24,84.60095636325916,2
10,25,83.04239382420162,2
10,26,73.2445564390241,2
10,27,82.91000592900915,2
10,28,71.39981110044172,2
10,29,71.39981110044172,2
10,30,73.2445564390241,2
10,31,71.39981110044172,2
10,32,82.91000592900915,2
10,33,73.2445564390241,2
10,34,82.91000592900915,2
10,35,71.39981110044172,2
10,36,73.2445564390241,2
10,37,82.01034979270949,2
10,38,71.39981110044172,2
10,39,83.04239382420164,2
10,40,71.39981110044172,2
10,41,88.81391186162763,2
10,42,85.4136576703494,2
10,43,71.39981110044172,2
10,44,73.2445564390241,2
10,45,82.91000592900916,2
10,46,83.04239382420164,2
10,47,84.60095636325916,2
10,48,84.60095636325916,2
10,49,71.39981110044172,2
11,0,82.01034979270949,2
11,1,73.2445564390241,2
11,2,73.2445564390241,2
11,3,71.39981110044172,2
11,4,82.91000592900915,2
11,5,85.4136576703494,2
11,6,73.2445564390241,2
11,7,71.39981110044172,2
11,8,88.81391186162764,2
11,9,71.39981110044172,2
11,10,82.01034979270949,2
11,11,71.39981110044172,2
11,12,71.39981110044172,2
11,13,71.39981110044172,2
11,14,82.01034979270949,2
11,15,71.39981110044172,2
11,16,85.4136576703494,2
11,17,83.04239382420164,2
11,18,88.81391186162764,2
11,19,82.91000592900915,2
11,20,84.60095636325916,2
11,21,85.4136576703494,2
11,22,84.60095636325917,2
11,23,71.39981110044172,2
11,24,85.4136576703494,2
11,25,82.91000592900915,2
11,26,71.39981110044172,2
11,27,71.39981110044172,2
11,28,71.39981110044172,2
11,29,73.2445564390241,2
11,30,84.60095636325916,2
11,31,73.2445564390241,2
11,32,71.39981110044172,2
11,33,82.91000592900915,2
11,34,82.91000592900915,2
11,35,73.2445564390241,2
11,36,85.4136576703494,2
11,37,82.01034979270949,2
11,38,73.2445564390241,2
11,39,82.01034979270949,2
11,40,71.39981110044172,2
11,41,73.2445564390241,2
11,42,71.39981110044172,2
11,43,73.2445564390241,2
11,44,88.81391186162764,2
11,45,82.91000592900916,2
11,46,73.2445564390241,2
11,47,73.2445564390241,2
11,48,76.74640729926402,3
11,49,71.39981110044172,2
12,0,82.01034979270949,2
12,1,88.81391186162764,2
12,2,73.2445564390241,2
12,3,71.39981110044172,2
12,4,71.39981110044172,2
12,5,85.4136576703494,2
12,6,73.2445564390241,2
12,7,71.39981110044172,2
12,8,73.2445564390241,2
12,9,88.81391186162764,2
12,10,71.39981110044172,2
12,11,71.39981110044172,2
12,12,71.39981110044172,2
12,13,71.39981110044172,2
12,14,83.01160259797084,3
12,15,83.04239382420164,2
12,16,85.4136576703494,2
12,17,71.39981110044172,2
12,18,71.39981110044172,2
12,19,82.91000592900915,2
12,20,71.39981110044172,2
12,21,71.39981110044172,2
12,22,71.39981110044172,2
12,23,71.39981110044172,2
12,24,71.39981110044172,2
12,25,82.01034979270949,2
12,26,82.01034979270949,2
12,27,73.2445564390241,2
12,28,71.39981110044172,2
12,29,88.81391186162764,2
12,30,76.74640729926402,3
12,31,71.39981110044172,2
12,32,84.60095636325916,2
12,33,82.91000592900915,2
12,34,93.39369927858557,2
12,35,71.39981110044172,2
12,36,82.91000592900915,2
12,37,71.39981110044172,2
12,38,85.41365767034941,2
12,39,82.01034979270949,2
12,40,82.91000592900915,2
12,41,73.2445564390241,2
12,42,82.91000592900915,2
12,43,84.60095636325917,2
12,44,71.39981110044172,2
12,45,83.04239382420164,2
12,46,71.39981110044172,2
12,47,71.39981110044172,2
12,48,71.39981110044172,2
12,49,71.39981110044172,2
13,0,71.39981110044172,2
13,1,73.2445564390241,2
13,2,71.39981110044172,2
13,3,93.39369927858559,2
13,4,84.60095636325916,2
13,5,71.39981110044172,2
13,6,88.81391186162764,2
13,7,71.39981110044172,2
13,8,73.2445564390241,2
13,9,88.81391186162764,2
13,10,71.39981110044172,2
13,11,71.39981110044172,2
13,12,71.39981110044172,2
13,13,71.39981110044172,2
13,14,71.39981110044172,2
13,15,73.2445564390241,2
13,16,71.39981110044172,2
13,17,73.2445564390241,2
13,18,71.39981110044172,2
13,19,71.39981110044172,2
13,20,82.91000592900915,2
13,21,88.81391186162763,2
13,22,71.39981110044172,2
13,23,73.2445564390241,2
13,24,71.39981110044172,2
13,25,73.2445564390241,2
13,26,82.91000592900916,2
13,27,71.39981110044172,2
13,28,82.91000592900916,2
13,29,84.60095636325916,2
13,30,73.2445564390241,2
13,31,71.39981110044172,2
13,32,82.01034979270949,2
13,33,71.39981110044172,2
13,34,93.39369927858557,2
13,35,71.39981110044172,2
13,36,71.39981110044172,2
13,37,71.39981110044172,2
13,38,73.2445564390241,2
13,39,82.01034979270948,2
13,40,76.74640729926402,3
13,41,71.39981110044172,2
13,42,71.39981110044172,2
13,43,71.39981110044172,2
13,44,71.39981110044172,2
13,45,88.81391186162763,2
13,46,82.91000592900915,2
13,47,76.74640729926402,3
13,48,71.39981110044172,2
13,49,71.39981110044172,2
14,0,83.04239382420164,2
14,1,82.91000592900915,2
14,2,82.91000592900915,2
14,3,82.01034979270949,2
14,4,71.39981110044172,2
14,5,82.91000592900915,2
14,6,73.2445564390241,2
14,7,83.04239382420164,2
14,8,71.39981110044172,2
14,9,85.4136576703494,2
14,10,82.01034979270949,2
14,11,85.4136576703494,2
14,12,71.39981110044172,2
14,13,83.04239382420164,2
14,14,71.39981110044172,2
14,15,71.39981110044172,2
14,16,73.2445564390241,2
14,17,71.39981110044172,2
14,18,85.4136576703494,2
14,19,71.39981110044172,2
14,20,88.81391186162764,2
14,21,73.2445564390241,2
14,22,73.2445564390241,2
14,23,71.39981110044172,2
14,24,93.39369927858557,2
14,25,84.60095636325916,2
14,26,73.2445564390241,2
14,27,71.39981110044172,2
14,28,71.39981110044172,2
14,29,73.2445564390241,2
14,30,71.39981110044172,2
14,31,88.81391186162764,2
14,32,73.2445564390241,2
14,33,73.2445564390241,2
14,34,71.39981110044172,2
14,35,71.39981110044172,2
14,36,88.81391186162764,2
14,37,71.39981110044172,2
14,38,82.01034979270949,2
14,39,73.2445564390241,2
14,40,84.60095636325916,2
14,41,88.81391186162763,2
14,42,84.60095636325917,2
14,43,71.39981110044172,2
14,44,76.74640729926402,3
14,45,76.87325264195536,3
14,46,82.91000592900915,2
14,47,71.39981110044172,2
14,48,71.39981110044172,2
14,49,82.01034979270949,2
15,0,71.39981110044172,2
15,1,85.4136576703494,2
15,2,71.39981110044172,2
15,3,71.39981110044172,2
15,4,73.2445564390241,2
15,5,71.39981110044172,2
15,6,82.01034979270949,2
15,7,83.04239382420164,2
15,8,93.39369927858557,2
15,9,73.2445564390241,2
15,10,82.01034979270949,2
15,11,82.91000592900915,2
15,12,71.39981110044172,2
15,13,71.39981110044172,2
15,14,71.39981110044172,2
15,15,85.4136576703494,2
15,16,82.01034979270949,2
15,17,82.01034979270949,2
15,18,88.81391186162763,2
15,19,82.91000592900915,2
15,20,71.39981110044172,2
15,21,71.39981110044172,2
15,22,73.2445564390241,2
15,23,84.60095636325916,2
15,24,73.2445564390241,2
15,25,84.60095636325916,2
15,26,71.39981110044172,2
15,27,88.81391186162763,2
15,28,71.39981110044172,2
15,29,71.39981110044172,2
15,30,71.39981110044172,2
15,31,71.39981110044172,2
15,32,71.39981110044172,2
15,33,82.91000592900915,2
15,34,82.01034979270949,2
15,35,73.2445564390241,2
15,36,73.2445564390241,2
15,37,83.04239382420164,2
15,38,71.39981110044172,2
15,39,93.39369927858559,2
15,40,83.04239382420164,2
15,41,82.91000592900915,2
15,42,73.2445564390241,2
15,43,73.2445564390241,2
15,44,83.01160259797084,3
15,45,85.4136576703494,2
15,46,82.01034979270949,2
15,47,71.39981110044172,2
15,48,88.81391186162764,2
15,49,71.39981110044172,2
16,0,73.2445564390241,2
16,1,73.2445564390241,2
16,2,93.39369927858557,2
16,3,85.4136576703494,2
16,4,73.2445564390241,2
16,5,71.39981110044172,2
16,6,73.2445564390241,2
16,7,73.2445564390241,2
16,8,73.2445564390241,2
16,9,82.91000592900915,2
16,10,71.39981110044172,2
16,11,71.39981110044172,2
16,12,71.39981110044172,2
16,13,71.39981110044172,2
16,14,82.01034979270949,2
16,15,73.2445564390241,2
16,16,71.39981110044172,2
16,17,82.01034979270949,2
16,18,88.81391186162763,2
16,19,71.39981110044172,2
16,20,82.01034979270949,2
16,21,82.01034979270949,2
16,22,88.81391186162763,2
16,23,73.2445564390241,2
16,24,82.01034979270949,2
16,25,76.87325264195536,3
16,26,71.39981110044172,2
16,27,83.04239382420164,2
16,28,71.39981110044172,2
16,29,88.81391186162764,2
16,30,71.39981110044172,2
16,31,71.39981110044172,2
16,32,85.4136576703494,2
16,33,71.39981110044172,2
16,34,82.01034979270949,2
16,35,85.4136576703494,2
16,36,84.60095636325917,2
16,37,88.81391186162763,2
16,38,71.39981110044172,2
16,39,83.04239382420162,2
16,40,71.39981110044172,2
16,41,71.39981110044172,2
16,42,71.39981110044172,2
16,43,73.2445564390241,2
16,44,82.91000592900915,2
16,45,73.2445564390241,2
16,46,71.39981110044172,2
16,47,73.2445564390241,2
16,48,82.01034979270949,2
16,49,71.39981110044172,2
17,0,85.4136576703494,2
17,1,73.2445564390241,2
17,2,73.2445564390241,2
17,3,84.60095636325916,2
17,4,85.41365767034941,2
17,5,82.01034979270949,2
17,6,71.39981110044172,2
17,7,71.39981110044172,2
17,8,71.39981110044172,2
17,9,88.81391186162764,2
17,10,82.91000592900916,2
17,11,84.60095636325917,2
17,12,73.2445564390241,2
17,13,73.2445564390241,2
17,14,83.04239382420164,2
17,15,71.39981110044172,2
17,16,71.39981110044172,2
17,17,84.60095636325917,2
17,18,88.81391186162763,2
17,19,71.39981110044172,2
17,20,71.39981110044172,2
17,21,82.01034979270949,2
17,22,71.39981110044172,2
17,23,73.2445564390241,2
17,24,82.01034979270949,2
17,25,84.60095636325916,2
17,26,82.01034979270949,2
17,27,82.01034979270949,2
17,28,82.01034979270949,2
17,29,85.4136576703494,2
17,30,88.81391186162764,2
17,31,85.4136576703494,2
17,32,71.39981110044172,2
17,33,71.39981110044172,2
17,34,71.39981110044172,2
17,35,71.39981110044172,2
17,36,73.2445564390241,2
17,37,82.91000592900915,2
17,38,73.2445564390241,2
17,39,93.39369927858557,2
17,40,73.2445564390241,2
17,41,71.39981110044172,2
17,42,71.39981110044172,2
17,43,82.01034979270949,2
17,44,71.39981110044172,2
17,45,85.4136576703494,2
17,46,71.39981110044172,2
17,47,83.04239382420164,2
17,48,71.39981110044172,2
17,49,85.4136576703494,2
18,0,84.60095636325916,2
18,1,71.39981110044172,2
18,2,71.39981110044172,2
18,3,71.39981110044172,2
18,4,71.39981110044172,2
18,5,71.39981110044172,2
18,6,71.39981110044172,2
18,7,73.2445564390241,2
18,8,73.2445564390241,2
18,9,73.2445564390241,2
18,10,85.4136576703494,2
18,11,71.39981110044172,2
18,12,73.2445564390241,2
18,13,71.39981110044172,2
18,14,73.2445564390241,2
18,15,71.39981110044172,2
18,16,71.39981110044172,2
18,17,84.60095636325916,2
18,18,85.4136576703494,2
18,19,71.39981110044172,2
18,20,71.39981110044172,2
18,21,73.2445564390241,2
18,22,73.2445564390241,2
18,23,71.39981110044172,2
18,24,82.01034979270949,2
18,25,84.60095636325917,2
18,26,84.60095636325917,2
18,27,71.39981110044172,2
18,28,71.39981110044172,2
18,29,71.39981110044172,2
18,30,71.39981110044172,2
18,31,71.39981110044172,2
18,32,84.60095636325916,2
18,33,93.39369927858559,2
18,34,85.4136576703494,2
18,35,71.39981110044172,2
18,36,71.39981110044172,2
18,37,71.39981110044172,2
18,38,71.39981110044172,2
18,39,71.39981110044172,2
18,40,82.01034979270949,2
18,41,71.39981110044172,2
18,42,82.91000592900915,2
18,43,82.01034979270949,2
18,44,82.91000592900915,2
18,45,73.2445564390241,2
18,46,82.91000592900916,2
18,47,82.91000592900915,2
18,48,71.39981110044172,2
18,49,71.39981110044172,2
19,0,88.81391186162763,2
19,1,73.2445564390241,2
19,2,71.39981110044172,2
19,3,73.2445564390241,2
19,4,71.39981110044172,2
19,5,73.2445564390241,2
19,6,71.39981110044172,2
19,7,71.39981110044172,2
19,8,71.39981110044172,2
19,9,73.2445564390241,2
19,10,93.39369927858557,2
19,11,73.2445564390241,2
19,12,71.39981110044172,2
19,13,71.39981110044172,2
19,14,83.04239382420164,2
19,15,73.2445564390241,2
19,16,71.39981110044172,2
19,17,71.39981110044172,2
19,18,84.60095636325916,2
19,19,71.39981110044172,2
19,20,71.39981110044172,2
19,21,71.39981110044172,2
19,22,71.39981110044172,2
19,23,82.01034979270949,2
19,24,71.39981110044172,2
19,25,84.60095636325917,2
19,26,83.04239382420164,2
19,27,88.81391186162764,2
19,28,82.01034979270949,2
19,29,73.2445564390241,2
19,30,83.04239382420164,2
19,31,71.39981110044172,2
19,32,71.39981110044172,2
19,33,82.91000592900915,2
19,34,71.39981110044172,2
19,35,71.39981110044172,2
19,36,93.39369927858559,2
19,37,73.2445564390241,2
19,38,71.39981110044172,2
19,39,76.74640729926402,3
19,40,71.39981110044172,2
19,41,71.39981110044172,2
19,42,73.2445564390241,2
19,43,82.01034979270949,2
19,44,84.60095636325917,2
19,45,71.39981110044172,2
19,46,82.01034979270949,2
19,47,73.2445564390241,2
19,48,83.04239382420164,2
19,49,82.91000592900915,2
20,0,71.39981110044172,2
20,1,82.91000592900915,2
20,2,73.2445564390241,2
20,3,73.2445564390241,2
20,4,71.39981110044172,2
20,5,73.2445564390241,2
20,6,82.01034979270949,2
20,7,71.39981110044172,2
20,8,93.39369927858559,2
20,9,71.39981110044172,2
20,10,73.2445564390241,2
20,11,73.2445564390241,2
20,12,71.39981110044172,2
20,13,85.4136576703494,2
20,14,83.04239382420164,2
20,15,71.39981110044172,2
20,16,88.81391186162764,2
20,17,82.01034979270949,2
20,18,84.60095636325916,2
20,19,73.2445564390241,2
20,20,71.39981110044172,2
20,21,82.91000592900915,2
20,22,76.74640729926402,3
20,23,71.39981110044172,2
20,24,84.60095636325916,2
20,25,85.4136576703494,2
20,26,71.39981110044172,2
20,27,84.60095636325916,2
20,28,84.60095636325917,2
20,29,85.4136576703494,2
20,30,84.60095636325916,2
20,31,71.39981110044172,2
20,32,71.39981110044172,2
20,33,73.2445564390241,2
20,34,82.91000592900915,2
20,35,71.39981110044172,2
20,36,93.39369927858557,2
20,37,71.39981110044172,2
20,38,71.39981110044172,2
20,39,71.39981110044172,2
20,40,84.60095636325916,2
20,41,71.39981110044172,2
20,42,71.39981110044172,2
20,43,71.39981110044172,2
20,44,73.2445564390241,2
20,45,71.39981110044172,2
20,46,71.39981110044172,2
20,47,73.2445564390241,2
20,48,88.81391186162764,2
20,49,71.39981110044172,2
21,0,73.2445564390241,2
21,1,73.2445564390241,2
21,2,73.2445564390241,2
21,3,82.01034979270949,2
21,4,84.60095636325917,2
21,5,71.39981110044172,2
21,6,82.91000592900915,2
21,7,73.2445564390241,2
21,8,71.39981110044172,2
21,9,82.01034979270949,2
21,10,93.39369927858559,2
21,11,71.39981110044172,2
21,12,71.39981110044172,2
21,13,71.39981110044172,2
21,14,73.2445564390241,2
21,15,71.39981110044172,2
21,16,71.39981110044172,2
21,17,82.01034979270949,2
21,18,84.60095636325916,2
21,19,73.2445564390241,2
21,20,73.2445564390241,2
21,21,84.60095636325917,2
21,22,71.39981110044172,2
21,23,71.39981110044172,2
21,24,83.04239382420164,2
21,25,76.87325264195536,3
21,26,71.39981110044172,2
21,27,82.01034979270949,2
21,28,82.01034979270949,2
21,29,71.39981110044172,2
21,30,71.39981110044172,2
21,31,82.91000592900915,2
21,32,71.39981110044172,2
21,33,73.2445564390241,2
21,34,82.01034979270949,2
21,35,71.39981110044172,2
21,36,71.39981110044172,2
21,37,82.01034979270949,2
21,38,71.39981110044172,2
21,39,88.81391186162764,2
21,40,73.2445564390241,2
21,41,71.39981110044172,2
21,42,71.39981110044172,2
21,43,73.2445564390241,2
21,44,73.2445564390241,2
21,45,82.91000592900916,2
21,46,71.39981110044172,2
21,47,82.01034979270949,2
21,48,71.39981110044172,2
21,49,71.39981110044172,2
22,0,84.60095636325916,2
22,1,71.39981110044172,2
22,2,71.39981110044172,2
22,3,85.4136576703494,2
22,4,71.39981110044172,2
22,5,82.01034979270949,2
22,6,88.81391186162764,2
22,7,82.91000592900915,2
22,8,73.2445564390241,2
22,9,71.39981110044172,2
22,10,88.81391186162764,2
22,11,82.01034979270949,2
22,12,71.39981110044172,2
22,13,73.2445564390241,2
22,14,73.2445564390241,2
22,15,71.39981110044172,2
22,16,71.39981110044172,2
22,17,71.39981110044172,2
22,18,84.60095636325917,2
22,19,73.2445564390241,2
22,20,93.39369927858557,2
22,21,82.01034979270949,2
22,22,71.39981110044172,2
22,23,73.2445564390241,2
22,24,83.04239382420164,2
22,25,73.2445564390241,2
22,26,71.39981110044172,2
22,27,71.39981110044172,2
22,28,71.39981110044172,2
22,29,71.39981110044172,2
22,30,71.39981110044172,2
22,31,73.2445564390241,2
22,32,84.60095636325916,2
22,33,71.39981110044172,2
22,34,71.39981110044172,2
22,35,71.39981110044172,2
22,36,71.39981110044172,2
22,37,82.01034979270949,2
22,38,71.39981110044172,2
22,39,83.01160259797084,3
22,40,73.2445564390241,2
22,41,85.41365767034941,2
22,42,82.91000592900915,2
22,43,84.60095636325916,2
22,44,73.2445564390241,2
22,45,82.01034979270948,2
22,46,76.74640729926402,3
22,47,76.74640729926402,3
22,48,82.01034979270949,2
22,49,85.4136576703494,2
23,0,83.04239382420164,2
23,1,71.39981110044172,2
23,2,71.39981110044172,2
23,3,71.39981110044172,2
23,4,71.39981110044172,2
23,5,71.39981110044172,2
23,6,71.39981110044172,2
23,7,71.39981110044172,2
23,8,71.39981110044172,2
23,9,88.81391186162764,2
23,10,71.39981110044172,2
23,11,71.39981110044172,2
23,12,73.2445564390241,2
23,13,73.2445564390241,2
23,14,71.39981110044172,2
23,15,71.39981110044172,2
23,16,71.39981110044172,2
23,17,71.39981110044172,2
23,18,88.81391186162764,2
23,19,73.2445564390241,2
23,20,71.39981110044172,2
23,21,82.01034979270949,2
23,22,85.4136576703494,2
23,23,85.41365767034941,2
23,24,84.60095636325916,2
23,25,85.4136576703494,2
23,26,83.04239382420164,2
23,27,71.39981110044172,2
23,28,71.39981110044172,2
23,29,73.2445564390241,2
23,30,71.39981110044172,2
23,31,73.2445564390241,2
23,32,71.39981110044172,2
23,33,71.39981110044172,2
23,34,71.39981110044172,2
23,35,71.39981110044172,2
23,36,85.41365767034941,2
23,37,71.39981110044172,2
23,38,85.4136576703494,2
23,39,82.01034979270949,2
23,40,71.39981110044172,2
23,41,71.39981110044172,2
23,42,83.04239382420164,2
23,43,85.4136576703494,2
23,44,73.2445564390241,2
23,45,71.39981110044172,2
23,46,76.74640729926402,3
23,47,88.81391186162764,2
23,48,82.01034979270949,2
23,49,71.39981110044172,2
24,0,71.39981110044172,2
24,1,71.39981110044172,2
24,2,71.39981110044172,2
24,3,88.81391186162764,2
24,4,71.39981110044172,2
24,5,71.39981110044172,2
24,6,71.39981110044172,2
24,7,73.2445564390241,2
24,8,71.39981110044172,2
24,9,85.4136576703494,2
24,10,85.41365767034941,2
24,11,73.2445564390241,2
24,12,82.91000592900915,2
24,13,73.2445564390241,2
24,14,82.91000592900915,2
24,15,71.39981110044172,2
24,16,71.39981110044172,2
24,17,71.39981110044172,2
24,18,73.2445564390241,2
24,19,85.4136576703494,2
24,20,71.39981110044172,2
24,21,71.39981110044172,2
24,22,71.39981110044172,2
24,23,82.01034979270949,2
24,24,84.60095636325916,2
24,25,85.4136576703494,2
24,26,73.2445564390241,2
24,27,71.39981110044172,2
24,28,82.01034979270949,2
24,29,71.39981110044172,2
24,30,85.4136576703494,2
24,31,71.39981110044172,2
24,32,88.81391186162763,2
24,33,71.39981110044172,2
24,34,73.2445564390241,2
24,35,71.39981110044172,2
24,36,84.60095636325916,2
24,37,71.39981110044172,2
24,38,71.39981110044172,2
24,39,93.39369927858557,2
24,40,82.01034979270949,2
24,41,71.39981110044172,2
24,42,73.2445564390241,2
24,43,71.39981110044172,2
24,44,71.39981110044172,2
24,45,85.41365767034941,2
24,46,93.39369927858559,2
24,47,73.2445564390241,2
24,48,71.39981110044172,2
24,49,71.39981110044172,2
25,0,82.91000592900915,2
25,1,71.39981110044172,2
25,2,71.39981110044172,2
25,3,71.39981110044172,2
25,4,73.2445564390241,2
25,5,71.39981110044172,2
25,6,73.2445564390241,2
25,7,82.91000592900915,2
25,8,71.39981110044172,2
25,9,71.39981110044172,2
25,10,82.91000592900915,2
25,11,71.39981110044172,2
25,12,71.39981110044172,2
25,13,71.39981110044172,2
25,14,82.01034979270949,2
25,15,71.39981110044172,2
25,16,71.39981110044172,2
25,17,76.87325264195536,3
25,18,82.01034979270949,2
25,19,73.2445564390241,2
25,20,82.01034979270949,2
25,21,71.39981110044172,2
25,22,71.39981110044172,2
25,23,71.39981110044172,2
25,24,85.4136576703494,2
25,25,82.01034979270949,2
25,26,71.39981110044172,2
25,27,71.39981110044172,2
25,28,82.01034979270949,2
25,29,71.39981110044172,2
25,30,73.2445564390241,2
25,31,82.01034979270949,2
25,32,73.2445564390241,2
25,33,82.91000592900915,2
25,34,71.39981110044172,2
25,35,82.01034979270949,2
25,36,82.91000592900915,2
25,37,71.39981110044172,2
25,38,71.39981110044172,2
25,39,83.04239382420162,2
25,40,73.2445564390241,2
25,41,71.39981110044172,2
25,42,73.2445564390241,2
25,43,71.39981110044172,2
25,44,71.39981110044172,2
25,45,85.4136576703494,2
25,46,83.04239382420164,2
25,47,71.39981110044172,2
25,48,73.2445564390241,2
25,49,82.91000592900915,2
26,0,88.81391186162764,2
26,1,71.39981110044172,2
26,2,71.39981110044172,2
26,3,71.39981110044172,2
26,4,73.2445564390241,2
26,5,85.4136576703494,2
26,6,82.01034979270949,2
26,7,82.01034979270949,2
26,8,71.39981110044172,2
26,9,73.2445564390241,2
26,10,82.91000592900915,2
26,11,71.39981110044172,2
26,12,71.39981110044172,2
26,13,82.01034979270949,2
26,14,82.01034979270949,2
26,15,71.39981110044172,2
26,16,82.01034979270949,2
26,17,83.04239382420164,2
26,18,71.39981110044172,2
26,19,71.39981110044172,2
26,20,82.01034979270949,2
26,21,71.39981110044172,2
26,22,71.39981110044172,2
26,23,82.91000592900915,2
26,24,84.60095636325916,2
26,25,71.39981110044172,2
26,26,73.2445564390241,2
26,27,82.01034979270949,2
26,28,71.39981110044172,2
26,29,73.2445564390241,2
26,30,71.39981110044172,2
26,31,71.39981110044172,2
26,32,85.4136576703494,2
26,33,73.2445564390241,2
26,34,82.91000592900915,2
26,35,82.01034979270949,2
26,36,71.39981110044172,2
26,37,71.39981110044172,2
26,38,83.04239382420164,2
26,39,73.2445564390241,2
26,40,82.01034979270949,2
26,41,71.39981110044172,2
26,42,93.39369927858559,2
26,43,73.2445564390241,2
26,44,85.41365767034938,2
26,45,88.81391186162764,2
26,46,71.39981110044172,2
26,47,71.39981110044172,2
26,48,82.01034979270949,2
26,49,71.39981110044172,2
27,0,71.39981110044172,2
27,1,73.2445564390241,2
27,2,73.2445564390241,2
27,3,85.4136576703494,2
27,4,71.39981110044172,2
27,5,71.39981110044172,2
27,6,82.01034979270949,2
27,7,71.39981110044172,2
27,8,71.39981110044172,2
27,9,73.2445564390241,2
27,10,88.81391186162764,2
27,11,71.39981110044172,2
27,12,71.39981110044172,2
27,13,73.2445564390241,2
27,14,93.39369927858557,2
27,15,88.81391186162764,2
27,16,71.39981110044172,2
27,17,84.60095636325917,2
27,18,71.39981110044172,2
27,19,71.39981110044172,2
27,20,83.04239382420164,2
27,21,71.39981110044172,2
27,22,85.4136576703494,2
27,23,71.39981110044172,2
27,24,84.60095636325917,2
27,25,93.39369927858557,2
27,26,73.2445564390241,2
27,27,71.39981110044172,2
27,28,71.39981110044172,2
27,29,93.39369927858557,2
27,30,71.39981110044172,2
27,31,82.91000592900915,2
27,32,71.39981110044172,2
27,33,71.39981110044172,2
27,34,73.2445564390241,2
27,35,73.2445564390241,2
27,36,82.91000592900915,2
27,37,71.39981110044172,2
27,38,71.39981110044172,2
27,39,82.01034979270949,2
27,40,83.04239382420164,2
27,41,73.2445564390241,2
27,42,73.2445564390241,2
27,43,85.4136576703494,2
27,44,71.39981110044172,2
27,45,85.41365767034941,2
27,46,71.39981110044172,2
27,47,73.2445564390241,2
27,48,83.04239382420164,2
27,49,71.39981110044172,2
28,0,73.2445564390241,2
28,1,71.39981110044172,2
28,2,73.2445564390241,2
28,3,71.39981110044172,2
28,4,82.01034979270949,2
28,5,73.2445564390241,2
28,6,73.2445564390241,2
28,7,71.39981110044172,2
28,8,73.2445564390241,2
28,9,73.2445564390241,2
28,10,71.39981110044172,2
28,11,71.39981110044172,2
28,12,73.2445564390241,2
28,13,73.2445564390241,2
28,14,85.4136576703494,2
28,15,71.39981110044172,2
28,16,73.2445564390241,2
28,17,85.41365767034941,2
28,18,84.60095636325916,2
28,19,71.39981110044172,2
28,20,71.39981110044172,2
28,21,83.04239382420162,2
28,22,82.01034979270949,2
28,23,82.01034979270949,2
28,24,83.04239382420164,2
28,25,85.4136576703494,2
28,26,71.39981110044172,2
28,27,71.39981110044172,2
28,28,88.81391186162764,2
28,29,85.4136576703494,2
28,30,85.4136576703494,2
28,31,71.39981110044172,2
28,32,93.39369927858559,2
28,33,71.39981110044172,2
28,34,73.2445564390241,2
28,35,73.2445564390241,2
28,36,85.41365767034941,2
28,37,73.2445564390241,2
28,38,71.39981110044172,2
28,39,88.81391186162764,2
28,40,82.01034979270949,2
28,41,76.74640729926402,3
28,42,73.2445564390241,2
28,43,85.4136576703494,2
28,44,73.2445564390241,2
28,45,88.81391186162763,2
28,46,73.2445564390241,2
28,47,84.60095636325917,2
28,48,85.4136576703494,2
28,49,71.39981110044172,2
29,0,73.2445564390241,2
29,1,82.91000592900915,2
29,2,85.41365767034941,2
29,3,73.2445564390241,2
29,4,73.2445564390241,2
29,5,71.39981110044172,2
29,6,71.39981110044172,2
29,7,73.2445564390241,2
29,8,71.39981110044172,2
29,9,73.2445564390241,2
29,10,73.2445564390241,2
29,11,71.39981110044172,2
29,12,73.2445564390241,2
29,13,85.4136576703494,2
29,14,83.04239382420164,2
29,15,82.01034979270949,2
29,16,71.39981110044172,2
29,17,85.4136576703494,2
29,18,76.74640729926402,3
29,19,73.2445564390241,2
29,20,71.39981110044172,2
29,21,82.01034979270949,2
29,22,82.01034979270949,2
29,23,82.01034979270949,2
29,24,82.01034979270949,2
29,25,84.60095636325916,2
29,26,71.39981110044172,2
29,27,85.4136576703494,2
29,28,71.39981110044172,2
29,29,71.39981110044172,2
29,30,73.2445564390241,2
29,31,71.39981110044172,2
29,32,71.39981110044172,2
29,33,73.2445564390241,2
29,34,71.39981110044172,2
29,35,73.2445564390241,2
29,36,84.60095636325917,2
29,37,73.2445564390241,2
29,38,71.39981110044172,2
29,39,76.74640729926402,3
29,40,73.2445564390241,2
29,41,71.39981110044172,2
29,42,82.91000592900915,2
29,43,71.39981110044172,2
29,44,88.81391186162764,2
29,45,73.2445564390241,2
29,46,71.39981110044172,2
29,47,82.01034979270949,2
29,48,71.39981110044172,2
29,49,71.39981110044172,2
30,0,71.39981110044172,2
30,1,71.39981110044172,2
30,2,71.39981110044172,2
30,3,71.39981110044172,2
30,4,73.2445564390241,2
30,5,71.39981110044172,2
30,6,71.39981110044172,2
30,7,71.39981110044172,2
30,8,82.91000592900915,2
30,9,85.4136576703494,2
30,10,83.04239382420164,2
30,11,82.01034979270949,2
30,12,71.39981110044172,2
30,13,71.39981110044172,2
30,14,83.04239382420164,2
30,15,85.4136576703494,2
30,16,71.39981110044172,2
30,17,82.01034979270949,2
30,18,71.39981110044172,2
30,19,82.91000592900915,2
30,20,71.39981110044172,2
30,21,73.2445564390241,2
30,22,71.39981110044172,2
30,23,71.39981110044172,2
30,24,82.01034979270949,2
30,25,82.01034979270949,2
30,26,71.39981110044172,2
30,27,82.91000592900915,2
30,28,71.39981110044172,2
30,29,73.2445564390241,2
30,30,73.2445564390241,2
30,31,71.39981110044172,2
30,32,73.2445564390241,2
30,33,73.2445564390241,2
30,34,71.39981110044172,2
30,35,82.91000592900915,2
30,36,82.01034979270949,2
30,37,71.39981110044172,2
30,38,82.01034979270949,2
30,39,93.39369927858559,2
30,40,73.2445564390241,2
30,41,71.39981110044172,2
30,42,83.04239382420164,2
30,43,73.2445564390241,2
30,44,71.39981110044172,2
30,45,88.81391186162763,2
30,46,71.39981110044172,2
30,47,73.2445564390241,2
30,48,82.01034979270949,2
30,49,82.01034979270949,2
31,0,82.91000592900915,2
31,1,73.2445564390241,2
31,2,71.39981110044172,2
31,3,84.60095636325916,2
31,4,82.01034979270949,2
31,5,71.39981110044172,2
31,6,71.39981110044172,2
31,7,82.01034979270949,2
31,8,73.2445564390241,2
31,9,71.39981110044172,2
31,10,82.91000592900915,2
31,11,82.01034979270949,2
31,12,71.39981110044172,2
31,13,73.2445564390241,2
31,14,93.39369927858557,2
31,15,71.39981110044172,2
31,16,71.39981110044172,2
31,17,83.04239382420164,2
31,18,85.4136576703494,2
31,19,71.39981110044172,2
31,20,71.39981110044172,2
31,21,71.39981110044172,2
31,22,73.2445564390241,2
31,23,71.39981110044172,2
31,24,73.2445564390241,2
31,25,73.2445564390241,2
31,26,73.2445564390241,2
31,27,71.39981110044172,2
31,28,82.01034979270949,2
31,29,73.2445564390241,2
31,30,71.39981110044172,2
31,31,71.39981110044172,2
31,32,71.39981110044172,2
31,33,71.39981110044172,2
31,34,71.39981110044172,2
31,35,73.2445564390241,2
31,36,73.2445564390241,2
31,37,73.2445564390241,2
31,38,71.39981110044172,2
31,39,73.2445564390241,2
31,40,73.2445564390241,2
31,41,71.39981110044172,2
31,42,82.01034979270949,2
31,43,73.2445564390241,2
31,44,71.39981110044172,2
31,45,82.01034979270949,2
31,46,84.60095636325917,2
31,47,73.2445564390241,2
31,48,71.39981110044172,2
31,49,71.39981110044172,2
32,0,71.39981110044172,2
32,1,73.2445564390241,2
32,2,73.2445564390241,2
32,3,82.01034979270949,2
32,4,73.2445564390241,2
32,5,71.39981110044172,2
32,6,82.01034979270949,2
32,7,83.04239382420164,2
32,8,73.2445564390241,2
32,9,71.39981110044172,2
32,10,71.39981110044172,2
32,11,71.39981110044172,2
32,12,71.39981110044172,2
32,13,73.2445564390241,2
32,14,73.2445564390241,2
32,15,73.2445564390241,2
32,16,73.2445564390241,2
32,17,84.60095636325917,2
32,18,85.41365767034941,2
32,19,73.2445564390241,2
32,20,71.39981110044172,2
32,21,71.39981110044172,2
32,22,71.39981110044172,2
32,23,73.2445564390241,2
32,24,84.60095636325916,2
32,25,83.04239382420164,2
32,26,82.01034979270949,2
32,27,71.39981110044172,2
32,28,71.39981110044172,2
32,29,73.2445564390241,2
32,30,76.87325264195536,3
32,31,88.81391186162764,2
32,32,71.39981110044172,2
32,33,82.91000592900915,2
32,34,71.39981110044172,2
32,35,71.39981110044172,2
32,36,71.39981110044172,2
32,37,73.2445564390241,2
32,38,71.39981110044172,2
32,39,83.04239382420162,2
32,40,83.04239382420164,2
32,41,71.39981110044172,2
32,42,73.2445564390241,2
32,43,73.2445564390241,2
32,44,73.2445564390241,2
32,45,85.4136576703494,2
32,46,71.39981110044172,2
32,47,71.39981110044172,2
32,48,71.39981110044172,2
32,49,71.39981110044172,2
33,0,73.2445564390241,2
33,1,71.39981110044172,2
33,2,88.81391186162764,2
33,3,71.39981110044172,2
33,4,73.2445564390241,2
33,5,73.2445564390241,2
33,6,82.91000592900915,2
33,7,82.01034979270948,2
33,8,71.39981110044172,2
33,9,73.2445564390241,2
33,10,71.39981110044172,2
33,11,71.39981110044172,2
33,12,71.39981110044172,2
33,13,82.01034979270949,2
33,14,71.39981110044172,2
33,15,71.39981110044172,2
33,16,71.39981110044172,2
33,17,73.2445564390241,2
33,18,88.81391186162764,2
33,19,73.2445564390241,2
33,20,82.01034979270949,2
33,21,71.39981110044172,2
33,22,82.91000592900915,2
33,23,82.91000592900915,2
33,24,71.39981110044172,2
33,25,83.04239382420164,2
33,26,71.39981110044172,2
33,27,71.39981110044172,2
33,28,71.39981110044172,2
33,29,71.39981110044172,2
33,30,83.04239382420164,2
33,31,71.39981110044172,2
33,32,85.4136576703494,2
33,33,73.2445564390241,2
33,34,71.39981110044172,2
33,35,82.91000592900915,2
33,36,82.91000592900915,2
33,37,71.39981110044172,2
33,38,88.81391186162764,2
33,39,82.01034979270949,2
33,40,71.39981110044172,2
33,41,82.91000592900915,2
33,42,71.39981110044172,2
33,43,83.04239382420164,2
33,44,71.39981110044172,2
33,45,76.74640729926402,3
33,46,73.2445564390241,2
33,47,82.01034979270949,2
33,48,82.01034979270949,2
33,49,71.39981110044172,2
34,0,71.39981110044172,2
34,1,71.39981110044172,2
34,2,71.39981110044172,2
34,3,71.39981110044172,2
34,4,83.04239382420164,2
34,5,71.39981110044172,2
34,6,71.39981110044172,2
34,7,73.2445564390241,2
34,8,71.39981110044172,2
34,9,73.2445564390241,2
34,10,71.39981110044172,2
34,11,71.39981110044172,2
34,12,82.91000592900915,2
34,13,83.04239382420164,2
34,14,84.60095636325917,2
34,15,83.04239382420164,2
34,16,93.39369927858559,2
34,17,71.39981110044172,2
34,18,82.91000592900915,2
34,19,71.39981110044172,2
34,20,85.4136576703494,2
34,21,85.41365767034941,2
34,22,71.39981110044172,2
34,23,71.39981110044172,2
34,24,71.39981110044172,2
34,25,82.01034979270949,2
34,26,73.2445564390241,2
34,27,82.91000592900915,2
34,28,71.39981110044172,2
34,29,85.4136576703494,2
34,30,73.2445564390241,2
34,31,71.39981110044172,2
34,32,88.81391186162764,2
34,33,73.2445564390241,2
34,34,82.01034979270949,2
34,35,88.81391186162764,2
34,36,71.39981110044172,2
34,37,71.39981110044172,2
34,38,71.39981110044172,2
34,39,93.39369927858559,2
34,40,85.4136576703494,2
34,41,71.39981110044172,2
34,42,71.39981110044172,2
34,43,71.39981110044172,2
34,44,88.81391186162764,2
34,45,85.4136576703494,2
34,46,83.04239382420164,2
34,47,82.01034979270949,2
34,48,82.01034979270949,2
34,49,85.4136576703494,2
35,0,71.39981110044172,2
35,1,73.2445564390241,2
35,2,71.39981110044172,2
35,3,71.39981110044172,2
35,4,84.60095636325916,2
35,5,71.39981110044172,2
35,6,82.01034979270949,2
35,7,71.39981110044172,2
35,8,73.2445564390241,2
35,9,71.39981110044172,2
35,10,84.60095636325916,2
35,11,73.2445564390241,2
35,12,71.39981110044172,2
35,13,73.2445564390241,2
35,14,73.2445564390241,2
35,15,71.39981110044172,2
35,16,82.91000592900915,2
35,17,82.01034979270949,2
35,18,71.39981110044172,2
35,19,82.01034979270949,2
35,20,71.39981110044172,2
35,21,82.91000592900915,2
35,22,73.2445564390241,2
35,23,71.39981110044172,2
35,24,83.04239382420164,2
35,25,82.01034979270949,2
35,26,71.39981110044172,2
35,27,71.39981110044172,2
35,28,82.01034979270949,2
35,29,85.4136576703494,2
35,30,71.39981110044172,2
35,31,73.2445564390241,2
35,32,71.39981110044172,2
35,33,71.39981110044172,2
35,34,71.39981110044172,2
35,35,73.2445564390241,2
35,36,82.91000592900915,2
35,37,82.01034979270949,2
35,38,82.01034979270949,2
35,39,71.39981110044172,2
35,40,84.60095636325917,2
35,41,82.01034979270949,2
35,42,71.39981110044172,2
35,43,71.39981110044172,2
35,44,76.87325264195536,3
35,45,73.2445564390241,2
35,46,71.39981110044172,2
35,47,93.39369927858557,2
35,48,71.39981110044172,2
35,49,71.39981110044172,2
36,0,73.2445564390241,2
36,1,82.01034979270949,2
36,2,73.2445564390241,2
36,3,71.39981110044172,2
36,4,88.81391186162764,2
36,5,84.60095636325916,2
36,6,71.39981110044172,2
36,7,71.39981110044172,2
36,8,71.39981110044172,2
36,9,71.39981110044172,2
36,10,73.2445564390241,2
36,11,71.39981110044172,2
36,12,73.2445564390241,2
36,13,85.4136576703494,2
36,14,71.39981110044172,2
36,15,71.39981110044172,2
36,16,71.39981110044172,2
36,17,83.04239382420164,2
36,18,82.01034979270949,2
36,19,71.39981110044172,2
36,20,71.39981110044172,2
36,21,82.91000592900915,2
36,22,71.39981110044172,2
36,23,71.39981110044172,2
36,24,88.81391186162764,2
36,25,84.60095636325916,2
36,26,73.2445564390241,2
36,27,71.39981110044172,2
36,28,82.01034979270949,2
36,29,83.04239382420162,2
36,30,85.4136576703494,2
36,31,73.2445564390241,2
36,32,73.2445564390241,2
36,33,82.91000592900915,2
36,34,73.2445564390241,2
36,35,73.2445564390241,2
36,36,73.2445564390241,2
36,37,83.04239382420164,2
36,38,82.01034979270949,2
36,39,73.2445564390241,2
36,40,83.04239382420164,2
36,41,71.39981110044172,2
36,42,82.91000592900915,2
36,43,71.39981110044172,2
36,44,73.2445564390241,2
36,45,83.04239382420164,2
36,46,82.91000592900915,2
36,47,82.91000592900915,2
36,48,71.39981110044172,2
36,49,82.91000592900915,2
37,0,73.2445564390241,2
37,1,71.39981110044172,2
37,2,73.2445564390241,2
37,3,71.39981110044172,2
37,4,71.39981110044172,2
37,5,71.39981110044172,2
37,6,71.39981110044172,2
37,7,82.01034979270949,2
37,8,71.39981110044172,2
37,9,71.39981110044172,2
37,10,71.39981110044172,2
37,11,82.01034979270949,2
37,12,73.2445564390241,2
37,13,73.2445564390241,2
37,14,71.39981110044172,2
37,15,73.2445564390241,2
37,16,71.39981110044172,2
37,17,71.39981110044172,2
37,18,71.39981110044172,2
37,19,71.39981110044172,2
37,20,71.39981110044172,2
37,21,88.81391186162764,2
37,22,85.4136576703494,2
37,23,73.2445564390241,2
37,24,84.60095636325917,2
37,25,83.04239382420164,2
37,26,71.39981110044172,2
37,27,73.2445564390241,2
37,28,82.01034979270949,2
37,29,82.91000592900915,2
37,30,85.4136576703494,2
37,31,82.91000592900915,2
37,32,83.04239382420164,2
37,33,73.2445564390241,2
37,34,73.2445564390241,2
37,35,71.39981110044172,2
37,36,71.39981110044172,2
37,37,83.04239382420164,2
37,38,73.2445564390241,2
37,39,71.39981110044172,2
37,40,82.01034979270949,2
37,41,71.39981110044172,2
37,42,82.91000592900916,2
37,43,84.60095636325917,2
37,44,71.39981110044172,2
37,45,82.91000592900916,2
37,46,73.2445564390241,2
37,47,82.01034979270949,2
37,48,85.4136576703494,2
37,49,82.91000592900915,2
38,0,71.39981110044172,2
38,1,73.2445564390241,2
38,2,82.91000592900915,2
38,3,71.39981110044172,2
38,4,84.60095636325917,2
38,5,71.39981110044172,2
38,6,82.91000592900915,2
38,7,71.39981110044172,2
38,8,73.2445564390241,2
38,9,84.60095636325916,2
38,10,73.2445564390241,2
38,11,73.2445564390241,2
38,12,71.39981110044172,2
38,13,73.2445564390241,2
38,14,88.81391186162763,2
38,15,73.2445564390241,2
38,16,71.39981110044172,2
38,17,93.39369927858557,2
38,18,84.60095636325917,2
38,19,84.60095636325917,2
38,20,82.01034979270949,2
38,21,71.39981110044172,2
38,22,73.2445564390241,2
38,23,71.39981110044172,2
38,24,84.60095636325917,2
38,25,71.39981110044172,2
38,26,85.41365767034941,2
38,27,84.60095636325917,2
38,28,71.39981110044172,2
38,29,73.2445564390241,2
38,30,73.2445564390241,2
38,31,71.39981110044172,2
38,32,73.2445564390241,2
38,33,73.2445564390241,2
38,34,73.2445564390241,2
38,35,84.60095636325917,2
38,36,71.39981110044172,2
38,37,71.39981110044172,2
38,38,71.39981110044172,2
38,39,71.39981110044172,2
38,40,73.2445564390241,2
38,41,73.2445564390241,2
38,42,83.04239382420164,2
38,43,82.01034979270949,2
38,44,88.81391186162764,2
38,45,82.01034979270949,2
38,46,85.41365767034941,2
38,47,82.01034979270949,2
38,48,84.60095636325916,2
38,49,71.39981110044172,2
39,0,93.39369927858559,2
39,1,73.2445564390241,2
39,2,82.01034979270949,2
39,3,71.39981110044172,2
39,4,85.4136576703494,2
39,5,82.91000592900915,2
39,6,71.39981110044172,2
39,7,71.39981110044172,2
39,8,73.2445564390241,2
39,9,85.4136576703494,2
39,10,82.01034979270949,2
39,11,73.2445564390241,2
39,12,71.39981110044172,2
39,13,71.39981110044172,2
39,14,88.81391186162763,2
39,15,71.39981110044172,2
39,16,82.91000592900915,2
39,17,73.2445564390241,2
39,18,85.4136576703494,2
39,19,83.04239382420164,2
39,20,71.39981110044172,2
39,21,73.2445564390241,2
39,22,85.4136576703494,2
39,23,71.39981110044172,2
39,24,71.39981110044172,2
39,25,82.91000592900915,2
39,26,84.60095636325916,2
39,27,85.4136576703494,2
39,28,85.4136576703494,2
39,29,73.2445564390241,2
39,30,71.39981110044172,2
39,31,71.39981110044172,2
39,32,71.39981110044172,2
39,33,71.39981110044172,2
39,34,71.39981110044172,2
39,35,88.81391186162763,2
39,36,71.39981110044172,2
39,37,84.60095636325917,2
39,38,71.39981110044172,2
39,39,93.39369927858559,2
39,40,82.01034979270949,2
39,41,71.39981110044172,2
39,42,71.39981110044172,2
39,43,71.39981110044172,2
39,44,76.74640729926402,3
39,45,93.39369927858557,2
39,46,71.39981110044172,2
39,47,82.01034979270949,2
39,48,82.01034979270949,2
39,49,71.39981110044172,2
40,0,82.01034979270949,2
40,1,73.2445564390241,2
40,2,73.2445564390241,2
40,3,82.01034979270949,2
40,4,85.4136576703494,2
40,5,88.81391186162764,2
40,6,71.39981110044172,2
40,7,71.39981110044172,2
40,8,73.2445564390241,2
40,9,73.2445564390241,2
40,10,83.04239382420164,2
40,11,93.39369927858559,2
40,12,84.60095636325916,2
40,13,71.39981110044172,2
40,14,84.60095636325916,2
40,15,82.01034979270949,2
40,16,88.81391186162764,2
40,17,83.04239382420164,2
40,18,71.39981110044172,2
40,19,73.2445564390241,2
40,20,84.60095636325916,2
40,21,71.39981110044172,2
40,22,82.01034979270949,2
40,23,71.39981110044172,2
40,24,84.60095636325917,2
40,25,83.04239382420162,2
40,26,82.91000592900915,2
40,27,84.60095636325916,2
40,28,85.4136576703494,2
40,29,82.91000592900915,2
40,30,73.2445564390241,2
40,31,73.2445564390241,2
40,32,71.39981110044172,2
40,33,82.91000592900915,2
40,34,85.4136576703494,2
40,35,71.39981110044172,2
40,36,73.2445564390241,2
40,37,71.39981110044172,2
40,38,82.01034979270949,2
40,39,84.60095636325916,2
40,40,85.4136576703494,2
40,41,71.39981110044172,2
40,42,71.39981110044172,2
40,43,71.39981110044172,2
40,44,83.04239382420162,2
40,45,85.4136576703494,2
40,46,84.60095636325917,2
40,47,71.39981110044172,2
40,48,82.01034979270949,2
40,49,73.2445564390241,2
41,0,71.39981110044172,2
41,1,71.39981110044172,2
41,2,85.4136576703494,2
41,3,71.39981110044172,2
41,4,82.01034979270949,2
41,5,71.39981110044172,2
41,6,84.60095636325917,2
41,7,71.39981110044172,2
41,8,71.39981110044172,2
41,9,71.39981110044172,2
41,10,82.91000592900915,2
41,11,82.01034979270949,2
41,12,71.39981110044172,2
41,13,85.4136576703494,2
41,14,85.4136576703494,2
41,15,84.60095636325916,2
41,16,71.39981110044172,2
41,17,84.60095636325916,2
41,18,73.2445564390241,2
41,19,71.39981110044172,2
41,20,82.01034979270949,2
41,21,71.39981110044172,2
41,22,71.39981110044172,2
41,23,71.39981110044172,2
41,24,71.39981110044172,2
41,25,71.39981110044172,2
41,26,82.01034979270949,2
41,27,71.39981110044172,2
41,28,71.39981110044172,2
41,29,71.39981110044172,2
41,30,73.2445564390241,2
41,31,71.39981110044172,2
41,32,82.01034979270949,2
41,33,71.39981110044172,2
41,34,71.39981110044172,2
41,35,82.91000592900915,2
41,36,82.91000592900915,2
41,37,71.39981110044172,2
41,38,73.2445564390241,2
41,39,71.39981110044172,2
41,40,82.01034979270949,2
41,41,71.39981110044172,2
41,42,85.41365767034941,2
41,43,73.2445564390241,2
41,44,73.2445564390241,2
41,45,83.04239382420164,2
41,46,82.91000592900915,2
41,47,73.2445564390241,2
41,48,71.39981110044172,2
41,49,71.39981110044172,2
42,0,71.39981110044172,2
42,1,73.2445564390241,2
42,2,85.4136576703494,2
42,3,71.39981110044172,2
42,4,84.60095636325917,2
42,5,73.2445564390241,2
42,6,84.60095636325916,2
42,7,71.39981110044172,2
42,8,71.39981110044172,2
42,9,71.39981110044172,2
42,10,73.2445564390241,2
42,11,71.39981110044172,2
42,12,73.2445564390241,2
42,13,84.60095636325916,2
42,14,71.39981110044172,2
42,15,71.39981110044172,2
42,16,71.39981110044172,2
42,17,71.39981110044172,2
42,18,93.39369927858557,2
42,19,71.39981110044172,2
42,20,71.39981110044172,2
42,21,85.4136576703494,2
42,22,71.39981110044172,2
42,23,71.39981110044172,2
42,24,83.04239382420164,2
42,25,82.01034979270949,2
42,26,85.41365767034941,2
42,27,82.91000592900915,2
42,28,71.39981110044172,2
42,29,73.2445564390241,2
42,30,88.81391186162764,2
42,31,71.39981110044172,2
42,32,82.01034979270949,2
42,33,73.2445564390241,2
42,34,73.2445564390241,2
42,35,71.39981110044172,2
42,36,82.91000592900915,2
42,37,71.39981110044172,2
42,38,71.39981110044172,2
42,39,76.74640729926402,3
42,40,83.04239382420164,2
42,41,71.39981110044172,2
42,42,88.81391186162763,2
42,43,73.2445564390241,2
42,44,71.39981110044172,2
42,45,88.81391186162763,2
42,46,73.2445564390241,2
42,47,73.2445564390241,2
42,48,73.2445564390241,2
42,49,82.01034979270949,2
43,0,71.39981110044172,2
43,1,73.2445564390241,2
43,2,73.2445564390241,2
43,3,82.01034979270949,2
43,4,73.2445564390241,2
43,5,71.39981110044172,2
43,6,71.39981110044172,2
43,7,71.39981110044172,2
43,8,82.91000592900915,2
43,9,71.39981110044172,2
43,10,82.91000592900915,2
43,11,71.39981110044172,2
43,12,73.2445564390241,2
43,13,73.2445564390241,2
43,14,84.60095636325917,2
43,15,73.2445564390241,2
43,16,88.81391186162764,2
43,17,82.01034979270949,2
43,18,83.04239382420164,2
43,19,71.39981110044172,2
43,20,71.39981110044172,2
43,21,73.2445564390241,2
43,22,88.81391186162764,2
43,23,73.2445564390241,2
43,24,84.60095636325916,2
43,25,88.81391186162763,2
43,26,73.2445564390241,2
43,27,71.39981110044172,2
43,28,71.39981110044172,2
43,29,83.04239382420162,2
43,30,71.39981110044172,2
43,31,73.2445564390241,2
43,32,73.2445564390241,2
43,33,73.2445564390241,2
43,34,85.4136576703494,2
43,35,71.39981110044172,2
43,36,73.2445564390241,2
43,37,84.60095636325917,2
43,38,71.39981110044172,2
43,39,76.74640729926402,3
43,40,73.2445564390241,2
43,41,71.39981110044172,2
43,42,71.39981110044172,2
43,43,82.01034979270949,2
43,44,71.39981110044172,2
43,45,93.39369927858557,2
43,46,84.60095636325917,2
43,47,84.60095636325916,2
43,48,71.39981110044172,2
43,49,71.39981110044172,2
44,0,82.01034979270949,2
44,1,85.4136576703494,2
44,2,71.39981110044172,2
44,3,85.4136576703494,2
44,4,82.01034979270949,2
44,5,71.39981110044172,2
44,6,71.39981110044172,2
44,7,82.01034979270949,2
44,8,71.39981110044172,2
44,9,82.01034979270949,2
44,10,85.41365767034941,2
44,11,73.2445564390241,2
44,12,71.39981110044172,2
44,13,73.2445564390241,2
44,14,83.04239382420164,2
44,15,71.39981110044172,2
44,16,85.4136576703494,2
44,17,71.39981110044172,2
44,18,83.04239382420164,2
44,19,71.39981110044172,2
44,20,71.39981110044172,2
44,21,73.2445564390241,2
44,22,71.39981110044172,2
44,23,83.04239382420164,2
44,24,84.60095636325916,2
44,25,83.04239382420162,2
44,26,71.39981110044172,2
44,27,71.39981110044172,2
44,28,82.01034979270949,2
44,29,82.01034979270949,2
44,30,71.39981110044172,2
44,31,73.2445564390241,2
44,32,71.39981110044172,2
44,33,73.2445564390241,2
44,34,88.81391186162763,2
44,35,82.91000592900915,2
44,36,73.2445564390241,2
44,37,71.39981110044172,2
44,38,84.60095636325916,2
44,39,82.01034979270949,2
44,40,82.01034979270949,2
44,41,73.2445564390241,2
44,42,71.39981110044172,2
44,43,82.01034979270949,2
44,44,85.4136576703494,2
44,45,83.04239382420164,2
44,46,84.60095636325916,2
44,47,71.39981110044172,2
44,48,82.01034979270949,2
44,49,71.39981110044172,2
45,0,71.39981110044172,2
45,1,71.39981110044172,2
45,2,71.39981110044172,2
45,3,73.2445564390241,2
45,4,85.41365767034941,2
45,5,71.39981110044172,2
45,6,73.2445564390241,2
45,7,82.01034979270949,2
45,8,71.39981110044172,2
45,9,82.91000592900915,2
45,10,71.39981110044172,2
45,11,71.39981110044172,2
45,12,71.39981110044172,2
45,13,71.39981110044172,2
45,14,82.01034979270949,2
45,15,71.39981110044172,2
45,16,71.39981110044172,2
45,17,82.01034979270949,2
45,18,85.4136576703494,2
45,19,85.4136576703494,2
45,20,71.39981110044172,2
45,21,85.41365767034941,2
45,22,71.39981110044172,2
45,23,71.39981110044172,2
45,24,83.04239382420162,2
45,25,85.4136576703494,2
45,26,82.01034979270949,2
45,27,71.39981110044172,2
45,28,71.39981110044172,2
45,29,71.39981110044172,2
45,30,73.2445564390241,2
45,31,71.39981110044172,2
45,32,71.39981110044172,2
45,33,71.39981110044172,2
45,34,73.2445564390241,2
45,35,73.2445564390241,2
45,36,73.2445564390241,2
45,37,71.39981110044172,2
45,38,84.60095636325916,2
45,39,84.60095636325916,2
45,40,85.4136576703494,2
45,41,73.2445564390241,2
45,42,82.91000592900915,2
45,43,71.39981110044172,2
45,44,71.39981110044172,2
45,45,71.39981110044172,2
45,46,84.60095636325916,2
45,47,73.2445564390241,2
45,48,71.39981110044172,2
45,49,71.39981110044172,2
46,0,85.41365767034941,2
46,1,73.2445564390241,2
46,2,73.2445564390241,2
46,3,84.60095636325916,2
46,4,73.2445564390241,2
46,5,73.2445564390241,2
46,6,82.01034979270949,2
46,7,82.01034979270949,2
46,8,71.39981110044172,2
46,9,71.39981110044172,2
46,10,82.91000592900915,2
46,11,73.2445564390241,2
46,12,73.2445564390241,2
46,13,71.39981110044172,2
46,14,82.01034979270949,2
46,15,71.39981110044172,2
46,16,71.39981110044172,2
46,17,82.01034979270948,2
46,18,82.91000592900915,2
46,19,85.4136576703494,2
46,20,71.39981110044172,2
46,21,82.01034979270949,2
46,22,71.39981110044172,2
46,23,73.2445564390241,2
46,24,73.2445564390241,2
46,25,71.39981110044172,2
46,26,83.04239382420162,2
46,27,82.01034979270949,2
46,28,71.39981110044172,2
46,29,73.2445564390241,2
46,30,71.39981110044172,2
46,31,71.39981110044172,2
46,32,71.39981110044172,2
46,33,82.91000592900915,2
46,34,73.2445564390241,2
46,35,85.4136576703494,2
46,36,71.39981110044172,2
46,37,82.01034979270949,2
46,38,84.60095636325917,2
46,39,82.01034979270949,2
46,40,82.01034979270949,2
46,41,88.81391186162764,2
46,42,82.91000592900915,2
46,43,71.39981110044172,2
46,44,73.2445564390241,2
46,45,71.39981110044172,2
46,46,71.39981110044172,2
46,47,71.39981110044172,2
46,48,71.39981110044172,2
46,49,71.39981110044172,2
47,0,71.39981110044172,2
47,1,71.39981110044172,2
47,2,73.2445564390241,2
47,3,71.39981110044172,2
47,4,73.2445564390241,2
47,5,82.01034979270949,2
47,6,82.01034979270949,2
47,7,73.2445564390241,2
47,8,71.39981110044172,2
47,9,71.39981110044172,2
47,10,82.91000592900915,2
47,11,71.39981110044172,2
47,12,71.39981110044172,2
47,13,71.39981110044172,2
47,14,84.60095636325916,2
47,15,83.04239382420164,2
47,16,82.01034979270949,2
47,17,85.4136576703494,2
47,18,73.2445564390241,2
47,19,71.39981110044172,2
47,20,88.81391186162764,2
47,21,71.39981110044172,2
47,22,71.39981110044172,2
47,23,82.01034979270949,2
47,24,83.04239382420164,2
47,25,88.81391186162764,2
47,26,71.39981110044172,2
47,27,82.01034979270949,2
47,28,82.01034979270949,2
47,29,84.60095636325917,2
47,30,71.39981110044172,2
47,31,71.39981110044172,2
47,32,73.2445564390241,2
47,33,84.60095636325917,2
47,34,71.39981110044172,2
47,35,88.81391186162764,2
47,36,73.2445564390241,2
47,37,71.39981110044172,2
47,38,71.39981110044172,2
47,39,76.87325264195536,3
47,40,84.60095636325917,2
47,41,71.39981110044172,2
47,42,82.91000592900915,2
47,43,71.39981110044172,2
47,44,82.91000592900915,2
47,45,88.81391186162763,2
47,46,73.2445564390241,2
47,47,73.2445564390241,2
47,48,71.39981110044172,2
47,49,71.39981110044172,2
48,0,71.39981110044172,2
48,1,85.4136576703494,2
48,2,82.01034979270949,2
48,3,71.39981110044172,2
48,4,83.04239382420164,2
48,5,82.01034979270949,2
48,6,71.39981110044172,2
48,7,71.39981110044172,2
48,8,71.39981110044172,2
48,9,73.2445564390241,2
48,10,82.01034979270949,2
48,11,82.01034979270949,2
48,12,71.39981110044172,2
48,13,73.2445564390241,2
48,14,82.01034979270949,2
48,15,73.2445564390241,2
48,16,73.2445564390241,2
48,17,83.04239382420164,2
48,18,84.60095636325916,2
48,19,71.39981110044172,2
48,20,82.01034979270949,2
48,21,71.39981110044172,2
48,22,71.39981110044172,2
48,23,71.39981110044172,2
48,24,82.01034979270949,2
48,25,71.39981110044172,2
48,26,71.39981110044172,2
48,27,73.2445564390241,2
48,28,71.39981110044172,2
48,29,71.39981110044172,2
48,30,71.39981110044172,2
48,31,73.2445564390241,2
48,32,71.39981110044172,2
48,33,73.2445564390241,2
48,34,82.91000592900915,2
48,35,71.39981110044172,2
48,36,71.39981110044172,2
48,37,71.39981110044172,2
48,38,71.39981110044172,2
48,39,83.01160259797084,3
48,40,73.2445564390241,2
48,41,71.39981110044172,2
48,42,73.2445564390241,2
48,43,71.39981110044172,2
48,44,71.39981110044172,2
48,45,71.39981110044172,2
48,46,71.39981110044172,2
48,47,82.01034979270949,2
48,48,88.81391186162764,2
48,49,71.39981110044172,2
49,0,88.81391186162764,2
49,1,71.39981110044172,2
49,2,71.39981110044172,2
49,3,85.4136576703494,2
49,4,82.01034979270949,2
49,5,82.01034979270949,2
49,6,73.2445564390241,2
49,7,71.39981110044172,2
49,8,83.04239382420164,2
49,9,73.2445564390241,2
49,10,71.39981110044172,2
49,11,71.39981110044172,2
49,12,71.39981110044172,2
49,13,71.39981110044172,2
49,14,71.39981110044172,2
49,15,88.81391186162764,2
49,16,73.2445564390241,2
49,17,84.60095636325917,2
49,18,82.01034979270949,2
49,19,73.2445564390241,2
49,20,71.39981110044172,2
49,21,82.91000592900915,2
49,22,82.01034979270949,2
49,23,71.39981110044172,2
49,24,84.60095636325916,2
49,25,83.04239382420162,2
49,26,83.04239382420164,2
49,27,71.39981110044172,2
49,28,71.39981110044172,2
49,29,71.39981110044172,2
49,30,73.2445564390241,2
49,31,84.60095636325917,2
49,32,71.39981110044172,2
49,33,71.39981110044172,2
49,34,71.39981110044172,2
49,35,73.2445564390241,2
49,36,71.39981110044172,2
49,37,85.4136576703494,2
49,38,88.81391186162764,2
49,39,84.60095636325916,2
49,40,82.01034979270949,2
49,41,71.39981110044172,2
49,42,73.2445564390241,2
49,43,71.39981110044172,2
49,44,71.39981110044172,2
49,45,83.04239382420162,2
49,46,82.01034979270949,2
49,47,82.01034979270949,2
49,48,71.39981110044172,2
49,49,88.81391186162764,2
50,0,82.91000592900915,2
50,1,71.39981110044172,2
50,2,71.39981110044172,2
50,3,71.39981110044172,2
50,4,73.2445564390241,2
50,5,73.2445564390241,2
50,6,73.2445564390241,2
50,7,71.39981110044172,2
50,8,71.39981110044172,2
50,9,71.39981110044172,2
50,10,71.39981110044172,2
50,11,73.2445564390241,2
50,12,71.39981110044172,2
50,13,71.39981110044172,2
50,14,84.60095636325917,2
50,15,82.01034979270949,2
50,16,71.39981110044172,2
50,17,82.01034979270949,2
50,18,82.91000592900915,2
50,19,85.4136576703494,2
50,20,85.41365767034941,2
50,21,71.39981110044172,2
50,22,73.2445564390241,2
50,23,82.91000592900915,2
50,24,73.2445564390241,2
50,25,82.01034979270949,2
50,26,71.39981110044172,2
50,27,82.01034979270949,2
50,28,73.2445564390241,2
50,29,71.39981110044172,2
50,30,85.4136576703494,2
50,31,82.01034979270949,2
50,32,73.2445564390241,2
50,33,71.39981110044172,2
50,34,83.04239382420162,2
50,35,71.39981110044172,2
50,36,85.4136576703494,2
50,37,71.39981110044172,2
50,38,71.39981110044172,2
50,39,85.41365767034941,2
50,40,84.60095636325917,2
50,41,82.91000592900915,2
50,42,73.2445564390241,2
50,43,82.01034979270949,2
50,44,85.41365767034941,2
50,45,73.2445564390241,2
50,46,71.39981110044172,2
50,47,71.39981110044172,2
50,48,71.39981110044172,2
50,49,85.4136576703494,2
51,0,82.01034979270949,2
51,1,71.39981110044172,2
51,2,85.4136576703494,2
51,3,85.41365767034941,2
51,4,71.39981110044172,2
51,5,71.39981110044172,2
51,6,71.39981110044172,2
51,7,71.39981110044172,2
51,8,73.2445564390241,2
51,9,71.39981110044172,2
51,10,85.41365767034941,2
51,11,73.2445564390241,2
51,12,71.39981110044172,2
51,13,82.01034979270949,2
51,14,71.39981110044172,2
51,15,82.01034979270949,2
51,16,88.81391186162764,2
51,17,85.4136576703494,2
51,18,82.91000592900916,2
51,19,82.01034979270949,2
51,20,84.60095636325917,2
51,21,73.2445564390241,2
51,22,73.2445564390241,2
51,23,73.2445564390241,2
51,24,84.60095636325916,2
51,25,71.39981110044172,2
51,26,71.39981110044172,2
51,27,82.01034979270949,2
51,28,84.60095636325917,2
51,29,82.01034979270949,2
51,30,85.4136576703494,2
51,31,71.39981110044172,2
51,32,73.2445564390241,2
51,33,71.39981110044172,2
51,34,71.39981110044172,2
51,35,71.39981110044172,2
51,36,88.81391186162763,2
51,37,82.01034979270949,2
51,38,73.2445564390241,2
51,39,85.4136576703494,2
51,40,83.04239382420162,2
51,41,71.39981110044172,2
51,42,82.91000592900915,2
51,43,73.2445564390241,2
51,44,82.91000592900915,2
51,45,83.04239382420164,2
51,46,82.91000592900915,2
51,47,71.39981110044172,2
51,48,82.01034979270949,2
51,49,71.39981110044172,2
52,0,71.39981110044172,2
52,1,93.39369927858559,2
52,2,71.39981110044172,2
52,3,73.2445564390241,2
52,4,71.39981110044172,2
52,5,71.39981110044172,2
52,6,82.01034979270949,2
52,7,73.2445564390241,2
52,8,88.81391186162764,2
52,9,71.39981110044172,2
52,10,71.39981110044172,2
52,11,71.39981110044172,2
52,12,71.39981110044172,2
52,13,71.39981110044172,2
52,14,82.01034979270949,2
52,15,71.39981110044172,2
52,16,71.39981110044172,2
52,17,84.60095636325916,2
52,18,82.01034979270949,2
52,19,73.2445564390241,2
52,20,71.39981110044172,2
52,21,88.81391186162764,2
52,22,84.60095636325916,2
52,23,82.01034979270949,2
52,24,88.81391186162764,2
52,25,84.60095636325916,2
52,26,71.39981110044172,2
52,27,71.39981110044172,2
52,28,82.01034979270949,2
52,29,85.4136576703494,2
52,30,71.39981110044172,2
52,31,71.39981110044172,2
52,32,84.60095636325916,2
52,33,71.39981110044172,2
52,34,71.39981110044172,2
52,35,71.39981110044172,2
52,36,73.2445564390241,2
52,37,71.39981110044172,2
52,38,71.39981110044172,2
52,39,82.91000592900915,2
52,40,85.41365767034941,2
52,41,71.39981110044172,2
52,42,71.39981110044172,2
52,43,85.41365767034941,2
52,44,84.60095636325917,2
52,45,88.81391186162763,2
52,46,73.2445564390241,2
52,47,73.2445564390241,2
52,48,82.01034979270949,2
52,49,71.39981110044172,2
53,0,71.39981110044172,2
53,1,71.39981110044172,2
53,2,71.39981110044172,2
53,3,85.4136576703494,2
53,4,84.60095636325917,2
53,5,71.39981110044172,2
53,6,82.01034979270949,2
53,7,73.2445564390241,2
53,8,73.2445564390241,2
53,9,71.39981110044172,2
53,10,73.2445564390241,2
53,11,82.01034979270949,2
53,12,73.2445564390241,2
53,13,71.39981110044172,2
53,14,73.2445564390241,2
53,15,71.39981110044172,2
53,16,71.39981110044172,2
53,17,83.04239382420164,2
53,18,71.39981110044172,2
53,19,82.01034979270949,2
53,20,71.39981110044172,2
53,21,73.2445564390241,2
53,22,93.39369927858557,2
53,23,71.39981110044172,2
53,24,85.4136576703494,2
53,25,73.2445564390241,2
53,26,73.2445564390241,2
53,27,71.39981110044172,2
53,28,71.39981110044172,2
53,29,71.39981110044172,2
53,30,73.2445564390241,2
53,31,71.39981110044172,2
53,32,85.4136576703494,2
53,33,73.2445564390241,2
53,34,71.39981110044172,2
53,35,71.39981110044172,2
53,36,82.91000592900915,2
53,37,84.60095636325917,2
53,38,85.4136576703494,2
53,39,82.01034979270949,2
53,40,71.39981110044172,2
53,41,71.39981110044172,2
53,42,71.39981110044172,2
53,43,73.2445564390241,2
53,44,71.39981110044172,2
53,45,84.60095636325917,2
53,46,71.39981110044172,2
53,47,82.91000592900915,2
53,48,71.39981110044172,2
53,49,71.39981110044172,2
54,0,71.39981110044172,2
54,1,71.39981110044172,2
54,2,82.01034979270949,2
54,3,84.60095636325916,2
54,4,73.2445564390241,2
54,5,82.01034979270949,2
54,6,82.91000592900915,2
54,7,73.2445564390241,2
54,8,71.39981110044172,2
54,9,85.4136576703494,2
54,10,73.2445564390241,2
54,11,71.39981110044172,2
54,12,73.2445564390241,2
54,13,73.2445564390241,2
54,14,83.04239382420164,2
54,15,85.4136576703494,2
54,16,71.39981110044172,2
54,17,71.39981110044172,2
54,18,84.60095636325916,2
54,19,82.91000592900915,2
54,20,71.39981110044172,2
54,21,73.2445564390241,2
54,22,71.39981110044172,2
54,23,71.39981110044172,2
54,24,83.04239382420164,2
54,25,85.41365767034941,2
54,26,71.39981110044172,2
54,27,71.39981110044172,2
54,28,71.39981110044172,2
54,29,71.39981110044172,2
54,30,85.4136576703494,2
54,31,85.4136576703494,2
54,32,71.39981110044172,2
54,33,73.2445564390241,2
54,34,73.2445564390241,2
54,35,73.2445564390241,2
54,36,84.60095636325917,2
54,37,71.39981110044172,2
54,38,71.39981110044172,2
54,39,84.60095636325916,2
54,40,82.01034979270949,2
54,41,71.39981110044172,2
54,42,93.39369927858559,2
54,43,71.39981110044172,2
54,44,71.39981110044172,2
54,45,82.91000592900916,2
54,46,82.91000592900915,2
54,47,73.2445564390241,2
54,48,71.39981110044172,2
54,49,73.2445564390241,2
55,0,71.39981110044172,2
55,1,73.2445564390241,2
55,2,73.2445564390241,2
55,3,71.39981110044172,2
55,4,71.39981110044172,2
55,5,71.39981110044172,2
55,6,73.2445564390241,2
55,7,71.39981110044172,2
55,8,73.2445564390241,2
55,9,71.39981110044172,2
55,10,71.39981110044172,2
55,11,71.39981110044172,2
55,12,71.39981110044172,2
55,13,71.39981110044172,2
55,14,71.39981110044172,2
55,15,73.2445564390241,2
55,16,71.39981110044172,2
55,17,85.4136576703494,2
55,18,76.87325264195536,3
55,19,93.39369927858559,2
55,20,71.39981110044172,2
55,21,71.39981110044172,2
55,22,71.39981110044172,2
55,23,71.39981110044172,2
55,24,82.01034979270949,2
55,25,71.39981110044172,2
55,26,82.01034979270949,2
55,27,71.39981110044172,2
55,28,71.39981110044172,2
55,29,73.2445564390241,2
55,30,71.39981110044172,2
55,31,71.39981110044172,2
55,32,71.39981110044172,2
55,33,71.39981110044172,2
55,34,83.04239382420162,2
55,35,71.39981110044172,2
55,36,82.91000592900915,2
55,37,73.2445564390241,2
55,38,73.2445564390241,2
55,39,71.39981110044172,2
55,40,82.01034979270949,2
55,41,71.39981110044172,2
55,42,73.2445564390241,2
55,43,71.39981110044172,2
55,44,71.39981110044172,2
55,45,84.60095636325917,2
55,46,93.39369927858559,2
55,47,71.39981110044172,2
55,48,71.39981110044172,2
55,49,88.81391186162764,2
56,0,71.39981110044172,2
56,1,71.39981110044172,2
56,2,73.2445564390241,2
56,3,71.39981110044172,2
56,4,71.39981110044172,2
56,5,71.39981110044172,2
56,6,73.2445564390241,2
56,7,71.39981110044172,2
56,8,71.39981110044172,2
56,9,73.2445564390241,2
56,10,82.01034979270949,2
56,11,73.2445564390241,2
56,12,71.39981110044172,2
56,13,71.39981110044172,2
56,14,73.2445564390241,2
56,15,73.2445564390241,2
56,16,71.39981110044172,2
56,17,85.4136576703494,2
56,18,73.2445564390241,2
56,19,73.2445564390241,2
56,20,71.39981110044172,2
56,21,82.01034979270949,2
56,22,73.2445564390241,2
56,23,73.2445564390241,2
56,24,83.04239382420164,2
56,25,82.01034979270949,2
56,26,84.60095636325917,2
56,27,71.39981110044172,2
56,28,82.01034979270949,2
56,29,88.81391186162764,2
56,30,73.2445564390241,2
56,31,71.39981110044172,2
56,32,82.01034979270949,2
56,33,73.2445564390241,2
56,34,71.39981110044172,2
56,35,82.01034979270949,2
56,36,71.39981110044172,2
56,37,82.01034979270949,2
56,38,84.60095636325917,2
56,39,85.4136576703494,2
56,40,71.39981110044172,2
56,41,71.39981110044172,2
56,42,73.2445564390241,2
56,43,82.01034979270949,2
56,44,82.01034979270949,2
56,45,88.81391186162764,2
56,46,84.60095636325917,2
56,47,85.4136576703494,2
56,48,71.39981110044172,2
56,49,71.39981110044172,2
57,0,71.39981110044172,2
57,1,71.39981110044172,2
57,2,71.39981110044172,2
57,3,71.39981110044172,2
57,4,83.04239382420164,2
57,5,85.4136576703494,2
57,6,82.01034979270949,2
57,7,71.39981110044172,2
57,8,84.60095636325917,2
57,9,71.39981110044172,2
57,10,71.39981110044172,2
57,11,71.39981110044172,2
57,12,73.2445564390241,2
57,13,71.39981110044172,2
57,14,85.4136576703494,2
57,15,71.39981110044172,2
57,16,71.39981110044172,2
57,17,83.04239382420164,2
57,18,73.2445564390241,2
57,19,73.2445564390241,2
57,20,71.39981110044172,2
57,21,71.39981110044172,2
57,22,71.39981110044172,2
57,23,71.39981110044172,2
57,24,83.04239382420164,2
57,25,88.81391186162763,2
57,26,71.39981110044172,2
57,27,71.39981110044172,2
57,28,71.39981110044172,2
57,29,82.91000592900915,2
57,30,73.2445564390241,2
57,31,73.2445564390241,2
57,32,71.39981110044172,2
57,33,71.39981110044172,2
57,34,82.91000592900915,2
57,35,71.39981110044172,2
57,36,73.2445564390241,2
57,37,84.60095636325916,2
57,38,82.01034979270949,2
57,39,73.2445564390241,2
57,40,82.01034979270949,2
57,41,85.4136576703494,2
57,42,88.81391186162764,2
57,43,82.01034979270949,2
57,44,73.2445564390241,2
57,45,84.60095636325916,2
57,46,73.2445564390241,2
57,47,71.39981110044172,2
57,48,71.39981110044172,2
57,49,71.39981110044172,2
58,0,93.39369927858557,2
58,1,71.39981110044172,2
58,2,71.39981110044172,2
58,3,71.39981110044172,2
58,4,73.2445564390241,2
58,5,85.4136576703494,2
58,6,82.01034979270949,2
58,7,71.39981110044172,2
58,8,71.39981110044172,2
58,9,71.39981110044172,2
58,10,73.2445564390241,2
58,11,71.39981110044172,2
58,12,73.2445564390241,2
58,13,71.39981110044172,2
58,14,83.04239382420164,2
58,15,88.81391186162764,2
58,16,85.4136576703494,2
58,17,83.04239382420164,2
58,18,71.39981110044172,2
58,19,88.81391186162764,2
58,20,82.91000592900915,2
58,21,73.2445564390241,2
58,22,71.39981110044172,2
58,23,82.91000592900915,2
58,24,71.39981110044172,2
58,25,82.01034979270949,2
58,26,71.39981110044172,2
58,27,82.01034979270949,2
58,28,71.39981110044172,2
58,29,71.39981110044172,2
58,30,71.39981110044172,2
58,31,71.39981110044172,2
58,32,71.39981110044172,2
58,33,82.91000592900915,2
58,34,73.2445564390241,2
58,35,71.39981110044172,2
58,36,82.91000592900915,2
58,37,85.4136576703494,2
58,38,71.39981110044172,2
58,39,82.01034979270948,2
58,40,82.01034979270949,2
58,41,84.60095636325916,2
58,42,71.39981110044172,2
58,43,73.2445564390241,2
58,44,73.2445564390241,2
58,45,71.39981110044172,2
58,46,71.39981110044172,2
58,47,71.39981110044172,2
58,48,84.60095636325916,2
58,49,82.91000592900915,2
59,0,84.60095636325917,2
59,1,71.39981110044172,2
59,2,71.39981110044172,2
59,3,71.39981110044172,2
59,4,73.2445564390241,2
59,5,71.39981110044172,2
59,6,73.2445564390241,2
59,7,71.39981110044172,2
59,8,73.2445564390241,2
59,9,73.2445564390241,2
59,10,82.91000592900915,2
59,11,82.01034979270949,2
59,12,71.39981110044172,2
59,13,73.2445564390241,2
59,14,71.39981110044172,2
59,15,71.39981110044172,2
59,16,71.39981110044172,2
59,17,82.01034979270949,2
59,18,71.39981110044172,2
59,19,82.91000592900915,2
59,20,71.39981110044172,2
59,21,71.39981110044172,2
59,22,71.39981110044172,2
59,23,71.39981110044172,2
59,24,71.39981110044172,2
59,25,82.01034979270949,2
59,26,82.01034979270949,2
59,27,93.39369927858559,2
59,28,82.91000592900916,2
59,29,73.2445564390241,2
59,30,71.39981110044172,2
59,31,71.39981110044172,2
59,32,82.01034979270949,2
59,33,71.39981110044172,2
59,34,73.2445564390241,2
59,35,85.4136576703494,2
59,36,73.2445564390241,2
59,37,73.2445564390241,2
59,38,71.39981110044172,2
59,39,82.01034979270948,2
59,40,82.01034979270949,2
59,41,85.4136576703494,2
59,42,84.60095636325917,2
59,43,71.39981110044172,2
59,44,88.81391186162764,2
59,45,82.01034979270948,2
59,46,82.91000592900915,2
59,47,83.04239382420164,2
59,48,71.39981110044172,2
59,49,71.39981110044172,2
60,0,88.81391186162763,2
60,1,71.39981110044172,2
60,2,71.39981110044172,2
60,3,85.4136576703494,2
60,4,71.39981110044172,2
60,5,71.39981110044172,2
60,6,73.2445564390241,2
60,7,83.04239382420164,2
60,8,71.39981110044172,2
60,9,71.39981110044172,2
60,10,85.41365767034941,2
60,11,71.39981110044172,2
60,12,71.39981110044172,2
60,13,85.4136576703494,2
60,14,84.60095636325917,2
60,15,73.2445564390241,2
60,16,71.39981110044172,2
60,17,71.39981110044172,2
60,18,85.4136576703494,2
60,19,71.39981110044172,2
60,20,71.39981110044172,2
60,21,82.01034979270949,2
60,22,71.39981110044172,2
60,23,71.39981110044172,2
60,24,84.60095636325917,2
60,25,71.39981110044172,2
60,26,71.39981110044172,2
60,27,71.39981110044172,2
60,28,82.01034979270949,2
60,29,82.01034979270949,2
60,30,73.2445564390241,2
60,31,73.2445564390241,2
60,32,71.39981110044172,2
60,33,71.39981110044172,2
60,34,83.04239382420164,2
60,35,82.01034979270949,2
60,36,73.2445564390241,2
60,37,71.39981110044172,2
60,38,82.01034979270949,2
60,39,71.39981110044172,2
60,40,73.2445564390241,2
60,41,71.39981110044172,2
60,42,82.91000592900915,2
60,43,82.01034979270949,2
60,44,73.2445564390241,2
60,45,82.91000592900916,2
60,46,83.04239382420164,2
60,47,82.01034979270949,2
60,48,71.39981110044172,2
60,49,71.39981110044172,2
61,0,82.01034979270949,2
61,1,71.39981110044172,2
61,2,85.4136576703494,2
61,3,84.60095636325916,2
61,4,83.04239382420164,2
61,5,71.39981110044172,2
61,6,82.01034979270949,2
61,7,71.39981110044172,2
61,8,85.4136576703494,2
61,9,85.4136576703494,2
61,10,85.4136576703494,2
61,11,71.39981110044172,2
61,12,88.81391186162763,2
61,13,71.39981110044172,2
61,14,82.01034979270949,2
61,15,71.39981110044172,2
61,16,82.01034979270949,2
61,17,73.2445564390241,2
61,18,71.39981110044172,2
61,19,73.2445564390241,2
61,20,71.39981110044172,2
61,21,71.39981110044172,2
61,22,71.39981110044172,2
61,23,71.39981110044172,2
61,24,73.2445564390241,2
61,25,82.91000592900916,2
61,26,84.60095636325917,2
61,27,71.39981110044172,2
61,28,73.2445564390241,2
61,29,85.4136576703494,2
61,30,71.39981110044172,2
61,31,73.2445564390241,2
61,32,85.4136576703494,2
61,33,73.2445564390241,2
61,34,82.01034979270949,2
61,35,71.39981110044172,2
61,36,73.2445564390241,2
61,37,71.39981110044172,2
61,38,71.39981110044172,2
61,39,73.2445564390241,2
61,40,85.4136576703494,2
61,41,71.39981110044172,2
61,42,82.91000592900915,2
61,43,83.04239382420164,2
61,44,88.81391186162764,2
61,45,88.81391186162763,2
61,46,71.39981110044172,2
61,47,71.39981110044172,2
61,48,85.4136576703494,2
61,49,82.91000592900915,2
62,0,73.2445564390241,2
62,1,73.2445564390241,2
62,2,71.39981110044172,2
62,3,82.01034979270949,2
62,4,82.01034979270949,2
62,5,85.4136576703494,2
62,6,82.91000592900916,2
62,7,82.91000592900915,2
62,8,88.81391186162764,2
62,9,93.39369927858557,2
62,10,71.39981110044172,2
62,11,71.39981110044172,2
62,12,84.60095636325917,2
62,13,73.2445564390241,2
62,14,82.91000592900916,2
62,15,82.91000592900915,2
62,16,84.60095636325916,2
62,17,84.60095636325916,2
62,18,84.60095636325916,2
62,19,71.39981110044172,2
62,20,84.60095636325916,2
62,21,73.2445564390241,2
62,22,82.01034979270949,2
62,23,71.39981110044172,2
62,24,71.39981110044172,2
62,25,84.60095636325917,2
62,26,84.60095636325916,2
62,27,82.01034979270949,2
62,28,71.39981110044172,2
62,29,71.39981110044172,2
62,30,71.39981110044172,2
62,31,71.39981110044172,2
62,32,71.39981110044172,2
62,33,71.39981110044172,2
62,34,71.39981110044172,2
62,35,71.39981110044172,2
62,36,71.39981110044172,2
62,37,82.01034979270949,2
62,38,71.39981110044172,2
62,39,85.4136576703494,2
62,40,73.2445564390241,2
62,41,71.39981110044172,2
62,42,85.41365767034938,2
62,43,71.39981110044172,2
62,44,76.74640729926402,3
62,45,84.60095636325916,2
62,46,88.81391186162764,2
62,47,71.39981110044172,2
62,48,85.4136576703494,2
62,49,82.01034979270949,2
63,0,88.81391186162763,2
63,1,71.39981110044172,2
63,2,71.39981110044172,2
63,3,71.39981110044172,2
63,4,71.39981110044172,2
63,5,71.39981110044172,2
63,6,71.39981110044172,2
63,7,73.2445564390241,2
63,8,82.91000592900915,2
63,9,73.2445564390241,2
63,10,71.39981110044172,2
63,11,82.01034979270949,2
63,12,73.2445564390241,2
63,13,73.2445564390241,2
63,14,71.39981110044172,2
63,15,82.01034979270949,2
63,16,71.39981110044172,2
63,17,82.01034979270949,2
63,18,73.2445564390241,2
63,19,71.39981110044172,2
63,20,71.39981110044172,2
63,21,85.41365767034941,2
63,22,71.39981110044172,2
63,23,71.39981110044172,2
63,24,83.04239382420164,2
63,25,85.4136576703494,2
63,26,73.2445564390241,2
63,27,71.39981110044172,2
63,28,84.60095636325916,2
63,29,71.39981110044172,2
63,30,71.39981110044172,2
63,31,84.60095636325917,2
63,32,71.39981110044172,2
63,33,71.39981110044172,2
63,34,83.04239382420162,2
63,35,82.01034979270949,2
63,36,73.2445564390241,2
63,37,71.39981110044172,2
63,38,71.39981110044172,2
63,39,83.04239382420162,2
63,40,71.39981110044172,2
63,41,71.39981110044172,2
63,42,71.39981110044172,2
63,43,73.2445564390241,2
63,44,71.39981110044172,2
63,45,82.91000592900915,2
63,46,71.39981110044172,2
63,47,82.01034979270949,2
63,48,71.39981110044172,2
63,49,71.39981110044172,2
64,0,71.39981110044172,2
64,1,71.39981110044172,2
64,2,71.39981110044172,2
64,3,73.2445564390241,2
64,4,71.39981110044172,2
64,5,82.01034979270949,2
64,6,73.2445564390241,2
64,7,71.39981110044172,2
64,8,71.39981110044172,2
64,9,85.4136576703494,2
64,10,82.91000592900915,2
64,11,73.2445564390241,2
64,12,73.2445564390241,2
64,13,85.4136576703494,2
64,14,73.2445564390241,2
64,15,73.2445564390241,2
64,16,71.39981110044172,2
64,17,84.60095636325917,2
64,18,83.04239382420162,2
64,19,71.39981110044172,2
64,20,73.2445564390241,2
64,21,71.39981110044172,2
64,22,71.39981110044172,2
64,23,71.39981110044172,2
64,24,76.74640729926402,3
64,25,85.4136576703494,2
64,26,73.2445564390241,2
64,27,71.39981110044172,2
64,28,82.01034979270949,2
64,29,82.01034979270949,2
64,30,73.2445564390241,2
64,31,71.39981110044172,2
64,32,71.39981110044172,2
64,33,71.39981110044172,2
64,34,85.4136576703494,2
64,35,82.01034979270949,2
64,36,73.2445564390241,2
64,37,82.01034979270949,2
64,38,71.39981110044172,2
64,39,84.60095636325916,2
64,40,82.91000592900915,2
64,41,71.39981110044172,2
64,42,71.39981110044172,2
64,43,85.4136576703494,2
64,44,71.39981110044172,2
64,45,82.91000592900916,2
64,46,71.39981110044172,2
64,47,71.39981110044172,2
64,48,71.39981110044172,2
64,49,71.39981110044172,2
65,0,73.2445564390241,2
65,1,71.39981110044172,2
65,2,71.39981110044172,2
65,3,71.39981110044172,2
65,4,82.01034979270949,2
65,5,71.39981110044172,2
65,6,82.01034979270949,2
65,7,73.2445564390241,2
65,8,84.60095636325917,2
65,9,84.60095636325916,2
65,10,73.2445564390241,2
65,11,71.39981110044172,2
65,12,71.39981110044172,2
65,13,85.4136576703494,2
65,14,83.04239382420164,2
65,15,85.4136576703494,2
65,16,71.39981110044172,2
65,17,85.4136576703494,2
65,18,85.4136576703494,2
65,19,73.2445564390241,2
65,20,71.39981110044172,2
65,21,71.39981110044172,2
65,22,73.2445564390241,2
65,23,82.91000592900915,2
65,24,71.39981110044172,2
65,25,84.60095636325916,2
65,26,71.39981110044172,2
65,27,71.39981110044172,2
65,28,71.39981110044172,2
65,29,84.60095636325916,2
65,30,88.81391186162764,2
65,31,71.39981110044172,2
65,32,71.39981110044172,2
65,33,71.39981110044172,2
65,34,71.39981110044172,2
65,35,71.39981110044172,2
65,36,71.39981110044172,2
65,37,71.39981110044172,2
65,38,83.04239382420164,2
65,39,76.87325264195536,3
65,40,85.4136576703494,2
65,41,71.39981110044172,2
65,42,84.60095636325917,2
65,43,85.41365767034941,2
65,44,71.39981110044172,2
65,45,76.74640729926402,3
65,46,73.2445564390241,2
65,47,71.39981110044172,2
65,48,71.39981110044172,2
65,49,71.39981110044172,2
66,0,71.39981110044172,2
66,1,82.01034979270949,2
66,2,71.39981110044172,2
66,3,82.01034979270949,2
66,4,85.4136576703494,2
66,5,82.01034979270949,2
66,6,71.39981110044172,2
66,7,71.39981110044172,2
66,8,71.39981110044172,2
66,9,71.39981110044172,2
66,10,73.2445564390241,2
66,11,71.39981110044172,2
66,12,88.81391186162764,2
66,13,71.39981110044172,2
66,14,71.39981110044172,2
66,15,71.39981110044172,2
66,16,84.60095636325916,2
66,17,82.01034979270949,2
66,18,84.60095636325916,2
66,19,71.39981110044172,2
66,20,71.39981110044172,2
66,21,71.39981110044172,2
66,22,71.39981110044172,2
66,23,71.39981110044172,2
66,24,71.39981110044172,2
66,25,84.60095636325916,2
66,26,82.01034979270949,2
66,27,73.2445564390241,2
66,28,71.39981110044172,2
66,29,71.39981110044172,2
66,30,85.4136576703494,2
66,31,71.39981110044172,2
66,32,71.39981110044172,2
66,33,73.2445564390241,2
66,34,73.2445564390241,2
66,35,71.39981110044172,2
66,36,73.2445564390241,2
66,37,71.39981110044172,2
66,38,71.39981110044172,2
66,39,82.01034979270949,2
66,40,88.81391186162764,2
66,41,71.39981110044172,2
66,42,73.2445564390241,2
66,43,82.01034979270949,2
66,44,71.39981110044172,2
66,45,93.39369927858557,2
66,46,71.39981110044172,2
66,47,73.2445564390241,2
66,48,84.60095636325917,2
66,49,71.39981110044172,2
67,0,84.60095636325916,2
67,1,71.39981110044172,2
67,2,71.39981110044172,2
67,3,71.39981110044172,2
67,4,73.2445564390241,2
67,5,82.01034979270949,2
67,6,71.39981110044172,2
67,7,71.39981110044172,2
67,8,71.39981110044172,2
67,9,71.39981110044172,2
67,10,71.39981110044172,2
67,11,71.39981110044172,2
67,12,71.39981110044172,2
67,13,71.39981110044172,2
67,14,85.4136576703494,2
67,15,73.2445564390241,2
67,16,85.4136576703494,2
67,17,84.60095636325917,2
67,18,73.2445564390241,2
67,19,88.81391186162764,2
67,20,73.2445564390241,2
67,21,73.2445564390241,2
67,22,71.39981110044172,2
67,23,71.39981110044172,2
67,24,84.60095636325916,2
67,25,85.4136576703494,2
67,26,71.39981110044172,2
67,27,71.39981110044172,2
67,28,71.39981110044172,2
67,29,71.39981110044172,2
67,30,73.2445564390241,2
67,31,85.4136576703494,2
67,32,82.01034979270949,2
67,33,71.39981110044172,2
67,34,71.39981110044172,2
67,35,71.39981110044172,2
67,36,71.39981110044172,2
67,37,71.39981110044172,2
67,38,71.39981110044172,2
67,39,88.81391186162763,2
67,40,71.39981110044172,2
67,41,71.39981110044172,2
67,42,71.39981110044172,2
67,43,82.01034979270949,2
67,44,85.4136576703494,2
67,45,84.60095636325916,2
67,46,76.87325264195536,3
67,47,73.2445564390241,2
67,48,71.39981110044172,2
67,49,73.2445564390241,2
68,0,71.39981110044172,2
68,1,71.39981110044172,2
68,2,73.2445564390241,2
68,3,88.81391186162764,2
68,4,73.2445564390241,2
68,5,71.39981110044172,2
68,6,73.2445564390241,2
68,7,71.39981110044172,2
68,8,71.39981110044172,2
68,9,71.39981110044172,2
68,10,71.39981110044172,2
68,11,73.2445564390241,2
68,12,73.2445564390241,2
68,13,83.04239382420164,2
68,14,85.41365767034941,2
68,15,82.01034979270949,2
68,16,71.39981110044172,2
68,17,84.60095636325916,2
68,18,73.2445564390241,2
68,19,71.39981110044172,2
68,20,82.01034979270949,2
68,21,82.91000592900915,2
68,22,71.39981110044172,2
68,23,71.39981110044172,2
68,24,83.04239382420162,2
68,25,85.4136576703494,2
68,26,71.39981110044172,2
68,27,71.39981110044172,2
68,28,73.2445564390241,2
68,29,73.2445564390241,2
68,30,71.39981110044172,2
68,31,82.91000592900915,2
68,32,85.4136576703494,2
68,33,82.01034979270949,2
68,34,85.4136576703494,2
68,35,71.39981110044172,2
68,36,73.2445564390241,2
68,37,82.01034979270949,2
68,38,82.01034979270949,2
68,39,93.39369927858559,2
68,40,82.01034979270949,2
68,41,71.39981110044172,2
68,42,84.60095636325917,2
68,43,82.91000592900915,2
68,44,71.39981110044172,2
68,45,84.60095636325916,2
68,46,83.04239382420164,2
68,47,82.01034979270949,2
68,48,82.01034979270949,2
68,49,71.39981110044172,2
69,0,82.91000592900915,2
69,1,71.39981110044172,2
69,2,71.39981110044172,2
69,3,71.39981110044172,2
69,4,73.2445564390241,2
69,5,71.39981110044172,2
69,6,82.01034979270949,2
69,7,71.39981110044172,2
69,8,71.39981110044172,2
69,9,85.4136576703494,2
69,10,82.91000592900915,2
69,11,71.39981110044172,2
69,12,73.2445564390241,2
69,13,73.2445564390241,2
69,14,83.04239382420164,2
69,15,73.2445564390241,2
69,16,71.39981110044172,2
69,17,73.2445564390241,2
69,18,82.01034979270949,2
69,19,71.39981110044172,2
69,20,71.39981110044172,2
69,21,84.60095636325917,2
69,22,82.01034979270949,2
69,23,82.01034979270949,2
69,24,82.01034979270949,2
69,25,84.60095636325916,2
69,26,71.39981110044172,2
69,27,71.39981110044172,2
69,28,71.39981110044172,2
69,29,71.39981110044172,2
69,30,84.60095636325917,2
69,31,71.39981110044172,2
69,32,73.2445564390241,2
69,33,71.39981110044172,2
69,34,71.39981110044172,2
69,35,73.2445564390241,2
69,36,82.91000592900915,2
69,37,73.2445564390241,2
69,38,73.2445564390241,2
69,39,83.04239382420162,2
69,40,71.39981110044172,2
69,41,71.39981110044172,2
69,42,73.2445564390241,2
69,43,71.39981110044172,2
69,44,73.2445564390241,2
69,45,73.2445564390241,2
69,46,73.2445564390241,2
69,47,71.39981110044172,2
69,48,71.39981110044172,2
69,49,71.39981110044172,2
70,0,82.01034979270949,2
70,1,71.39981110044172,2
70,2,71.39981110044172,2
70,3,71.39981110044172,2
70,4,82.01034979270949,2
70,5,82.01034979270949,2
70,6,71.39981110044172,2
70,7,71.39981110044172,2
70,8,71.39981110044172,2
70,9,82.01034979270949,2
70,10,82.91000592900915,2
70,11,71.39981110044172,2
70,12,82.91000592900915,2
70,13,71.39981110044172,2
70,14,71.39981110044172,2
70,15,71.39981110044172,2
70,16,71.39981110044172,2
70,17,73.2445564390241,2
70,18,83.04239382420164,2
70,19,84.60095636325917,2
70,20,82.01034979270949,2
70,21,71.39981110044172,2
70,22,85.4136576703494,2
70,23,71.39981110044172,2
70,24,84.60095636325917,2
70,25,93.39369927858559,2
70,26,71.39981110044172,2
70,27,71.39981110044172,2
70,28,82.01034979270949,2
70,29,71.39981110044172,2
70,30,71.39981110044172,2
70,31,71.39981110044172,2
70,32,71.39981110044172,2
70,33,71.39981110044172,2
70,34,73.2445564390241,2
70,35,71.39981110044172,2
70,36,82.91000592900915,2
70,37,73.2445564390241,2
70,38,73.2445564390241,2
70,39,85.41365767034941,2
70,40,85.4136576703494,2
70,41,71.39981110044172,2
70,42,73.2445564390241,2
70,43,82.01034979270949,2
70,44,71.39981110044172,2
70,45,83.01160259797084,3
70,46,82.01034979270949,2
70,47,71.39981110044172,2
70,48,82.91000592900915,2
70,49,71.39981110044172,2
71,0,82.01034979270949,2
71,1,71.39981110044172,2
71,2,71.39981110044172,2
71,3,71.39981110044172,2
71,4,82.01034979270949,2
71,5,85.4136576703494,2
71,6,71.39981110044172,2
71,7,73.2445564390241,2
71,8,71.39981110044172,2
71,9,73.2445564390241,2
71,10,73.2445564390241,2
71,11,71.39981110044172,2
71,12,73.2445564390241,2
71,13,71.39981110044172,2
71,14,85.4136576703494,2
71,15,82.91000592900915,2
71,16,71.39981110044172,2
71,17,93.39369927858559,2
71,18,73.2445564390241,2
71,19,71.39981110044172,2
71,20,71.39981110044172,2
71,21,71.39981110044172,2
71,22,71.39981110044172,2
71,23,71.39981110044172,2
71,24,83.04239382420164,2
71,25,82.01034979270949,2
71,26,82.01034979270949,2
71,27,71.39981110044172,2
71,28,71.39981110044172,2
71,29,82.01034979270949,2
71,30,71.39981110044172,2
71,31,71.39981110044172,2
71,32,83.04239382420164,2
71,33,73.2445564390241,2
71,34,85.4136576703494,2
71,35,71.39981110044172,2
71,36,71.39981110044172,2
71,37,71.39981110044172,2
71,38,71.39981110044172,2
71,39,84.60095636325917,2
71,40,84.60095636325916,2
71,41,85.4136576703494,2
71,42,73.2445564390241,2
71,43,82.01034979270949,2
71,44,84.60095636325917,2
71,45,84.60095636325916,2
71,46,71.39981110044172,2
71,47,73.2445564390241,2
71,48,71.39981110044172,2
71,49,71.39981110044172,2
72,0,71.39981110044172,2
72,1,71.39981110044172,2
72,2,73.2445564390241,2
72,3,71.39981110044172,2
72,4,71.39981110044172,2
72,5,73.2445564390241,2
72,6,73.2445564390241,2
72,7,73.2445564390241,2
72,8,82.91000592900915,2
72,9,73.2445564390241,2
72,10,82.91000592900915,2
72,11,71.39981110044172,2
72,12,71.39981110044172,2
72,13,71.39981110044172,2
72,14,73.2445564390241,2
72,15,71.39981110044172,2
72,16,71.39981110044172,2
72,17,71.39981110044172,2
72,18,84.60095636325917,2
72,19,71.39981110044172,2
72,20,73.2445564390241,2
72,21,73.2445564390241,2
72,22,71.39981110044172,2
72,23,71.39981110044172,2
72,24,84.60095636325916,2
72,25,71.39981110044172,2
72,26,71.39981110044172,2
72,27,71.39981110044172,2
72,28,71.39981110044172,2
72,29,71.39981110044172,2
72,30,85.4136576703494,2
72,31,73.2445564390241,2
72,32,85.4136576703494,2
72,33,82.91000592900915,2
72,34,84.60095636325916,2
72,35,71.39981110044172,2
72,36,71.39981110044172,2
72,37,82.01034979270949,2
72,38,71.39981110044172,2
72,39,88.81391186162764,2
72,40,82.01034979270949,2
72,41,71.39981110044172,2
72,42,71.39981110044172,2
72,43,73.2445564390241,2
72,44,73.2445564390241,2
72,45,85.4136576703494,2
72,46,71.39981110044172,2
72,47,71.39981110044172,2
72,48,71.39981110044172,2
72,49,71.39981110044172,2
73,0,71.39981110044172,2
73,1,71.39981110044172,2
73,2,73.2445564390241,2
73,3,71.39981110044172,2
73,4,71.39981110044172,2
73,5,71.39981110044172,2
73,6,71.39981110044172,2
73,7,82.91000592900915,2
73,8,73.2445564390241,2
73,9,73.2445564390241,2
73,10,73.2445564390241,2
73,11,82.01034979270949,2
73,12,71.39981110044172,2
73,13,73.2445564390241,2
73,14,83.04239382420164,2
73,15,71.39981110044172,2
73,16,82.91000592900915,2
73,17,83.04239382420164,2
73,18,71.39981110044172,2
73,19,82.91000592900915,2
73,20,73.2445564390241,2
73,21,71.39981110044172,2
73,22,82.91000592900915,2
73,23,71.39981110044172,2
73,24,84.60095636325916,2
73,25,85.4136576703494,2
73,26,73.2445564390241,2
73,27,82.91000592900915,2
73,28,71.39981110044172,2
73,29,73.2445564390241,2
73,30,73.2445564390241,2
73,31,71.39981110044172,2
73,32,82.91000592900915,2
73,33,71.39981110044172,2
73,34,84.60095636325917,2
73,35,85.4136576703494,2
73,36,71.39981110044172,2
73,37,71.39981110044172,2
73,38,71.39981110044172,2
73,39,82.91000592900915,2
73,40,71.39981110044172,2
73,41,71.39981110044172,2
73,42,71.39981110044172,2
73,43,71.39981110044172,2
73,44,71.39981110044172,2
73,45,82.91000592900915,2
73,46,82.91000592900915,2
73,47,82.01034979270949,2
73,48,71.39981110044172,2
73,49,82.91000592900915,2
74,0,82.01034979270949,2
74,1,71.39981110044172,2
74,2,71.39981110044172,2
74,3,71.39981110044172,2
74,4,71.39981110044172,2
74,5,88.81391186162764,2
74,6,71.39981110044172,2
74,7,71.39981110044172,2
74,8,73.2445564390241,2
74,9,85.4136576703494,2
74,10,71.39981110044172,2
74,11,71.39981110044172,2
74,12,71.39981110044172,2
74,13,82.01034979270949,2
74,14,83.04239382420164,2
74,15,71.39981110044172,2
74,16,71.39981110044172,2
74,17,71.39981110044172,2
74,18,83.04239382420162,2
74,19,71.39981110044172,2
74,20,73.2445564390241,2
74,21,71.39981110044172,2
74,22,71.39981110044172,2
74,23,71.39981110044172,2
74,24,82.01034979270949,2
74,25,71.39981110044172,2
74,26,71.39981110044172,2
74,27,71.39981110044172,2
74,28,71.39981110044172,2
74,29,73.2445564390241,2
74,30,73.2445564390241,2
74,31,71.39981110044172,2
74,32,71.39981110044172,2
74,33,82.91000592900915,2
74,34,71.39981110044172,2
74,35,71.39981110044172,2
74,36,73.2445564390241,2
74,37,71.39981110044172,2
74,38,73.2445564390241,2
74,39,71.39981110044172,2
74,40,73.2445564390241,2
74,41,82.91000592900915,2
74,42,71.39981110044172,2
74,43,71.39981110044172,2
74,44,71.39981110044172,2
74,45,85.4136576703494,2
74,46,71.39981110044172,2
74,47,82.91000592900915,2
74,48,73.2445564390241,2
74,49,82.01034979270949,2
75,0,83.04239382420164,2
75,1,71.39981110044172,2
75,2,71.39981110044172,2
75,3,88.81391186162764,2
75,4,71.39981110044172,2
75,5,71.39981110044172,2
75,6,71.39981110044172,2
75,7,71.39981110044172,2
75,8,82.91000592900915,2
75,9,71.39981110044172,2
75,10,73.2445564390241,2
75,11,71.39981110044172,2
75,12,71.39981110044172,2
75,13,71.39981110044172,2
75,14,82.01034979270949,2
75,15,71.39981110044172,2
75,16,82.01034979270949,2
75,17,71.39981110044172,2
75,18,82.91000592900916,2
75,19,71.39981110044172,2
75,20,82.91000592900915,2
75,21,71.39981110044172,2
75,22,82.01034979270949,2
75,23,71.39981110044172,2
75,24,83.04239382420164,2
75,25,85.4136576703494,2
75,26,82.01034979270949,2
75,27,73.2445564390241,2
75,28,82.01034979270949,2
75,29,71.39981110044172,2
75,30,71.39981110044172,2
75,31,71.39981110044172,2
75,32,71.39981110044172,2
75,33,73.2445564390241,2
75,34,73.2445564390241,2
75,35,82.91000592900915,2
75,36,71.39981110044172,2
75,37,83.04239382420164,2
75,38,71.39981110044172,2
75,39,82.01034979270949,2
75,40,73.2445564390241,2
75,41,85.4136576703494,2
75,42,73.2445564390241,2
75,43,73.2445564390241,2
75,44,73.2445564390241,2
75,45,82.01034979270949,2
75,46,71.39981110044172,2
75,47,73.2445564390241,2
75,48,82.01034979270949,2
75,49,73.2445564390241,2
76,0,73.2445564390241,2
76,1,71.39981110044172,2
76,2,73.2445564390241,2
76,3,71.39981110044172,2
76,4,71.39981110044172,2
76,5,71.39981110044172,2
76,6,82.01034979270949,2
76,7,73.2445564390241,2
76,8,71.39981110044172,2
76,9,83.04239382420162,2
76,10,71.39981110044172,2
76,11,82.01034979270949,2
76,12,71.39981110044172,2
76,13,71.39981110044172,2
76,14,84.60095636325917,2
76,15,71.39981110044172,2
76,16,82.91000592900915,2
76,17,73.2445564390241,2
76,18,76.74640729926402,3
76,19,73.2445564390241,2
76,20,82.01034979270949,2
76,21,71.39981110044172,2
76,22,71.39981110044172,2
76,23,82.01034979270949,2
76,24,71.39981110044172,2
76,25,85.4136576703494,2
76,26,82.01034979270949,2
76,27,82.91000592900915,2
76,28,71.39981110044172,2
76,29,73.2445564390241,2
76,30,71.39981110044172,2
76,31,71.39981110044172,2
76,32,73.2445564390241,2
76,33,71.39981110044172,2
76,34,73.2445564390241,2
76,35,71.39981110044172,2
76,36,93.39369927858559,2
76,37,82.91000592900915,2
76,38,71.39981110044172,2
76,39,88.81391186162763,2
76,40,83.04239382420164,2
76,41,71.39981110044172,2
76,42,73.2445564390241,2
76,43,73.2445564390241,2
76,44,85.4136576703494,2
76,45,93.39369927858557,2
76,46,84.60095636325916,2
76,47,82.01034979270949,2
76,48,82.01034979270949,2
76,49,73.2445564390241,2
77,0,73.2445564390241,2
77,1,73.2445564390241,2
77,2,71.39981110044172,2
77,3,71.39981110044172,2
77,4,73.2445564390241,2
77,5,71.39981110044172,2
77,6,71.39981110044172,2
77,7,71.39981110044172,2
77,8,71.39981110044172,2
77,9,71.39981110044172,2
77,10,71.39981110044172,2
77,11,71.39981110044172,2
77,12,82.91000592900915,2
77,13,73.2445564390241,2
77,14,73.2445564390241,2
77,15,71.39981110044172,2
77,16,88.81391186162764,2
77,17,71.39981110044172,2
77,18,82.01034979270949,2
77,19,71.39981110044172,2
77,20,71.39981110044172,2
77,21,71.39981110044172,2
77,22,71.39981110044172,2
77,23,71.39981110044172,2
77,24,71.39981110044172,2
77,25,73.2445564390241,2
77,26,71.39981110044172,2
77,27,82.01034979270949,2
77,28,71.39981110044172,2
77,29,71.39981110044172,2
77,30,71.39981110044172,2
77,31,71.39981110044172,2
77,32,73.2445564390241,2
77,33,73.2445564390241,2
77,34,71.39981110044172,2
77,35,73.2445564390241,2
77,36,82.91000592900915,2
77,37,71.39981110044172,2
77,38,71.39981110044172,2
77,39,82.91000592900916,2
77,40,82.01034979270949,2
77,41,71.39981110044172,2
77,42,71.39981110044172,2
77,43,83.04239382420164,2
77,44,71.39981110044172,2
77,45,85.4136576703494,2
77,46,71.39981110044172,2
77,47,71.39981110044172,2
77,48,85.4136576703494,2
77,49,71.39981110044172,2
78,0,71.39981110044172,2
78,1,71.39981110044172,2
78,2,71.39981110044172,2
78,3,71.39981110044172,2
78,4,73.2445564390241,2
78,5,84.60095636325916,2
78,6,71.39981110044172,2
78,7,71.39981110044172,2
78,8,82.91000592900915,2
78,9,71.39981110044172,2
78,10,73.2445564390241,2
78,11,71.39981110044172,2
78,12,71.39981110044172,2
78,13,71.39981110044172,2
78,14,85.4136576703494,2
78,15,71.39981110044172,2
78,16,88.81391186162764,2
78,17,82.01034979270949,2
78,18,84.60095636325917,2
78,19,71.39981110044172,2
78,20,71.39981110044172,2
78,21,82.01034979270949,2
78,22,71.39981110044172,2
78,23,71.39981110044172,2
78,24,71.39981110044172,2
78,25,88.81391186162764,2
78,26,71.39981110044172,2
78,27,71.39981110044172,2
78,28,71.39981110044172,2
78,29,82.01034979270949,2
78,30,88.81391186162764,2
78,31,71.39981110044172,2
78,32,71.39981110044172,2
78,33,73.2445564390241,2
78,34,71.39981110044172,2
78,35,71.39981110044172,2
78,36,71.39981110044172,2
78,37,71.39981110044172,2
78,38,82.01034979270949,2
78,39,73.2445564390241,2
78,40,83.04239382420164,2
78,41,71.39981110044172,2
78,42,82.91000592900915,2
78,43,82.91000592900915,2
78,44,73.2445564390241,2
78,45,82.91000592900916,2
78,46,71.39981110044172,2
78,47,71.39981110044172,2
78,48,71.39981110044172,2
78,49,73.2445564390241,2
79,0,88.81391186162764,2
79,1,71.39981110044172,2
79,2,71.39981110044172,2
79,3,71.39981110044172,2
79,4,71.39981110044172,2
79,5,71.39981110044172,2
79,6,71.39981110044172,2
79,7,73.2445564390241,2
79,8,73.2445564390241,2
79,9,84.60095636325916,2
79,10,82.01034979270949,2
79,11,71.39981110044172,2
79,12,71.39981110044172,2
79,13,71.39981110044172,2
79,14,85.41365767034941,2
79,15,71.39981110044172,2
79,16,85.4136576703494,2
79,17,73.2445564390241,2
79,18,84.60095636325916,2
79,19,88.81391186162764,2
79,20,73.2445564390241,2
79,21,71.39981110044172,2
79,22,71.39981110044172,2
79,23,71.39981110044172,2
79,24,82.01034979270949,2
79,25,71.39981110044172,2
79,26,71.39981110044172,2
79,27,71.39981110044172,2
79,28,85.4136576703494,2
79,29,84.60095636325916,2
79,30,85.4136576703494,2
79,31,73.2445564390241,2
79,32,85.4136576703494,2
79,33,71.39981110044172,2
79,34,84.60095636325917,2
79,35,82.01034979270949,2
79,36,82.91000592900915,2
79,37,73.2445564390241,2
79,38,71.39981110044172,2
79,39,76.74640729926402,3
79,40,71.39981110044172,2
79,41,71.39981110044172,2
79,42,88.81391186162764,2
79,43,73.2445564390241,2
79,44,82.91000592900915,2
79,45,82.01034979270949,2
79,46,73.2445564390241,2
79,47,71.39981110044172,2
79,48,82.01034979270949,2
79,49,71.39981110044172,2
80,0,85.4136576703494,2
80,1,82.91000592900915,2
80,2,71.39981110044172,2
80,3,71.39981110044172,2
80,4,71.39981110044172,2
80,5,73.2445564390241,2
80,6,82.01034979270949,2
80,7,73.2445564390241,2
80,8,73.2445564390241,2
80,9,88.81391186162764,2
80,10,82.91000592900915,2
80,11,82.01034979270949,2
80,12,73.2445564390241,2
80,13,85.4136576703494,2
80,14,85.41365767034941,2
80,15,73.2445564390241,2
80,16,71.39981110044172,2
80,17,73.2445564390241,2
80,18,88.81391186162763,2
80,19,71.39981110044172,2
80,20,82.01034979270949,2
80,21,73.2445564390241,2
80,22,71.39981110044172,2
80,23,85.4136576703494,2
80,24,83.04239382420164,2
80,25,83.04239382420164,2
80,26,82.01034979270949,2
80,27,82.01034979270949,2
80,28,71.39981110044172,2
80,29,73.2445564390241,2
80,30,71.39981110044172,2
80,31,85.41365767034941,2
80,32,71.39981110044172,2
80,33,73.2445564390241,2
80,34,71.39981110044172,2
80,35,71.39981110044172,2
80,36,71.39981110044172,2
80,37,88.81391186162764,2
80,38,71.39981110044172,2
80,39,71.39981110044172,2
80,40,85.4136576703494,2
80,41,82.91000592900915,2
80,42,85.4136576703494,2
80,43,71.39981110044172,2
80,44,71.39981110044172,2
80,45,82.01034979270949,2
80,46,85.4136576703494,2
80,47,73.2445564390241,2
80,48,71.39981110044172,2
80,49,71.39981110044172,2
81,0,71.39981110044172,2
81,1,73.2445564390241,2
81,2,71.39981110044172,2
81,3,88.81391186162763,2
81,4,71.39981110044172,2
81,5,88.81391186162764,2
81,6,73.2445564390241,2
81,7,71.39981110044172,2
81,8,88.81391186162764,2
81,9,85.4136576703494,2
81,10,71.39981110044172,2
81,11,85.4136576703494,2
81,12,71.39981110044172,2
81,13,85.4136576703494,2
81,14,83.04239382420164,2
81,15,71.39981110044172,2
81,16,71.39981110044172,2
81,17,85.4136576703494,2
81,18,85.4136576703494,2
81,19,71.39981110044172,2
81,20,73.2445564390241,2
81,21,71.39981110044172,2
81,22,82.91000592900915,2
81,23,71.39981110044172,2
81,24,71.39981110044172,2
81,25,84.60095636325916,2
81,26,71.39981110044172,2
81,27,71.39981110044172,2
81,28,82.01034979270949,2
81,29,71.39981110044172,2
81,30,71.39981110044172,2
81,31,71.39981110044172,2
81,32,71.39981110044172,2
81,33,73.2445564390241,2
81,34,71.39981110044172,2
81,35,71.39981110044172,2
81,36,73.2445564390241,2
81,37,82.91000592900915,2
81,38,93.39369927858559,2
81,39,73.2445564390241,2
81,40,83.04239382420164,2
81,41,71.39981110044172,2
81,42,82.01034979270949,2
81,43,82.91000592900915,2
81,44,71.39981110044172,2
81,45,88.81391186162763,2
81,46,71.39981110044172,2
81,47,73.2445564390241,2
81,48,71.39981110044172,2
81,49,71.39981110044172,2
82,0,71.39981110044172,2
82,1,71.39981110044172,2
82,2,71.39981110044172,2
82,3,71.39981110044172,2
82,4,71.39981110044172,2
82,5,85.4136576703494,2
82,6,71.39981110044172,2
82,7,82.01034979270949,2
82,8,71.39981110044172,2
82,9,73.2445564390241,2
82,10,82.91000592900915,2
82,11,88.81391186162764,2
82,12,73.2445564390241,2
82,13,85.41365767034941,2
82,14,71.39981110044172,2
82,15,71.39981110044172,2
82,16,84.60095636325916,2
82,17,83.04239382420164,2
82,18,88.81391186162764,2
82,19,85.4136576703494,2
82,20,71.39981110044172,2
82,21,82.91000592900915,2
82,22,73.2445564390241,2
82,23,84.60095636325917,2
82,24,84.60095636325916,2
82,25,82.01034979270949,2
82,26,73.2445564390241,2
82,27,82.91000592900915,2
82,28,82.01034979270949,2
82,29,85.4136576703494,2
82,30,71.39981110044172,2
82,31,71.39981110044172,2
82,32,71.39981110044172,2
82,33,71.39981110044172,2
82,34,85.4136576703494,2
82,35,73.2445564390241,2
82,36,73.2445564390241,2
82,37,71.39981110044172,2
82,38,71.39981110044172,2
82,39,82.01034979270949,2
82,40,85.41365767034941,2
82,41,85.4136576703494,2
82,42,73.2445564390241,2
82,43,71.39981110044172,2
82,44,71.39981110044172,2
82,45,88.81391186162763,2
82,46,85.41365767034941,2
82,47,71.39981110044172,2
82,48,84.60095636325916,2
82,49,71.39981110044172,2
83,0,71.39981110044172,2
83,1,71.39981110044172,2
83,2,83.04239382420164,2
83,3,71.39981110044172,2
83,4,85.41365767034941,2
83,5,73.2445564390241,2
83,6,71.39981110044172,2
83,7,82.01034979270949,2
83,8,73.2445564390241,2
83,9,73.2445564390241,2
83,10,71.39981110044172,2
83,11,71.39981110044172,2
83,12,88.81391186162764,2
83,13,71.39981110044172,2
83,14,84.60095636325916,2
83,15,71.39981110044172,2
83,16,71.39981110044172,2
83,17,84.60095636325916,2
83,18,73.2445564390241,2
83,19,82.91000592900915,2
83,20,71.39981110044172,2
83,21,71.39981110044172,2
83,22,71.39981110044172,2
83,23,71.39981110044172,2
83,24,84.60095636325916,2
83,25,88.81391186162764,2
83,26,73.2445564390241,2
83,27,93.39369927858559,2
83,28,82.01034979270949,2
83,29,88.81391186162764,2
83,30,85.4136576703494,2
83,31,73.2445564390241,2
83,32,71.39981110044172,2
83,33,82.91000592900915,2
83,34,71.39981110044172,2
83,35,73.2445564390241,2
83,36,82.91000592900915,2
83,37,71.39981110044172,2
83,38,73.2445564390241,2
83,39,85.41365767034941,2
83,40,83.04239382420164,2
83,41,71.39981110044172,2
83,42,82.91000592900915,2
83,43,82.01034979270949,2
83,44,82.91000592900915,2
83,45,82.91000592900916,2
83,46,88.81391186162764,2
83,47,84.60095636325917,2
83,48,71.39981110044172,2
83,49,73.2445564390241,2
84,0,85.4136576703494,2
84,1,71.39981110044172,2
84,2,71.39981110044172,2
84,3,71.39981110044172,2
84,4,82.01034979270949,2
84,5,82.01034979270949,2
84,6,85.41365767034941,2
84,7,82.01034979270949,2
84,8,82.91000592900915,2
84,9,84.60095636325916,2
84,10,71.39981110044172,2
84,11,71.39981110044172,2
84,12,73.2445564390241,2
84,13,76.74640729926402,3
84,14,82.01034979270949,2
84,15,73.2445564390241,2
84,16,71.39981110044172,2
84,17,83.04239382420164,2
84,18,84.60095636325916,2
84,19,71.39981110044172,2
84,20,71.39981110044172,2
84,21,71.39981110044172,2
84,22,71.39981110044172,2
84,23,71.39981110044172,2
84,24,83.04239382420164,2
84,25,93.39369927858559,2
84,26,71.39981110044172,2
84,27,71.39981110044172,2
84,28,71.39981110044172,2
84,29,71.39981110044172,2
84,30,71.39981110044172,2
84,31,85.4136576703494,2
84,32,73.2445564390241,2
84,33,71.39981110044172,2
84,34,71.39981110044172,2
84,35,71.39981110044172,2
84,36,82.91000592900915,2
84,37,73.2445564390241,2
84,38,71.39981110044172,2
84,39,84.60095636325916,2
84,40,83.04239382420164,2
84,41,71.39981110044172,2
84,42,82.01034979270949,2
84,43,71.39981110044172,2
84,44,71.39981110044172,2
84,45,83.01160259797084,3
84,46,71.39981110044172,2
84,47,82.01034979270949,2
84,48,71.39981110044172,2
84,49,71.39981110044172,2
85,0,73.2445564390241,2
85,1,73.2445564390241,2
85,2,71.39981110044172,2
85,3,71.39981110044172,2
85,4,71.39981110044172,2
85,5,71.39981110044172,2
85,6,71.39981110044172,2
85,7,82.01034979270949,2
85,8,71.39981110044172,2
85,9,82.01034979270949,2
85,10,71.39981110044172,2
85,11,85.41365767034941,2
85,12,73.2445564390241,2
85,13,73.2445564390241,2
85,14,84.60095636325917,2
85,15,71.39981110044172,2
85,16,88.81391186162764,2
85,17,71.39981110044172,2
85,18,88.81391186162764,2
85,19,73.2445564390241,2
85,20,84.60095636325917,2
85,21,84.60095636325916,2
85,22,71.39981110044172,2
85,23,93.39369927858559,2
85,24,82.01034979270949,2
85,25,73.2445564390241,2
85,26,71.39981110044172,2
85,27,71.39981110044172,2
85,28,71.39981110044172,2
85,29,71.39981110044172,2
85,30,73.2445564390241,2
85,31,71.39981110044172,2
85,32,71.39981110044172,2
85,33,82.91000592900915,2
85,34,71.39981110044172,2
85,35,71.39981110044172,2
85,36,73.2445564390241,2
85,37,71.39981110044172,2
85,38,82.01034979270949,2
85,39,88.81391186162763,2
85,40,71.39981110044172,2
85,41,71.39981110044172,2
85,42,83.04239382420164,2
85,43,71.39981110044172,2
85,44,73.2445564390241,2
85,45,85.4136576703494,2
85,46,71.39981110044172,2
85,47,82.91000592900915,2
85,48,71.39981110044172,2
85,49,82.91000592900915,2
86,0,71.39981110044172,2
86,1,71.39981110044172,2
86,2,93.39369927858557,2
86,3,71.39981110044172,2
86,4,73.2445564390241,2
86,5,84.60095636325917,2
86,6,71.39981110044172,2
86,7,71.39981110044172,2
86,8,71.39981110044172,2
86,9,73.2445564390241,2
86,10,71.39981110044172,2
86,11,71.39981110044172,2
86,12,73.2445564390241,2
86,13,71.39981110044172,2
86,14,83.04239382420164,2
86,15,85.4136576703494,2
86,16,82.01034979270949,2
86,17,82.01034979270949,2
86,18,82.01034979270949,2
86,19,73.2445564390241,2
86,20,71.39981110044172,2
86,21,82.01034979270949,2
86,22,88.81391186162764,2
86,23,71.39981110044172,2
86,24,84.60095636325916,2
86,25,85.4136576703494,2
86,26,82.01034979270949,2
86,27,71.39981110044172,2
86,28,82.01034979270949,2
86,29,73.2445564390241,2
86,30,73.2445564390241,2
86,31,73.2445564390241,2
86,32,71.39981110044172,2
86,33,82.91000592900915,2
86,34,93.39369927858557,2
86,35,71.39981110044172,2
86,36,82.91000592900915,2
86,37,93.39369927858559,2
86,38,85.4136576703494,2
86,39,71.39981110044172,2
86,40,76.74640729926402,3
86,41,88.81391186162764,2
86,42,73.2445564390241,2
86,43,71.39981110044172,2
86,44,71.39981110044172,2
86,45,93.39369927858557,2
86,46,82.01034979270948,2
86,47,73.2445564390241,2
86,48,85.4136576703494,2
86,49,82.91000592900915,2
87,0,71.39981110044172,2
87,1,71.39981110044172,2
87,2,71.39981110044172,2
87,3,82.01034979270949,2
87,4,71.39981110044172,2
87,5,71.39981110044172,2
87,6,73.2445564390241,2
87,7,82.01034979270948,2
87,8,71.39981110044172,2
87,9,73.2445564390241,2
87,10,82.91000592900915,2
87,11,71.39981110044172,2
87,12,71.39981110044172,2
87,13,85.4136576703494,2
87,14,82.01034979270949,2
87,15,82.01034979270949,2
87,16,71.39981110044172,2
87,17,85.41365767034941,2
87,18,71.39981110044172,2
87,19,71.39981110044172,2
87,20,73.2445564390241,2
87,21,82.01034979270949,2
87,22,82.01034979270949,2
87,23,73.2445564390241,2
87,24,84.60095636325916,2
87,25,84.60095636325916,2
87,26,71.39981110044172,2
87,27,71.39981110044172,2
87,28,82.01034979270949,2
87,29,71.39981110044172,2
87,30,82.01034979270949,2
87,31,84.60095636325916,2
87,32,71.39981110044172,2
87,33,71.39981110044172,2
87,34,82.91000592900915,2
87,35,73.2445564390241,2
87,36,82.01034979270949,2
87,37,71.39981110044172,2
87,38,85.4136576703494,2
87,39,83.04239382420164,2
87,40,73.2445564390241,2
87,41,71.39981110044172,2
87,42,73.2445564390241,2
87,43,73.2445564390241,2
87,44,73.2445564390241,2
87,45,84.60095636325917,2
87,46,82.01034979270949,2
87,47,73.2445564390241,2
87,48,71.39981110044172,2
87,49,71.39981110044172,2
88,0,71.39981110044172,2
88,1,71.39981110044172,2
88,2,71.39981110044172,2
88,3,82.01034979270949,2
88,4,71.39981110044172,2
88,5,71.39981110044172,2
88,6,82.91000592900915,2
88,7,71.39981110044172,2
88,8,71.39981110044172,2
88,9,71.39981110044172,2
88,10,82.91000592900915,2
88,11,71.39981110044172,2
88,12,71.39981110044172,2
88,13,93.39369927858557,2
88,14,71.39981110044172,2
88,15,73.2445564390241,2
88,16,71.39981110044172,2
88,17,84.60095636325916,2
88,18,83.04239382420162,2
88,19,85.4136576703494,2
88,20,71.39981110044172,2
88,21,73.2445564390241,2
88,22,82.91000592900915,2
88,23,73.2445564390241,2
88,24,84.60095636325917,2
88,25,93.39369927858557,2
88,26,73.2445564390241,2
88,27,71.39981110044172,2
88,28,71.39981110044172,2
88,29,84.60095636325916,2
88,30,71.39981110044172,2
88,31,84.60095636325917,2
88,32,73.2445564390241,2
88,33,71.39981110044172,2
88,34,71.39981110044172,2
88,35,71.39981110044172,2
88,36,82.91000592900915,2
88,37,71.39981110044172,2
88,38,82.01034979270949,2
88,39,85.4136576703494,2
88,40,82.01034979270949,2
88,41,73.2445564390241,2
88,42,71.39981110044172,2
88,43,71.39981110044172,2
88,44,71.39981110044172,2
88,45,76.87325264195536,3
88,46,73.2445564390241,2
88,47,71.39981110044172,2
88,48,82.01034979270949,2
88,49,71.39981110044172,2
89,0,71.39981110044172,2
89,1,73.2445564390241,2
89,2,71.39981110044172,2
89,3,73.2445564390241,2
89,4,85.4136576703494,2
89,5,85.4136576703494,2
89,6,71.39981110044172,2
89,7,71.39981110044172,2
89,8,82.91000592900915,2
89,9,73.2445564390241,2
89,10,71.39981110044172,2
89,11,73.2445564390241,2
89,12,71.39981110044172,2
89,13,73.2445564390241,2
89,14,88.81391186162764,2
89,15,73.2445564390241,2
89,16,82.01034979270949,2
89,17,73.2445564390241,2
89,18,93.39369927858557,2
89,19,71.39981110044172,2
89,20,71.39981110044172,2
89,21,71.39981110044172,2
89,22,71.39981110044172,2
89,23,71.39981110044172,2
89,24,83.04239382420164,2
89,25,84.60095636325916,2
89,26,71.39981110044172,2
89,27,71.39981110044172,2
89,28,71.39981110044172,2
89,29,71.39981110044172,2
89,30,82.01034979270949,2
89,31,71.39981110044172,2
89,32,71.39981110044172,2
89,33,71.39981110044172,2
89,34,73.2445564390241,2
89,35,82.91000592900915,2
89,36,88.81391186162763,2
89,37,71.39981110044172,2
89,38,71.39981110044172,2
89,39,71.39981110044172,2
89,40,82.01034979270949,2
89,41,71.39981110044172,2
89,42,85.41365767034941,2
89,43,71.39981110044172,2
89,44,73.2445564390241,2
89,45,83.01160259797084,3
89,46,71.39981110044172,2
89,47,71.39981110044172,2
89,48,71.39981110044172,2
89,49,71.39981110044172,2
90,0,71.39981110044172,2
90,1,73.2445564390241,2
90,2,85.41365767034941,2
90,3,73.2445564390241,2
90,4,73.2445564390241,2
90,5,71.39981110044172,2
90,6,71.39981110044172,2
90,7,71.39981110044172,2
90,8,82.91000592900915,2
90,9,71.39981110044172,2
90,10,71.39981110044172,2
90,11,82.01034979270949,2
90,12,71.39981110044172,2
90,13,71.39981110044172,2
90,14,73.2445564390241,2
90,15,71.39981110044172,2
90,16,93.39369927858559,2
90,17,83.04239382420164,2
90,18,73.2445564390241,2
90,19,73.2445564390241,2
90,20,71.39981110044172,2
90,21,82.01034979270949,2
90,22,84.60095636325917,2
90,23,71.39981110044172,2
90,24,84.60095636325916,2
90,25,71.39981110044172,2
90,26,82.01034979270949,2
90,27,82.01034979270949,2
90,28,71.39981110044172,2
90,29,83.04239382420164,2
90,30,73.2445564390241,2
90,31,71.39981110044172,2
90,32,71.39981110044172,2
90,33,73.2445564390241,2
90,34,73.2445564390241,2
90,35,71.39981110044172,2
90,36,71.39981110044172,2
90,37,71.39981110044172,2
90,38,71.39981110044172,2
90,39,82.01034979270949,2
90,40,71.39981110044172,2
90,41,73.2445564390241,2
90,42,73.2445564390241,2
90,43,73.2445564390241,2
90,44,83.04239382420162,2
90,45,71.39981110044172,2
90,46,84.60095636325916,2
90,47,73.2445564390241,2
90,48,71.39981110044172,2
90,49,71.39981110044172,2
91,0,71.39981110044172,2
91,1,82.91000592900915,2
91,2,82.01034979270949,2
91,3,84.60095636325916,2
91,4,84.60095636325917,2
91,5,71.39981110044172,2
91,6,82.01034979270949,2
91,7,71.39981110044172,2
91,8,71.39981110044172,2
91,9,73.2445564390241,2
91,10,82.91000592900915,2
91,11,71.39981110044172,2
91,12,71.39981110044172,2
91,13,85.4136576703494,2
91,14,83.04239382420164,2
91,15,71.39981110044172,2
91,16,71.39981110044172,2
91,17,71.39981110044172,2
91,18,71.39981110044172,2
91,19,71.39981110044172,2
91,20,71.39981110044172,2
91,21,82.91000592900916,2
91,22,71.39981110044172,2
91,23,71.39981110044172,2
91,24,71.39981110044172,2
91,25,73.2445564390241,2
91,26,82.01034979270949,2
91,27,71.39981110044172,2
91,28,84.60095636325916,2
91,29,85.4136576703494,2
91,30,73.2445564390241,2
91,31,71.39981110044172,2
91,32,73.2445564390241,2
91,33,73.2445564390241,2
91,34,82.01034979270949,2
91,35,73.2445564390241,2
91,36,82.01034979270949,2
91,37,82.01034979270949,2
91,38,71.39981110044172,2
91,39,82.01034979270949,2
91,40,71.39981110044172,2
91,41,82.91000592900915,2
91,42,73.2445564390241,2
91,43,93.39369927858559,2
91,44,73.2445564390241,2
91,45,83.04239382420162,2
91,46,82.91000592900915,2
91,47,85.4136576703494,2
91,48,82.01034979270949,2
91,49,71.39981110044172,2
92,0,71.39981110044172,2
92,1,71.39981110044172,2
92,2,71.39981110044172,2
92,3,82.01034979270949,2
92,4,71.39981110044172,2
92,5,71.39981110044172,2
92,6,84.60095636325917,2
92,7,82.91000592900916,2
92,8,73.2445564390241,2
92,9,88.81391186162764,2
92,10,82.91000592900915,2
92,11,71.39981110044172,2
92,12,73.2445564390241,2
92,13,73.2445564390241,2
92,14,82.01034979270949,2
92,15,71.39981110044172,2
92,16,71.39981110044172,2
92,17,73.2445564390241,2
92,18,71.39981110044172,2
92,19,71.39981110044172,2
92,20,71.39981110044172,2
92,21,88.81391186162763,2
92,22,82.01034979270949,2
92,23,73.2445564390241,2
92,24,73.2445564390241,2
92,25,82.01034979270949,2
92,26,85.4136576703494,2
92,27,71.39981110044172,2
92,28,71.39981110044172,2
92,29,71.39981110044172,2
92,30,71.39981110044172,2
92,31,73.2445564390241,2
92,32,82.01034979270949,2
92,33,71.39981110044172,2
92,34,71.39981110044172,2
92,35,71.39981110044172,2
92,36,71.39981110044172,2
92,37,71.39981110044172,2
92,38,73.2445564390241,2
92,39,85.4136576703494,2
92,40,82.01034979270949,2
92,41,71.39981110044172,2
92,42,76.74640729926402,3
92,43,71.39981110044172,2
92,44,71.39981110044172,2
92,45,82.91000592900916,2
92,46,73.2445564390241,2
92,47,71.39981110044172,2
92,48,82.01034979270949,2
92,49,83.04239382420164,2
93,0,85.4136576703494,2
93,1,71.39981110044172,2
93,2,71.39981110044172,2
93,3,71.39981110044172,2
93,4,73.2445564390241,2
93,5,82.91000592900915,2
93,6,82.91000592900915,2
93,7,71.39981110044172,2
93,8,73.2445564390241,2
93,9,84.60095636325916,2
93,10,83.04239382420164,2
93,11,82.01034979270949,2
93,12,71.39981110044172,2
93,13,73.2445564390241,2
93,14,84.60095636325916,2
93,15,71.39981110044172,2
93,16,82.01034979270949,2
93,17,83.04239382420164,2
93,18,71.39981110044172,2
93,19,71.39981110044172,2
93,20,82.01034979270949,2
93,21,71.39981110044172,2
93,22,71.39981110044172,2
93,23,73.2445564390241,2
93,24,71.39981110044172,2
93,25,71.39981110044172,2
93,26,71.39981110044172,2
93,27,71.39981110044172,2
93,28,71.39981110044172,2
93,29,73.2445564390241,2
93,30,73.2445564390241,2
93,31,73.2445564390241,2
93,32,71.39981110044172,2
93,33,71.39981110044172,2
93,34,71.39981110044172,2
93,35,71.39981110044172,2
93,36,82.91000592900915,2
93,37,71.39981110044172,2
93,38,73.2445564390241,2
93,39,82.01034979270948,2
93,40,88.81391186162764,2
93,41,71.39981110044172,2
93,42,82.91000592900915,2
93,43,73.2445564390241,2
93,44,71.39981110044172,2
93,45,83.01160259797084,3
93,46,83.04239382420164,2
93,47,73.2445564390241,2
93,48,71.39981110044172,2
93,49,71.39981110044172,2
94,0,71.39981110044172,2
94,1,71.39981110044172,2
94,2,73.2445564390241,2
94,3,85.4136576703494,2
94,4,82.01034979270949,2
94,5,71.39981110044172,2
94,6,73.2445564390241,2
94,7,73.2445564390241,2
94,8,82.01034979270949,2
94,9,71.39981110044172,2
94,10,73.2445564390241,2
94,11,73.2445564390241,2
94,12,71.39981110044172,2
94,13,85.4136576703494,2
94,14,71.39981110044172,2
94,15,71.39981110044172,2
94,16,82.01034979270949,2
94,17,82.01034979270949,2
94,18,71.39981110044172,2
94,19,71.39981110044172,2
94,20,71.39981110044172,2
94,21,73.2445564390241,2
94,22,71.39981110044172,2
94,23,73.2445564390241,2
94,24,83.04239382420164,2
94,25,71.39981110044172,2
94,26,73.2445564390241,2
94,27,71.39981110044172,2
94,28,71.39981110044172,2
94,29,83.04239382420164,2
94,30,71.39981110044172,2
94,31,82.91000592900915,2
94,32,71.39981110044172,2
94,33,71.39981110044172,2
94,34,71.39981110044172,2
94,35,71.39981110044172,2
94,36,73.2445564390241,2
94,37,71.39981110044172,2
94,38,71.39981110044172,2
94,39,85.4136576703494,2
94,40,85.4136576703494,2
94,41,71.39981110044172,2
94,42,73.2445564390241,2
94,43,71.39981110044172,2
94,44,76.74640729926402,3
94,45,88.81391186162764,2
94,46,71.39981110044172,2
94,47,71.39981110044172,2
94,48,71.39981110044172,2
94,49,71.39981110044172,2
95,0,73.2445564390241,2
95,1,71.39981110044172,2
95,2,73.2445564390241,2
95,3,71.39981110044172,2
95,4,71.39981110044172,2
95,5,71.39981110044172,2
95,6,71.39981110044172,2
95,7,71.39981110044172,2
95,8,71.39981110044172,2
95,9,73.2445564390241,2
95,10,71.39981110044172,2
95,11,73.2445564390241,2
95,12,71.39981110044172,2
95,13,71.39981110044172,2
95,14,83.04239382420164,2
95,15,71.39981110044172,2
95,16,71.39981110044172,2
95,17,84.60095636325917,2
95,18,71.39981110044172,2
95,19,71.39981110044172,2
95,20,71.39981110044172,2
95,21,73.2445564390241,2
95,22,71.39981110044172,2
95,23,82.01034979270949,2
95,24,73.2445564390241,2
95,25,88.81391186162763,2
95,26,84.60095636325916,2
95,27,82.01034979270949,2
95,28,71.39981110044172,2
95,29,71.39981110044172,2
95,30,71.39981110044172,2
95,31,71.39981110044172,2
95,32,88.81391186162764,2
95,33,82.91000592900915,2
95,34,71.39981110044172,2
95,35,83.04239382420164,2
95,36,71.39981110044172,2
95,37,73.2445564390241,2
95,38,82.01034979270949,2
95,39,82.01034979270949,2
95,40,82.01034979270949,2
95,41,71.39981110044172,2
95,42,84.60095636325916,2
95,43,82.01034979270949,2
95,44,71.39981110044172,2
95,45,71.39981110044172,2
95,46,71.39981110044172,2
95,47,71.39981110044172,2
95,48,71.39981110044172,2
95,49,71.39981110044172,2
96,0,71.39981110044172,2
96,1,71.39981110044172,2
96,2,71.39981110044172,2
96,3,71.39981110044172,2
96,4,73.2445564390241,2
96,5,71.39981110044172,2
96,6,71.39981110044172,2
96,7,82.01034979270949,2
96,8,73.2445564390241,2
96,9,82.01034979270949,2
96,10,71.39981110044172,2
96,11,71.39981110044172,2
96,12,71.39981110044172,2
96,13,71.39981110044172,2
96,14,83.04239382420164,2
96,15,71.39981110044172,2
96,16,88.81391186162764,2
96,17,71.39981110044172,2
96,18,85.4136576703494,2
96,19,71.39981110044172,2
96,20,82.01034979270949,2
96,21,93.39369927858559,2
96,22,82.91000592900915,2
96,23,71.39981110044172,2
96,24,82.01034979270949,2
96,25,93.39369927858557,2
96,26,71.39981110044172,2
96,27,71.39981110044172,2
96,28,71.39981110044172,2
96,29,71.39981110044172,2
96,30,85.4136576703494,2
96,31,85.4136576703494,2
96,32,93.39369927858557,2
96,33,71.39981110044172,2
96,34,73.2445564390241,2
96,35,71.39981110044172,2
96,36,71.39981110044172,2
96,37,71.39981110044172,2
96,38,73.2445564390241,2
96,39,88.81391186162763,2
96,40,82.01034979270949,2
96,41,71.39981110044172,2
96,42,71.39981110044172,2
96,43,71.39981110044172,2
96,44,73.2445564390241,2
96,45,83.04239382420164,2
96,46,82.91000592900915,2
96,47,71.39981110044172,2
96,48,93.39369927858557,2
96,49,82.91000592900915,2
97,0,82.01034979270949,2
97,1,71.39981110044172,2
97,2,71.39981110044172,2
97,3,71.39981110044172,2
97,4,83.04239382420164,2
97,5,93.39369927858559,2
97,6,71.39981110044172,2
97,7,82.91000592900915,2
97,8,71.39981110044172,2
97,9,88.81391186162764,2
97,10,71.39981110044172,2
97,11,82.01034979270949,2
97,12,71.39981110044172,2
97,13,71.39981110044172,2
97,14,71.39981110044172,2
97,15,71.39981110044172,2
97,16,71.39981110044172,2
97,17,73.2445564390241,2
97,18,73.2445564390241,2
97,19,71.39981110044172,2
97,20,71.39981110044172,2
97,21,71.39981110044172,2
97,22,71.39981110044172,2
97,23,82.01034979270949,2
97,24,71.39981110044172,2
97,25,82.01034979270949,2
97,26,73.2445564390241,2
97,27,71.39981110044172,2
97,28,71.39981110044172,2
97,29,71.39981110044172,2
97,30,71.39981110044172,2
97,31,82.01034979270949,2
97,32,85.4136576703494,2
97,33,82.91000592900915,2
97,34,71.39981110044172,2
97,35,71.39981110044172,2
97,36,93.39369927858557,2
97,37,71.39981110044172,2
97,38,71.39981110044172,2
97,39,83.04239382420162,2
97,40,84.60095636325917,2
97,41,71.39981110044172,2
97,42,73.2445564390241,2
97,43,71.39981110044172,2
97,44,82.91000592900915,2
97,45,73.2445564390241,2
97,46,71.39981110044172,2
97,47,82.01034979270949,2
97,48,82.01034979270949,2
97,49,71.39981110044172,2
98,0,71.39981110044172,2
98,1,71.39981110044172,2
98,2,71.39981110044172,2
98,3,82.91000592900915,2
98,4,73.2445564390241,2
98,5,82.01034979270949,2
98,6,71.39981110044172,2
98,7,71.39981110044172,2
98,8,73.2445564390241,2
98,9,73.2445564390241,2
98,10,93.39369927858559,2
98,11,71.39981110044172,2
98,12,71.39981110044172,2
98,13,71.39981110044172,2
98,14,71.39981110044172,2
98,15,71.39981110044172,2
98,16,71.39981110044172,2
98,17,84.60095636325917,2
98,18,88.81391186162763,2
98,19,71.39981110044172,2
98,20,82.01034979270949,2
98,21,73.2445564390241,2
98,22,71.39981110044172,2
98,23,71.39981110044172,2
98,24,93.39369927858559,2
98,25,71.39981110044172,2
98,26,71.39981110044172,2
98,27,82.01034979270949,2
98,28,71.39981110044172,2
98,29,84.60095636325917,2
98,30,71.39981110044172,2
98,31,71.39981110044172,2
98,32,71.39981110044172,2
98,33,73.2445564390241,2
98,34,83.04239382420164,2
98,35,71.39981110044172,2
98,36,88.81391186162764,2
98,37,82.01034979270949,2
98,38,82.01034979270949,2
98,39,85.4136576703494,2
98,40,71.39981110044172,2
98,41,71.39981110044172,2
98,42,73.2445564390241,2
98,43,71.39981110044172,2
98,44,73.2445564390241,2
98,45,71.39981110044172,2
98,46,82.01034979270949,2
98,47,71.39981110044172,2
98,48,71.39981110044172,2
98,49,71.39981110044172,2
99,0,82.91000592900915,2
99,1,71.39981110044172,2
99,2,71.39981110044172,2
99,3,71.39981110044172,2
99,4,71.39981110044172,2
99,5,71.39981110044172,2
99,6,82.01034979270949,2
99,7,73.2445564390241,2
99,8,71.39981110044172,2
99,9,71.39981110044172,2
99,10,82.91000592900915,2
99,11,71.39981110044172,2
99,12,73.2445564390241,2
99,13,71.39981110044172,2
99,14,82.01034979270949,2
99,15,73.2445564390241,2
99,16,73.2445564390241,2
99,17,71.39981110044172,2
99,18,71.39981110044172,2
99,19,84.60095636325916,2
99,20,71.39981110044172,2
99,21,82.01034979270949,2
99,22,71.39981110044172,2
99,23,71.39981110044172,2
99,24,84.60095636325917,2
99,25,88.81391186162763,2
99,26,71.39981110044172,2
99,27,71.39981110044172,2
99,28,71.39981110044172,2
99,29,83.04239382420164,2
99,30,71.39981110044172,2
99,31,71.39981110044172,2
99,32,71.39981110044172,2
99,33,71.39981110044172,2
99,34,82.01034979270949,2
99,35,71.39981110044172,2
99,36,73.2445564390241,2
99,37,71.39981110044172,2
99,38,71.39981110044172,2
99,39,93.39369927858559,2
99,40,82.01034979270949,2
99,41,71.39981110044172,2
99,42,71.39981110044172,2
99,43,82.01034979270949,2
99,44,71.39981110044172,2
99,45,82.91000592900915,2
99,46,84.60095636325917,2
99,47,73.2445564390241,2
99,48,71.39981110044172,2
99,49,71.39981110044172,2
100,0,71.39981110044172,2
100,1,73.2445564390241,2
100,2,71.39981110044172,2
100,3,71.39981110044172,2
100,4,73.2445564390241,2
100,5,71.39981110044172,2
100,6,82.01034979270949,2
100,7,71.39981110044172,2
100,8,71.39981110044172,2
100,9,71.39981110044172,2
100,10,84.60095636325917,2
100,11,82.01034979270949,2
100,12,71.39981110044172,2
100,13,85.4136576703494,2
100,14,83.04239382420164,2
100,15,82.01034979270949,2
100,16,71.39981110044172,2
100,17,82.01034979270949,2
100,18,82.01034979270949,2
100,19,73.2445564390241,2
100,20,71.39981110044172,2
100,21,71.39981110044172,2
100,22,71.39981110044172,2
100,23,71.39981110044172,2
100,24,85.4136576703494,2
100,25,82.01034979270949,2
100,26,71.39981110044172,2
100,27,71.39981110044172,2
100,28,82.91000592900915,2
100,29,85.4136576703494,2
100,30,71.39981110044172,2
100,31,88.81391186162764,2
100,32,71.39981110044172,2
100,33,71.39981110044172,2
100,34,71.39981110044172,2
100,35,93.39369927858557,2
100,36,85.41365767034941,2
100,37,71.39981110044172,2
100,38,85.4136576703494,2
100,39,73.2445564390241,2
100,40,83.04239382420164,2
100,41,82.91000592900915,2
100,42,73.2445564390241,2
100,43,71.39981110044172,2
100,44,82.91000592900915,2
100,45,71.39981110044172,2
100,46,85.4136576703494,2
100,47,82.01034979270949,2
100,48,71.39981110044172,2
100,49,71.39981110044172,2
